epoch,total_loss,l1_param,l2_perf_db,l3_perf_gen,sim_calls_per_epoch
0,6856.44140625,6856.44140625,0,0,0
1,6880.8818359375,6880.8818359375,0,0,0
2,6856.23583984375,6856.23583984375,0,0,0
3,6853.76513671875,6853.76513671875,0,0,0
4,6686.2509765625,6686.2509765625,0,0,0
5,6842.56591796875,6842.56591796875,0,0,0
6,6747.869140625,6747.869140625,0,0,0
7,6741.0302734375,6741.0302734375,0,0,0
8,6775.0517578125,6775.0517578125,0,0,0
9,6736.17626953125,6736.17626953125,0,0,0
10,6823.28515625,6823.28515625,0,0,0
11,6697.18994140625,6697.18994140625,0,0,0
12,6732.67529296875,6732.67529296875,0,0,0
13,6799.99560546875,6799.99560546875,0,0,0
14,6692.3955078125,6692.3955078125,0,0,0
15,6661.7529296875,6661.7529296875,0,0,0
16,6644.2626953125,6644.2626953125,0,0,0
17,6645.29833984375,6645.29833984375,0,0,0
18,6539.34521484375,6539.34521484375,0,0,0
19,6488.81005859375,6488.81005859375,0,0,0
20,6449.51513671875,6449.51513671875,0,0,0
21,6646.99658203125,6646.99658203125,0,0,0
22,6631.94140625,6631.94140625,0,0,0
23,6700.38720703125,6700.38720703125,0,0,0
24,6590.58203125,6590.58203125,0,0,0
25,6578.3466796875,6578.3466796875,0,0,0
26,6518.599609375,6518.599609375,0,0,0
27,6548.09814453125,6548.09814453125,0,0,0
28,6504.19921875,6504.19921875,0,0,0
29,6482.43115234375,6482.43115234375,0,0,0
30,6486.24560546875,6486.24560546875,0,0,0
31,6539.18359375,6539.18359375,0,0,0
32,6465.10888671875,6465.10888671875,0,0,0
33,6433.75634765625,6433.75634765625,0,0,0
34,6318.25244140625,6318.25244140625,0,0,0
35,6371.57275390625,6371.57275390625,0,0,0
36,6362.8740234375,6362.8740234375,0,0,0
37,6285.61669921875,6285.61669921875,0,0,0
38,6374.56982421875,6374.56982421875,0,0,0
39,6340.4482421875,6340.4482421875,0,0,0
40,6382.9638671875,6382.9638671875,0,0,0
41,6376.31982421875,6376.31982421875,0,0,0
42,6384.21923828125,6384.21923828125,0,0,0
43,6199.18603515625,6199.18603515625,0,0,0
44,6199.77880859375,6199.77880859375,0,0,0
45,6229.70361328125,6229.70361328125,0,0,0
46,6351.10888671875,6351.10888671875,0,0,0
47,6274.69775390625,6274.69775390625,0,0,0
48,6187.6015625,6187.6015625,0,0,0
49,6132.6572265625,6132.6572265625,0,0,0
50,6164.09423828125,6164.09423828125,0,0,0
51,6256.1357421875,6256.1357421875,0,0,0
52,6124.2080078125,6124.2080078125,0,0,0
53,6207.2822265625,6207.2822265625,0,0,0
54,6041.6982421875,6041.6982421875,0,0,0
55,6173.90380859375,6173.90380859375,0,0,0
56,6039.83251953125,6039.83251953125,0,0,0
57,6022.8037109375,6022.8037109375,0,0,0
58,6076.4462890625,6076.4462890625,0,0,0
59,6165.568359375,6165.568359375,0,0,0
60,6046.96435546875,6046.96435546875,0,0,0
61,6060.81298828125,6060.81298828125,0,0,0
62,6171.85302734375,6171.85302734375,0,0,0
63,6086.076171875,6086.076171875,0,0,0
64,6028.7841796875,6028.7841796875,0,0,0
65,6069.57763671875,6069.57763671875,0,0,0
66,5961.3544921875,5961.3544921875,0,0,0
67,6078.53759765625,6078.53759765625,0,0,0
68,5987.55517578125,5987.55517578125,0,0,0
69,6022.3330078125,6022.3330078125,0,0,0
70,5906.5126953125,5906.5126953125,0,0,0
71,5976.31689453125,5976.31689453125,0,0,0
72,6038.91845703125,6038.91845703125,0,0,0
73,5875.90966796875,5875.90966796875,0,0,0
74,5912.134765625,5912.134765625,0,0,0
75,5925.21728515625,5925.21728515625,0,0,0
76,5925.6357421875,5925.6357421875,0,0,0
77,5797.13671875,5797.13671875,0,0,0
78,5830.9365234375,5830.9365234375,0,0,0
79,5670.392578125,5670.392578125,0,0,0
80,5865.39208984375,5865.39208984375,0,0,0
81,5826.4990234375,5826.4990234375,0,0,0
82,5819.80517578125,5819.80517578125,0,0,0
83,5679.7978515625,5679.7978515625,0,0,0
84,5905.74609375,5905.74609375,0,0,0
85,5785.5615234375,5785.5615234375,0,0,0
86,5747.1416015625,5747.1416015625,0,0,0
87,5789.80517578125,5789.80517578125,0,0,0
88,5604.03173828125,5604.03173828125,0,0,0
89,5808.53564453125,5808.53564453125,0,0,0
90,5639.87890625,5639.87890625,0,0,0
91,5696.28173828125,5696.28173828125,0,0,0
92,5650.1162109375,5650.1162109375,0,0,0
93,5646.94921875,5646.94921875,0,0,0
94,5633.82373046875,5633.82373046875,0,0,0
95,5622.189453125,5622.189453125,0,0,0
96,5549.9638671875,5549.9638671875,0,0,0
97,5659.48046875,5659.48046875,0,0,0
98,5545.9921875,5545.9921875,0,0,0
99,5526.537109375,5526.537109375,0,0,0
100,5499.1943359375,5499.1943359375,0,0,0
101,5641.103515625,5641.103515625,0,0,0
102,5544.2802734375,5544.2802734375,0,0,0
103,5494.7978515625,5494.7978515625,0,0,0
104,5387.9462890625,5387.9462890625,0,0,0
105,5578.3408203125,5578.3408203125,0,0,0
106,5563.97119140625,5563.97119140625,0,0,0
107,5405.59423828125,5405.59423828125,0,0,0
108,5450.22802734375,5450.22802734375,0,0,0
109,5497.36474609375,5497.36474609375,0,0,0
110,5433.70458984375,5433.70458984375,0,0,0
111,5569.0439453125,5569.0439453125,0,0,0
112,5548.88232421875,5548.88232421875,0,0,0
113,5319.8798828125,5319.8798828125,0,0,0
114,5363.65869140625,5363.65869140625,0,0,0
115,5256.9150390625,5256.9150390625,0,0,0
116,5328.57861328125,5328.57861328125,0,0,0
117,5409.44921875,5409.44921875,0,0,0
118,5345.76953125,5345.76953125,0,0,0
119,5341.529296875,5341.529296875,0,0,0
120,5294.88818359375,5294.88818359375,0,0,0
121,5257.89404296875,5257.89404296875,0,0,0
122,5272.80322265625,5272.80322265625,0,0,0
123,5254.2822265625,5254.2822265625,0,0,0
124,5154.61962890625,5154.61962890625,0,0,0
125,5229.90087890625,5229.90087890625,0,0,0
126,5397.3603515625,5397.3603515625,0,0,0
127,5189.4775390625,5189.4775390625,0,0,0
128,5285.6318359375,5285.6318359375,0,0,0
129,5144.93505859375,5144.93505859375,0,0,0
130,5179.3955078125,5179.3955078125,0,0,0
131,5017.64794921875,5017.64794921875,0,0,0
132,5187.5849609375,5187.5849609375,0,0,0
133,5132.818359375,5132.818359375,0,0,0
134,5152.3515625,5152.3515625,0,0,0
135,4840.88134765625,4840.88134765625,0,0,0
136,4963.30859375,4963.30859375,0,0,0
137,5014.74755859375,5014.74755859375,0,0,0
138,5019.69580078125,5019.69580078125,0,0,0
139,5120.7958984375,5120.7958984375,0,0,0
140,4984.4462890625,4984.4462890625,0,0,0
141,4985.91650390625,4985.91650390625,0,0,0
142,4927.08203125,4927.08203125,0,0,0
143,4981.85888671875,4981.85888671875,0,0,0
144,4926.74169921875,4926.74169921875,0,0,0
145,5039.10205078125,5039.10205078125,0,0,0
146,4920.5576171875,4920.5576171875,0,0,0
147,5020.95263671875,5020.95263671875,0,0,0
148,4965.72119140625,4965.72119140625,0,0,0
149,4956.3701171875,4956.3701171875,0,0,0
150,4839.31884765625,4839.31884765625,0,0,0
151,4864.513671875,4864.513671875,0,0,0
152,4712.08935546875,4712.08935546875,0,0,0
153,4948.20166015625,4948.20166015625,0,0,0
154,4840.662109375,4840.662109375,0,0,0
155,4736.55029296875,4736.55029296875,0,0,0
156,4901.57275390625,4901.57275390625,0,0,0
157,4696.67333984375,4696.67333984375,0,0,0
158,4630.3681640625,4630.3681640625,0,0,0
159,4809.3564453125,4809.3564453125,0,0,0
160,4739.8671875,4739.8671875,0,0,0
161,4771.91259765625,4771.91259765625,0,0,0
162,4695.64697265625,4695.64697265625,0,0,0
163,4701.70068359375,4701.70068359375,0,0,0
164,4714.25390625,4714.25390625,0,0,0
165,4659.1650390625,4659.1650390625,0,0,0
166,4690.5126953125,4690.5126953125,0,0,0
167,4782.22705078125,4782.22705078125,0,0,0
168,4568.31201171875,4568.31201171875,0,0,0
169,4507.79931640625,4507.79931640625,0,0,0
170,4702.80224609375,4702.80224609375,0,0,0
171,4593.05322265625,4593.05322265625,0,0,0
172,4587.8173828125,4587.8173828125,0,0,0
173,4460.97216796875,4460.97216796875,0,0,0
174,4565.796875,4565.796875,0,0,0
175,4566.376953125,4566.376953125,0,0,0
176,4455.4736328125,4455.4736328125,0,0,0
177,4518.47607421875,4518.47607421875,0,0,0
178,4445.9072265625,4445.9072265625,0,0,0
179,4380.59375,4380.59375,0,0,0
180,4561.78076171875,4561.78076171875,0,0,0
181,4485.12939453125,4485.12939453125,0,0,0
182,4336.78564453125,4336.78564453125,0,0,0
183,4349.0458984375,4349.0458984375,0,0,0
184,4470.09423828125,4470.09423828125,0,0,0
185,4401.14697265625,4401.14697265625,0,0,0
186,4299.828125,4299.828125,0,0,0
187,4312.69775390625,4312.69775390625,0,0,0
188,4481.3447265625,4481.3447265625,0,0,0
189,4469.6943359375,4469.6943359375,0,0,0
190,4333.4970703125,4333.4970703125,0,0,0
191,4197.5673828125,4197.5673828125,0,0,0
192,4199.23046875,4199.23046875,0,0,0
193,4403.1279296875,4403.1279296875,0,0,0
194,4152.25830078125,4152.25830078125,0,0,0
195,4325.83642578125,4325.83642578125,0,0,0
196,4210.17529296875,4210.17529296875,0,0,0
197,4061.45556640625,4061.45556640625,0,0,0
198,4172.27490234375,4172.27490234375,0,0,0
199,4148.5224609375,4148.5224609375,0,0,0
200,4287.1025390625,4287.1025390625,0,0,0
201,4201.2197265625,4201.2197265625,0,0,0
202,4181.42529296875,4181.42529296875,0,0,0
203,4031.16162109375,4031.16162109375,0,0,0
204,4097.31689453125,4097.31689453125,0,0,0
205,4080.629638671875,4080.629638671875,0,0,0
206,4241.38525390625,4241.38525390625,0,0,0
207,4090.33154296875,4090.33154296875,0,0,0
208,4043.39501953125,4043.39501953125,0,0,0
209,4073.087158203125,4073.087158203125,0,0,0
210,4050.669677734375,4050.669677734375,0,0,0
211,4009.30078125,4009.30078125,0,0,0
212,3875.295166015625,3875.295166015625,0,0,0
213,4042.665771484375,4042.665771484375,0,0,0
214,4038.64599609375,4038.64599609375,0,0,0
215,4013.91845703125,4013.91845703125,0,0,0
216,4016.083984375,4016.083984375,0,0,0
217,4154.3916015625,4154.3916015625,0,0,0
218,3792.312255859375,3792.312255859375,0,0,0
219,3781.590576171875,3781.590576171875,0,0,0
220,3864.9658203125,3864.9658203125,0,0,0
221,3793.67822265625,3793.67822265625,0,0,0
222,3694.190673828125,3694.190673828125,0,0,0
223,3682.2705078125,3682.2705078125,0,0,0
224,3853.953369140625,3853.953369140625,0,0,0
225,3810.590576171875,3810.590576171875,0,0,0
226,3672.14794921875,3672.14794921875,0,0,0
227,3636.125244140625,3636.125244140625,0,0,0
228,3824.18017578125,3824.18017578125,0,0,0
229,3734.7216796875,3734.7216796875,0,0,0
230,3751.8583984375,3751.8583984375,0,0,0
231,3767.464599609375,3767.464599609375,0,0,0
232,3629.178955078125,3629.178955078125,0,0,0
233,3808.25830078125,3808.25830078125,0,0,0
234,3709.130126953125,3709.130126953125,0,0,0
235,3764.820556640625,3764.820556640625,0,0,0
236,3709.390869140625,3709.390869140625,0,0,0
237,3524.06982421875,3524.06982421875,0,0,0
238,3644.68408203125,3644.68408203125,0,0,0
239,3544.8076171875,3544.8076171875,0,0,0
240,3503.336669921875,3503.336669921875,0,0,0
241,3605.88330078125,3605.88330078125,0,0,0
242,3670.152099609375,3670.152099609375,0,0,0
243,3666.046142578125,3666.046142578125,0,0,0
244,3519.374267578125,3519.374267578125,0,0,0
245,3385.115478515625,3385.115478515625,0,0,0
246,3457.70361328125,3457.70361328125,0,0,0
247,3454.41748046875,3454.41748046875,0,0,0
248,3520.7177734375,3520.7177734375,0,0,0
249,3435.412353515625,3435.412353515625,0,0,0
250,3477.673828125,3477.673828125,0,0,0
251,3398.265380859375,3398.265380859375,0,0,0
252,3450.981201171875,3450.981201171875,0,0,0
253,3381.126708984375,3381.126708984375,0,0,0
254,3390.849609375,3390.849609375,0,0,0
255,3587.2548828125,3587.2548828125,0,0,0
256,3366.056884765625,3366.056884765625,0,0,0
257,3339.890625,3339.890625,0,0,0
258,3197.733642578125,3197.733642578125,0,0,0
259,3337.42333984375,3337.42333984375,0,0,0
260,3478.23779296875,3478.23779296875,0,0,0
261,3276.649169921875,3276.649169921875,0,0,0
262,3246.000732421875,3246.000732421875,0,0,0
263,3151.424560546875,3151.424560546875,0,0,0
264,3215.140625,3215.140625,0,0,0
265,3128.879638671875,3128.879638671875,0,0,0
266,3104.880859375,3104.880859375,0,0,0
267,3287.49560546875,3287.49560546875,0,0,0
268,3114.467041015625,3114.467041015625,0,0,0
269,3066.996337890625,3066.996337890625,0,0,0
270,3101.29833984375,3101.29833984375,0,0,0
271,3256.70849609375,3256.70849609375,0,0,0
272,3142.1669921875,3142.1669921875,0,0,0
273,3056.7861328125,3056.7861328125,0,0,0
274,3138.65771484375,3138.65771484375,0,0,0
275,3130.19677734375,3130.19677734375,0,0,0
276,3139.116943359375,3139.116943359375,0,0,0
277,2916.550537109375,2916.550537109375,0,0,0
278,2972.42626953125,2972.42626953125,0,0,0
279,2976.218017578125,2976.218017578125,0,0,0
280,3027.44140625,3027.44140625,0,0,0
281,3042.08935546875,3042.08935546875,0,0,0
282,3082.748291015625,3082.748291015625,0,0,0
283,2966.201904296875,2966.201904296875,0,0,0
284,2922.2861328125,2922.2861328125,0,0,0
285,2870.56005859375,2870.56005859375,0,0,0
286,3031.12841796875,3031.12841796875,0,0,0
287,2895.668701171875,2895.668701171875,0,0,0
288,2954.1259765625,2954.1259765625,0,0,0
289,2876.934326171875,2876.934326171875,0,0,0
290,2879.62255859375,2879.62255859375,0,0,0
291,2947.66455078125,2947.66455078125,0,0,0
292,2887.2109375,2887.2109375,0,0,0
293,2889.010009765625,2889.010009765625,0,0,0
294,2924.250244140625,2924.250244140625,0,0,0
295,2786.652099609375,2786.652099609375,0,0,0
296,2556.45654296875,2556.45654296875,0,0,0
297,2695.601318359375,2695.601318359375,0,0,0
298,2988.80615234375,2988.80615234375,0,0,0
299,2685.69189453125,2685.69189453125,0,0,0
300,2837.54736328125,2837.54736328125,0,0,0
301,2598.811767578125,2598.811767578125,0,0,0
302,2772.18896484375,2772.18896484375,0,0,0
303,2777.0029296875,2777.0029296875,0,0,0
304,2793.354248046875,2793.354248046875,0,0,0
305,2806.442626953125,2806.442626953125,0,0,0
306,2705.39697265625,2705.39697265625,0,0,0
307,2779.438232421875,2779.438232421875,0,0,0
308,2704.71044921875,2704.71044921875,0,0,0
309,2524.277099609375,2524.277099609375,0,0,0
310,2486.0107421875,2486.0107421875,0,0,0
311,2756.298828125,2756.298828125,0,0,0
312,2712.0185546875,2712.0185546875,0,0,0
313,2655.3330078125,2655.3330078125,0,0,0
314,2626.205810546875,2626.205810546875,0,0,0
315,2529.2939453125,2529.2939453125,0,0,0
316,2546.1357421875,2546.1357421875,0,0,0
317,2537.90234375,2537.90234375,0,0,0
318,2422.168212890625,2422.168212890625,0,0,0
319,2390.102294921875,2390.102294921875,0,0,0
320,2383.52587890625,2383.52587890625,0,0,0
321,2508.983642578125,2508.983642578125,0,0,0
322,2516.375244140625,2516.375244140625,0,0,0
323,2264.087890625,2264.087890625,0,0,0
324,2557.5888671875,2557.5888671875,0,0,0
325,2717.42333984375,2717.42333984375,0,0,0
326,2583.813720703125,2583.813720703125,0,0,0
327,2358.429931640625,2358.429931640625,0,0,0
328,2324.7392578125,2324.7392578125,0,0,0
329,2382.1279296875,2382.1279296875,0,0,0
330,2329.5322265625,2329.5322265625,0,0,0
331,2481.743408203125,2481.743408203125,0,0,0
332,2499.813720703125,2499.813720703125,0,0,0
333,2299.995849609375,2299.995849609375,0,0,0
334,2314.12451171875,2314.12451171875,0,0,0
335,2415.65380859375,2415.65380859375,0,0,0
336,2280.633544921875,2280.633544921875,0,0,0
337,2323.52587890625,2323.52587890625,0,0,0
338,2340.142333984375,2340.142333984375,0,0,0
339,2193.907958984375,2193.907958984375,0,0,0
340,2350.635498046875,2350.635498046875,0,0,0
341,2163.432373046875,2163.432373046875,0,0,0
342,2163.546142578125,2163.546142578125,0,0,0
343,2141.138671875,2141.138671875,0,0,0
344,2340.997802734375,2340.997802734375,0,0,0
345,2225.626708984375,2225.626708984375,0,0,0
346,2211.210205078125,2211.210205078125,0,0,0
347,2162.867431640625,2162.867431640625,0,0,0
348,2183.874267578125,2183.874267578125,0,0,0
349,2359.029541015625,2359.029541015625,0,0,0
350,2079.0986328125,2079.0986328125,0,0,0
351,2247.344482421875,2247.344482421875,0,0,0
352,2030.261962890625,2030.261962890625,0,0,0
353,2217.42333984375,2217.42333984375,0,0,0
354,2171.410888671875,2171.410888671875,0,0,0
355,1980.5069580078125,1980.5069580078125,0,0,0
356,2009.67333984375,2009.67333984375,0,0,0
357,2038.7078857421875,2038.7078857421875,0,0,0
358,2030.500732421875,2030.500732421875,0,0,0
359,2093.267333984375,2093.267333984375,0,0,0
360,2135.31884765625,2135.31884765625,0,0,0
361,2178.563720703125,2178.563720703125,0,0,0
362,2265.55126953125,2265.55126953125,0,0,0
363,1913.7344970703125,1913.7344970703125,0,0,0
364,1977.404296875,1977.404296875,0,0,0
365,1904.890869140625,1904.890869140625,0,0,0
366,1996.2750244140625,1996.2750244140625,0,0,0
367,1988.2794189453125,1988.2794189453125,0,0,0
368,1863.597412109375,1863.597412109375,0,0,0
369,1741.18505859375,1741.18505859375,0,0,0
370,1865.8687744140625,1865.8687744140625,0,0,0
371,1855.64453125,1855.64453125,0,0,0
372,2011.8792724609375,2011.8792724609375,0,0,0
373,1908.327880859375,1908.327880859375,0,0,0
374,1857.5599365234375,1857.5599365234375,0,0,0
375,1817.6368408203125,1817.6368408203125,0,0,0
376,1798.9822998046875,1798.9822998046875,0,0,0
377,2048.58544921875,2048.58544921875,0,0,0
378,1956.619384765625,1956.619384765625,0,0,0
379,2161.84716796875,2161.84716796875,0,0,0
380,1906.812255859375,1906.812255859375,0,0,0
381,1980.2459716796875,1980.2459716796875,0,0,0
382,2010.1878662109375,2010.1878662109375,0,0,0
383,1785.9197998046875,1785.9197998046875,0,0,0
384,1766.544189453125,1766.544189453125,0,0,0
385,1959.07421875,1959.07421875,0,0,0
386,1883.30810546875,1883.30810546875,0,0,0
387,1808.5771484375,1808.5771484375,0,0,0
388,1786.725341796875,1786.725341796875,0,0,0
389,1967.8096923828125,1967.8096923828125,0,0,0
390,1597.209716796875,1597.209716796875,0,0,0
391,1727.8021240234375,1727.8021240234375,0,0,0
392,1765.0843505859375,1765.0843505859375,0,0,0
393,1703.6307373046875,1703.6307373046875,0,0,0
394,1703.263916015625,1703.263916015625,0,0,0
395,1626.2452392578125,1626.2452392578125,0,0,0
396,1750.4210205078125,1750.4210205078125,0,0,0
397,1783.8065185546875,1783.8065185546875,0,0,0
398,1582.6190185546875,1582.6190185546875,0,0,0
399,1617.051025390625,1617.051025390625,0,0,0
400,1656.7037353515625,1656.7037353515625,0,0,0
401,1707.71923828125,1707.71923828125,0,0,0
402,1529.8936767578125,1529.8936767578125,0,0,0
403,1452.5504150390625,1452.5504150390625,0,0,0
404,1399.58642578125,1399.58642578125,0,0,0
405,1552.820556640625,1552.820556640625,0,0,0
406,1671.1744384765625,1671.1744384765625,0,0,0
407,1649.4739990234375,1649.4739990234375,0,0,0
408,1579.966064453125,1579.966064453125,0,0,0
409,1484.353759765625,1484.353759765625,0,0,0
410,1703.7703857421875,1703.7703857421875,0,0,0
411,1441.8826904296875,1441.8826904296875,0,0,0
412,1689.7899169921875,1689.7899169921875,0,0,0
413,1566.1361083984375,1566.1361083984375,0,0,0
414,1692.2337646484375,1692.2337646484375,0,0,0
415,1620.8194580078125,1620.8194580078125,0,0,0
416,1545.60400390625,1545.60400390625,0,0,0
417,1580.3089599609375,1580.3089599609375,0,0,0
418,1495.3118896484375,1495.3118896484375,0,0,0
419,1487.1688232421875,1487.1688232421875,0,0,0
420,1594.8720703125,1594.8720703125,0,0,0
421,1440.030029296875,1440.030029296875,0,0,0
422,1499.10791015625,1499.10791015625,0,0,0
423,1528.947021484375,1528.947021484375,0,0,0
424,1506.9010009765625,1506.9010009765625,0,0,0
425,1268.450927734375,1268.450927734375,0,0,0
426,1315.7974853515625,1315.7974853515625,0,0,0
427,1590.2672119140625,1590.2672119140625,0,0,0
428,1520.7181396484375,1520.7181396484375,0,0,0
429,1359.81005859375,1359.81005859375,0,0,0
430,1362.7650146484375,1362.7650146484375,0,0,0
431,1377.136962890625,1377.136962890625,0,0,0
432,1366.3201904296875,1366.3201904296875,0,0,0
433,1405.85888671875,1405.85888671875,0,0,0
434,1295.22607421875,1295.22607421875,0,0,0
435,1403.16259765625,1403.16259765625,0,0,0
436,1421.0643310546875,1421.0643310546875,0,0,0
437,1342.5853271484375,1342.5853271484375,0,0,0
438,1350.9307861328125,1350.9307861328125,0,0,0
439,1365.157470703125,1365.157470703125,0,0,0
440,1291.5286865234375,1291.5286865234375,0,0,0
441,1294.7816162109375,1294.7816162109375,0,0,0
442,1500.8299560546875,1500.8299560546875,0,0,0
443,1396.2391357421875,1396.2391357421875,0,0,0
444,1331.50390625,1331.50390625,0,0,0
445,1423.4312744140625,1423.4312744140625,0,0,0
446,1221.382568359375,1221.382568359375,0,0,0
447,1379.919189453125,1379.919189453125,0,0,0
448,1385.434814453125,1385.434814453125,0,0,0
449,1168.1339111328125,1168.1339111328125,0,0,0
450,1274.3553466796875,1274.3553466796875,0,0,0
451,1364.844482421875,1364.844482421875,0,0,0
452,1292.314453125,1292.314453125,0,0,0
453,1353.9783935546875,1353.9783935546875,0,0,0
454,1174.099365234375,1174.099365234375,0,0,0
455,1273.26318359375,1273.26318359375,0,0,0
456,1336.46142578125,1336.46142578125,0,0,0
457,1445.69921875,1445.69921875,0,0,0
458,1174.19140625,1174.19140625,0,0,0
459,1323.9566650390625,1323.9566650390625,0,0,0
460,1400.53369140625,1400.53369140625,0,0,0
461,1119.039306640625,1119.039306640625,0,0,0
462,1200.8446044921875,1200.8446044921875,0,0,0
463,1114.1507568359375,1114.1507568359375,0,0,0
464,1155.55224609375,1155.55224609375,0,0,0
465,1280.86474609375,1280.86474609375,0,0,0
466,1168.76611328125,1168.76611328125,0,0,0
467,1126.6392822265625,1126.6392822265625,0,0,0
468,1123.2578125,1123.2578125,0,0,0
469,1176.1368408203125,1176.1368408203125,0,0,0
470,1120.025146484375,1120.025146484375,0,0,0
471,1078.0621337890625,1078.0621337890625,0,0,0
472,1172.102294921875,1172.102294921875,0,0,0
473,1156.35400390625,1156.35400390625,0,0,0
474,1006.22216796875,1006.22216796875,0,0,0
475,1145.4310302734375,1145.4310302734375,0,0,0
476,1094.1209716796875,1094.1209716796875,0,0,0
477,1065.0103759765625,1065.0103759765625,0,0,0
478,1093.4315185546875,1093.4315185546875,0,0,0
479,1163.100341796875,1163.100341796875,0,0,0
480,1000.397216796875,1000.397216796875,0,0,0
481,1114.546630859375,1114.546630859375,0,0,0
482,1138.7874755859375,1138.7874755859375,0,0,0
483,962.29150390625,962.29150390625,0,0,0
484,1101.138427734375,1101.138427734375,0,0,0
485,1054.1888427734375,1054.1888427734375,0,0,0
486,1169.9381103515625,1169.9381103515625,0,0,0
487,993.3930053710938,993.3930053710938,0,0,0
488,965.5960083007812,965.5960083007812,0,0,0
489,1180.3046875,1180.3046875,0,0,0
490,1071.64794921875,1071.64794921875,0,0,0
491,970.638671875,970.638671875,0,0,0
492,1119.4251708984375,1119.4251708984375,0,0,0
493,869.8182373046875,869.8182373046875,0,0,0
494,936.9042358398438,936.9042358398438,0,0,0
495,1072.3624267578125,1072.3624267578125,0,0,0
496,1028.4451904296875,1028.4451904296875,0,0,0
497,1045.22314453125,1045.22314453125,0,0,0
498,913.9168090820312,913.9168090820312,0,0,0
499,941.7269897460938,941.7269897460938,0,0,0
500,880.69140625,880.69140625,0,0,0
501,1027.94091796875,1027.94091796875,0,0,0
502,1018.4677734375,1018.4677734375,0,0,0
503,979.862548828125,979.862548828125,0,0,0
504,894.1990356445312,894.1990356445312,0,0,0
505,996.707275390625,996.707275390625,0,0,0
506,1061.782470703125,1061.782470703125,0,0,0
507,866.1483764648438,866.1483764648438,0,0,0
508,1005.6546630859375,1005.6546630859375,0,0,0
509,876.5875854492188,876.5875854492188,0,0,0
510,1012.1220703125,1012.1220703125,0,0,0
511,904.537353515625,904.537353515625,0,0,0
512,918.4686889648438,918.4686889648438,0,0,0
513,913.1981811523438,913.1981811523438,0,0,0
514,914.2523803710938,914.2523803710938,0,0,0
515,916.6773681640625,916.6773681640625,0,0,0
516,833.267578125,833.267578125,0,0,0
517,890.803466796875,890.803466796875,0,0,0
518,929.953369140625,929.953369140625,0,0,0
519,1004.805908203125,1004.805908203125,0,0,0
520,833.8282470703125,833.8282470703125,0,0,0
521,796.1753540039062,796.1753540039062,0,0,0
522,907.5112915039062,907.5112915039062,0,0,0
523,848.5626831054688,848.5626831054688,0,0,0
524,896.440673828125,896.440673828125,0,0,0
525,838.4791870117188,838.4791870117188,0,0,0
526,777.6758422851562,777.6758422851562,0,0,0
527,799.7638549804688,799.7638549804688,0,0,0
528,809.6841430664062,809.6841430664062,0,0,0
529,780.5215454101562,780.5215454101562,0,0,0
530,862.93603515625,862.93603515625,0,0,0
531,801.4221801757812,801.4221801757812,0,0,0
532,765.4354248046875,765.4354248046875,0,0,0
533,811.3858642578125,811.3858642578125,0,0,0
534,724.2957153320312,724.2957153320312,0,0,0
535,789.8070068359375,789.8070068359375,0,0,0
536,803.3836059570312,803.3836059570312,0,0,0
537,848.3273315429688,848.3273315429688,0,0,0
538,798.1166381835938,798.1166381835938,0,0,0
539,765.4625854492188,765.4625854492188,0,0,0
540,859.349365234375,859.349365234375,0,0,0
541,673.8146362304688,673.8146362304688,0,0,0
542,831.740966796875,831.740966796875,0,0,0
543,791.2891845703125,791.2891845703125,0,0,0
544,828.2058715820312,828.2058715820312,0,0,0
545,723.084228515625,723.084228515625,0,0,0
546,704.0447387695312,704.0447387695312,0,0,0
547,821.1500244140625,821.1500244140625,0,0,0
548,765.6519165039062,765.6519165039062,0,0,0
549,697.8391723632812,697.8391723632812,0,0,0
550,790.879150390625,790.879150390625,0,0,0
551,821.474853515625,821.474853515625,0,0,0
552,819.3340454101562,819.3340454101562,0,0,0
553,774.8129272460938,774.8129272460938,0,0,0
554,724.8330688476562,724.8330688476562,0,0,0
555,677.1171875,677.1171875,0,0,0
556,677.7191772460938,677.7191772460938,0,0,0
557,725.4718627929688,725.4718627929688,0,0,0
558,681.4913330078125,681.4913330078125,0,0,0
559,688.3423461914062,688.3423461914062,0,0,0
560,688.5223388671875,688.5223388671875,0,0,0
561,667.1363525390625,667.1363525390625,0,0,0
562,739.1221923828125,739.1221923828125,0,0,0
563,694.4915771484375,694.4915771484375,0,0,0
564,666.78369140625,666.78369140625,0,0,0
565,677.5316162109375,677.5316162109375,0,0,0
566,774.4744873046875,774.4744873046875,0,0,0
567,714.1842041015625,714.1842041015625,0,0,0
568,736.6947631835938,736.6947631835938,0,0,0
569,802.651611328125,802.651611328125,0,0,0
570,771.3335571289062,771.3335571289062,0,0,0
571,761.00244140625,761.00244140625,0,0,0
572,638.2345581054688,638.2345581054688,0,0,0
573,668.8333740234375,668.8333740234375,0,0,0
574,619.8167724609375,619.8167724609375,0,0,0
575,605.4112548828125,605.4112548828125,0,0,0
576,621.4605102539062,621.4605102539062,0,0,0
577,689.8822631835938,689.8822631835938,0,0,0
578,581.965087890625,581.965087890625,0,0,0
579,733.3342895507812,733.3342895507812,0,0,0
580,700.2601928710938,700.2601928710938,0,0,0
581,617.2634887695312,617.2634887695312,0,0,0
582,665.9596557617188,665.9596557617188,0,0,0
583,618.9229125976562,618.9229125976562,0,0,0
584,691.0446166992188,691.0446166992188,0,0,0
585,613.3287963867188,613.3287963867188,0,0,0
586,581.1008911132812,581.1008911132812,0,0,0
587,617.5848999023438,617.5848999023438,0,0,0
588,637.12890625,637.12890625,0,0,0
589,591.6641845703125,591.6641845703125,0,0,0
590,565.3665161132812,565.3665161132812,0,0,0
591,592.3543090820312,592.3543090820312,0,0,0
592,791.8831787109375,791.8831787109375,0,0,0
593,682.3104248046875,682.3104248046875,0,0,0
594,556.1939697265625,556.1939697265625,0,0,0
595,570.0919799804688,570.0919799804688,0,0,0
596,626.4356689453125,626.4356689453125,0,0,0
597,559.0337524414062,559.0337524414062,0,0,0
598,587.3015747070312,587.3015747070312,0,0,0
599,599.6603393554688,599.6603393554688,0,0,0
600,518.008056640625,518.008056640625,0,0,0
601,542.7943725585938,542.7943725585938,0,0,0
602,552.953857421875,552.953857421875,0,0,0
603,522.9363403320312,522.9363403320312,0,0,0
604,589.0639038085938,589.0639038085938,0,0,0
605,539.0340576171875,539.0340576171875,0,0,0
606,564.3173217773438,564.3173217773438,0,0,0
607,615.8432006835938,615.8432006835938,0,0,0
608,566.853515625,566.853515625,0,0,0
609,512.4240112304688,512.4240112304688,0,0,0
610,605.0037841796875,605.0037841796875,0,0,0
611,577.3748168945312,577.3748168945312,0,0,0
612,509.96343994140625,509.96343994140625,0,0,0
613,645.5022583007812,645.5022583007812,0,0,0
614,496.7193603515625,496.7193603515625,0,0,0
615,549.192626953125,549.192626953125,0,0,0
616,475.9860534667969,475.9860534667969,0,0,0
617,467.0531005859375,467.0531005859375,0,0,0
618,588.4794311523438,588.4794311523438,0,0,0
619,568.7326049804688,568.7326049804688,0,0,0
620,530.0691528320312,530.0691528320312,0,0,0
621,479.0313720703125,479.0313720703125,0,0,0
622,588.1851806640625,588.1851806640625,0,0,0
623,625.9754028320312,625.9754028320312,0,0,0
624,457.134521484375,457.134521484375,0,0,0
625,539.820068359375,539.820068359375,0,0,0
626,481.0531005859375,481.0531005859375,0,0,0
627,448.11419677734375,448.11419677734375,0,0,0
628,475.4928283691406,475.4928283691406,0,0,0
629,494.1906433105469,494.1906433105469,0,0,0
630,597.646240234375,597.646240234375,0,0,0
631,514.7406005859375,514.7406005859375,0,0,0
632,481.282470703125,481.282470703125,0,0,0
633,486.3599548339844,486.3599548339844,0,0,0
634,523.4834594726562,523.4834594726562,0,0,0
635,438.6094665527344,438.6094665527344,0,0,0
636,473.8437194824219,473.8437194824219,0,0,0
637,510.3870849609375,510.3870849609375,0,0,0
638,491.33929443359375,491.33929443359375,0,0,0
639,486.78131103515625,486.78131103515625,0,0,0
640,475.36810302734375,475.36810302734375,0,0,0
641,413.4214172363281,413.4214172363281,0,0,0
642,463.2305908203125,463.2305908203125,0,0,0
643,437.2945556640625,437.2945556640625,0,0,0
644,516.6727905273438,516.6727905273438,0,0,0
645,420.86236572265625,420.86236572265625,0,0,0
646,466.23834228515625,466.23834228515625,0,0,0
647,457.01953125,457.01953125,0,0,0
648,463.9321594238281,463.9321594238281,0,0,0
649,503.9638671875,503.9638671875,0,0,0
650,437.8924865722656,437.8924865722656,0,0,0
651,520.8123779296875,520.8123779296875,0,0,0
652,465.72296142578125,465.72296142578125,0,0,0
653,461.5710144042969,461.5710144042969,0,0,0
654,414.5684814453125,414.5684814453125,0,0,0
655,405.8101501464844,405.8101501464844,0,0,0
656,512.950927734375,512.950927734375,0,0,0
657,408.2562561035156,408.2562561035156,0,0,0
658,397.9013977050781,397.9013977050781,0,0,0
659,403.4548645019531,403.4548645019531,0,0,0
660,492.7771911621094,492.7771911621094,0,0,0
661,395.7259521484375,395.7259521484375,0,0,0
662,438.249755859375,438.249755859375,0,0,0
663,421.3536682128906,421.3536682128906,0,0,0
664,443.70123291015625,443.70123291015625,0,0,0
665,419.9485168457031,419.9485168457031,0,0,0
666,483.43267822265625,483.43267822265625,0,0,0
667,506.12115478515625,506.12115478515625,0,0,0
668,485.98529052734375,485.98529052734375,0,0,0
669,420.7418212890625,420.7418212890625,0,0,0
670,379.0821838378906,379.0821838378906,0,0,0
671,415.2080383300781,415.2080383300781,0,0,0
672,402.999755859375,402.999755859375,0,0,0
673,427.1562194824219,427.1562194824219,0,0,0
674,429.6890563964844,429.6890563964844,0,0,0
675,390.6437683105469,390.6437683105469,0,0,0
676,443.2649230957031,443.2649230957031,0,0,0
677,375.05206298828125,375.05206298828125,0,0,0
678,483.4607849121094,483.4607849121094,0,0,0
679,373.529296875,373.529296875,0,0,0
680,378.38372802734375,378.38372802734375,0,0,0
681,383.70660400390625,383.70660400390625,0,0,0
682,361.48388671875,361.48388671875,0,0,0
683,375.4184875488281,375.4184875488281,0,0,0
684,375.84197998046875,375.84197998046875,0,0,0
685,367.2440490722656,367.2440490722656,0,0,0
686,410.9863586425781,410.9863586425781,0,0,0
687,356.8232421875,356.8232421875,0,0,0
688,399.19879150390625,399.19879150390625,0,0,0
689,306.48614501953125,306.48614501953125,0,0,0
690,412.03717041015625,412.03717041015625,0,0,0
691,474.2560119628906,474.2560119628906,0,0,0
692,446.4277648925781,446.4277648925781,0,0,0
693,357.44073486328125,357.44073486328125,0,0,0
694,399.4800720214844,399.4800720214844,0,0,0
695,363.2771911621094,363.2771911621094,0,0,0
696,317.380859375,317.380859375,0,0,0
697,366.4221496582031,366.4221496582031,0,0,0
698,375.9635314941406,375.9635314941406,0,0,0
699,406.5826110839844,406.5826110839844,0,0,0
700,371.38848876953125,371.38848876953125,0,0,0
701,429.1331481933594,429.1331481933594,0,0,0
702,326.95989990234375,326.95989990234375,0,0,0
703,352.16180419921875,352.16180419921875,0,0,0
704,344.3376770019531,344.3376770019531,0,0,0
705,391.3169860839844,391.3169860839844,0,0,0
706,347.2754821777344,347.2754821777344,0,0,0
707,404.6722106933594,404.6722106933594,0,0,0
708,317.43487548828125,317.43487548828125,0,0,0
709,333.7287902832031,333.7287902832031,0,0,0
710,314.535888671875,314.535888671875,0,0,0
711,324.83074951171875,324.83074951171875,0,0,0
712,298.28759765625,298.28759765625,0,0,0
713,275.86376953125,275.86376953125,0,0,0
714,322.746826171875,322.746826171875,0,0,0
715,275.8364562988281,275.8364562988281,0,0,0
716,288.7272033691406,288.7272033691406,0,0,0
717,363.62322998046875,363.62322998046875,0,0,0
718,358.08953857421875,358.08953857421875,0,0,0
719,340.2005310058594,340.2005310058594,0,0,0
720,345.0570068359375,345.0570068359375,0,0,0
721,283.88934326171875,283.88934326171875,0,0,0
722,395.57757568359375,395.57757568359375,0,0,0
723,371.5135498046875,371.5135498046875,0,0,0
724,297.92828369140625,297.92828369140625,0,0,0
725,281.310546875,281.310546875,0,0,0
726,385.9550476074219,385.9550476074219,0,0,0
727,282.3714599609375,282.3714599609375,0,0,0
728,278.72088623046875,278.72088623046875,0,0,0
729,348.376220703125,348.376220703125,0,0,0
730,293.2439270019531,293.2439270019531,0,0,0
731,303.1950378417969,303.1950378417969,0,0,0
732,279.8027648925781,279.8027648925781,0,0,0
733,322.456298828125,322.456298828125,0,0,0
734,344.2830810546875,344.2830810546875,0,0,0
735,348.6345520019531,348.6345520019531,0,0,0
736,257.41680908203125,257.41680908203125,0,0,0
737,275.742431640625,275.742431640625,0,0,0
738,379.54833984375,379.54833984375,0,0,0
739,405.3095397949219,405.3095397949219,0,0,0
740,354.0386962890625,354.0386962890625,0,0,0
741,263.14349365234375,263.14349365234375,0,0,0
742,314.072021484375,314.072021484375,0,0,0
743,277.0602722167969,277.0602722167969,0,0,0
744,334.7330017089844,334.7330017089844,0,0,0
745,359.7940673828125,359.7940673828125,0,0,0
746,341.1933898925781,341.1933898925781,0,0,0
747,313.1873474121094,313.1873474121094,0,0,0
748,371.7601623535156,371.7601623535156,0,0,0
749,267.8882141113281,267.8882141113281,0,0,0
750,246.930908203125,246.930908203125,0,0,0
751,268.4898986816406,268.4898986816406,0,0,0
752,275.1990661621094,275.1990661621094,0,0,0
753,375.52496337890625,375.52496337890625,0,0,0
754,297.0542907714844,297.0542907714844,0,0,0
755,267.8009338378906,267.8009338378906,0,0,0
756,304.0082092285156,304.0082092285156,0,0,0
757,247.34840393066406,247.34840393066406,0,0,0
758,279.0999755859375,279.0999755859375,0,0,0
759,289.77850341796875,289.77850341796875,0,0,0
760,316.3888854980469,316.3888854980469,0,0,0
761,252.26548767089844,252.26548767089844,0,0,0
762,300.6982421875,300.6982421875,0,0,0
763,304.2668151855469,304.2668151855469,0,0,0
764,244.19078063964844,244.19078063964844,0,0,0
765,257.27001953125,257.27001953125,0,0,0
766,298.0514831542969,298.0514831542969,0,0,0
767,281.6921691894531,281.6921691894531,0,0,0
768,292.3250427246094,292.3250427246094,0,0,0
769,242.8592529296875,242.8592529296875,0,0,0
770,227.24623107910156,227.24623107910156,0,0,0
771,284.8088073730469,284.8088073730469,0,0,0
772,237.75482177734375,237.75482177734375,0,0,0
773,214.55467224121094,214.55467224121094,0,0,0
774,286.24560546875,286.24560546875,0,0,0
775,256.78179931640625,256.78179931640625,0,0,0
776,302.7945556640625,302.7945556640625,0,0,0
777,277.2281799316406,277.2281799316406,0,0,0
778,253.1129150390625,253.1129150390625,0,0,0
779,212.0500946044922,212.0500946044922,0,0,0
780,240.87057495117188,240.87057495117188,0,0,0
781,283.9047546386719,283.9047546386719,0,0,0
782,243.76353454589844,243.76353454589844,0,0,0
783,229.9370574951172,229.9370574951172,0,0,0
784,242.30908203125,242.30908203125,0,0,0
785,232.42364501953125,232.42364501953125,0,0,0
786,212.80889892578125,212.80889892578125,0,0,0
787,271.50372314453125,271.50372314453125,0,0,0
788,314.6112976074219,314.6112976074219,0,0,0
789,234.9505615234375,234.9505615234375,0,0,0
790,250.6188201904297,250.6188201904297,0,0,0
791,291.2912902832031,291.2912902832031,0,0,0
792,248.71810913085938,248.71810913085938,0,0,0
793,248.2266845703125,248.2266845703125,0,0,0
794,260.12225341796875,260.12225341796875,0,0,0
795,237.94412231445312,237.94412231445312,0,0,0
796,238.0038299560547,238.0038299560547,0,0,0
797,250.88763427734375,250.88763427734375,0,0,0
798,243.0874481201172,243.0874481201172,0,0,0
799,240.38558959960938,240.38558959960938,0,0,0
800,212.8462677001953,212.8462677001953,0,0,0
801,225.85472106933594,225.85472106933594,0,0,0
802,264.41400146484375,264.41400146484375,0,0,0
803,196.71875,196.71875,0,0,0
804,218.75160217285156,218.75160217285156,0,0,0
805,181.586669921875,181.586669921875,0,0,0
806,218.07891845703125,218.07891845703125,0,0,0
807,207.8741912841797,207.8741912841797,0,0,0
808,218.42857360839844,218.42857360839844,0,0,0
809,214.45091247558594,214.45091247558594,0,0,0
810,203.02529907226562,203.02529907226562,0,0,0
811,231.3384552001953,231.3384552001953,0,0,0
812,225.13902282714844,225.13902282714844,0,0,0
813,176.75770568847656,176.75770568847656,0,0,0
814,179.32373046875,179.32373046875,0,0,0
815,241.35630798339844,241.35630798339844,0,0,0
816,208.48622131347656,208.48622131347656,0,0,0
817,243.21144104003906,243.21144104003906,0,0,0
818,214.72637939453125,214.72637939453125,0,0,0
819,255.5312042236328,255.5312042236328,0,0,0
820,189.031005859375,189.031005859375,0,0,0
821,220.93687438964844,220.93687438964844,0,0,0
822,191.39988708496094,191.39988708496094,0,0,0
823,252.95716857910156,252.95716857910156,0,0,0
824,159.24095153808594,159.24095153808594,0,0,0
825,221.05540466308594,221.05540466308594,0,0,0
826,209.54879760742188,209.54879760742188,0,0,0
827,185.0182342529297,185.0182342529297,0,0,0
828,175.7784881591797,175.7784881591797,0,0,0
829,190.9594268798828,190.9594268798828,0,0,0
830,233.3154754638672,233.3154754638672,0,0,0
831,200.9122772216797,200.9122772216797,0,0,0
832,269.44403076171875,269.44403076171875,0,0,0
833,207.5502471923828,207.5502471923828,0,0,0
834,259.80352783203125,259.80352783203125,0,0,0
835,178.40335083007812,178.40335083007812,0,0,0
836,203.14561462402344,203.14561462402344,0,0,0
837,176.92822265625,176.92822265625,0,0,0
838,189.2035675048828,189.2035675048828,0,0,0
839,252.2740020751953,252.2740020751953,0,0,0
840,156.9196014404297,156.9196014404297,0,0,0
841,228.0238037109375,228.0238037109375,0,0,0
842,193.45510864257812,193.45510864257812,0,0,0
843,234.84732055664062,234.84732055664062,0,0,0
844,207.23626708984375,207.23626708984375,0,0,0
845,171.6682891845703,171.6682891845703,0,0,0
846,201.5791778564453,201.5791778564453,0,0,0
847,177.6003875732422,177.6003875732422,0,0,0
848,206.34205627441406,206.34205627441406,0,0,0
849,186.77517700195312,186.77517700195312,0,0,0
850,162.34890747070312,162.34890747070312,0,0,0
851,230.82847595214844,230.82847595214844,0,0,0
852,176.2779998779297,176.2779998779297,0,0,0
853,149.45770263671875,149.45770263671875,0,0,0
854,160.94827270507812,160.94827270507812,0,0,0
855,151.776123046875,151.776123046875,0,0,0
856,202.43360900878906,202.43360900878906,0,0,0
857,184.1263885498047,184.1263885498047,0,0,0
858,177.83375549316406,177.83375549316406,0,0,0
859,169.46510314941406,169.46510314941406,0,0,0
860,124.71630859375,124.71630859375,0,0,0
861,175.8315887451172,175.8315887451172,0,0,0
862,189.83775329589844,189.83775329589844,0,0,0
863,206.3302459716797,206.3302459716797,0,0,0
864,158.893310546875,158.893310546875,0,0,0
865,219.28408813476562,219.28408813476562,0,0,0
866,213.44033813476562,213.44033813476562,0,0,0
867,187.1317901611328,187.1317901611328,0,0,0
868,151.8289794921875,151.8289794921875,0,0,0
869,211.45223999023438,211.45223999023438,0,0,0
870,221.14122009277344,221.14122009277344,0,0,0
871,142.46263122558594,142.46263122558594,0,0,0
872,185.13414001464844,185.13414001464844,0,0,0
873,208.43560791015625,208.43560791015625,0,0,0
874,191.55409240722656,191.55409240722656,0,0,0
875,173.99513244628906,173.99513244628906,0,0,0
876,164.66136169433594,164.66136169433594,0,0,0
877,139.5710906982422,139.5710906982422,0,0,0
878,168.00184631347656,168.00184631347656,0,0,0
879,175.88754272460938,175.88754272460938,0,0,0
880,155.16685485839844,155.16685485839844,0,0,0
881,165.59559631347656,165.59559631347656,0,0,0
882,163.38478088378906,163.38478088378906,0,0,0
883,156.4093475341797,156.4093475341797,0,0,0
884,163.64788818359375,163.64788818359375,0,0,0
885,138.64608764648438,138.64608764648438,0,0,0
886,160.08114624023438,160.08114624023438,0,0,0
887,132.20565795898438,132.20565795898438,0,0,0
888,177.6060028076172,177.6060028076172,0,0,0
889,160.18142700195312,160.18142700195312,0,0,0
890,176.6291961669922,176.6291961669922,0,0,0
891,230.4565887451172,230.4565887451172,0,0,0
892,166.4213104248047,166.4213104248047,0,0,0
893,179.6612091064453,179.6612091064453,0,0,0
894,200.8500213623047,200.8500213623047,0,0,0
895,168.7882080078125,168.7882080078125,0,0,0
896,167.06602478027344,167.06602478027344,0,0,0
897,143.31472778320312,143.31472778320312,0,0,0
898,135.2933807373047,135.2933807373047,0,0,0
899,203.74147033691406,203.74147033691406,0,0,0
900,156.65631103515625,156.65631103515625,0,0,0
901,137.08877563476562,137.08877563476562,0,0,0
902,225.07131958007812,225.07131958007812,0,0,0
903,152.95654296875,152.95654296875,0,0,0
904,171.4540557861328,171.4540557861328,0,0,0
905,164.7605743408203,164.7605743408203,0,0,0
906,147.1590118408203,147.1590118408203,0,0,0
907,158.19873046875,158.19873046875,0,0,0
908,187.33084106445312,187.33084106445312,0,0,0
909,163.010498046875,163.010498046875,0,0,0
910,147.99928283691406,147.99928283691406,0,0,0
911,170.50450134277344,170.50450134277344,0,0,0
912,132.78233337402344,132.78233337402344,0,0,0
913,141.0252685546875,141.0252685546875,0,0,0
914,131.04197692871094,131.04197692871094,0,0,0
915,134.40338134765625,134.40338134765625,0,0,0
916,168.102783203125,168.102783203125,0,0,0
917,160.4777374267578,160.4777374267578,0,0,0
918,167.61830139160156,167.61830139160156,0,0,0
919,155.46482849121094,155.46482849121094,0,0,0
920,154.5192108154297,154.5192108154297,0,0,0
921,229.08560180664062,229.08560180664062,0,0,0
922,125.76264190673828,125.76264190673828,0,0,0
923,139.2983856201172,139.2983856201172,0,0,0
924,139.16404724121094,139.16404724121094,0,0,0
925,181.65582275390625,181.65582275390625,0,0,0
926,145.63868713378906,145.63868713378906,0,0,0
927,121.15602111816406,121.15602111816406,0,0,0
928,128.6134490966797,128.6134490966797,0,0,0
929,142.1299591064453,142.1299591064453,0,0,0
930,91.31376647949219,91.31376647949219,0,0,0
931,130.42782592773438,130.42782592773438,0,0,0
932,128.05435180664062,128.05435180664062,0,0,0
933,188.171630859375,188.171630859375,0,0,0
934,140.94680786132812,140.94680786132812,0,0,0
935,132.2757110595703,132.2757110595703,0,0,0
936,121.46282958984375,121.46282958984375,0,0,0
937,154.89321899414062,154.89321899414062,0,0,0
938,119.74560546875,119.74560546875,0,0,0
939,108.1082992553711,108.1082992553711,0,0,0
940,138.69821166992188,138.69821166992188,0,0,0
941,154.65650939941406,154.65650939941406,0,0,0
942,126.54440307617188,126.54440307617188,0,0,0
943,163.5554656982422,163.5554656982422,0,0,0
944,135.03189086914062,135.03189086914062,0,0,0
945,113.81900787353516,113.81900787353516,0,0,0
946,129.05776977539062,129.05776977539062,0,0,0
947,121.29930114746094,121.29930114746094,0,0,0
948,161.58802795410156,161.58802795410156,0,0,0
949,100.8927993774414,100.8927993774414,0,0,0
950,131.18362426757812,131.18362426757812,0,0,0
951,126.8914794921875,126.8914794921875,0,0,0
952,102.46575927734375,102.46575927734375,0,0,0
953,160.14569091796875,160.14569091796875,0,0,0
954,122.87382507324219,122.87382507324219,0,0,0
955,117.4814682006836,117.4814682006836,0,0,0
956,147.03050231933594,147.03050231933594,0,0,0
957,135.008544921875,135.008544921875,0,0,0
958,118.14199829101562,118.14199829101562,0,0,0
959,115.28723907470703,115.28723907470703,0,0,0
960,119.35784912109375,119.35784912109375,0,0,0
961,198.856689453125,198.856689453125,0,0,0
962,136.82443237304688,136.82443237304688,0,0,0
963,109.09723663330078,109.09723663330078,0,0,0
964,127.94468688964844,127.94468688964844,0,0,0
965,121.07907104492188,121.07907104492188,0,0,0
966,124.06016540527344,124.06016540527344,0,0,0
967,171.0714874267578,171.0714874267578,0,0,0
968,145.943603515625,145.943603515625,0,0,0
969,115.83372497558594,115.83372497558594,0,0,0
970,155.77389526367188,155.77389526367188,0,0,0
971,125.02827453613281,125.02827453613281,0,0,0
972,122.36168670654297,122.36168670654297,0,0,0
973,127.6479721069336,127.6479721069336,0,0,0
974,137.14556884765625,137.14556884765625,0,0,0
975,111.6451416015625,111.6451416015625,0,0,0
976,115.0239028930664,115.0239028930664,0,0,0
977,116.81226348876953,116.81226348876953,0,0,0
978,127.69686889648438,127.69686889648438,0,0,0
979,127.34725189208984,127.34725189208984,0,0,0
980,137.46990966796875,137.46990966796875,0,0,0
981,118.39512634277344,118.39512634277344,0,0,0
982,137.8144989013672,137.8144989013672,0,0,0
983,117.58399200439453,117.58399200439453,0,0,0
984,95.93978881835938,95.93978881835938,0,0,0
985,111.69613647460938,111.69613647460938,0,0,0
986,90.92479705810547,90.92479705810547,0,0,0
987,149.968017578125,149.968017578125,0,0,0
988,109.93456268310547,109.93456268310547,0,0,0
989,107.94910430908203,107.94910430908203,0,0,0
990,101.03770446777344,101.03770446777344,0,0,0
991,119.65530395507812,119.65530395507812,0,0,0
992,120.0306625366211,120.0306625366211,0,0,0
993,115.41748809814453,115.41748809814453,0,0,0
994,107.8880615234375,107.8880615234375,0,0,0
995,115.18965911865234,115.18965911865234,0,0,0
996,107.09341430664062,107.09341430664062,0,0,0
997,148.35838317871094,148.35838317871094,0,0,0
998,111.21166229248047,111.21166229248047,0,0,0
999,133.43080139160156,133.43080139160156,0,0,0
1000,103.37295532226562,103.37295532226562,0,0,0
1001,129.4810333251953,129.4810333251953,0,0,0
1002,99.4151382446289,99.4151382446289,0,0,0
1003,87.46270751953125,87.46270751953125,0,0,0
1004,128.98983764648438,128.98983764648438,0,0,0
1005,107.85076141357422,107.85076141357422,0,0,0
1006,102.34435272216797,102.34435272216797,0,0,0
1007,93.13935852050781,93.13935852050781,0,0,0
1008,109.07666015625,109.07666015625,0,0,0
1009,96.28386688232422,96.28386688232422,0,0,0
1010,165.970458984375,165.970458984375,0,0,0
1011,112.77711486816406,112.77711486816406,0,0,0
1012,87.84520721435547,87.84520721435547,0,0,0
1013,129.50320434570312,129.50320434570312,0,0,0
1014,132.68014526367188,132.68014526367188,0,0,0
1015,94.31678771972656,94.31678771972656,0,0,0
1016,83.72382354736328,83.72382354736328,0,0,0
1017,120.51841735839844,120.51841735839844,0,0,0
1018,82.17459106445312,82.17459106445312,0,0,0
1019,121.52848815917969,121.52848815917969,0,0,0
1020,98.9353256225586,98.9353256225586,0,0,0
1021,92.53296661376953,92.53296661376953,0,0,0
1022,111.76109313964844,111.76109313964844,0,0,0
1023,104.65365600585938,104.65365600585938,0,0,0
1024,118.13115692138672,118.13115692138672,0,0,0
1025,79.08336639404297,79.08336639404297,0,0,0
1026,102.08209228515625,102.08209228515625,0,0,0
1027,95.7178955078125,95.7178955078125,0,0,0
1028,124.89649963378906,124.89649963378906,0,0,0
1029,92.92552947998047,92.92552947998047,0,0,0
1030,84.5667724609375,84.5667724609375,0,0,0
1031,85.40603637695312,85.40603637695312,0,0,0
1032,98.14881896972656,98.14881896972656,0,0,0
1033,97.36897277832031,97.36897277832031,0,0,0
1034,79.26632690429688,79.26632690429688,0,0,0
1035,109.9094467163086,109.9094467163086,0,0,0
1036,95.17973327636719,95.17973327636719,0,0,0
1037,94.679443359375,94.679443359375,0,0,0
1038,84.55377197265625,84.55377197265625,0,0,0
1039,90.9381332397461,90.9381332397461,0,0,0
1040,127.86384582519531,127.86384582519531,0,0,0
1041,118.2729721069336,118.2729721069336,0,0,0
1042,82.91313934326172,82.91313934326172,0,0,0
1043,102.95683288574219,102.95683288574219,0,0,0
1044,75.02281951904297,75.02281951904297,0,0,0
1045,89.40242767333984,89.40242767333984,0,0,0
1046,79.8242416381836,79.8242416381836,0,0,0
1047,120.36428833007812,120.36428833007812,0,0,0
1048,84.82170104980469,84.82170104980469,0,0,0
1049,98.30552673339844,98.30552673339844,0,0,0
1050,86.68087005615234,86.68087005615234,0,0,0
1051,129.60337829589844,129.60337829589844,0,0,0
1052,86.85142517089844,86.85142517089844,0,0,0
1053,70.22599792480469,70.22599792480469,0,0,0
1054,82.49625396728516,82.49625396728516,0,0,0
1055,75.04918670654297,75.04918670654297,0,0,0
1056,135.96023559570312,135.96023559570312,0,0,0
1057,138.81686401367188,138.81686401367188,0,0,0
1058,98.65147399902344,98.65147399902344,0,0,0
1059,90.28533935546875,90.28533935546875,0,0,0
1060,102.81057739257812,102.81057739257812,0,0,0
1061,70.2083511352539,70.2083511352539,0,0,0
1062,109.02235412597656,109.02235412597656,0,0,0
1063,100.62055969238281,100.62055969238281,0,0,0
1064,83.49439239501953,83.49439239501953,0,0,0
1065,98.23828125,98.23828125,0,0,0
1066,99.37775421142578,99.37775421142578,0,0,0
1067,74.98103332519531,74.98103332519531,0,0,0
1068,91.98188781738281,91.98188781738281,0,0,0
1069,97.80024719238281,97.80024719238281,0,0,0
1070,85.58195495605469,85.58195495605469,0,0,0
1071,135.24093627929688,135.24093627929688,0,0,0
1072,87.91230773925781,87.91230773925781,0,0,0
1073,73.02181243896484,73.02181243896484,0,0,0
1074,101.53394317626953,101.53394317626953,0,0,0
1075,74.84268951416016,74.84268951416016,0,0,0
1076,85.55177307128906,85.55177307128906,0,0,0
1077,85.90713500976562,85.90713500976562,0,0,0
1078,85.69683837890625,85.69683837890625,0,0,0
1079,82.69361877441406,82.69361877441406,0,0,0
1080,88.7083740234375,88.7083740234375,0,0,0
1081,56.4178581237793,56.4178581237793,0,0,0
1082,90.0960693359375,90.0960693359375,0,0,0
1083,79.05714416503906,79.05714416503906,0,0,0
1084,103.70047760009766,103.70047760009766,0,0,0
1085,94.88188171386719,94.88188171386719,0,0,0
1086,119.69671630859375,119.69671630859375,0,0,0
1087,82.76093292236328,82.76093292236328,0,0,0
1088,78.8200454711914,78.8200454711914,0,0,0
1089,78.14595794677734,78.14595794677734,0,0,0
1090,81.63877868652344,81.63877868652344,0,0,0
1091,80.1618881225586,80.1618881225586,0,0,0
1092,76.55608367919922,76.55608367919922,0,0,0
1093,73.5916976928711,73.5916976928711,0,0,0
1094,98.85043334960938,98.85043334960938,0,0,0
1095,60.958984375,60.958984375,0,0,0
1096,109.22396850585938,109.22396850585938,0,0,0
1097,104.2384262084961,104.2384262084961,0,0,0
1098,78.51556396484375,78.51556396484375,0,0,0
1099,67.80381774902344,67.80381774902344,0,0,0
1100,70.30498504638672,70.30498504638672,0,0,0
1101,123.97853088378906,123.97853088378906,0,0,0
1102,98.11515808105469,98.11515808105469,0,0,0
1103,111.6750717163086,111.6750717163086,0,0,0
1104,70.45851135253906,70.45851135253906,0,0,0
1105,69.43960571289062,69.43960571289062,0,0,0
1106,90.81827545166016,90.81827545166016,0,0,0
1107,87.42610931396484,87.42610931396484,0,0,0
1108,90.5510025024414,90.5510025024414,0,0,0
1109,115.6072006225586,115.6072006225586,0,0,0
1110,76.2434310913086,76.2434310913086,0,0,0
1111,91.37000274658203,91.37000274658203,0,0,0
1112,66.25818634033203,66.25818634033203,0,0,0
1113,62.04672622680664,62.04672622680664,0,0,0
1114,77.47322082519531,77.47322082519531,0,0,0
1115,67.74745178222656,67.74745178222656,0,0,0
1116,68.87003326416016,68.87003326416016,0,0,0
1117,78.68199920654297,78.68199920654297,0,0,0
1118,78.39523315429688,78.39523315429688,0,0,0
1119,97.01066589355469,97.01066589355469,0,0,0
1120,75.16062927246094,75.16062927246094,0,0,0
1121,90.0086898803711,90.0086898803711,0,0,0
1122,66.76313018798828,66.76313018798828,0,0,0
1123,56.14543533325195,56.14543533325195,0,0,0
1124,99.62405395507812,99.62405395507812,0,0,0
1125,80.72733306884766,80.72733306884766,0,0,0
1126,75.2174301147461,75.2174301147461,0,0,0
1127,62.7267951965332,62.7267951965332,0,0,0
1128,75.82291412353516,75.82291412353516,0,0,0
1129,71.59797668457031,71.59797668457031,0,0,0
1130,87.99048614501953,87.99048614501953,0,0,0
1131,56.45844650268555,56.45844650268555,0,0,0
1132,62.55243682861328,62.55243682861328,0,0,0
1133,90.38844299316406,90.38844299316406,0,0,0
1134,80.45799255371094,80.45799255371094,0,0,0
1135,77.17012786865234,77.17012786865234,0,0,0
1136,65.11326599121094,65.11326599121094,0,0,0
1137,63.43146514892578,63.43146514892578,0,0,0
1138,52.80327224731445,52.80327224731445,0,0,0
1139,63.20034408569336,63.20034408569336,0,0,0
1140,71.80442810058594,71.80442810058594,0,0,0
1141,59.044979095458984,59.044979095458984,0,0,0
1142,98.17124938964844,98.17124938964844,0,0,0
1143,72.65217590332031,72.65217590332031,0,0,0
1144,55.96099853515625,55.96099853515625,0,0,0
1145,53.11374282836914,53.11374282836914,0,0,0
1146,82.89479064941406,82.89479064941406,0,0,0
1147,82.43748474121094,82.43748474121094,0,0,0
1148,69.4708251953125,69.4708251953125,0,0,0
1149,71.7529067993164,71.7529067993164,0,0,0
1150,48.50922775268555,48.50922775268555,0,0,0
1151,61.114044189453125,61.114044189453125,0,0,0
1152,66.8377685546875,66.8377685546875,0,0,0
1153,79.8550033569336,79.8550033569336,0,0,0
1154,90.27763366699219,90.27763366699219,0,0,0
1155,65.56587982177734,65.56587982177734,0,0,0
1156,64.0429916381836,64.0429916381836,0,0,0
1157,72.36109924316406,72.36109924316406,0,0,0
1158,79.77288818359375,79.77288818359375,0,0,0
1159,69.74275970458984,69.74275970458984,0,0,0
1160,73.07792663574219,73.07792663574219,0,0,0
1161,52.33771896362305,52.33771896362305,0,0,0
1162,66.78060150146484,66.78060150146484,0,0,0
1163,59.061492919921875,59.061492919921875,0,0,0
1164,70.10873413085938,70.10873413085938,0,0,0
1165,67.50297546386719,67.50297546386719,0,0,0
1166,73.1153793334961,73.1153793334961,0,0,0
1167,54.7300910949707,54.7300910949707,0,0,0
1168,84.75086212158203,84.75086212158203,0,0,0
1169,69.08784484863281,69.08784484863281,0,0,0
1170,66.85039520263672,66.85039520263672,0,0,0
1171,64.77720642089844,64.77720642089844,0,0,0
1172,84.22721862792969,84.22721862792969,0,0,0
1173,59.48481369018555,59.48481369018555,0,0,0
1174,66.23343658447266,66.23343658447266,0,0,0
1175,120.00054931640625,120.00054931640625,0,0,0
1176,59.564674377441406,59.564674377441406,0,0,0
1177,76.42341613769531,76.42341613769531,0,0,0
1178,58.978294372558594,58.978294372558594,0,0,0
1179,88.61483764648438,88.61483764648438,0,0,0
1180,71.6971206665039,71.6971206665039,0,0,0
1181,54.84317398071289,54.84317398071289,0,0,0
1182,94.83283996582031,94.83283996582031,0,0,0
1183,68.28981018066406,68.28981018066406,0,0,0
1184,83.53123474121094,83.53123474121094,0,0,0
1185,55.1321907043457,55.1321907043457,0,0,0
1186,58.216670989990234,58.216670989990234,0,0,0
1187,44.267215728759766,44.267215728759766,0,0,0
1188,69.07901000976562,69.07901000976562,0,0,0
1189,77.60069274902344,77.60069274902344,0,0,0
1190,63.806541442871094,63.806541442871094,0,0,0
1191,69.0351791381836,69.0351791381836,0,0,0
1192,68.51874542236328,68.51874542236328,0,0,0
1193,52.103118896484375,52.103118896484375,0,0,0
1194,61.14764404296875,61.14764404296875,0,0,0
1195,55.919189453125,55.919189453125,0,0,0
1196,71.83489227294922,71.83489227294922,0,0,0
1197,56.8979606628418,56.8979606628418,0,0,0
1198,66.62186431884766,66.62186431884766,0,0,0
1199,68.70994567871094,68.70994567871094,0,0,0
1200,57.649879455566406,57.649879455566406,0,0,0
1201,62.00445556640625,62.00445556640625,0,0,0
1202,53.383243560791016,53.383243560791016,0,0,0
1203,51.775577545166016,51.775577545166016,0,0,0
1204,94.38719177246094,94.38719177246094,0,0,0
1205,44.58939743041992,44.58939743041992,0,0,0
1206,57.72841262817383,57.72841262817383,0,0,0
1207,67.61402893066406,67.61402893066406,0,0,0
1208,52.83612823486328,52.83612823486328,0,0,0
1209,56.652976989746094,56.652976989746094,0,0,0
1210,44.68614196777344,44.68614196777344,0,0,0
1211,56.67659378051758,56.67659378051758,0,0,0
1212,60.65226745605469,60.65226745605469,0,0,0
1213,58.9298210144043,58.9298210144043,0,0,0
1214,98.45838928222656,98.45838928222656,0,0,0
1215,48.48030090332031,48.48030090332031,0,0,0
1216,54.304046630859375,54.304046630859375,0,0,0
1217,67.74388885498047,67.74388885498047,0,0,0
1218,44.35932159423828,44.35932159423828,0,0,0
1219,61.94295883178711,61.94295883178711,0,0,0
1220,73.82485961914062,73.82485961914062,0,0,0
1221,67.2757797241211,67.2757797241211,0,0,0
1222,72.72738647460938,72.72738647460938,0,0,0
1223,95.37535095214844,95.37535095214844,0,0,0
1224,57.5019645690918,57.5019645690918,0,0,0
1225,52.21339416503906,52.21339416503906,0,0,0
1226,44.36091613769531,44.36091613769531,0,0,0
1227,86.92288970947266,86.92288970947266,0,0,0
1228,45.89512634277344,45.89512634277344,0,0,0
1229,65.73965454101562,65.73965454101562,0,0,0
1230,61.359256744384766,61.359256744384766,0,0,0
1231,50.45566940307617,50.45566940307617,0,0,0
1232,61.74966049194336,61.74966049194336,0,0,0
1233,78.71025848388672,78.71025848388672,0,0,0
1234,63.0286865234375,63.0286865234375,0,0,0
1235,74.44305419921875,74.44305419921875,0,0,0
1236,49.76104736328125,49.76104736328125,0,0,0
1237,56.34465408325195,56.34465408325195,0,0,0
1238,63.233219146728516,63.233219146728516,0,0,0
1239,49.97462463378906,49.97462463378906,0,0,0
1240,77.7568588256836,77.7568588256836,0,0,0
1241,50.989715576171875,50.989715576171875,0,0,0
1242,60.558082580566406,60.558082580566406,0,0,0
1243,55.68064498901367,55.68064498901367,0,0,0
1244,53.557769775390625,53.557769775390625,0,0,0
1245,45.67634582519531,45.67634582519531,0,0,0
1246,48.03975296020508,48.03975296020508,0,0,0
1247,46.83617401123047,46.83617401123047,0,0,0
1248,83.67701721191406,83.67701721191406,0,0,0
1249,33.12798309326172,33.12798309326172,0,0,0
1250,71.71186828613281,71.71186828613281,0,0,0
1251,43.728206634521484,43.728206634521484,0,0,0
1252,39.43269729614258,39.43269729614258,0,0,0
1253,54.158817291259766,54.158817291259766,0,0,0
1254,53.309852600097656,53.309852600097656,0,0,0
1255,56.26738357543945,56.26738357543945,0,0,0
1256,55.0150146484375,55.0150146484375,0,0,0
1257,36.12264633178711,36.12264633178711,0,0,0
1258,53.5667839050293,53.5667839050293,0,0,0
1259,68.01925659179688,68.01925659179688,0,0,0
1260,45.90779113769531,45.90779113769531,0,0,0
1261,51.710018157958984,51.710018157958984,0,0,0
1262,41.33920669555664,41.33920669555664,0,0,0
1263,47.85194396972656,47.85194396972656,0,0,0
1264,47.410526275634766,47.410526275634766,0,0,0
1265,45.319091796875,45.319091796875,0,0,0
1266,48.814117431640625,48.814117431640625,0,0,0
1267,52.06266784667969,52.06266784667969,0,0,0
1268,38.08428192138672,38.08428192138672,0,0,0
1269,47.49162673950195,47.49162673950195,0,0,0
1270,50.89396667480469,50.89396667480469,0,0,0
1271,42.615325927734375,42.615325927734375,0,0,0
1272,41.45547103881836,41.45547103881836,0,0,0
1273,40.1622200012207,40.1622200012207,0,0,0
1274,54.14645004272461,54.14645004272461,0,0,0
1275,54.32522201538086,54.32522201538086,0,0,0
1276,73.68893432617188,73.68893432617188,0,0,0
1277,52.214256286621094,52.214256286621094,0,0,0
1278,70.99015808105469,70.99015808105469,0,0,0
1279,43.31250762939453,43.31250762939453,0,0,0
1280,54.66891098022461,54.66891098022461,0,0,0
1281,50.507591247558594,50.507591247558594,0,0,0
1282,43.83631896972656,43.83631896972656,0,0,0
1283,39.65007400512695,39.65007400512695,0,0,0
1284,66.59370422363281,66.59370422363281,0,0,0
1285,39.86378860473633,39.86378860473633,0,0,0
1286,47.46931457519531,47.46931457519531,0,0,0
1287,33.02912902832031,33.02912902832031,0,0,0
1288,51.47870635986328,51.47870635986328,0,0,0
1289,58.140052795410156,58.140052795410156,0,0,0
1290,64.65056610107422,64.65056610107422,0,0,0
1291,51.57182693481445,51.57182693481445,0,0,0
1292,72.5643539428711,72.5643539428711,0,0,0
1293,45.9083366394043,45.9083366394043,0,0,0
1294,44.27519989013672,44.27519989013672,0,0,0
1295,55.31052017211914,55.31052017211914,0,0,0
1296,66.50761413574219,66.50761413574219,0,0,0
1297,59.740848541259766,59.740848541259766,0,0,0
1298,41.066497802734375,41.066497802734375,0,0,0
1299,44.253623962402344,44.253623962402344,0,0,0
1300,52.70560073852539,52.70560073852539,0,0,0
1301,45.86806869506836,45.86806869506836,0,0,0
1302,45.16999435424805,45.16999435424805,0,0,0
1303,55.11830520629883,55.11830520629883,0,0,0
1304,41.156883239746094,41.156883239746094,0,0,0
1305,83.33936309814453,83.33936309814453,0,0,0
1306,43.22164535522461,43.22164535522461,0,0,0
1307,54.86625671386719,54.86625671386719,0,0,0
1308,54.934471130371094,54.934471130371094,0,0,0
1309,56.367374420166016,56.367374420166016,0,0,0
1310,45.03983688354492,45.03983688354492,0,0,0
1311,36.234310150146484,36.234310150146484,0,0,0
1312,44.41484069824219,44.41484069824219,0,0,0
1313,57.404685974121094,57.404685974121094,0,0,0
1314,42.7789192199707,42.7789192199707,0,0,0
1315,42.27622985839844,42.27622985839844,0,0,0
1316,41.92017364501953,41.92017364501953,0,0,0
1317,45.90959548950195,45.90959548950195,0,0,0
1318,52.72077941894531,52.72077941894531,0,0,0
1319,37.299720764160156,37.299720764160156,0,0,0
1320,45.34247970581055,45.34247970581055,0,0,0
1321,48.74142837524414,48.74142837524414,0,0,0
1322,37.713294982910156,37.713294982910156,0,0,0
1323,43.76750946044922,43.76750946044922,0,0,0
1324,47.581336975097656,47.581336975097656,0,0,0
1325,36.53394317626953,36.53394317626953,0,0,0
1326,50.884559631347656,50.884559631347656,0,0,0
1327,59.01629638671875,59.01629638671875,0,0,0
1328,72.92093658447266,72.92093658447266,0,0,0
1329,65.69482421875,65.69482421875,0,0,0
1330,29.790828704833984,29.790828704833984,0,0,0
1331,52.56248092651367,52.56248092651367,0,0,0
1332,76.88435363769531,76.88435363769531,0,0,0
1333,46.8138313293457,46.8138313293457,0,0,0
1334,34.005943298339844,34.005943298339844,0,0,0
1335,30.9489803314209,30.9489803314209,0,0,0
1336,45.29524230957031,45.29524230957031,0,0,0
1337,32.390018463134766,32.390018463134766,0,0,0
1338,38.01078414916992,38.01078414916992,0,0,0
1339,47.92866134643555,47.92866134643555,0,0,0
1340,47.718284606933594,47.718284606933594,0,0,0
1341,29.454370498657227,29.454370498657227,0,0,0
1342,38.99301528930664,38.99301528930664,0,0,0
1343,36.67728042602539,36.67728042602539,0,0,0
1344,29.67335319519043,29.67335319519043,0,0,0
1345,43.13734817504883,43.13734817504883,0,0,0
1346,55.06540298461914,55.06540298461914,0,0,0
1347,56.100093841552734,56.100093841552734,0,0,0
1348,39.39195251464844,39.39195251464844,0,0,0
1349,42.24616241455078,42.24616241455078,0,0,0
1350,38.82561492919922,38.82561492919922,0,0,0
1351,28.423851013183594,28.423851013183594,0,0,0
1352,42.631080627441406,42.631080627441406,0,0,0
1353,71.16645812988281,71.16645812988281,0,0,0
1354,56.032596588134766,56.032596588134766,0,0,0
1355,70.15463256835938,70.15463256835938,0,0,0
1356,39.590187072753906,39.590187072753906,0,0,0
1357,36.96139144897461,36.96139144897461,0,0,0
1358,53.15039825439453,53.15039825439453,0,0,0
1359,41.23428726196289,41.23428726196289,0,0,0
1360,47.47817611694336,47.47817611694336,0,0,0
1361,40.12728500366211,40.12728500366211,0,0,0
1362,45.07027053833008,45.07027053833008,0,0,0
1363,26.658235549926758,26.658235549926758,0,0,0
1364,52.941368103027344,52.941368103027344,0,0,0
1365,47.44734573364258,47.44734573364258,0,0,0
1366,31.490520477294922,31.490520477294922,0,0,0
1367,40.641578674316406,40.641578674316406,0,0,0
1368,37.69242858886719,37.69242858886719,0,0,0
1369,36.808921813964844,36.808921813964844,0,0,0
1370,36.70656204223633,36.70656204223633,0,0,0
1371,31.396728515625,31.396728515625,0,0,0
1372,39.98045349121094,39.98045349121094,0,0,0
1373,37.57404708862305,37.57404708862305,0,0,0
1374,28.31441879272461,28.31441879272461,0,0,0
1375,39.145835876464844,39.145835876464844,0,0,0
1376,50.333377838134766,50.333377838134766,0,0,0
1377,30.99542236328125,30.99542236328125,0,0,0
1378,41.04475021362305,41.04475021362305,0,0,0
1379,34.516090393066406,34.516090393066406,0,0,0
1380,50.6387825012207,50.6387825012207,0,0,0
1381,44.752906799316406,44.752906799316406,0,0,0
1382,30.582073211669922,30.582073211669922,0,0,0
1383,28.630769729614258,28.630769729614258,0,0,0
1384,39.24690628051758,39.24690628051758,0,0,0
1385,33.42417526245117,33.42417526245117,0,0,0
1386,39.38501739501953,39.38501739501953,0,0,0
1387,36.68409729003906,36.68409729003906,0,0,0
1388,37.01234817504883,37.01234817504883,0,0,0
1389,27.89360809326172,27.89360809326172,0,0,0
1390,39.516334533691406,39.516334533691406,0,0,0
1391,35.669403076171875,35.669403076171875,0,0,0
1392,46.51433181762695,46.51433181762695,0,0,0
1393,33.5351448059082,33.5351448059082,0,0,0
1394,34.35630798339844,34.35630798339844,0,0,0
1395,34.158443450927734,34.158443450927734,0,0,0
1396,31.21426773071289,31.21426773071289,0,0,0
1397,27.15861701965332,27.15861701965332,0,0,0
1398,39.87809753417969,39.87809753417969,0,0,0
1399,35.30113983154297,35.30113983154297,0,0,0
1400,60.15691375732422,60.15691375732422,0,0,0
1401,39.44253158569336,39.44253158569336,0,0,0
1402,29.22846794128418,29.22846794128418,0,0,0
1403,33.31556701660156,33.31556701660156,0,0,0
1404,48.509056091308594,48.509056091308594,0,0,0
1405,30.266727447509766,30.266727447509766,0,0,0
1406,36.80715560913086,36.80715560913086,0,0,0
1407,50.01317596435547,50.01317596435547,0,0,0
1408,27.70366859436035,27.70366859436035,0,0,0
1409,29.995742797851562,29.995742797851562,0,0,0
1410,33.519683837890625,33.519683837890625,0,0,0
1411,39.990447998046875,39.990447998046875,0,0,0
1412,43.030799865722656,43.030799865722656,0,0,0
1413,33.27590560913086,33.27590560913086,0,0,0
1414,32.91960525512695,32.91960525512695,0,0,0
1415,47.51325225830078,47.51325225830078,0,0,0
1416,33.11455535888672,33.11455535888672,0,0,0
1417,58.022911071777344,58.022911071777344,0,0,0
1418,36.75341796875,36.75341796875,0,0,0
1419,36.47304916381836,36.47304916381836,0,0,0
1420,30.436845779418945,30.436845779418945,0,0,0
1421,38.71817398071289,38.71817398071289,0,0,0
1422,31.367998123168945,31.367998123168945,0,0,0
1423,33.30397033691406,33.30397033691406,0,0,0
1424,27.87405014038086,27.87405014038086,0,0,0
1425,33.45392990112305,33.45392990112305,0,0,0
1426,32.263336181640625,32.263336181640625,0,0,0
1427,26.266984939575195,26.266984939575195,0,0,0
1428,24.209280014038086,24.209280014038086,0,0,0
1429,43.81719207763672,43.81719207763672,0,0,0
1430,33.085086822509766,33.085086822509766,0,0,0
1431,40.69089126586914,40.69089126586914,0,0,0
1432,30.744239807128906,30.744239807128906,0,0,0
1433,30.638635635375977,30.638635635375977,0,0,0
1434,36.44366455078125,36.44366455078125,0,0,0
1435,61.95515823364258,61.95515823364258,0,0,0
1436,26.28179359436035,26.28179359436035,0,0,0
1437,38.944190979003906,38.944190979003906,0,0,0
1438,30.076265335083008,30.076265335083008,0,0,0
1439,56.39754104614258,56.39754104614258,0,0,0
1440,21.623538970947266,21.623538970947266,0,0,0
1441,23.853973388671875,23.853973388671875,0,0,0
1442,27.47773551940918,27.47773551940918,0,0,0
1443,36.47130584716797,36.47130584716797,0,0,0
1444,45.72245788574219,45.72245788574219,0,0,0
1445,37.156883239746094,37.156883239746094,0,0,0
1446,32.78350830078125,32.78350830078125,0,0,0
1447,30.605623245239258,30.605623245239258,0,0,0
1448,23.206979751586914,23.206979751586914,0,0,0
1449,31.960309982299805,31.960309982299805,0,0,0
1450,34.692745208740234,34.692745208740234,0,0,0
1451,31.555112838745117,31.555112838745117,0,0,0
1452,33.92735290527344,33.92735290527344,0,0,0
1453,33.90910720825195,33.90910720825195,0,0,0
1454,29.00334358215332,29.00334358215332,0,0,0
1455,28.98773193359375,28.98773193359375,0,0,0
1456,29.775970458984375,29.775970458984375,0,0,0
1457,47.87432098388672,47.87432098388672,0,0,0
1458,23.72926902770996,23.72926902770996,0,0,0
1459,36.25675964355469,36.25675964355469,0,0,0
1460,28.1783447265625,28.1783447265625,0,0,0
1461,23.359573364257812,23.359573364257812,0,0,0
1462,41.142391204833984,41.142391204833984,0,0,0
1463,23.665159225463867,23.665159225463867,0,0,0
1464,42.34126663208008,42.34126663208008,0,0,0
1465,29.27504539489746,29.27504539489746,0,0,0
1466,36.40309143066406,36.40309143066406,0,0,0
1467,27.927913665771484,27.927913665771484,0,0,0
1468,38.35212326049805,38.35212326049805,0,0,0
1469,25.477270126342773,25.477270126342773,0,0,0
1470,41.02532196044922,41.02532196044922,0,0,0
1471,37.43504333496094,37.43504333496094,0,0,0
1472,28.866960525512695,28.866960525512695,0,0,0
1473,38.45229721069336,38.45229721069336,0,0,0
1474,31.023557662963867,31.023557662963867,0,0,0
1475,27.993927001953125,27.993927001953125,0,0,0
1476,36.29261016845703,36.29261016845703,0,0,0
1477,26.61077880859375,26.61077880859375,0,0,0
1478,34.64120101928711,34.64120101928711,0,0,0
1479,31.807960510253906,31.807960510253906,0,0,0
1480,29.81075668334961,29.81075668334961,0,0,0
1481,21.285837173461914,21.285837173461914,0,0,0
1482,35.62953567504883,35.62953567504883,0,0,0
1483,22.92029571533203,22.92029571533203,0,0,0
1484,29.334856033325195,29.334856033325195,0,0,0
1485,54.71189498901367,54.71189498901367,0,0,0
1486,38.457942962646484,38.457942962646484,0,0,0
1487,30.8309383392334,30.8309383392334,0,0,0
1488,18.590167999267578,18.590167999267578,0,0,0
1489,40.08180236816406,40.08180236816406,0,0,0
1490,37.21543502807617,37.21543502807617,0,0,0
1491,35.169742584228516,35.169742584228516,0,0,0
1492,26.055908203125,26.055908203125,0,0,0
1493,24.347824096679688,24.347824096679688,0,0,0
1494,25.880245208740234,25.880245208740234,0,0,0
1495,41.896034240722656,41.896034240722656,0,0,0
1496,35.4489860534668,35.4489860534668,0,0,0
1497,22.19936752319336,22.19936752319336,0,0,0
1498,29.821651458740234,29.821651458740234,0,0,0
1499,49.05131149291992,49.05131149291992,0,0,0
1500,35.87881088256836,35.87881088256836,0,0,0
1501,29.71649932861328,29.71649932861328,0,0,0
1502,23.94441032409668,23.94441032409668,0,0,0
1503,24.983169555664062,24.983169555664062,0,0,0
1504,24.50868034362793,24.50868034362793,0,0,0
1505,28.984464645385742,28.984464645385742,0,0,0
1506,24.37197494506836,24.37197494506836,0,0,0
1507,22.56634521484375,22.56634521484375,0,0,0
1508,27.502748489379883,27.502748489379883,0,0,0
1509,28.954484939575195,28.954484939575195,0,0,0
1510,51.2164421081543,51.2164421081543,0,0,0
1511,41.653133392333984,41.653133392333984,0,0,0
1512,20.479549407958984,20.479549407958984,0,0,0
1513,24.655168533325195,24.655168533325195,0,0,0
1514,31.37044334411621,31.37044334411621,0,0,0
1515,18.824594497680664,18.824594497680664,0,0,0
1516,30.366146087646484,30.366146087646484,0,0,0
1517,36.85641098022461,36.85641098022461,0,0,0
1518,26.901079177856445,26.901079177856445,0,0,0
1519,24.443927764892578,24.443927764892578,0,0,0
1520,26.51504898071289,26.51504898071289,0,0,0
1521,49.529388427734375,49.529388427734375,0,0,0
1522,50.6431884765625,50.6431884765625,0,0,0
1523,34.20105743408203,34.20105743408203,0,0,0
1524,25.142044067382812,25.142044067382812,0,0,0
1525,29.435190200805664,29.435190200805664,0,0,0
1526,27.621002197265625,27.621002197265625,0,0,0
1527,24.24022674560547,24.24022674560547,0,0,0
1528,35.242958068847656,35.242958068847656,0,0,0
1529,37.359771728515625,37.359771728515625,0,0,0
1530,27.59270477294922,27.59270477294922,0,0,0
1531,38.28656768798828,38.28656768798828,0,0,0
1532,25.164554595947266,25.164554595947266,0,0,0
1533,31.077220916748047,31.077220916748047,0,0,0
1534,16.05365562438965,16.05365562438965,0,0,0
1535,28.93985366821289,28.93985366821289,0,0,0
1536,26.116249084472656,26.116249084472656,0,0,0
1537,19.986806869506836,19.986806869506836,0,0,0
1538,31.11589241027832,31.11589241027832,0,0,0
1539,36.8384895324707,36.8384895324707,0,0,0
1540,24.871477127075195,24.871477127075195,0,0,0
1541,44.56696701049805,44.56696701049805,0,0,0
1542,43.858577728271484,43.858577728271484,0,0,0
1543,32.75284957885742,32.75284957885742,0,0,0
1544,22.587846755981445,22.587846755981445,0,0,0
1545,21.221851348876953,21.221851348876953,0,0,0
1546,33.215118408203125,33.215118408203125,0,0,0
1547,26.384662628173828,26.384662628173828,0,0,0
1548,21.414045333862305,21.414045333862305,0,0,0
1549,29.680418014526367,29.680418014526367,0,0,0
1550,26.99319839477539,26.99319839477539,0,0,0
1551,23.48211669921875,23.48211669921875,0,0,0
1552,20.174272537231445,20.174272537231445,0,0,0
1553,32.04646301269531,32.04646301269531,0,0,0
1554,20.705181121826172,20.705181121826172,0,0,0
1555,25.23401641845703,25.23401641845703,0,0,0
1556,25.611797332763672,25.611797332763672,0,0,0
1557,30.247325897216797,30.247325897216797,0,0,0
1558,18.06219482421875,18.06219482421875,0,0,0
1559,29.440635681152344,29.440635681152344,0,0,0
1560,37.846012115478516,37.846012115478516,0,0,0
1561,21.900115966796875,21.900115966796875,0,0,0
1562,24.102588653564453,24.102588653564453,0,0,0
1563,32.09152603149414,32.09152603149414,0,0,0
1564,24.365764617919922,24.365764617919922,0,0,0
1565,19.804391860961914,19.804391860961914,0,0,0
1566,23.647201538085938,23.647201538085938,0,0,0
1567,17.978286743164062,17.978286743164062,0,0,0
1568,29.328046798706055,29.328046798706055,0,0,0
1569,38.106685638427734,38.106685638427734,0,0,0
1570,22.91000747680664,22.91000747680664,0,0,0
1571,18.033689498901367,18.033689498901367,0,0,0
1572,22.435543060302734,22.435543060302734,0,0,0
1573,25.416746139526367,25.416746139526367,0,0,0
1574,30.9559268951416,30.9559268951416,0,0,0
1575,26.722328186035156,26.722328186035156,0,0,0
1576,25.007469177246094,25.007469177246094,0,0,0
1577,38.486846923828125,38.486846923828125,0,0,0
1578,29.326618194580078,29.326618194580078,0,0,0
1579,38.17475128173828,38.17475128173828,0,0,0
1580,25.6412296295166,25.6412296295166,0,0,0
1581,21.33112335205078,21.33112335205078,0,0,0
1582,17.548429489135742,17.548429489135742,0,0,0
1583,21.565017700195312,21.565017700195312,0,0,0
1584,19.58607292175293,19.58607292175293,0,0,0
1585,20.33969497680664,20.33969497680664,0,0,0
1586,27.848039627075195,27.848039627075195,0,0,0
1587,37.27524948120117,37.27524948120117,0,0,0
1588,24.82292938232422,24.82292938232422,0,0,0
1589,32.992252349853516,32.992252349853516,0,0,0
1590,14.998740196228027,14.998740196228027,0,0,0
1591,28.486370086669922,28.486370086669922,0,0,0
1592,25.05790138244629,25.05790138244629,0,0,0
1593,35.47261047363281,35.47261047363281,0,0,0
1594,26.88153839111328,26.88153839111328,0,0,0
1595,28.156862258911133,28.156862258911133,0,0,0
1596,20.208251953125,20.208251953125,0,0,0
1597,25.568052291870117,25.568052291870117,0,0,0
1598,22.363332748413086,22.363332748413086,0,0,0
1599,32.20507049560547,32.20507049560547,0,0,0
1600,17.907384872436523,17.907384872436523,0,0,0
1601,26.461524963378906,26.461524963378906,0,0,0
1602,29.472980499267578,29.472980499267578,0,0,0
1603,17.803037643432617,17.803037643432617,0,0,0
1604,38.596683502197266,38.596683502197266,0,0,0
1605,24.59737205505371,24.59737205505371,0,0,0
1606,29.674354553222656,29.674354553222656,0,0,0
1607,33.33382034301758,33.33382034301758,0,0,0
1608,26.915742874145508,26.915742874145508,0,0,0
1609,25.254716873168945,25.254716873168945,0,0,0
1610,19.101606369018555,19.101606369018555,0,0,0
1611,17.934354782104492,17.934354782104492,0,0,0
1612,28.647754669189453,28.647754669189453,0,0,0
1613,33.12932586669922,33.12932586669922,0,0,0
1614,24.27095603942871,24.27095603942871,0,0,0
1615,26.167865753173828,26.167865753173828,0,0,0
1616,24.061721801757812,24.061721801757812,0,0,0
1617,25.89708709716797,25.89708709716797,0,0,0
1618,31.87522315979004,31.87522315979004,0,0,0
1619,26.49491310119629,26.49491310119629,0,0,0
1620,26.04969024658203,26.04969024658203,0,0,0
1621,34.09381103515625,34.09381103515625,0,0,0
1622,23.218402862548828,23.218402862548828,0,0,0
1623,18.71063804626465,18.71063804626465,0,0,0
1624,19.839120864868164,19.839120864868164,0,0,0
1625,21.08916473388672,21.08916473388672,0,0,0
1626,20.648866653442383,20.648866653442383,0,0,0
1627,14.35973072052002,14.35973072052002,0,0,0
1628,28.07242774963379,28.07242774963379,0,0,0
1629,18.162437438964844,18.162437438964844,0,0,0
1630,28.410083770751953,28.410083770751953,0,0,0
1631,24.31770896911621,24.31770896911621,0,0,0
1632,23.992517471313477,23.992517471313477,0,0,0
1633,21.754812240600586,21.754812240600586,0,0,0
1634,30.357715606689453,30.357715606689453,0,0,0
1635,19.637819290161133,19.637819290161133,0,0,0
1636,20.06622886657715,20.06622886657715,0,0,0
1637,24.21018409729004,24.21018409729004,0,0,0
1638,19.86920738220215,19.86920738220215,0,0,0
1639,21.219219207763672,21.219219207763672,0,0,0
1640,17.23149299621582,17.23149299621582,0,0,0
1641,27.183937072753906,27.183937072753906,0,0,0
1642,20.879514694213867,20.879514694213867,0,0,0
1643,25.89732551574707,25.89732551574707,0,0,0
1644,17.904752731323242,17.904752731323242,0,0,0
1645,20.27030372619629,20.27030372619629,0,0,0
1646,35.860809326171875,35.860809326171875,0,0,0
1647,16.248592376708984,16.248592376708984,0,0,0
1648,23.8824462890625,23.8824462890625,0,0,0
1649,42.07673263549805,42.07673263549805,0,0,0
1650,15.681204795837402,15.681204795837402,0,0,0
1651,33.585548400878906,33.585548400878906,0,0,0
1652,54.25326156616211,54.25326156616211,0,0,0
1653,22.833621978759766,22.833621978759766,0,0,0
1654,18.925565719604492,18.925565719604492,0,0,0
1655,23.396841049194336,23.396841049194336,0,0,0
1656,24.762344360351562,24.762344360351562,0,0,0
1657,21.516820907592773,21.516820907592773,0,0,0
1658,14.113492012023926,14.113492012023926,0,0,0
1659,27.524978637695312,27.524978637695312,0,0,0
1660,29.484607696533203,29.484607696533203,0,0,0
1661,17.31923484802246,17.31923484802246,0,0,0
1662,24.89613151550293,24.89613151550293,0,0,0
1663,27.067209243774414,27.067209243774414,0,0,0
1664,34.40750503540039,34.40750503540039,0,0,0
1665,23.509469985961914,23.509469985961914,0,0,0
1666,19.597627639770508,19.597627639770508,0,0,0
1667,21.456653594970703,21.456653594970703,0,0,0
1668,14.431205749511719,14.431205749511719,0,0,0
1669,28.212432861328125,28.212432861328125,0,0,0
1670,19.830463409423828,19.830463409423828,0,0,0
1671,18.680383682250977,18.680383682250977,0,0,0
1672,28.00894546508789,28.00894546508789,0,0,0
1673,16.824861526489258,16.824861526489258,0,0,0
1674,17.43633270263672,17.43633270263672,0,0,0
1675,25.270967483520508,25.270967483520508,0,0,0
1676,19.388029098510742,19.388029098510742,0,0,0
1677,23.156822204589844,23.156822204589844,0,0,0
1678,15.247419357299805,15.247419357299805,0,0,0
1679,27.9415283203125,27.9415283203125,0,0,0
1680,18.560876846313477,18.560876846313477,0,0,0
1681,23.08757209777832,23.08757209777832,0,0,0
1682,17.8115234375,17.8115234375,0,0,0
1683,15.706500053405762,15.706500053405762,0,0,0
1684,13.437322616577148,13.437322616577148,0,0,0
1685,19.035417556762695,19.035417556762695,0,0,0
1686,15.687567710876465,15.687567710876465,0,0,0
1687,18.976348876953125,18.976348876953125,0,0,0
1688,24.948314666748047,24.948314666748047,0,0,0
1689,16.18358039855957,16.18358039855957,0,0,0
1690,34.0714111328125,34.0714111328125,0,0,0
1691,33.53904724121094,33.53904724121094,0,0,0
1692,15.11728572845459,15.11728572845459,0,0,0
1693,17.12555694580078,17.12555694580078,0,0,0
1694,34.432193756103516,34.432193756103516,0,0,0
1695,15.890219688415527,15.890219688415527,0,0,0
1696,19.6404972076416,19.6404972076416,0,0,0
1697,21.57624626159668,21.57624626159668,0,0,0
1698,21.402210235595703,21.402210235595703,0,0,0
1699,18.583406448364258,18.583406448364258,0,0,0
1700,19.6762752532959,19.6762752532959,0,0,0
1701,11.715775489807129,11.715775489807129,0,0,0
1702,24.820114135742188,24.820114135742188,0,0,0
1703,15.007542610168457,15.007542610168457,0,0,0
1704,16.78215217590332,16.78215217590332,0,0,0
1705,32.78477096557617,32.78477096557617,0,0,0
1706,25.914936065673828,25.914936065673828,0,0,0
1707,14.662954330444336,14.662954330444336,0,0,0
1708,21.9049129486084,21.9049129486084,0,0,0
1709,30.07317352294922,30.07317352294922,0,0,0
1710,16.926597595214844,16.926597595214844,0,0,0
1711,22.666521072387695,22.666521072387695,0,0,0
1712,16.613391876220703,16.613391876220703,0,0,0
1713,19.349567413330078,19.349567413330078,0,0,0
1714,18.142885208129883,18.142885208129883,0,0,0
1715,14.60103988647461,14.60103988647461,0,0,0
1716,32.75511932373047,32.75511932373047,0,0,0
1717,29.230104446411133,29.230104446411133,0,0,0
1718,14.990899085998535,14.990899085998535,0,0,0
1719,12.513465881347656,12.513465881347656,0,0,0
1720,20.51236343383789,20.51236343383789,0,0,0
1721,14.429376602172852,14.429376602172852,0,0,0
1722,36.47316360473633,36.47316360473633,0,0,0
1723,25.674781799316406,25.674781799316406,0,0,0
1724,17.473682403564453,17.473682403564453,0,0,0
1725,17.138532638549805,17.138532638549805,0,0,0
1726,14.853200912475586,14.853200912475586,0,0,0
1727,16.318937301635742,16.318937301635742,0,0,0
1728,31.589569091796875,31.589569091796875,0,0,0
1729,19.708419799804688,19.708419799804688,0,0,0
1730,26.31439971923828,26.31439971923828,0,0,0
1731,20.870744705200195,20.870744705200195,0,0,0
1732,11.44610595703125,11.44610595703125,0,0,0
1733,20.06290054321289,20.06290054321289,0,0,0
1734,12.258017539978027,12.258017539978027,0,0,0
1735,19.41747283935547,19.41747283935547,0,0,0
1736,17.0428466796875,17.0428466796875,0,0,0
1737,15.034550666809082,15.034550666809082,0,0,0
1738,17.923145294189453,17.923145294189453,0,0,0
1739,40.26723098754883,40.26723098754883,0,0,0
1740,26.74469757080078,26.74469757080078,0,0,0
1741,24.06450653076172,24.06450653076172,0,0,0
1742,11.863395690917969,11.863395690917969,0,0,0
1743,15.525517463684082,15.525517463684082,0,0,0
1744,11.810188293457031,11.810188293457031,0,0,0
1745,33.826507568359375,33.826507568359375,0,0,0
1746,19.330839157104492,19.330839157104492,0,0,0
1747,15.244552612304688,15.244552612304688,0,0,0
1748,18.973602294921875,18.973602294921875,0,0,0
1749,13.402073860168457,13.402073860168457,0,0,0
1750,16.61981773376465,16.61981773376465,0,0,0
1751,33.869041442871094,33.869041442871094,0,0,0
1752,17.50102424621582,17.50102424621582,0,0,0
1753,15.74678897857666,15.74678897857666,0,0,0
1754,18.096755981445312,18.096755981445312,0,0,0
1755,20.716304779052734,20.716304779052734,0,0,0
1756,19.45207405090332,19.45207405090332,0,0,0
1757,11.794124603271484,11.794124603271484,0,0,0
1758,21.81705093383789,21.81705093383789,0,0,0
1759,19.651290893554688,19.651290893554688,0,0,0
1760,20.481651306152344,20.481651306152344,0,0,0
1761,14.187748908996582,14.187748908996582,0,0,0
1762,24.0396728515625,24.0396728515625,0,0,0
1763,11.642193794250488,11.642193794250488,0,0,0
1764,17.713481903076172,17.713481903076172,0,0,0
1765,17.515151977539062,17.515151977539062,0,0,0
1766,12.416107177734375,12.416107177734375,0,0,0
1767,17.791194915771484,17.791194915771484,0,0,0
1768,23.80777359008789,23.80777359008789,0,0,0
1769,20.422739028930664,20.422739028930664,0,0,0
1770,15.974650382995605,15.974650382995605,0,0,0
1771,12.181100845336914,12.181100845336914,0,0,0
1772,13.582527160644531,13.582527160644531,0,0,0
1773,13.929951667785645,13.929951667785645,0,0,0
1774,20.768142700195312,20.768142700195312,0,0,0
1775,12.634552001953125,12.634552001953125,0,0,0
1776,19.583507537841797,19.583507537841797,0,0,0
1777,13.170206069946289,13.170206069946289,0,0,0
1778,15.480367660522461,15.480367660522461,0,0,0
1779,19.089126586914062,19.089126586914062,0,0,0
1780,17.588407516479492,17.588407516479492,0,0,0
1781,16.543771743774414,16.543771743774414,0,0,0
1782,13.813921928405762,13.813921928405762,0,0,0
1783,36.478694915771484,36.478694915771484,0,0,0
1784,16.70895004272461,16.70895004272461,0,0,0
1785,27.071292877197266,27.071292877197266,0,0,0
1786,14.3150634765625,14.3150634765625,0,0,0
1787,16.81406021118164,16.81406021118164,0,0,0
1788,10.481243133544922,10.481243133544922,0,0,0
1789,18.547414779663086,18.547414779663086,0,0,0
1790,23.962486267089844,23.962486267089844,0,0,0
1791,30.781667709350586,30.781667709350586,0,0,0
1792,14.434398651123047,14.434398651123047,0,0,0
1793,16.085018157958984,16.085018157958984,0,0,0
1794,20.77741050720215,20.77741050720215,0,0,0
1795,16.544221878051758,16.544221878051758,0,0,0
1796,18.262659072875977,18.262659072875977,0,0,0
1797,13.169876098632812,13.169876098632812,0,0,0
1798,27.871795654296875,27.871795654296875,0,0,0
1799,19.47707748413086,19.47707748413086,0,0,0
1800,27.6285343170166,27.6285343170166,0,0,0
1801,14.860298156738281,14.860298156738281,0,0,0
1802,32.69797134399414,32.69797134399414,0,0,0
1803,15.24390697479248,15.24390697479248,0,0,0
1804,20.069948196411133,20.069948196411133,0,0,0
1805,19.232593536376953,19.232593536376953,0,0,0
1806,12.695525169372559,12.695525169372559,0,0,0
1807,17.96197509765625,17.96197509765625,0,0,0
1808,15.267509460449219,15.267509460449219,0,0,0
1809,16.46232032775879,16.46232032775879,0,0,0
1810,13.10599422454834,13.10599422454834,0,0,0
1811,10.116982460021973,10.116982460021973,0,0,0
1812,14.858948707580566,14.858948707580566,0,0,0
1813,26.861473083496094,26.861473083496094,0,0,0
1814,14.464116096496582,14.464116096496582,0,0,0
1815,16.903053283691406,16.903053283691406,0,0,0
1816,20.191524505615234,20.191524505615234,0,0,0
1817,17.624271392822266,17.624271392822266,0,0,0
1818,27.046649932861328,27.046649932861328,0,0,0
1819,13.85913372039795,13.85913372039795,0,0,0
1820,23.83808708190918,23.83808708190918,0,0,0
1821,21.86602020263672,21.86602020263672,0,0,0
1822,32.59230041503906,32.59230041503906,0,0,0
1823,12.588799476623535,12.588799476623535,0,0,0
1824,18.42759895324707,18.42759895324707,0,0,0
1825,14.901551246643066,14.901551246643066,0,0,0
1826,11.495096206665039,11.495096206665039,0,0,0
1827,17.239992141723633,17.239992141723633,0,0,0
1828,15.925978660583496,15.925978660583496,0,0,0
1829,23.17604637145996,23.17604637145996,0,0,0
1830,11.956169128417969,11.956169128417969,0,0,0
1831,19.546905517578125,19.546905517578125,0,0,0
1832,14.774885177612305,14.774885177612305,0,0,0
1833,16.50271224975586,16.50271224975586,0,0,0
1834,10.948236465454102,10.948236465454102,0,0,0
1835,26.968727111816406,26.968727111816406,0,0,0
1836,15.24051570892334,15.24051570892334,0,0,0
1837,13.283103942871094,13.283103942871094,0,0,0
1838,12.069904327392578,12.069904327392578,0,0,0
1839,20.634151458740234,20.634151458740234,0,0,0
1840,17.071012496948242,17.071012496948242,0,0,0
1841,17.918291091918945,17.918291091918945,0,0,0
1842,12.79287052154541,12.79287052154541,0,0,0
1843,13.384671211242676,13.384671211242676,0,0,0
1844,19.70604705810547,19.70604705810547,0,0,0
1845,13.69887924194336,13.69887924194336,0,0,0
1846,16.491607666015625,16.491607666015625,0,0,0
1847,12.950481414794922,12.950481414794922,0,0,0
1848,14.810273170471191,14.810273170471191,0,0,0
1849,13.527859687805176,13.527859687805176,0,0,0
1850,14.402660369873047,14.402660369873047,0,0,0
1851,14.859233856201172,14.859233856201172,0,0,0
1852,22.38956642150879,22.38956642150879,0,0,0
1853,17.998647689819336,17.998647689819336,0,0,0
1854,14.846395492553711,14.846395492553711,0,0,0
1855,14.5767822265625,14.5767822265625,0,0,0
1856,15.653739929199219,15.653739929199219,0,0,0
1857,18.87778663635254,18.87778663635254,0,0,0
1858,12.3056001663208,12.3056001663208,0,0,0
1859,16.455291748046875,16.455291748046875,0,0,0
1860,18.760372161865234,18.760372161865234,0,0,0
1861,10.668352127075195,10.668352127075195,0,0,0
1862,17.532245635986328,17.532245635986328,0,0,0
1863,19.534902572631836,19.534902572631836,0,0,0
1864,14.047524452209473,14.047524452209473,0,0,0
1865,17.365936279296875,17.365936279296875,0,0,0
1866,10.900228500366211,10.900228500366211,0,0,0
1867,17.011993408203125,17.011993408203125,0,0,0
1868,15.277685165405273,15.277685165405273,0,0,0
1869,13.20763111114502,13.20763111114502,0,0,0
1870,16.55148696899414,16.55148696899414,0,0,0
1871,17.851036071777344,17.851036071777344,0,0,0
1872,18.653743743896484,18.653743743896484,0,0,0
1873,16.135149002075195,16.135149002075195,0,0,0
1874,22.019981384277344,22.019981384277344,0,0,0
1875,19.282299041748047,19.282299041748047,0,0,0
1876,11.543435096740723,11.543435096740723,0,0,0
1877,15.54426097869873,15.54426097869873,0,0,0
1878,9.90074348449707,9.90074348449707,0,0,0
1879,11.585538864135742,11.585538864135742,0,0,0
1880,19.34516143798828,19.34516143798828,0,0,0
1881,10.869471549987793,10.869471549987793,0,0,0
1882,16.42994499206543,16.42994499206543,0,0,0
1883,14.368797302246094,14.368797302246094,0,0,0
1884,16.390256881713867,16.390256881713867,0,0,0
1885,10.922764778137207,10.922764778137207,0,0,0
1886,10.1121187210083,10.1121187210083,0,0,0
1887,16.849641799926758,16.849641799926758,0,0,0
1888,11.634725570678711,11.634725570678711,0,0,0
1889,12.579056739807129,12.579056739807129,0,0,0
1890,12.991621971130371,12.991621971130371,0,0,0
1891,11.269510269165039,11.269510269165039,0,0,0
1892,11.69063949584961,11.69063949584961,0,0,0
1893,13.941938400268555,13.941938400268555,0,0,0
1894,10.692099571228027,10.692099571228027,0,0,0
1895,20.130794525146484,20.130794525146484,0,0,0
1896,14.952486038208008,14.952486038208008,0,0,0
1897,16.52699089050293,16.52699089050293,0,0,0
1898,15.334550857543945,15.334550857543945,0,0,0
1899,11.71174144744873,11.71174144744873,0,0,0
1900,11.34728717803955,11.34728717803955,0,0,0
1901,13.269082069396973,13.269082069396973,0,0,0
1902,13.16415023803711,13.16415023803711,0,0,0
1903,14.77228832244873,14.77228832244873,0,0,0
1904,19.717832565307617,19.717832565307617,0,0,0
1905,12.073424339294434,12.073424339294434,0,0,0
1906,12.043869018554688,12.043869018554688,0,0,0
1907,16.840829849243164,16.840829849243164,0,0,0
1908,12.087600708007812,12.087600708007812,0,0,0
1909,21.079204559326172,21.079204559326172,0,0,0
1910,18.921527862548828,18.921527862548828,0,0,0
1911,10.400416374206543,10.400416374206543,0,0,0
1912,11.629926681518555,11.629926681518555,0,0,0
1913,14.013368606567383,14.013368606567383,0,0,0
1914,14.801557540893555,14.801557540893555,0,0,0
1915,13.441137313842773,13.441137313842773,0,0,0
1916,12.248303413391113,12.248303413391113,0,0,0
1917,18.019821166992188,18.019821166992188,0,0,0
1918,11.044024467468262,11.044024467468262,0,0,0
1919,11.760490417480469,11.760490417480469,0,0,0
1920,13.21529769897461,13.21529769897461,0,0,0
1921,14.92843246459961,14.92843246459961,0,0,0
1922,9.599552154541016,9.599552154541016,0,0,0
1923,12.309781074523926,12.309781074523926,0,0,0
1924,18.770381927490234,18.770381927490234,0,0,0
1925,9.999534606933594,9.999534606933594,0,0,0
1926,12.359822273254395,12.359822273254395,0,0,0
1927,15.32109260559082,15.32109260559082,0,0,0
1928,13.20174503326416,13.20174503326416,0,0,0
1929,12.787813186645508,12.787813186645508,0,0,0
1930,9.302291870117188,9.302291870117188,0,0,0
1931,15.257709503173828,15.257709503173828,0,0,0
1932,13.696883201599121,13.696883201599121,0,0,0
1933,13.00401496887207,13.00401496887207,0,0,0
1934,21.217952728271484,21.217952728271484,0,0,0
1935,17.70711326599121,17.70711326599121,0,0,0
1936,14.64977741241455,14.64977741241455,0,0,0
1937,13.55705738067627,13.55705738067627,0,0,0
1938,13.841063499450684,13.841063499450684,0,0,0
1939,14.42512321472168,14.42512321472168,0,0,0
1940,15.417435646057129,15.417435646057129,0,0,0
1941,10.265480995178223,10.265480995178223,0,0,0
1942,25.290002822875977,25.290002822875977,0,0,0
1943,9.77399730682373,9.77399730682373,0,0,0
1944,20.51322364807129,20.51322364807129,0,0,0
1945,21.553119659423828,21.553119659423828,0,0,0
1946,11.345601081848145,11.345601081848145,0,0,0
1947,13.8519926071167,13.8519926071167,0,0,0
1948,10.654454231262207,10.654454231262207,0,0,0
1949,13.686095237731934,13.686095237731934,0,0,0
1950,12.076401710510254,12.076401710510254,0,0,0
1951,15.056309700012207,15.056309700012207,0,0,0
1952,15.004780769348145,15.004780769348145,0,0,0
1953,11.041935920715332,11.041935920715332,0,0,0
1954,22.674283981323242,22.674283981323242,0,0,0
1955,14.843757629394531,14.843757629394531,0,0,0
1956,17.70304298400879,17.70304298400879,0,0,0
1957,13.8982515335083,13.8982515335083,0,0,0
1958,11.559267044067383,11.559267044067383,0,0,0
1959,28.712860107421875,28.712860107421875,0,0,0
1960,14.962940216064453,14.962940216064453,0,0,0
1961,14.321663856506348,14.321663856506348,0,0,0
1962,8.831008911132812,8.831008911132812,0,0,0
1963,9.676780700683594,9.676780700683594,0,0,0
1964,11.127126693725586,11.127126693725586,0,0,0
1965,8.168371200561523,8.168371200561523,0,0,0
1966,8.699750900268555,8.699750900268555,0,0,0
1967,9.154718399047852,9.154718399047852,0,0,0
1968,11.662120819091797,11.662120819091797,0,0,0
1969,10.679777145385742,10.679777145385742,0,0,0
1970,17.182144165039062,17.182144165039062,0,0,0
1971,10.899179458618164,10.899179458618164,0,0,0
1972,14.000907897949219,14.000907897949219,0,0,0
1973,14.319807052612305,14.319807052612305,0,0,0
1974,24.521751403808594,24.521751403808594,0,0,0
1975,12.337118148803711,12.337118148803711,0,0,0
1976,8.15707015991211,8.15707015991211,0,0,0
1977,10.102960586547852,10.102960586547852,0,0,0
1978,10.540133476257324,10.540133476257324,0,0,0
1979,18.782564163208008,18.782564163208008,0,0,0
1980,12.539896011352539,12.539896011352539,0,0,0
1981,11.58210277557373,11.58210277557373,0,0,0
1982,17.418012619018555,17.418012619018555,0,0,0
1983,12.626355171203613,12.626355171203613,0,0,0
1984,9.578944206237793,9.578944206237793,0,0,0
1985,10.544428825378418,10.544428825378418,0,0,0
1986,7.694774150848389,7.694774150848389,0,0,0
1987,12.005470275878906,12.005470275878906,0,0,0
1988,10.364357948303223,10.364357948303223,0,0,0
1989,25.415929794311523,25.415929794311523,0,0,0
1990,21.591476440429688,21.591476440429688,0,0,0
1991,8.261577606201172,8.261577606201172,0,0,0
1992,14.522605895996094,14.522605895996094,0,0,0
1993,13.39447021484375,13.39447021484375,0,0,0
1994,10.606324195861816,10.606324195861816,0,0,0
1995,10.250025749206543,10.250025749206543,0,0,0
1996,9.115728378295898,9.115728378295898,0,0,0
1997,9.77815055847168,9.77815055847168,0,0,0
1998,8.5047025680542,8.5047025680542,0,0,0
1999,15.130687713623047,15.130687713623047,0,0,0
2000,10.720525741577148,10.720525741577148,0,0,0
2001,8.841052055358887,8.841052055358887,0,0,0
2002,14.282914161682129,14.282914161682129,0,0,0
2003,8.744416236877441,8.744416236877441,0,0,0
2004,15.917698860168457,15.917698860168457,0,0,0
2005,12.3785400390625,12.3785400390625,0,0,0
2006,10.039560317993164,10.039560317993164,0,0,0
2007,10.38403606414795,10.38403606414795,0,0,0
2008,12.559076309204102,12.559076309204102,0,0,0
2009,10.069624900817871,10.069624900817871,0,0,0
2010,14.850322723388672,14.850322723388672,0,0,0
2011,13.69311237335205,13.69311237335205,0,0,0
2012,20.74258804321289,20.74258804321289,0,0,0
2013,21.044208526611328,21.044208526611328,0,0,0
2014,15.422399520874023,15.422399520874023,0,0,0
2015,10.249417304992676,10.249417304992676,0,0,0
2016,12.467809677124023,12.467809677124023,0,0,0
2017,11.093352317810059,11.093352317810059,0,0,0
2018,13.621742248535156,13.621742248535156,0,0,0
2019,18.9674015045166,18.9674015045166,0,0,0
2020,15.583694458007812,15.583694458007812,0,0,0
2021,9.726839065551758,9.726839065551758,0,0,0
2022,10.112350463867188,10.112350463867188,0,0,0
2023,10.785524368286133,10.785524368286133,0,0,0
2024,10.003751754760742,10.003751754760742,0,0,0
2025,9.289321899414062,9.289321899414062,0,0,0
2026,10.249617576599121,10.249617576599121,0,0,0
2027,8.163285255432129,8.163285255432129,0,0,0
2028,10.701242446899414,10.701242446899414,0,0,0
2029,11.011916160583496,11.011916160583496,0,0,0
2030,7.301279544830322,7.301279544830322,0,0,0
2031,11.719849586486816,11.719849586486816,0,0,0
2032,18.872827529907227,18.872827529907227,0,0,0
2033,8.02119255065918,8.02119255065918,0,0,0
2034,19.050580978393555,19.050580978393555,0,0,0
2035,9.466714859008789,9.466714859008789,0,0,0
2036,7.864421367645264,7.864421367645264,0,0,0
2037,8.681884765625,8.681884765625,0,0,0
2038,9.241262435913086,9.241262435913086,0,0,0
2039,8.0238037109375,8.0238037109375,0,0,0
2040,11.672246932983398,11.672246932983398,0,0,0
2041,12.416873931884766,12.416873931884766,0,0,0
2042,8.17175006866455,8.17175006866455,0,0,0
2043,13.313366889953613,13.313366889953613,0,0,0
2044,6.670710563659668,6.670710563659668,0,0,0
2045,7.76253080368042,7.76253080368042,0,0,0
2046,12.130339622497559,12.130339622497559,0,0,0
2047,14.083725929260254,14.083725929260254,0,0,0
2048,16.382980346679688,16.382980346679688,0,0,0
2049,10.775788307189941,10.775788307189941,0,0,0
2050,7.696056842803955,7.696056842803955,0,0,0
2051,12.79275894165039,12.79275894165039,0,0,0
2052,20.265859603881836,20.265859603881836,0,0,0
2053,13.131162643432617,13.131162643432617,0,0,0
2054,18.987167358398438,18.987167358398438,0,0,0
2055,8.67259693145752,8.67259693145752,0,0,0
2056,15.5233736038208,15.5233736038208,0,0,0
2057,8.149688720703125,8.149688720703125,0,0,0
2058,7.95790433883667,7.95790433883667,0,0,0
2059,9.416990280151367,9.416990280151367,0,0,0
2060,11.07425594329834,11.07425594329834,0,0,0
2061,10.774614334106445,10.774614334106445,0,0,0
2062,13.47956371307373,13.47956371307373,0,0,0
2063,9.492334365844727,9.492334365844727,0,0,0
2064,15.215601921081543,15.215601921081543,0,0,0
2065,10.551253318786621,10.551253318786621,0,0,0
2066,13.050738334655762,13.050738334655762,0,0,0
2067,12.367565155029297,12.367565155029297,0,0,0
2068,12.557975769042969,12.557975769042969,0,0,0
2069,12.325841903686523,12.325841903686523,0,0,0
2070,9.337502479553223,9.337502479553223,0,0,0
2071,9.646971702575684,9.646971702575684,0,0,0
2072,15.526666641235352,15.526666641235352,0,0,0
2073,12.092788696289062,12.092788696289062,0,0,0
2074,11.38727855682373,11.38727855682373,0,0,0
2075,7.027507781982422,7.027507781982422,0,0,0
2076,8.158388137817383,8.158388137817383,0,0,0
2077,16.332958221435547,16.332958221435547,0,0,0
2078,15.814788818359375,15.814788818359375,0,0,0
2079,8.192082405090332,8.192082405090332,0,0,0
2080,10.324586868286133,10.324586868286133,0,0,0
2081,11.024322509765625,11.024322509765625,0,0,0
2082,6.045469760894775,6.045469760894775,0,0,0
2083,9.827589988708496,9.827589988708496,0,0,0
2084,13.21414852142334,13.21414852142334,0,0,0
2085,9.758801460266113,9.758801460266113,0,0,0
2086,10.799787521362305,10.799787521362305,0,0,0
2087,10.609783172607422,10.609783172607422,0,0,0
2088,13.203471183776855,13.203471183776855,0,0,0
2089,13.445601463317871,13.445601463317871,0,0,0
2090,8.531146049499512,8.531146049499512,0,0,0
2091,9.580206871032715,9.580206871032715,0,0,0
2092,9.267316818237305,9.267316818237305,0,0,0
2093,13.568224906921387,13.568224906921387,0,0,0
2094,10.89830207824707,10.89830207824707,0,0,0
2095,10.890867233276367,10.890867233276367,0,0,0
2096,17.95440673828125,17.95440673828125,0,0,0
2097,9.473494529724121,9.473494529724121,0,0,0
2098,6.88845682144165,6.88845682144165,0,0,0
2099,9.622257232666016,9.622257232666016,0,0,0
2100,11.441237449645996,11.441237449645996,0,0,0
2101,9.990490913391113,9.990490913391113,0,0,0
2102,9.921483039855957,9.921483039855957,0,0,0
2103,17.117639541625977,17.117639541625977,0,0,0
2104,7.880270004272461,7.880270004272461,0,0,0
2105,13.1553955078125,13.1553955078125,0,0,0
2106,12.014497756958008,12.014497756958008,0,0,0
2107,22.019792556762695,22.019792556762695,0,0,0
2108,9.922958374023438,9.922958374023438,0,0,0
2109,7.979074954986572,7.979074954986572,0,0,0
2110,13.997933387756348,13.997933387756348,0,0,0
2111,13.606546401977539,13.606546401977539,0,0,0
2112,6.924919605255127,6.924919605255127,0,0,0
2113,14.253686904907227,14.253686904907227,0,0,0
2114,9.528234481811523,9.528234481811523,0,0,0
2115,8.566892623901367,8.566892623901367,0,0,0
2116,15.369089126586914,15.369089126586914,0,0,0
2117,12.81644058227539,12.81644058227539,0,0,0
2118,10.337292671203613,10.337292671203613,0,0,0
2119,14.598705291748047,14.598705291748047,0,0,0
2120,11.650533676147461,11.650533676147461,0,0,0
2121,10.841822624206543,10.841822624206543,0,0,0
2122,16.23090362548828,16.23090362548828,0,0,0
2123,8.665928840637207,8.665928840637207,0,0,0
2124,8.853961944580078,8.853961944580078,0,0,0
2125,8.77166748046875,8.77166748046875,0,0,0
2126,5.732125282287598,5.732125282287598,0,0,0
2127,15.495185852050781,15.495185852050781,0,0,0
2128,6.83681583404541,6.83681583404541,0,0,0
2129,8.703887939453125,8.703887939453125,0,0,0
2130,7.398377895355225,7.398377895355225,0,0,0
2131,7.589487075805664,7.589487075805664,0,0,0
2132,6.285148620605469,6.285148620605469,0,0,0
2133,7.7864508628845215,7.7864508628845215,0,0,0
2134,7.000865459442139,7.000865459442139,0,0,0
2135,34.41440200805664,34.41440200805664,0,0,0
2136,7.950096130371094,7.950096130371094,0,0,0
2137,14.493456840515137,14.493456840515137,0,0,0
2138,9.920097351074219,9.920097351074219,0,0,0
2139,9.167667388916016,9.167667388916016,0,0,0
2140,12.685985565185547,12.685985565185547,0,0,0
2141,6.821606159210205,6.821606159210205,0,0,0
2142,12.744121551513672,12.744121551513672,0,0,0
2143,9.609399795532227,9.609399795532227,0,0,0
2144,7.019046783447266,7.019046783447266,0,0,0
2145,5.981555461883545,5.981555461883545,0,0,0
2146,7.892467498779297,7.892467498779297,0,0,0
2147,6.252463340759277,6.252463340759277,0,0,0
2148,11.470221519470215,11.470221519470215,0,0,0
2149,11.509050369262695,11.509050369262695,0,0,0
2150,9.358323097229004,9.358323097229004,0,0,0
2151,13.040689468383789,13.040689468383789,0,0,0
2152,21.646656036376953,21.646656036376953,0,0,0
2153,11.312232971191406,11.312232971191406,0,0,0
2154,10.7869873046875,10.7869873046875,0,0,0
2155,9.307867050170898,9.307867050170898,0,0,0
2156,8.308229446411133,8.308229446411133,0,0,0
2157,11.311492919921875,11.311492919921875,0,0,0
2158,11.790420532226562,11.790420532226562,0,0,0
2159,13.257349014282227,13.257349014282227,0,0,0
2160,8.33183765411377,8.33183765411377,0,0,0
2161,6.950687885284424,6.950687885284424,0,0,0
2162,5.60085916519165,5.60085916519165,0,0,0
2163,6.999255180358887,6.999255180358887,0,0,0
2164,13.626766204833984,13.626766204833984,0,0,0
2165,16.747085571289062,16.747085571289062,0,0,0
2166,8.036473274230957,8.036473274230957,0,0,0
2167,8.118074417114258,8.118074417114258,0,0,0
2168,10.75528335571289,10.75528335571289,0,0,0
2169,9.38675308227539,9.38675308227539,0,0,0
2170,9.604763984680176,9.604763984680176,0,0,0
2171,11.162407875061035,11.162407875061035,0,0,0
2172,7.3452606201171875,7.3452606201171875,0,0,0
2173,9.079216003417969,9.079216003417969,0,0,0
2174,11.20058822631836,11.20058822631836,0,0,0
2175,16.310283660888672,16.310283660888672,0,0,0
2176,8.603328704833984,8.603328704833984,0,0,0
2177,6.766269683837891,6.766269683837891,0,0,0
2178,16.401575088500977,16.401575088500977,0,0,0
2179,9.976405143737793,9.976405143737793,0,0,0
2180,8.488698959350586,8.488698959350586,0,0,0
2181,11.06827163696289,11.06827163696289,0,0,0
2182,9.252826690673828,9.252826690673828,0,0,0
2183,10.6886625289917,10.6886625289917,0,0,0
2184,8.392642974853516,8.392642974853516,0,0,0
2185,13.77700424194336,13.77700424194336,0,0,0
2186,11.047699928283691,11.047699928283691,0,0,0
2187,5.056394577026367,5.056394577026367,0,0,0
2188,11.120976448059082,11.120976448059082,0,0,0
2189,8.661754608154297,8.661754608154297,0,0,0
2190,8.13003921508789,8.13003921508789,0,0,0
2191,7.4679646492004395,7.4679646492004395,0,0,0
2192,10.348777770996094,10.348777770996094,0,0,0
2193,9.99072551727295,9.99072551727295,0,0,0
2194,11.093600273132324,11.093600273132324,0,0,0
2195,9.480127334594727,9.480127334594727,0,0,0
2196,11.627615928649902,11.627615928649902,0,0,0
2197,11.02415657043457,11.02415657043457,0,0,0
2198,5.730263710021973,5.730263710021973,0,0,0
2199,9.379798889160156,9.379798889160156,0,0,0
2200,6.420437812805176,6.420437812805176,0,0,0
2201,10.775681495666504,10.775681495666504,0,0,0
2202,11.504340171813965,11.504340171813965,0,0,0
2203,12.92127799987793,12.92127799987793,0,0,0
2204,9.067880630493164,9.067880630493164,0,0,0
2205,10.535311698913574,10.535311698913574,0,0,0
2206,7.126526355743408,7.126526355743408,0,0,0
2207,8.345222473144531,8.345222473144531,0,0,0
2208,10.135692596435547,10.135692596435547,0,0,0
2209,8.269373893737793,8.269373893737793,0,0,0
2210,11.697032928466797,11.697032928466797,0,0,0
2211,7.279801368713379,7.279801368713379,0,0,0
2212,7.395657062530518,7.395657062530518,0,0,0
2213,6.419018745422363,6.419018745422363,0,0,0
2214,9.081618309020996,9.081618309020996,0,0,0
2215,8.631717681884766,8.631717681884766,0,0,0
2216,10.463691711425781,10.463691711425781,0,0,0
2217,8.315062522888184,8.315062522888184,0,0,0
2218,12.165184020996094,12.165184020996094,0,0,0
2219,6.217955112457275,6.217955112457275,0,0,0
2220,5.211311340332031,5.211311340332031,0,0,0
2221,12.273128509521484,12.273128509521484,0,0,0
2222,10.577351570129395,10.577351570129395,0,0,0
2223,8.099595069885254,8.099595069885254,0,0,0
2224,6.365135192871094,6.365135192871094,0,0,0
2225,9.886882781982422,9.886882781982422,0,0,0
2226,8.10014820098877,8.10014820098877,0,0,0
2227,5.808295249938965,5.808295249938965,0,0,0
2228,12.324820518493652,12.324820518493652,0,0,0
2229,8.03785228729248,8.03785228729248,0,0,0
2230,7.742867946624756,7.742867946624756,0,0,0
2231,10.77585506439209,10.77585506439209,0,0,0
2232,5.612969398498535,5.612969398498535,0,0,0
2233,19.82290267944336,19.82290267944336,0,0,0
2234,6.836127281188965,6.836127281188965,0,0,0
2235,10.165231704711914,10.165231704711914,0,0,0
2236,6.099079132080078,6.099079132080078,0,0,0
2237,6.665138244628906,6.665138244628906,0,0,0
2238,10.30703067779541,10.30703067779541,0,0,0
2239,15.768823623657227,15.768823623657227,0,0,0
2240,10.530930519104004,10.530930519104004,0,0,0
2241,10.523731231689453,10.523731231689453,0,0,0
2242,6.804049015045166,6.804049015045166,0,0,0
2243,5.773555755615234,5.773555755615234,0,0,0
2244,9.680167198181152,9.680167198181152,0,0,0
2245,5.391238689422607,5.391238689422607,0,0,0
2246,7.235157489776611,7.235157489776611,0,0,0
2247,9.840428352355957,9.840428352355957,0,0,0
2248,11.457634925842285,11.457634925842285,0,0,0
2249,4.93010950088501,4.93010950088501,0,0,0
2250,7.598028659820557,7.598028659820557,0,0,0
2251,9.338102340698242,9.338102340698242,0,0,0
2252,10.967829704284668,10.967829704284668,0,0,0
2253,14.808266639709473,14.808266639709473,0,0,0
2254,7.5689616203308105,7.5689616203308105,0,0,0
2255,8.440217018127441,8.440217018127441,0,0,0
2256,6.168861389160156,6.168861389160156,0,0,0
2257,5.489485740661621,5.489485740661621,0,0,0
2258,12.858247756958008,12.858247756958008,0,0,0
2259,9.646675109863281,9.646675109863281,0,0,0
2260,9.476761817932129,9.476761817932129,0,0,0
2261,7.884120464324951,7.884120464324951,0,0,0
2262,8.872179985046387,8.872179985046387,0,0,0
2263,12.461394309997559,12.461394309997559,0,0,0
2264,9.47213363647461,9.47213363647461,0,0,0
2265,5.766837120056152,5.766837120056152,0,0,0
2266,6.885280609130859,6.885280609130859,0,0,0
2267,5.668329238891602,5.668329238891602,0,0,0
2268,6.976123332977295,6.976123332977295,0,0,0
2269,7.195133686065674,7.195133686065674,0,0,0
2270,9.223589897155762,9.223589897155762,0,0,0
2271,14.660911560058594,14.660911560058594,0,0,0
2272,5.723309516906738,5.723309516906738,0,0,0
2273,14.621285438537598,14.621285438537598,0,0,0
2274,7.054973602294922,7.054973602294922,0,0,0
2275,4.792807102203369,4.792807102203369,0,0,0
2276,5.528590202331543,5.528590202331543,0,0,0
2277,6.493452072143555,6.493452072143555,0,0,0
2278,7.773536205291748,7.773536205291748,0,0,0
2279,8.026890754699707,8.026890754699707,0,0,0
2280,8.599376678466797,8.599376678466797,0,0,0
2281,9.240941047668457,9.240941047668457,0,0,0
2282,8.040518760681152,8.040518760681152,0,0,0
2283,7.947956085205078,7.947956085205078,0,0,0
2284,6.4607977867126465,6.4607977867126465,0,0,0
2285,9.398045539855957,9.398045539855957,0,0,0
2286,17.25298500061035,17.25298500061035,0,0,0
2287,6.992343425750732,6.992343425750732,0,0,0
2288,10.048739433288574,10.048739433288574,0,0,0
2289,9.179903984069824,9.179903984069824,0,0,0
2290,5.043916702270508,5.043916702270508,0,0,0
2291,12.023843765258789,12.023843765258789,0,0,0
2292,6.582200527191162,6.582200527191162,0,0,0
2293,10.783011436462402,10.783011436462402,0,0,0
2294,8.802811622619629,8.802811622619629,0,0,0
2295,6.982522487640381,6.982522487640381,0,0,0
2296,9.045441627502441,9.045441627502441,0,0,0
2297,6.2974853515625,6.2974853515625,0,0,0
2298,11.813321113586426,11.813321113586426,0,0,0
2299,6.091831207275391,6.091831207275391,0,0,0
2300,4.744831085205078,4.744831085205078,0,0,0
2301,7.295049667358398,7.295049667358398,0,0,0
2302,13.267678260803223,13.267678260803223,0,0,0
2303,9.741329193115234,9.741329193115234,0,0,0
2304,7.0483527183532715,7.0483527183532715,0,0,0
2305,6.704650402069092,6.704650402069092,0,0,0
2306,8.395684242248535,8.395684242248535,0,0,0
2307,11.009410858154297,11.009410858154297,0,0,0
2308,9.490962028503418,9.490962028503418,0,0,0
2309,9.033956527709961,9.033956527709961,0,0,0
2310,7.008052349090576,7.008052349090576,0,0,0
2311,10.407085418701172,10.407085418701172,0,0,0
2312,4.669105052947998,4.669105052947998,0,0,0
2313,5.8763747215271,5.8763747215271,0,0,0
2314,9.397039413452148,9.397039413452148,0,0,0
2315,5.9879984855651855,5.9879984855651855,0,0,0
2316,9.855974197387695,9.855974197387695,0,0,0
2317,9.774048805236816,9.774048805236816,0,0,0
2318,7.230196475982666,7.230196475982666,0,0,0
2319,10.76693058013916,10.76693058013916,0,0,0
2320,6.460061073303223,6.460061073303223,0,0,0
2321,7.7958784103393555,7.7958784103393555,0,0,0
2322,7.100527286529541,7.100527286529541,0,0,0
2323,5.728872776031494,5.728872776031494,0,0,0
2324,8.560894012451172,8.560894012451172,0,0,0
2325,9.590940475463867,9.590940475463867,0,0,0
2326,6.1088547706604,6.1088547706604,0,0,0
2327,7.068935394287109,7.068935394287109,0,0,0
2328,21.080568313598633,21.080568313598633,0,0,0
2329,6.8360981941223145,6.8360981941223145,0,0,0
2330,6.503856658935547,6.503856658935547,0,0,0
2331,10.068443298339844,10.068443298339844,0,0,0
2332,5.802235126495361,5.802235126495361,0,0,0
2333,5.060077667236328,5.060077667236328,0,0,0
2334,5.512810230255127,5.512810230255127,0,0,0
2335,11.25831413269043,11.25831413269043,0,0,0
2336,6.353982448577881,6.353982448577881,0,0,0
2337,5.636124134063721,5.636124134063721,0,0,0
2338,10.842645645141602,10.842645645141602,0,0,0
2339,5.479884624481201,5.479884624481201,0,0,0
2340,7.086306571960449,7.086306571960449,0,0,0
2341,11.382795333862305,11.382795333862305,0,0,0
2342,11.471152305603027,11.471152305603027,0,0,0
2343,9.704218864440918,9.704218864440918,0,0,0
2344,5.985973358154297,5.985973358154297,0,0,0
2345,6.32485818862915,6.32485818862915,0,0,0
2346,7.486753463745117,7.486753463745117,0,0,0
2347,4.628763675689697,4.628763675689697,0,0,0
2348,5.828280925750732,5.828280925750732,0,0,0
2349,9.356402397155762,9.356402397155762,0,0,0
2350,7.837613105773926,7.837613105773926,0,0,0
2351,6.077646732330322,6.077646732330322,0,0,0
2352,6.289846420288086,6.289846420288086,0,0,0
2353,6.252958297729492,6.252958297729492,0,0,0
2354,7.993180751800537,7.993180751800537,0,0,0
2355,9.26143741607666,9.26143741607666,0,0,0
2356,8.805038452148438,8.805038452148438,0,0,0
2357,6.9251298904418945,6.9251298904418945,0,0,0
2358,10.497920036315918,10.497920036315918,0,0,0
2359,7.344618320465088,7.344618320465088,0,0,0
2360,5.743719100952148,5.743719100952148,0,0,0
2361,8.218592643737793,8.218592643737793,0,0,0
2362,4.677883148193359,4.677883148193359,0,0,0
2363,4.567625045776367,4.567625045776367,0,0,0
2364,6.382171154022217,6.382171154022217,0,0,0
2365,5.846436977386475,5.846436977386475,0,0,0
2366,6.614299297332764,6.614299297332764,0,0,0
2367,8.160428047180176,8.160428047180176,0,0,0
2368,8.686326026916504,8.686326026916504,0,0,0
2369,9.974625587463379,9.974625587463379,0,0,0
2370,10.826515197753906,10.826515197753906,0,0,0
2371,5.719743251800537,5.719743251800537,0,0,0
2372,5.145171642303467,5.145171642303467,0,0,0
2373,4.2083587646484375,4.2083587646484375,0,0,0
2374,8.149532318115234,8.149532318115234,0,0,0
2375,7.049950122833252,7.049950122833252,0,0,0
2376,8.828180313110352,8.828180313110352,0,0,0
2377,6.621357440948486,6.621357440948486,0,0,0
2378,10.951655387878418,10.951655387878418,0,0,0
2379,7.016702651977539,7.016702651977539,0,0,0
2380,8.641637802124023,8.641637802124023,0,0,0
2381,7.770938873291016,7.770938873291016,0,0,0
2382,6.435676097869873,6.435676097869873,0,0,0
2383,4.671358585357666,4.671358585357666,0,0,0
2384,10.21165943145752,10.21165943145752,0,0,0
2385,7.347389221191406,7.347389221191406,0,0,0
2386,7.637855529785156,7.637855529785156,0,0,0
2387,8.393494606018066,8.393494606018066,0,0,0
2388,10.255095481872559,10.255095481872559,0,0,0
2389,5.510571002960205,5.510571002960205,0,0,0
2390,7.099048137664795,7.099048137664795,0,0,0
2391,3.9912354946136475,3.9912354946136475,0,0,0
2392,11.69530200958252,11.69530200958252,0,0,0
2393,10.141992568969727,10.141992568969727,0,0,0
2394,7.371763706207275,7.371763706207275,0,0,0
2395,9.257593154907227,9.257593154907227,0,0,0
2396,5.9945478439331055,5.9945478439331055,0,0,0
2397,6.743330001831055,6.743330001831055,0,0,0
2398,6.543537139892578,6.543537139892578,0,0,0
2399,10.009344100952148,10.009344100952148,0,0,0
2400,6.339047908782959,6.339047908782959,0,0,0
2401,4.928304672241211,4.928304672241211,0,0,0
2402,6.785091400146484,6.785091400146484,0,0,0
2403,5.654969692230225,5.654969692230225,0,0,0
2404,8.26225471496582,8.26225471496582,0,0,0
2405,6.192052841186523,6.192052841186523,0,0,0
2406,7.711935520172119,7.711935520172119,0,0,0
2407,8.625274658203125,8.625274658203125,0,0,0
2408,6.308423042297363,6.308423042297363,0,0,0
2409,8.816400527954102,8.816400527954102,0,0,0
2410,5.262002468109131,5.262002468109131,0,0,0
2411,5.2409257888793945,5.2409257888793945,0,0,0
2412,5.993978023529053,5.993978023529053,0,0,0
2413,7.586828231811523,7.586828231811523,0,0,0
2414,6.178619861602783,6.178619861602783,0,0,0
2415,5.29066801071167,5.29066801071167,0,0,0
2416,8.272615432739258,8.272615432739258,0,0,0
2417,4.8425164222717285,4.8425164222717285,0,0,0
2418,15.418681144714355,15.418681144714355,0,0,0
2419,7.216564178466797,7.216564178466797,0,0,0
2420,8.61212158203125,8.61212158203125,0,0,0
2421,9.084123611450195,9.084123611450195,0,0,0
2422,5.359452247619629,5.359452247619629,0,0,0
2423,5.562726020812988,5.562726020812988,0,0,0
2424,4.470183849334717,4.470183849334717,0,0,0
2425,7.179398536682129,7.179398536682129,0,0,0
2426,8.083466529846191,8.083466529846191,0,0,0
2427,5.234917163848877,5.234917163848877,0,0,0
2428,4.999288558959961,4.999288558959961,0,0,0
2429,5.915647983551025,5.915647983551025,0,0,0
2430,5.5173773765563965,5.5173773765563965,0,0,0
2431,8.41187572479248,8.41187572479248,0,0,0
2432,4.815383434295654,4.815383434295654,0,0,0
2433,4.854292869567871,4.854292869567871,0,0,0
2434,5.9847259521484375,5.9847259521484375,0,0,0
2435,7.592433452606201,7.592433452606201,0,0,0
2436,4.955946445465088,4.955946445465088,0,0,0
2437,8.1749906539917,8.1749906539917,0,0,0
2438,7.0621185302734375,7.0621185302734375,0,0,0
2439,9.192498207092285,9.192498207092285,0,0,0
2440,10.936541557312012,10.936541557312012,0,0,0
2441,6.4413628578186035,6.4413628578186035,0,0,0
2442,13.034074783325195,13.034074783325195,0,0,0
2443,6.5192694664001465,6.5192694664001465,0,0,0
2444,4.238636493682861,4.238636493682861,0,0,0
2445,10.217371940612793,10.217371940612793,0,0,0
2446,10.125556945800781,10.125556945800781,0,0,0
2447,4.550189018249512,4.550189018249512,0,0,0
2448,9.815155029296875,9.815155029296875,0,0,0
2449,5.215740203857422,5.215740203857422,0,0,0
2450,8.642433166503906,8.642433166503906,0,0,0
2451,7.431804656982422,7.431804656982422,0,0,0
2452,5.975986003875732,5.975986003875732,0,0,0
2453,5.56689977645874,5.56689977645874,0,0,0
2454,10.78065299987793,10.78065299987793,0,0,0
2455,7.718652248382568,7.718652248382568,0,0,0
2456,4.74458122253418,4.74458122253418,0,0,0
2457,5.798226356506348,5.798226356506348,0,0,0
2458,5.775963306427002,5.775963306427002,0,0,0
2459,8.7803955078125,8.7803955078125,0,0,0
2460,6.121569633483887,6.121569633483887,0,0,0
2461,4.718982219696045,4.718982219696045,0,0,0
2462,6.425443172454834,6.425443172454834,0,0,0
2463,7.380709171295166,7.380709171295166,0,0,0
2464,5.751165390014648,5.751165390014648,0,0,0
2465,4.314220428466797,4.314220428466797,0,0,0
2466,6.627908706665039,6.627908706665039,0,0,0
2467,11.162261009216309,11.162261009216309,0,0,0
2468,4.390469074249268,4.390469074249268,0,0,0
2469,4.495491981506348,4.495491981506348,0,0,0
2470,8.881896018981934,8.881896018981934,0,0,0
2471,7.482110977172852,7.482110977172852,0,0,0
2472,5.127115249633789,5.127115249633789,0,0,0
2473,5.7534942626953125,5.7534942626953125,0,0,0
2474,7.065329074859619,7.065329074859619,0,0,0
2475,6.3440260887146,6.3440260887146,0,0,0
2476,6.664687633514404,6.664687633514404,0,0,0
2477,12.233990669250488,12.233990669250488,0,0,0
2478,9.873377799987793,9.873377799987793,0,0,0
2479,13.295490264892578,13.295490264892578,0,0,0
2480,10.686200141906738,10.686200141906738,0,0,0
2481,5.055725574493408,5.055725574493408,0,0,0
2482,8.363714218139648,8.363714218139648,0,0,0
2483,5.444489479064941,5.444489479064941,0,0,0
2484,9.287769317626953,9.287769317626953,0,0,0
2485,4.667865753173828,4.667865753173828,0,0,0
2486,3.5162012577056885,3.5162012577056885,0,0,0
2487,4.7541823387146,4.7541823387146,0,0,0
2488,5.842817783355713,5.842817783355713,0,0,0
2489,9.121809959411621,9.121809959411621,0,0,0
2490,8.447772026062012,8.447772026062012,0,0,0
2491,4.600883960723877,4.600883960723877,0,0,0
2492,5.827962398529053,5.827962398529053,0,0,0
2493,4.1752400398254395,4.1752400398254395,0,0,0
2494,4.107650279998779,4.107650279998779,0,0,0
2495,5.050668239593506,5.050668239593506,0,0,0
2496,7.4523606300354,7.4523606300354,0,0,0
2497,7.647524356842041,7.647524356842041,0,0,0
2498,6.842936992645264,6.842936992645264,0,0,0
2499,7.7550177574157715,7.7550177574157715,0,0,0
2500,6.135723114013672,6.135723114013672,0,0,0
2501,7.050665855407715,7.050665855407715,0,0,0
2502,7.0503435134887695,7.0503435134887695,0,0,0
2503,6.151853561401367,6.151853561401367,0,0,0
2504,5.983665943145752,5.983665943145752,0,0,0
2505,6.819715976715088,6.819715976715088,0,0,0
2506,4.2313432693481445,4.2313432693481445,0,0,0
2507,5.563351154327393,5.563351154327393,0,0,0
2508,6.069772720336914,6.069772720336914,0,0,0
2509,4.4283223152160645,4.4283223152160645,0,0,0
2510,6.275854587554932,6.275854587554932,0,0,0
2511,7.118712902069092,7.118712902069092,0,0,0
2512,6.444097995758057,6.444097995758057,0,0,0
2513,7.755759239196777,7.755759239196777,0,0,0
2514,4.859025955200195,4.859025955200195,0,0,0
2515,6.331441402435303,6.331441402435303,0,0,0
2516,6.73656702041626,6.73656702041626,0,0,0
2517,5.267466068267822,5.267466068267822,0,0,0
2518,4.598947048187256,4.598947048187256,0,0,0
2519,5.098064422607422,5.098064422607422,0,0,0
2520,6.481632709503174,6.481632709503174,0,0,0
2521,3.5416300296783447,3.5416300296783447,0,0,0
2522,4.722094535827637,4.722094535827637,0,0,0
2523,6.502358913421631,6.502358913421631,0,0,0
2524,3.5844571590423584,3.5844571590423584,0,0,0
2525,5.439908981323242,5.439908981323242,0,0,0
2526,4.328186511993408,4.328186511993408,0,0,0
2527,9.596923828125,9.596923828125,0,0,0
2528,7.18385124206543,7.18385124206543,0,0,0
2529,6.382037162780762,6.382037162780762,0,0,0
2530,8.722137451171875,8.722137451171875,0,0,0
2531,5.002896785736084,5.002896785736084,0,0,0
2532,5.216495990753174,5.216495990753174,0,0,0
2533,5.078179359436035,5.078179359436035,0,0,0
2534,5.389548301696777,5.389548301696777,0,0,0
2535,6.629863262176514,6.629863262176514,0,0,0
2536,9.296296119689941,9.296296119689941,0,0,0
2537,4.560208797454834,4.560208797454834,0,0,0
2538,3.329481840133667,3.329481840133667,0,0,0
2539,4.415072441101074,4.415072441101074,0,0,0
2540,5.6667680740356445,5.6667680740356445,0,0,0
2541,4.287046909332275,4.287046909332275,0,0,0
2542,6.838109016418457,6.838109016418457,0,0,0
2543,5.625316619873047,5.625316619873047,0,0,0
2544,6.644221305847168,6.644221305847168,0,0,0
2545,6.137814521789551,6.137814521789551,0,0,0
2546,6.05900239944458,6.05900239944458,0,0,0
2547,3.543842077255249,3.543842077255249,0,0,0
2548,5.283796310424805,5.283796310424805,0,0,0
2549,4.82565450668335,4.82565450668335,0,0,0
2550,9.013646125793457,9.013646125793457,0,0,0
2551,8.911593437194824,8.911593437194824,0,0,0
2552,6.640172481536865,6.640172481536865,0,0,0
2553,3.305912494659424,3.305912494659424,0,0,0
2554,4.012931823730469,4.012931823730469,0,0,0
2555,5.013814926147461,5.013814926147461,0,0,0
2556,5.50792932510376,5.50792932510376,0,0,0
2557,4.886650562286377,4.886650562286377,0,0,0
2558,4.052367687225342,4.052367687225342,0,0,0
2559,10.3113374710083,10.3113374710083,0,0,0
2560,3.891181707382202,3.891181707382202,0,0,0
2561,6.2634992599487305,6.2634992599487305,0,0,0
2562,3.0842957496643066,3.0842957496643066,0,0,0
2563,5.216655254364014,5.216655254364014,0,0,0
2564,5.795443534851074,5.795443534851074,0,0,0
2565,4.930799961090088,4.930799961090088,0,0,0
2566,4.203499794006348,4.203499794006348,0,0,0
2567,4.824618816375732,4.824618816375732,0,0,0
2568,6.235833168029785,6.235833168029785,0,0,0
2569,4.548761367797852,4.548761367797852,0,0,0
2570,8.396819114685059,8.396819114685059,0,0,0
2571,5.731417179107666,5.731417179107666,0,0,0
2572,6.0520124435424805,6.0520124435424805,0,0,0
2573,5.810757637023926,5.810757637023926,0,0,0
2574,5.656700134277344,5.656700134277344,0,0,0
2575,9.788459777832031,9.788459777832031,0,0,0
2576,3.2145705223083496,3.2145705223083496,0,0,0
2577,3.145923137664795,3.145923137664795,0,0,0
2578,4.687470436096191,4.687470436096191,0,0,0
2579,3.962886095046997,3.962886095046997,0,0,0
2580,6.289933204650879,6.289933204650879,0,0,0
2581,12.873876571655273,12.873876571655273,0,0,0
2582,4.746005535125732,4.746005535125732,0,0,0
2583,6.1954545974731445,6.1954545974731445,0,0,0
2584,5.505703449249268,5.505703449249268,0,0,0
2585,7.435629367828369,7.435629367828369,0,0,0
2586,6.420060157775879,6.420060157775879,0,0,0
2587,5.040205955505371,5.040205955505371,0,0,0
2588,4.3921027183532715,4.3921027183532715,0,0,0
2589,9.096110343933105,9.096110343933105,0,0,0
2590,7.771175384521484,7.771175384521484,0,0,0
2591,4.95544958114624,4.95544958114624,0,0,0
2592,5.652741432189941,5.652741432189941,0,0,0
2593,4.799596786499023,4.799596786499023,0,0,0
2594,3.390911102294922,3.390911102294922,0,0,0
2595,5.5014872550964355,5.5014872550964355,0,0,0
2596,6.658714771270752,6.658714771270752,0,0,0
2597,10.42551040649414,10.42551040649414,0,0,0
2598,4.645002841949463,4.645002841949463,0,0,0
2599,5.6385064125061035,5.6385064125061035,0,0,0
2600,5.574556827545166,5.574556827545166,0,0,0
2601,4.833930969238281,4.833930969238281,0,0,0
2602,5.294626712799072,5.294626712799072,0,0,0
2603,4.0002241134643555,4.0002241134643555,0,0,0
2604,7.1586384773254395,7.1586384773254395,0,0,0
2605,6.514168739318848,6.514168739318848,0,0,0
2606,5.910600662231445,5.910600662231445,0,0,0
2607,5.368684768676758,5.368684768676758,0,0,0
2608,4.432857036590576,4.432857036590576,0,0,0
2609,2.775836944580078,2.775836944580078,0,0,0
2610,3.690694570541382,3.690694570541382,0,0,0
2611,4.931950569152832,4.931950569152832,0,0,0
2612,14.105338096618652,14.105338096618652,0,0,0
2613,5.4988226890563965,5.4988226890563965,0,0,0
2614,7.797937870025635,7.797937870025635,0,0,0
2615,4.360144138336182,4.360144138336182,0,0,0
2616,5.7997589111328125,5.7997589111328125,0,0,0
2617,5.405972003936768,5.405972003936768,0,0,0
2618,3.420768976211548,3.420768976211548,0,0,0
2619,4.589661598205566,4.589661598205566,0,0,0
2620,3.8929662704467773,3.8929662704467773,0,0,0
2621,3.061781167984009,3.061781167984009,0,0,0
2622,5.25763463973999,5.25763463973999,0,0,0
2623,6.553672790527344,6.553672790527344,0,0,0
2624,3.3962862491607666,3.3962862491607666,0,0,0
2625,2.6617114543914795,2.6617114543914795,0,0,0
2626,5.08364725112915,5.08364725112915,0,0,0
2627,4.896501541137695,4.896501541137695,0,0,0
2628,5.097467422485352,5.097467422485352,0,0,0
2629,4.539987564086914,4.539987564086914,0,0,0
2630,4.445379734039307,4.445379734039307,0,0,0
2631,5.345213890075684,5.345213890075684,0,0,0
2632,6.483879566192627,6.483879566192627,0,0,0
2633,6.16099214553833,6.16099214553833,0,0,0
2634,3.8956942558288574,3.8956942558288574,0,0,0
2635,5.067296028137207,5.067296028137207,0,0,0
2636,4.552967071533203,4.552967071533203,0,0,0
2637,6.648496627807617,6.648496627807617,0,0,0
2638,4.762638092041016,4.762638092041016,0,0,0
2639,3.677140951156616,3.677140951156616,0,0,0
2640,7.7777605056762695,7.7777605056762695,0,0,0
2641,3.499377727508545,3.499377727508545,0,0,0
2642,4.101721286773682,4.101721286773682,0,0,0
2643,3.4939069747924805,3.4939069747924805,0,0,0
2644,5.117189407348633,5.117189407348633,0,0,0
2645,3.086286783218384,3.086286783218384,0,0,0
2646,4.117436408996582,4.117436408996582,0,0,0
2647,3.4375932216644287,3.4375932216644287,0,0,0
2648,4.434658050537109,4.434658050537109,0,0,0
2649,5.669243812561035,5.669243812561035,0,0,0
2650,3.5752334594726562,3.5752334594726562,0,0,0
2651,6.722753047943115,6.722753047943115,0,0,0
2652,5.262308120727539,5.262308120727539,0,0,0
2653,6.38118839263916,6.38118839263916,0,0,0
2654,4.067638397216797,4.067638397216797,0,0,0
2655,6.301270961761475,6.301270961761475,0,0,0
2656,4.443559169769287,4.443559169769287,0,0,0
2657,5.436861038208008,5.436861038208008,0,0,0
2658,8.58820915222168,8.58820915222168,0,0,0
2659,7.6549201011657715,7.6549201011657715,0,0,0
2660,7.982608795166016,7.982608795166016,0,0,0
2661,5.094839096069336,5.094839096069336,0,0,0
2662,5.305724143981934,5.305724143981934,0,0,0
2663,5.0247931480407715,5.0247931480407715,0,0,0
2664,3.2092056274414062,3.2092056274414062,0,0,0
2665,8.210433959960938,8.210433959960938,0,0,0
2666,4.042191982269287,4.042191982269287,0,0,0
2667,5.258943557739258,5.258943557739258,0,0,0
2668,3.3605642318725586,3.3605642318725586,0,0,0
2669,3.8637280464172363,3.8637280464172363,0,0,0
2670,3.6289045810699463,3.6289045810699463,0,0,0
2671,4.760448932647705,4.760448932647705,0,0,0
2672,4.081753730773926,4.081753730773926,0,0,0
2673,6.402888774871826,6.402888774871826,0,0,0
2674,4.499166965484619,4.499166965484619,0,0,0
2675,4.975887298583984,4.975887298583984,0,0,0
2676,7.407766342163086,7.407766342163086,0,0,0
2677,5.718164443969727,5.718164443969727,0,0,0
2678,3.389005422592163,3.389005422592163,0,0,0
2679,5.207465171813965,5.207465171813965,0,0,0
2680,5.510018825531006,5.510018825531006,0,0,0
2681,4.863314628601074,4.863314628601074,0,0,0
2682,4.392917633056641,4.392917633056641,0,0,0
2683,3.547180652618408,3.547180652618408,0,0,0
2684,6.0123467445373535,6.0123467445373535,0,0,0
2685,4.781572341918945,4.781572341918945,0,0,0
2686,7.163308143615723,7.163308143615723,0,0,0
2687,4.5751142501831055,4.5751142501831055,0,0,0
2688,4.813378810882568,4.813378810882568,0,0,0
2689,4.672780513763428,4.672780513763428,0,0,0
2690,12.022666931152344,12.022666931152344,0,0,0
2691,3.8635058403015137,3.8635058403015137,0,0,0
2692,4.967909336090088,4.967909336090088,0,0,0
2693,5.183760166168213,5.183760166168213,0,0,0
2694,4.282740116119385,4.282740116119385,0,0,0
2695,5.227739334106445,5.227739334106445,0,0,0
2696,2.6230599880218506,2.6230599880218506,0,0,0
2697,5.965670108795166,5.965670108795166,0,0,0
2698,2.9637856483459473,2.9637856483459473,0,0,0
2699,4.562421798706055,4.562421798706055,0,0,0
2700,3.6174306869506836,3.6174306869506836,0,0,0
2701,9.319008827209473,9.319008827209473,0,0,0
2702,5.267282962799072,5.267282962799072,0,0,0
2703,4.308032035827637,4.308032035827637,0,0,0
2704,3.3112950325012207,3.3112950325012207,0,0,0
2705,3.716736316680908,3.716736316680908,0,0,0
2706,4.31473970413208,4.31473970413208,0,0,0
2707,3.990358352661133,3.990358352661133,0,0,0
2708,4.064026832580566,4.064026832580566,0,0,0
2709,3.965127468109131,3.965127468109131,0,0,0
2710,2.837472677230835,2.837472677230835,0,0,0
2711,5.074057102203369,5.074057102203369,0,0,0
2712,5.0601935386657715,5.0601935386657715,0,0,0
2713,4.22610330581665,4.22610330581665,0,0,0
2714,6.021209716796875,6.021209716796875,0,0,0
2715,6.8589372634887695,6.8589372634887695,0,0,0
2716,6.6882452964782715,6.6882452964782715,0,0,0
2717,4.431129455566406,4.431129455566406,0,0,0
2718,5.3094611167907715,5.3094611167907715,0,0,0
2719,2.947848320007324,2.947848320007324,0,0,0
2720,5.051828861236572,5.051828861236572,0,0,0
2721,5.154412746429443,5.154412746429443,0,0,0
2722,5.5214715003967285,5.5214715003967285,0,0,0
2723,4.682751178741455,4.682751178741455,0,0,0
2724,4.373234748840332,4.373234748840332,0,0,0
2725,4.4289231300354,4.4289231300354,0,0,0
2726,3.9582056999206543,3.9582056999206543,0,0,0
2727,5.168169975280762,5.168169975280762,0,0,0
2728,5.446239948272705,5.446239948272705,0,0,0
2729,6.266776084899902,6.266776084899902,0,0,0
2730,5.555019378662109,5.555019378662109,0,0,0
2731,3.55416202545166,3.55416202545166,0,0,0
2732,2.927427053451538,2.927427053451538,0,0,0
2733,4.391408443450928,4.391408443450928,0,0,0
2734,6.157934188842773,6.157934188842773,0,0,0
2735,3.5840539932250977,3.5840539932250977,0,0,0
2736,5.408860206604004,5.408860206604004,0,0,0
2737,4.320743560791016,4.320743560791016,0,0,0
2738,5.1923136711120605,5.1923136711120605,0,0,0
2739,3.7528152465820312,3.7528152465820312,0,0,0
2740,4.012049674987793,4.012049674987793,0,0,0
2741,4.937757968902588,4.937757968902588,0,0,0
2742,3.5452983379364014,3.5452983379364014,0,0,0
2743,5.031675815582275,5.031675815582275,0,0,0
2744,4.274040222167969,4.274040222167969,0,0,0
2745,2.849561929702759,2.849561929702759,0,0,0
2746,3.478738307952881,3.478738307952881,0,0,0
2747,3.315107583999634,3.315107583999634,0,0,0
2748,5.474749565124512,5.474749565124512,0,0,0
2749,4.084675312042236,4.084675312042236,0,0,0
2750,5.305523872375488,5.305523872375488,0,0,0
2751,5.048535346984863,5.048535346984863,0,0,0
2752,3.0108911991119385,3.0108911991119385,0,0,0
2753,6.197455883026123,6.197455883026123,0,0,0
2754,6.0452799797058105,6.0452799797058105,0,0,0
2755,5.897761344909668,5.897761344909668,0,0,0
2756,3.648487091064453,3.648487091064453,0,0,0
2757,4.895265579223633,4.895265579223633,0,0,0
2758,4.710220813751221,4.710220813751221,0,0,0
2759,3.2242233753204346,3.2242233753204346,0,0,0
2760,3.69362735748291,3.69362735748291,0,0,0
2761,3.5760037899017334,3.5760037899017334,0,0,0
2762,7.89901065826416,7.89901065826416,0,0,0
2763,4.701193809509277,4.701193809509277,0,0,0
2764,2.611264944076538,2.611264944076538,0,0,0
2765,8.420846939086914,8.420846939086914,0,0,0
2766,5.2680816650390625,5.2680816650390625,0,0,0
2767,5.847837448120117,5.847837448120117,0,0,0
2768,4.6669416427612305,4.6669416427612305,0,0,0
2769,3.591801643371582,3.591801643371582,0,0,0
2770,3.161113739013672,3.161113739013672,0,0,0
2771,3.9929916858673096,3.9929916858673096,0,0,0
2772,4.884060382843018,4.884060382843018,0,0,0
2773,6.6756720542907715,6.6756720542907715,0,0,0
2774,4.917394638061523,4.917394638061523,0,0,0
2775,5.004189491271973,5.004189491271973,0,0,0
2776,4.44705057144165,4.44705057144165,0,0,0
2777,6.939661979675293,6.939661979675293,0,0,0
2778,4.9349493980407715,4.9349493980407715,0,0,0
2779,3.8402059078216553,3.8402059078216553,0,0,0
2780,2.8322219848632812,2.8322219848632812,0,0,0
2781,3.1530559062957764,3.1530559062957764,0,0,0
2782,2.846731424331665,2.846731424331665,0,0,0
2783,6.376234531402588,6.376234531402588,0,0,0
2784,6.479903697967529,6.479903697967529,0,0,0
2785,3.885420560836792,3.885420560836792,0,0,0
2786,2.4747889041900635,2.4747889041900635,0,0,0
2787,5.101563453674316,5.101563453674316,0,0,0
2788,2.880711078643799,2.880711078643799,0,0,0
2789,5.5356879234313965,5.5356879234313965,0,0,0
2790,4.852977275848389,4.852977275848389,0,0,0
2791,2.3873989582061768,2.3873989582061768,0,0,0
2792,4.183855056762695,4.183855056762695,0,0,0
2793,3.2213518619537354,3.2213518619537354,0,0,0
2794,4.526743412017822,4.526743412017822,0,0,0
2795,5.125697612762451,5.125697612762451,0,0,0
2796,2.618765354156494,2.618765354156494,0,0,0
2797,5.861334800720215,5.861334800720215,0,0,0
2798,6.745819568634033,6.745819568634033,0,0,0
2799,2.8625926971435547,2.8625926971435547,0,0,0
2800,2.4870455265045166,2.4870455265045166,0,0,0
2801,3.91684627532959,3.91684627532959,0,0,0
2802,6.286252975463867,6.286252975463867,0,0,0
2803,2.960164785385132,2.960164785385132,0,0,0
2804,3.100148916244507,3.100148916244507,0,0,0
2805,3.717261552810669,3.717261552810669,0,0,0
2806,5.070279598236084,5.070279598236084,0,0,0
2807,3.245410919189453,3.245410919189453,0,0,0
2808,2.988518476486206,2.988518476486206,0,0,0
2809,3.1586287021636963,3.1586287021636963,0,0,0
2810,3.5999362468719482,3.5999362468719482,0,0,0
2811,5.380916118621826,5.380916118621826,0,0,0
2812,5.1226325035095215,5.1226325035095215,0,0,0
2813,3.6380982398986816,3.6380982398986816,0,0,0
2814,6.734988689422607,6.734988689422607,0,0,0
2815,6.802096366882324,6.802096366882324,0,0,0
2816,4.450216770172119,4.450216770172119,0,0,0
2817,3.392407178878784,3.392407178878784,0,0,0
2818,4.483447074890137,4.483447074890137,0,0,0
2819,2.9508097171783447,2.9508097171783447,0,0,0
2820,3.4305880069732666,3.4305880069732666,0,0,0
2821,4.400269508361816,4.400269508361816,0,0,0
2822,4.114319324493408,4.114319324493408,0,0,0
2823,2.5523977279663086,2.5523977279663086,0,0,0
2824,3.023616313934326,3.023616313934326,0,0,0
2825,7.141351699829102,7.141351699829102,0,0,0
2826,5.425744533538818,5.425744533538818,0,0,0
2827,3.714627981185913,3.714627981185913,0,0,0
2828,5.4636054039001465,5.4636054039001465,0,0,0
2829,2.7473409175872803,2.7473409175872803,0,0,0
2830,4.222046375274658,4.222046375274658,0,0,0
2831,3.9785335063934326,3.9785335063934326,0,0,0
2832,2.008072853088379,2.008072853088379,0,0,0
2833,5.485877990722656,5.485877990722656,0,0,0
2834,3.544553518295288,3.544553518295288,0,0,0
2835,4.796753883361816,4.796753883361816,0,0,0
2836,3.507760763168335,3.507760763168335,0,0,0
2837,4.848653793334961,4.848653793334961,0,0,0
2838,3.317784547805786,3.317784547805786,0,0,0
2839,4.806567192077637,4.806567192077637,0,0,0
2840,3.4080262184143066,3.4080262184143066,0,0,0
2841,3.2082700729370117,3.2082700729370117,0,0,0
2842,3.449859619140625,3.449859619140625,0,0,0
2843,3.412529468536377,3.412529468536377,0,0,0
2844,10.263184547424316,10.263184547424316,0,0,0
2845,7.734962463378906,7.734962463378906,0,0,0
2846,3.6338112354278564,3.6338112354278564,0,0,0
2847,3.3537139892578125,3.3537139892578125,0,0,0
2848,2.762921094894409,2.762921094894409,0,0,0
2849,4.54694128036499,4.54694128036499,0,0,0
2850,2.898693323135376,2.898693323135376,0,0,0
2851,5.383660793304443,5.383660793304443,0,0,0
2852,3.4620368480682373,3.4620368480682373,0,0,0
2853,5.060251235961914,5.060251235961914,0,0,0
2854,4.424292087554932,4.424292087554932,0,0,0
2855,4.682982444763184,4.682982444763184,0,0,0
2856,3.0998754501342773,3.0998754501342773,0,0,0
2857,3.1158342361450195,3.1158342361450195,0,0,0
2858,2.9532628059387207,2.9532628059387207,0,0,0
2859,4.539121627807617,4.539121627807617,0,0,0
2860,3.421488046646118,3.421488046646118,0,0,0
2861,2.734361410140991,2.734361410140991,0,0,0
2862,4.083265781402588,4.083265781402588,0,0,0
2863,3.8210763931274414,3.8210763931274414,0,0,0
2864,3.118990898132324,3.118990898132324,0,0,0
2865,3.1868863105773926,3.1868863105773926,0,0,0
2866,4.799524307250977,4.799524307250977,0,0,0
2867,2.9518818855285645,2.9518818855285645,0,0,0
2868,3.501601219177246,3.501601219177246,0,0,0
2869,4.895528316497803,4.895528316497803,0,0,0
2870,4.32491397857666,4.32491397857666,0,0,0
2871,4.172173023223877,4.172173023223877,0,0,0
2872,3.3244426250457764,3.3244426250457764,0,0,0
2873,4.626503944396973,4.626503944396973,0,0,0
2874,5.43063497543335,5.43063497543335,0,0,0
2875,4.015462398529053,4.015462398529053,0,0,0
2876,2.871814250946045,2.871814250946045,0,0,0
2877,4.950972557067871,4.950972557067871,0,0,0
2878,3.956404209136963,3.956404209136963,0,0,0
2879,3.004488945007324,3.004488945007324,0,0,0
2880,3.944615125656128,3.944615125656128,0,0,0
2881,2.5834734439849854,2.5834734439849854,0,0,0
2882,5.407375812530518,5.407375812530518,0,0,0
2883,4.6285905838012695,4.6285905838012695,0,0,0
2884,3.8766632080078125,3.8766632080078125,0,0,0
2885,3.533792018890381,3.533792018890381,0,0,0
2886,5.044665336608887,5.044665336608887,0,0,0
2887,4.549968719482422,4.549968719482422,0,0,0
2888,3.2548794746398926,3.2548794746398926,0,0,0
2889,3.958556890487671,3.958556890487671,0,0,0
2890,5.4428181648254395,5.4428181648254395,0,0,0
2891,5.041751384735107,5.041751384735107,0,0,0
2892,5.668795585632324,5.668795585632324,0,0,0
2893,3.0475640296936035,3.0475640296936035,0,0,0
2894,4.894657135009766,4.894657135009766,0,0,0
2895,4.03665828704834,4.03665828704834,0,0,0
2896,5.354792594909668,5.354792594909668,0,0,0
2897,2.526376962661743,2.526376962661743,0,0,0
2898,2.3990590572357178,2.3990590572357178,0,0,0
2899,3.843520164489746,3.843520164489746,0,0,0
2900,3.4487414360046387,3.4487414360046387,0,0,0
2901,3.562120199203491,3.562120199203491,0,0,0
2902,4.362110614776611,4.362110614776611,0,0,0
2903,4.95616340637207,4.95616340637207,0,0,0
2904,4.821923732757568,4.821923732757568,0,0,0
2905,4.021083354949951,4.021083354949951,0,0,0
2906,2.694284200668335,2.694284200668335,0,0,0
2907,3.057619571685791,3.057619571685791,0,0,0
2908,3.936856985092163,3.936856985092163,0,0,0
2909,5.120750904083252,5.120750904083252,0,0,0
2910,5.188770771026611,5.188770771026611,0,0,0
2911,3.810927391052246,3.810927391052246,0,0,0
2912,5.097370624542236,5.097370624542236,0,0,0
2913,3.2902326583862305,3.2902326583862305,0,0,0
2914,3.2361862659454346,3.2361862659454346,0,0,0
2915,3.460952043533325,3.460952043533325,0,0,0
2916,4.174288749694824,4.174288749694824,0,0,0
2917,4.296707630157471,4.296707630157471,0,0,0
2918,3.2970170974731445,3.2970170974731445,0,0,0
2919,2.823216438293457,2.823216438293457,0,0,0
2920,3.3032872676849365,3.3032872676849365,0,0,0
2921,3.418506383895874,3.418506383895874,0,0,0
2922,3.1439294815063477,3.1439294815063477,0,0,0
2923,3.2540040016174316,3.2540040016174316,0,0,0
2924,4.087132453918457,4.087132453918457,0,0,0
2925,3.092372417449951,3.092372417449951,0,0,0
2926,3.600050449371338,3.600050449371338,0,0,0
2927,3.549971580505371,3.549971580505371,0,0,0
2928,4.57511043548584,4.57511043548584,0,0,0
2929,5.264453411102295,5.264453411102295,0,0,0
2930,2.8756210803985596,2.8756210803985596,0,0,0
2931,4.589922904968262,4.589922904968262,0,0,0
2932,5.405523777008057,5.405523777008057,0,0,0
2933,3.9172351360321045,3.9172351360321045,0,0,0
2934,7.566829204559326,7.566829204559326,0,0,0
2935,3.7423791885375977,3.7423791885375977,0,0,0
2936,3.3289363384246826,3.3289363384246826,0,0,0
2937,4.371210098266602,4.371210098266602,0,0,0
2938,2.866666555404663,2.866666555404663,0,0,0
2939,4.334089756011963,4.334089756011963,0,0,0
2940,4.156948089599609,4.156948089599609,0,0,0
2941,6.122639179229736,6.122639179229736,0,0,0
2942,5.374415874481201,5.374415874481201,0,0,0
2943,2.98520827293396,2.98520827293396,0,0,0
2944,2.259608745574951,2.259608745574951,0,0,0
2945,3.022000551223755,3.022000551223755,0,0,0
2946,3.842532157897949,3.842532157897949,0,0,0
2947,2.5421969890594482,2.5421969890594482,0,0,0
2948,2.2998197078704834,2.2998197078704834,0,0,0
2949,4.787859916687012,4.787859916687012,0,0,0
2950,2.5213961601257324,2.5213961601257324,0,0,0
2951,5.327758312225342,5.327758312225342,0,0,0
2952,3.259110927581787,3.259110927581787,0,0,0
2953,3.404578685760498,3.404578685760498,0,0,0
2954,2.6351888179779053,2.6351888179779053,0,0,0
2955,8.36418342590332,8.36418342590332,0,0,0
2956,4.613720893859863,4.613720893859863,0,0,0
2957,4.249207973480225,4.249207973480225,0,0,0
2958,3.165454387664795,3.165454387664795,0,0,0
2959,3.5947535037994385,3.5947535037994385,0,0,0
2960,3.1948447227478027,3.1948447227478027,0,0,0
2961,2.660007953643799,2.660007953643799,0,0,0
2962,3.6424367427825928,3.6424367427825928,0,0,0
2963,4.220172882080078,4.220172882080078,0,0,0
2964,3.1085739135742188,3.1085739135742188,0,0,0
2965,4.466213703155518,4.466213703155518,0,0,0
2966,3.8432395458221436,3.8432395458221436,0,0,0
2967,6.894436359405518,6.894436359405518,0,0,0
2968,4.33731746673584,4.33731746673584,0,0,0
2969,2.8204362392425537,2.8204362392425537,0,0,0
2970,4.421665668487549,4.421665668487549,0,0,0
2971,4.405336856842041,4.405336856842041,0,0,0
2972,2.8112382888793945,2.8112382888793945,0,0,0
2973,2.806979179382324,2.806979179382324,0,0,0
2974,4.314377307891846,4.314377307891846,0,0,0
2975,3.671973466873169,3.671973466873169,0,0,0
2976,2.6613705158233643,2.6613705158233643,0,0,0
2977,4.374277591705322,4.374277591705322,0,0,0
2978,5.46181058883667,5.46181058883667,0,0,0
2979,3.4008796215057373,3.4008796215057373,0,0,0
2980,2.8838276863098145,2.8838276863098145,0,0,0
2981,4.402206897735596,4.402206897735596,0,0,0
2982,4.064572811126709,4.064572811126709,0,0,0
2983,6.488123893737793,6.488123893737793,0,0,0
2984,3.2601094245910645,3.2601094245910645,0,0,0
2985,2.4567015171051025,2.4567015171051025,0,0,0
2986,5.099965572357178,5.099965572357178,0,0,0
2987,4.683730125427246,4.683730125427246,0,0,0
2988,3.67067813873291,3.67067813873291,0,0,0
2989,3.1959400177001953,3.1959400177001953,0,0,0
2990,4.304154396057129,4.304154396057129,0,0,0
2991,3.2586944103240967,3.2586944103240967,0,0,0
2992,2.887003183364868,2.887003183364868,0,0,0
2993,4.037282466888428,4.037282466888428,0,0,0
2994,3.6449074745178223,3.6449074745178223,0,0,0
2995,3.1836469173431396,3.1836469173431396,0,0,0
2996,4.550227165222168,4.550227165222168,0,0,0
2997,2.711423397064209,2.711423397064209,0,0,0
2998,5.585528373718262,5.585528373718262,0,0,0
2999,3.8714234828948975,3.8714234828948975,0,0,0
3000,4.895941734313965,4.895941734313965,0,0,0
3001,3.4365999698638916,3.4365999698638916,0,0,0
3002,2.5846481323242188,2.5846481323242188,0,0,0
3003,2.6025338172912598,2.6025338172912598,0,0,0
3004,3.3933329582214355,3.3933329582214355,0,0,0
3005,6.762775421142578,6.762775421142578,0,0,0
3006,4.648264408111572,4.648264408111572,0,0,0
3007,5.0451531410217285,5.0451531410217285,0,0,0
3008,1.5622295141220093,1.5622295141220093,0,0,0
3009,3.619575262069702,3.619575262069702,0,0,0
3010,3.692315101623535,3.692315101623535,0,0,0
3011,2.2090189456939697,2.2090189456939697,0,0,0
3012,5.229440212249756,5.229440212249756,0,0,0
3013,4.252472877502441,4.252472877502441,0,0,0
3014,4.865288257598877,4.865288257598877,0,0,0
3015,3.227093458175659,3.227093458175659,0,0,0
3016,3.3964505195617676,3.3964505195617676,0,0,0
3017,2.4067516326904297,2.4067516326904297,0,0,0
3018,3.566073417663574,3.566073417663574,0,0,0
3019,2.456484317779541,2.456484317779541,0,0,0
3020,3.7290384769439697,3.7290384769439697,0,0,0
3021,3.777456760406494,3.777456760406494,0,0,0
3022,5.439574241638184,5.439574241638184,0,0,0
3023,3.2578680515289307,3.2578680515289307,0,0,0
3024,2.2358713150024414,2.2358713150024414,0,0,0
3025,4.372037887573242,4.372037887573242,0,0,0
3026,4.027141094207764,4.027141094207764,0,0,0
3027,3.730435371398926,3.730435371398926,0,0,0
3028,11.749479293823242,11.749479293823242,0,0,0
3029,3.5246870517730713,3.5246870517730713,0,0,0
3030,3.146880865097046,3.146880865097046,0,0,0
3031,2.992863655090332,2.992863655090332,0,0,0
3032,2.7707014083862305,2.7707014083862305,0,0,0
3033,2.891693115234375,2.891693115234375,0,0,0
3034,2.820805788040161,2.820805788040161,0,0,0
3035,2.805281639099121,2.805281639099121,0,0,0
3036,3.09311580657959,3.09311580657959,0,0,0
3037,2.38669490814209,2.38669490814209,0,0,0
3038,3.5421199798583984,3.5421199798583984,0,0,0
3039,3.2576868534088135,3.2576868534088135,0,0,0
3040,3.463024139404297,3.463024139404297,0,0,0
3041,4.572698593139648,4.572698593139648,0,0,0
3042,6.074466228485107,6.074466228485107,0,0,0
3043,2.7753548622131348,2.7753548622131348,0,0,0
3044,2.1003663539886475,2.1003663539886475,0,0,0
3045,3.3253865242004395,3.3253865242004395,0,0,0
3046,2.7035772800445557,2.7035772800445557,0,0,0
3047,3.0509495735168457,3.0509495735168457,0,0,0
3048,2.363410711288452,2.363410711288452,0,0,0
3049,3.5815200805664062,3.5815200805664062,0,0,0
3050,2.619753122329712,2.619753122329712,0,0,0
3051,2.6025922298431396,2.6025922298431396,0,0,0
3052,3.2359120845794678,3.2359120845794678,0,0,0
3053,2.7889349460601807,2.7889349460601807,0,0,0
3054,1.8699957132339478,1.8699957132339478,0,0,0
3055,3.302894353866577,3.302894353866577,0,0,0
3056,2.7001516819000244,2.7001516819000244,0,0,0
3057,3.068635940551758,3.068635940551758,0,0,0
3058,2.5539064407348633,2.5539064407348633,0,0,0
3059,3.2262589931488037,3.2262589931488037,0,0,0
3060,2.4718761444091797,2.4718761444091797,0,0,0
3061,4.030830383300781,4.030830383300781,0,0,0
3062,2.7878148555755615,2.7878148555755615,0,0,0
3063,3.188080310821533,3.188080310821533,0,0,0
3064,2.1106324195861816,2.1106324195861816,0,0,0
3065,3.8477041721343994,3.8477041721343994,0,0,0
3066,3.3034727573394775,3.3034727573394775,0,0,0
3067,3.2221715450286865,3.2221715450286865,0,0,0
3068,2.969143867492676,2.969143867492676,0,0,0
3069,2.511279344558716,2.511279344558716,0,0,0
3070,5.89383602142334,5.89383602142334,0,0,0
3071,4.447192668914795,4.447192668914795,0,0,0
3072,2.4130845069885254,2.4130845069885254,0,0,0
3073,3.9198098182678223,3.9198098182678223,0,0,0
3074,2.7645509243011475,2.7645509243011475,0,0,0
3075,3.319880247116089,3.319880247116089,0,0,0
3076,2.7675673961639404,2.7675673961639404,0,0,0
3077,2.8723254203796387,2.8723254203796387,0,0,0
3078,2.3617982864379883,2.3617982864379883,0,0,0
3079,2.3266961574554443,2.3266961574554443,0,0,0
3080,2.7266414165496826,2.7266414165496826,0,0,0
3081,3.3355679512023926,3.3355679512023926,0,0,0
3082,4.075079441070557,4.075079441070557,0,0,0
3083,4.47788143157959,4.47788143157959,0,0,0
3084,3.0645430088043213,3.0645430088043213,0,0,0
3085,3.319427490234375,3.319427490234375,0,0,0
3086,2.418689250946045,2.418689250946045,0,0,0
3087,6.03044319152832,6.03044319152832,0,0,0
3088,2.19386887550354,2.19386887550354,0,0,0
3089,1.98795485496521,1.98795485496521,0,0,0
3090,2.750722646713257,2.750722646713257,0,0,0
3091,2.528247117996216,2.528247117996216,0,0,0
3092,3.0228240489959717,3.0228240489959717,0,0,0
3093,2.201840400695801,2.201840400695801,0,0,0
3094,5.175426006317139,5.175426006317139,0,0,0
3095,5.009199142456055,5.009199142456055,0,0,0
3096,6.529253005981445,6.529253005981445,0,0,0
3097,3.3651039600372314,3.3651039600372314,0,0,0
3098,6.846835613250732,6.846835613250732,0,0,0
3099,2.1477982997894287,2.1477982997894287,0,0,0
3100,3.557201623916626,3.557201623916626,0,0,0
3101,2.019914150238037,2.019914150238037,0,0,0
3102,3.265791416168213,3.265791416168213,0,0,0
3103,2.456606388092041,2.456606388092041,0,0,0
3104,2.5441031455993652,2.5441031455993652,0,0,0
3105,3.9510715007781982,3.9510715007781982,0,0,0
3106,3.595892906188965,3.595892906188965,0,0,0
3107,3.046396255493164,3.046396255493164,0,0,0
3108,3.015422821044922,3.015422821044922,0,0,0
3109,2.442782163619995,2.442782163619995,0,0,0
3110,3.362386465072632,3.362386465072632,0,0,0
3111,3.477631092071533,3.477631092071533,0,0,0
3112,3.5105252265930176,3.5105252265930176,0,0,0
3113,2.6477839946746826,2.6477839946746826,0,0,0
3114,2.9163870811462402,2.9163870811462402,0,0,0
3115,2.2409579753875732,2.2409579753875732,0,0,0
3116,2.820321798324585,2.820321798324585,0,0,0
3117,3.3214046955108643,3.3214046955108643,0,0,0
3118,2.7387614250183105,2.7387614250183105,0,0,0
3119,2.391425132751465,2.391425132751465,0,0,0
3120,3.4346530437469482,3.4346530437469482,0,0,0
3121,2.806469202041626,2.806469202041626,0,0,0
3122,2.3039445877075195,2.3039445877075195,0,0,0
3123,2.567157030105591,2.567157030105591,0,0,0
3124,2.615699529647827,2.615699529647827,0,0,0
3125,3.764503002166748,3.764503002166748,0,0,0
3126,1.7885453701019287,1.7885453701019287,0,0,0
3127,2.3282594680786133,2.3282594680786133,0,0,0
3128,3.690382719039917,3.690382719039917,0,0,0
3129,3.3382070064544678,3.3382070064544678,0,0,0
3130,2.830235004425049,2.830235004425049,0,0,0
3131,3.2379636764526367,3.2379636764526367,0,0,0
3132,2.5436758995056152,2.5436758995056152,0,0,0
3133,2.640371322631836,2.640371322631836,0,0,0
3134,2.160121202468872,2.160121202468872,0,0,0
3135,2.0389163494110107,2.0389163494110107,0,0,0
3136,2.7735652923583984,2.7735652923583984,0,0,0
3137,4.248697280883789,4.248697280883789,0,0,0
3138,3.9082391262054443,3.9082391262054443,0,0,0
3139,2.1957106590270996,2.1957106590270996,0,0,0
3140,2.6345086097717285,2.6345086097717285,0,0,0
3141,3.5109143257141113,3.5109143257141113,0,0,0
3142,2.7617342472076416,2.7617342472076416,0,0,0
3143,4.008661270141602,4.008661270141602,0,0,0
3144,2.3546605110168457,2.3546605110168457,0,0,0
3145,1.8837029933929443,1.8837029933929443,0,0,0
3146,6.355381965637207,6.355381965637207,0,0,0
3147,2.523329257965088,2.523329257965088,0,0,0
3148,2.602346181869507,2.602346181869507,0,0,0
3149,4.4783220291137695,4.4783220291137695,0,0,0
3150,3.1441946029663086,3.1441946029663086,0,0,0
3151,3.187260627746582,3.187260627746582,0,0,0
3152,1.73953115940094,1.73953115940094,0,0,0
3153,1.8918373584747314,1.8918373584747314,0,0,0
3154,5.019379138946533,5.019379138946533,0,0,0
3155,1.8298895359039307,1.8298895359039307,0,0,0
3156,6.236654281616211,6.236654281616211,0,0,0
3157,2.9515182971954346,2.9515182971954346,0,0,0
3158,3.0797924995422363,3.0797924995422363,0,0,0
3159,2.8379015922546387,2.8379015922546387,0,0,0
3160,3.1646437644958496,3.1646437644958496,0,0,0
3161,2.7444989681243896,2.7444989681243896,0,0,0
3162,2.5179834365844727,2.5179834365844727,0,0,0
3163,1.9039862155914307,1.9039862155914307,0,0,0
3164,3.242844343185425,3.242844343185425,0,0,0
3165,2.9462132453918457,2.9462132453918457,0,0,0
3166,3.088014602661133,3.088014602661133,0,0,0
3167,4.20783805847168,4.20783805847168,0,0,0
3168,2.5063300132751465,2.5063300132751465,0,0,0
3169,2.3807437419891357,2.3807437419891357,0,0,0
3170,3.8220012187957764,3.8220012187957764,0,0,0
3171,2.2445099353790283,2.2445099353790283,0,0,0
3172,2.9595983028411865,2.9595983028411865,0,0,0
3173,3.4808125495910645,3.4808125495910645,0,0,0
3174,2.6465861797332764,2.6465861797332764,0,0,0
3175,2.8390052318573,2.8390052318573,0,0,0
3176,5.590134143829346,5.590134143829346,0,0,0
3177,4.38089656829834,4.38089656829834,0,0,0
3178,2.008148670196533,2.008148670196533,0,0,0
3179,2.2379422187805176,2.2379422187805176,0,0,0
3180,2.674509048461914,2.674509048461914,0,0,0
3181,2.302694082260132,2.302694082260132,0,0,0
3182,2.0379512310028076,2.0379512310028076,0,0,0
3183,1.8687397241592407,1.8687397241592407,0,0,0
3184,1.5457162857055664,1.5457162857055664,0,0,0
3185,1.922275424003601,1.922275424003601,0,0,0
3186,2.5675885677337646,2.5675885677337646,0,0,0
3187,6.407722473144531,6.407722473144531,0,0,0
3188,1.851732850074768,1.851732850074768,0,0,0
3189,3.954461097717285,3.954461097717285,0,0,0
3190,1.9646923542022705,1.9646923542022705,0,0,0
3191,2.8649356365203857,2.8649356365203857,0,0,0
3192,4.2599406242370605,4.2599406242370605,0,0,0
3193,2.2567336559295654,2.2567336559295654,0,0,0
3194,2.5360450744628906,2.5360450744628906,0,0,0
3195,4.370668411254883,4.370668411254883,0,0,0
3196,3.2651283740997314,3.2651283740997314,0,0,0
3197,2.5140111446380615,2.5140111446380615,0,0,0
3198,1.488232135772705,1.488232135772705,0,0,0
3199,3.0174832344055176,3.0174832344055176,0,0,0
3200,2.81253719329834,2.81253719329834,0,0,0
3201,3.9247148036956787,3.9247148036956787,0,0,0
3202,4.6021599769592285,4.6021599769592285,0,0,0
3203,3.526448965072632,3.526448965072632,0,0,0
3204,4.6147541999816895,4.6147541999816895,0,0,0
3205,4.219549655914307,4.219549655914307,0,0,0
3206,3.311819076538086,3.311819076538086,0,0,0
3207,3.4700183868408203,3.4700183868408203,0,0,0
3208,2.3338499069213867,2.3338499069213867,0,0,0
3209,4.235720157623291,4.235720157623291,0,0,0
3210,2.7831337451934814,2.7831337451934814,0,0,0
3211,2.282165288925171,2.282165288925171,0,0,0
3212,3.736907958984375,3.736907958984375,0,0,0
3213,2.6223337650299072,2.6223337650299072,0,0,0
3214,3.3613829612731934,3.3613829612731934,0,0,0
3215,2.0285685062408447,2.0285685062408447,0,0,0
3216,1.8963958024978638,1.8963958024978638,0,0,0
3217,2.6651241779327393,2.6651241779327393,0,0,0
3218,2.3173344135284424,2.3173344135284424,0,0,0
3219,2.2845351696014404,2.2845351696014404,0,0,0
3220,3.4138357639312744,3.4138357639312744,0,0,0
3221,4.963596343994141,4.963596343994141,0,0,0
3222,2.7899587154388428,2.7899587154388428,0,0,0
3223,2.0477378368377686,2.0477378368377686,0,0,0
3224,2.692068338394165,2.692068338394165,0,0,0
3225,1.9355591535568237,1.9355591535568237,0,0,0
3226,3.7429749965667725,3.7429749965667725,0,0,0
3227,2.2435355186462402,2.2435355186462402,0,0,0
3228,1.759439468383789,1.759439468383789,0,0,0
3229,1.782715916633606,1.782715916633606,0,0,0
3230,3.2635905742645264,3.2635905742645264,0,0,0
3231,2.9190759658813477,2.9190759658813477,0,0,0
3232,3.8636841773986816,3.8636841773986816,0,0,0
3233,2.9197168350219727,2.9197168350219727,0,0,0
3234,2.335024833679199,2.335024833679199,0,0,0
3235,2.7174232006073,2.7174232006073,0,0,0
3236,2.0177664756774902,2.0177664756774902,0,0,0
3237,4.221861839294434,4.221861839294434,0,0,0
3238,2.1652801036834717,2.1652801036834717,0,0,0
3239,2.9566400051116943,2.9566400051116943,0,0,0
3240,2.3169641494750977,2.3169641494750977,0,0,0
3241,2.499056816101074,2.499056816101074,0,0,0
3242,1.4578542709350586,1.4578542709350586,0,0,0
3243,2.378377676010132,2.378377676010132,0,0,0
3244,2.659531593322754,2.659531593322754,0,0,0
3245,3.607785940170288,3.607785940170288,0,0,0
3246,5.258546829223633,5.258546829223633,0,0,0
3247,2.154503345489502,2.154503345489502,0,0,0
3248,2.751248836517334,2.751248836517334,0,0,0
3249,4.077186584472656,4.077186584472656,0,0,0
3250,2.5346970558166504,2.5346970558166504,0,0,0
3251,7.183927536010742,7.183927536010742,0,0,0
3252,4.619055271148682,4.619055271148682,0,0,0
3253,1.9481130838394165,1.9481130838394165,0,0,0
3254,2.837379217147827,2.837379217147827,0,0,0
3255,2.8675100803375244,2.8675100803375244,0,0,0
3256,3.3218040466308594,3.3218040466308594,0,0,0
3257,2.9505300521850586,2.9505300521850586,0,0,0
3258,2.3837265968322754,2.3837265968322754,0,0,0
3259,2.0164918899536133,2.0164918899536133,0,0,0
3260,2.4055745601654053,2.4055745601654053,0,0,0
3261,1.7746093273162842,1.7746093273162842,0,0,0
3262,1.7631237506866455,1.7631237506866455,0,0,0
3263,2.581782817840576,2.581782817840576,0,0,0
3264,2.006410837173462,2.006410837173462,0,0,0
3265,2.1983070373535156,2.1983070373535156,0,0,0
3266,6.184948444366455,6.184948444366455,0,0,0
3267,2.1117167472839355,2.1117167472839355,0,0,0
3268,2.113581418991089,2.113581418991089,0,0,0
3269,2.557304620742798,2.557304620742798,0,0,0
3270,4.928499221801758,4.928499221801758,0,0,0
3271,2.444648265838623,2.444648265838623,0,0,0
3272,3.56294846534729,3.56294846534729,0,0,0
3273,2.438917636871338,2.438917636871338,0,0,0
3274,3.0024778842926025,3.0024778842926025,0,0,0
3275,2.1548995971679688,2.1548995971679688,0,0,0
3276,2.795405387878418,2.795405387878418,0,0,0
3277,2.3312134742736816,2.3312134742736816,0,0,0
3278,3.081146240234375,3.081146240234375,0,0,0
3279,4.184737682342529,4.184737682342529,0,0,0
3280,1.5159144401550293,1.5159144401550293,0,0,0
3281,1.9569017887115479,1.9569017887115479,0,0,0
3282,3.469557762145996,3.469557762145996,0,0,0
3283,2.7074925899505615,2.7074925899505615,0,0,0
3284,1.8891350030899048,1.8891350030899048,0,0,0
3285,3.41304874420166,3.41304874420166,0,0,0
3286,2.2388455867767334,2.2388455867767334,0,0,0
3287,2.9777684211730957,2.9777684211730957,0,0,0
3288,1.5692740678787231,1.5692740678787231,0,0,0
3289,2.1678874492645264,2.1678874492645264,0,0,0
3290,3.9225010871887207,3.9225010871887207,0,0,0
3291,3.211766242980957,3.211766242980957,0,0,0
3292,5.15140438079834,5.15140438079834,0,0,0
3293,3.87050199508667,3.87050199508667,0,0,0
3294,2.0254647731781006,2.0254647731781006,0,0,0
3295,3.2656850814819336,3.2656850814819336,0,0,0
3296,4.811251640319824,4.811251640319824,0,0,0
3297,1.8230534791946411,1.8230534791946411,0,0,0
3298,1.7788162231445312,1.7788162231445312,0,0,0
3299,3.5653672218322754,3.5653672218322754,0,0,0
3300,3.5858726501464844,3.5858726501464844,0,0,0
3301,2.9128777980804443,2.9128777980804443,0,0,0
3302,1.6389492750167847,1.6389492750167847,0,0,0
3303,3.9250853061676025,3.9250853061676025,0,0,0
3304,2.8474466800689697,2.8474466800689697,0,0,0
3305,2.33815598487854,2.33815598487854,0,0,0
3306,2.8875181674957275,2.8875181674957275,0,0,0
3307,2.249660015106201,2.249660015106201,0,0,0
3308,2.0353596210479736,2.0353596210479736,0,0,0
3309,1.8635283708572388,1.8635283708572388,0,0,0
3310,2.5587642192840576,2.5587642192840576,0,0,0
3311,2.174736738204956,2.174736738204956,0,0,0
3312,2.0048277378082275,2.0048277378082275,0,0,0
3313,1.8017611503601074,1.8017611503601074,0,0,0
3314,2.6889827251434326,2.6889827251434326,0,0,0
3315,2.223930597305298,2.223930597305298,0,0,0
3316,4.286838054656982,4.286838054656982,0,0,0
3317,2.245887517929077,2.245887517929077,0,0,0
3318,1.8855797052383423,1.8855797052383423,0,0,0
3319,2.0261173248291016,2.0261173248291016,0,0,0
3320,2.6416895389556885,2.6416895389556885,0,0,0
3321,3.171628475189209,3.171628475189209,0,0,0
3322,2.193032741546631,2.193032741546631,0,0,0
3323,2.122370958328247,2.122370958328247,0,0,0
3324,2.1161537170410156,2.1161537170410156,0,0,0
3325,3.8376729488372803,3.8376729488372803,0,0,0
3326,2.759493589401245,2.759493589401245,0,0,0
3327,2.179464340209961,2.179464340209961,0,0,0
3328,3.011932373046875,3.011932373046875,0,0,0
3329,2.8062455654144287,2.8062455654144287,0,0,0
3330,2.176787853240967,2.176787853240967,0,0,0
3331,2.9580657482147217,2.9580657482147217,0,0,0
3332,2.552246332168579,2.552246332168579,0,0,0
3333,2.574449300765991,2.574449300765991,0,0,0
3334,3.612920045852661,3.612920045852661,0,0,0
3335,4.874958515167236,4.874958515167236,0,0,0
3336,3.039247989654541,3.039247989654541,0,0,0
3337,2.8884265422821045,2.8884265422821045,0,0,0
3338,2.174891710281372,2.174891710281372,0,0,0
3339,2.4078094959259033,2.4078094959259033,0,0,0
3340,2.96040415763855,2.96040415763855,0,0,0
3341,1.8492687940597534,1.8492687940597534,0,0,0
3342,2.009490728378296,2.009490728378296,0,0,0
3343,2.7528233528137207,2.7528233528137207,0,0,0
3344,2.51396107673645,2.51396107673645,0,0,0
3345,2.603987216949463,2.603987216949463,0,0,0
3346,2.8938519954681396,2.8938519954681396,0,0,0
3347,3.2073073387145996,3.2073073387145996,0,0,0
3348,2.0476882457733154,2.0476882457733154,0,0,0
3349,2.6279664039611816,2.6279664039611816,0,0,0
3350,2.874774694442749,2.874774694442749,0,0,0
3351,1.3702170848846436,1.3702170848846436,0,0,0
3352,3.39514422416687,3.39514422416687,0,0,0
3353,2.9482078552246094,2.9482078552246094,0,0,0
3354,1.7974478006362915,1.7974478006362915,0,0,0
3355,3.8659791946411133,3.8659791946411133,0,0,0
3356,1.7243421077728271,1.7243421077728271,0,0,0
3357,3.1802501678466797,3.1802501678466797,0,0,0
3358,3.622239828109741,3.622239828109741,0,0,0
3359,2.328939199447632,2.328939199447632,0,0,0
3360,2.1990203857421875,2.1990203857421875,0,0,0
3361,3.0646891593933105,3.0646891593933105,0,0,0
3362,2.0734243392944336,2.0734243392944336,0,0,0
3363,2.2566144466400146,2.2566144466400146,0,0,0
3364,1.995370864868164,1.995370864868164,0,0,0
3365,2.4671411514282227,2.4671411514282227,0,0,0
3366,1.8637149333953857,1.8637149333953857,0,0,0
3367,2.7478034496307373,2.7478034496307373,0,0,0
3368,1.8522130250930786,1.8522130250930786,0,0,0
3369,2.1112008094787598,2.1112008094787598,0,0,0
3370,2.736522674560547,2.736522674560547,0,0,0
3371,1.6295273303985596,1.6295273303985596,0,0,0
3372,1.9063677787780762,1.9063677787780762,0,0,0
3373,3.167281150817871,3.167281150817871,0,0,0
3374,1.7315446138381958,1.7315446138381958,0,0,0
3375,2.585763692855835,2.585763692855835,0,0,0
3376,1.8078268766403198,1.8078268766403198,0,0,0
3377,4.230990886688232,4.230990886688232,0,0,0
3378,1.8115730285644531,1.8115730285644531,0,0,0
3379,2.3069827556610107,2.3069827556610107,0,0,0
3380,2.0045077800750732,2.0045077800750732,0,0,0
3381,1.4571648836135864,1.4571648836135864,0,0,0
3382,2.0040342807769775,2.0040342807769775,0,0,0
3383,1.8296483755111694,1.8296483755111694,0,0,0
3384,1.7413909435272217,1.7413909435272217,0,0,0
3385,3.9407825469970703,3.9407825469970703,0,0,0
3386,2.1780059337615967,2.1780059337615967,0,0,0
3387,2.323629856109619,2.323629856109619,0,0,0
3388,3.538135290145874,3.538135290145874,0,0,0
3389,2.301893472671509,2.301893472671509,0,0,0
3390,1.2550866603851318,1.2550866603851318,0,0,0
3391,3.407277822494507,3.407277822494507,0,0,0
3392,1.805122971534729,1.805122971534729,0,0,0
3393,1.9307160377502441,1.9307160377502441,0,0,0
3394,1.9805355072021484,1.9805355072021484,0,0,0
3395,2.7159595489501953,2.7159595489501953,0,0,0
3396,5.597357273101807,5.597357273101807,0,0,0
3397,2.2266805171966553,2.2266805171966553,0,0,0
3398,2.272183895111084,2.272183895111084,0,0,0
3399,2.304107666015625,2.304107666015625,0,0,0
3400,2.37162446975708,2.37162446975708,0,0,0
3401,2.5582234859466553,2.5582234859466553,0,0,0
3402,2.867474317550659,2.867474317550659,0,0,0
3403,1.7842599153518677,1.7842599153518677,0,0,0
3404,4.65871000289917,4.65871000289917,0,0,0
3405,2.5441501140594482,2.5441501140594482,0,0,0
3406,1.8196109533309937,1.8196109533309937,0,0,0
3407,1.658011555671692,1.658011555671692,0,0,0
3408,6.287196636199951,6.287196636199951,0,0,0
3409,2.646225690841675,2.646225690841675,0,0,0
3410,1.7970685958862305,1.7970685958862305,0,0,0
3411,2.053676128387451,2.053676128387451,0,0,0
3412,2.5484774112701416,2.5484774112701416,0,0,0
3413,1.5814741849899292,1.5814741849899292,0,0,0
3414,3.1561996936798096,3.1561996936798096,0,0,0
3415,2.485705852508545,2.485705852508545,0,0,0
3416,2.7416164875030518,2.7416164875030518,0,0,0
3417,1.8368399143218994,1.8368399143218994,0,0,0
3418,2.8125360012054443,2.8125360012054443,0,0,0
3419,4.83699369430542,4.83699369430542,0,0,0
3420,3.165435791015625,3.165435791015625,0,0,0
3421,2.822362184524536,2.822362184524536,0,0,0
3422,1.5962117910385132,1.5962117910385132,0,0,0
3423,2.327707529067993,2.327707529067993,0,0,0
3424,2.748082160949707,2.748082160949707,0,0,0
3425,2.2622272968292236,2.2622272968292236,0,0,0
3426,2.242579221725464,2.242579221725464,0,0,0
3427,1.3381041288375854,1.3381041288375854,0,0,0
3428,2.229182720184326,2.229182720184326,0,0,0
3429,1.6234067678451538,1.6234067678451538,0,0,0
3430,1.8108301162719727,1.8108301162719727,0,0,0
3431,2.7664647102355957,2.7664647102355957,0,0,0
3432,1.157405138015747,1.157405138015747,0,0,0
3433,1.9549086093902588,1.9549086093902588,0,0,0
3434,2.304321050643921,2.304321050643921,0,0,0
3435,1.0862553119659424,1.0862553119659424,0,0,0
3436,1.9873530864715576,1.9873530864715576,0,0,0
3437,2.7880911827087402,2.7880911827087402,0,0,0
3438,1.8131918907165527,1.8131918907165527,0,0,0
3439,1.6956697702407837,1.6956697702407837,0,0,0
3440,2.8878419399261475,2.8878419399261475,0,0,0
3441,2.329679012298584,2.329679012298584,0,0,0
3442,2.878077507019043,2.878077507019043,0,0,0
3443,3.2167813777923584,3.2167813777923584,0,0,0
3444,2.021183729171753,2.021183729171753,0,0,0
3445,2.957432985305786,2.957432985305786,0,0,0
3446,2.3706088066101074,2.3706088066101074,0,0,0
3447,1.6824885606765747,1.6824885606765747,0,0,0
3448,1.8388054370880127,1.8388054370880127,0,0,0
3449,2.136946201324463,2.136946201324463,0,0,0
3450,2.037562608718872,2.037562608718872,0,0,0
3451,2.604771137237549,2.604771137237549,0,0,0
3452,1.6407910585403442,1.6407910585403442,0,0,0
3453,2.196608066558838,2.196608066558838,0,0,0
3454,2.0433895587921143,2.0433895587921143,0,0,0
3455,4.197384834289551,4.197384834289551,0,0,0
3456,3.1057863235473633,3.1057863235473633,0,0,0
3457,1.3069822788238525,1.3069822788238525,0,0,0
3458,2.0065395832061768,2.0065395832061768,0,0,0
3459,1.4082638025283813,1.4082638025283813,0,0,0
3460,3.715027093887329,3.715027093887329,0,0,0
3461,1.9087367057800293,1.9087367057800293,0,0,0
3462,5.962865352630615,5.962865352630615,0,0,0
3463,2.9669339656829834,2.9669339656829834,0,0,0
3464,1.6010242700576782,1.6010242700576782,0,0,0
3465,2.9786250591278076,2.9786250591278076,0,0,0
3466,1.9963287115097046,1.9963287115097046,0,0,0
3467,2.253582239151001,2.253582239151001,0,0,0
3468,3.6412696838378906,3.6412696838378906,0,0,0
3469,1.7902288436889648,1.7902288436889648,0,0,0
3470,1.9264684915542603,1.9264684915542603,0,0,0
3471,1.9584931135177612,1.9584931135177612,0,0,0
3472,1.595319390296936,1.595319390296936,0,0,0
3473,1.5704878568649292,1.5704878568649292,0,0,0
3474,3.8695335388183594,3.8695335388183594,0,0,0
3475,3.957237482070923,3.957237482070923,0,0,0
3476,3.739866018295288,3.739866018295288,0,0,0
3477,3.436250686645508,3.436250686645508,0,0,0
3478,3.1583542823791504,3.1583542823791504,0,0,0
3479,2.0647759437561035,2.0647759437561035,0,0,0
3480,1.3903241157531738,1.3903241157531738,0,0,0
3481,1.8516607284545898,1.8516607284545898,0,0,0
3482,2.4632482528686523,2.4632482528686523,0,0,0
3483,1.4393678903579712,1.4393678903579712,0,0,0
3484,4.55626916885376,4.55626916885376,0,0,0
3485,1.7877048254013062,1.7877048254013062,0,0,0
3486,1.847773790359497,1.847773790359497,0,0,0
3487,1.6723847389221191,1.6723847389221191,0,0,0
3488,3.192352294921875,3.192352294921875,0,0,0
3489,2.713960886001587,2.713960886001587,0,0,0
3490,2.3605382442474365,2.3605382442474365,0,0,0
3491,2.290952205657959,2.290952205657959,0,0,0
3492,1.9246104955673218,1.9246104955673218,0,0,0
3493,1.6081478595733643,1.6081478595733643,0,0,0
3494,3.900592565536499,3.900592565536499,0,0,0
3495,1.9166697263717651,1.9166697263717651,0,0,0
3496,1.6154403686523438,1.6154403686523438,0,0,0
3497,2.1472434997558594,2.1472434997558594,0,0,0
3498,2.1704823970794678,2.1704823970794678,0,0,0
3499,4.379125118255615,4.379125118255615,0,0,0
3500,2.0236353874206543,2.0236353874206543,0,0,0
3501,2.237910032272339,2.237910032272339,0,0,0
3502,2.0568950176239014,2.0568950176239014,0,0,0
3503,2.8478682041168213,2.8478682041168213,0,0,0
3504,2.10502290725708,2.10502290725708,0,0,0
3505,3.106182098388672,3.106182098388672,0,0,0
3506,1.7238268852233887,1.7238268852233887,0,0,0
3507,2.122896432876587,2.122896432876587,0,0,0
3508,2.0301809310913086,2.0301809310913086,0,0,0
3509,2.5753109455108643,2.5753109455108643,0,0,0
3510,1.5640110969543457,1.5640110969543457,0,0,0
3511,1.772963285446167,1.772963285446167,0,0,0
3512,1.8184380531311035,1.8184380531311035,0,0,0
3513,2.125969648361206,2.125969648361206,0,0,0
3514,1.5658513307571411,1.5658513307571411,0,0,0
3515,2.1366701126098633,2.1366701126098633,0,0,0
3516,1.6611920595169067,1.6611920595169067,0,0,0
3517,3.375746488571167,3.375746488571167,0,0,0
3518,1.8306827545166016,1.8306827545166016,0,0,0
3519,2.5874602794647217,2.5874602794647217,0,0,0
3520,3.378969669342041,3.378969669342041,0,0,0
3521,1.772209644317627,1.772209644317627,0,0,0
3522,4.127035617828369,4.127035617828369,0,0,0
3523,1.4578937292099,1.4578937292099,0,0,0
3524,2.0326051712036133,2.0326051712036133,0,0,0
3525,2.2319884300231934,2.2319884300231934,0,0,0
3526,2.0574066638946533,2.0574066638946533,0,0,0
3527,2.280202627182007,2.280202627182007,0,0,0
3528,2.007606029510498,2.007606029510498,0,0,0
3529,1.6375806331634521,1.6375806331634521,0,0,0
3530,2.638519763946533,2.638519763946533,0,0,0
3531,2.1375880241394043,2.1375880241394043,0,0,0
3532,2.993527889251709,2.993527889251709,0,0,0
3533,2.1601202487945557,2.1601202487945557,0,0,0
3534,1.6408348083496094,1.6408348083496094,0,0,0
3535,2.3256475925445557,2.3256475925445557,0,0,0
3536,1.2937109470367432,1.2937109470367432,0,0,0
3537,5.631861686706543,5.631861686706543,0,0,0
3538,1.3911314010620117,1.3911314010620117,0,0,0
3539,2.1208059787750244,2.1208059787750244,0,0,0
3540,1.8506414890289307,1.8506414890289307,0,0,0
3541,2.1389153003692627,2.1389153003692627,0,0,0
3542,2.646775722503662,2.646775722503662,0,0,0
3543,1.7556580305099487,1.7556580305099487,0,0,0
3544,3.5224153995513916,3.5224153995513916,0,0,0
3545,1.524667501449585,1.524667501449585,0,0,0
3546,2.1259326934814453,2.1259326934814453,0,0,0
3547,2.900108575820923,2.900108575820923,0,0,0
3548,3.224497079849243,3.224497079849243,0,0,0
3549,1.8059049844741821,1.8059049844741821,0,0,0
3550,1.3756152391433716,1.3756152391433716,0,0,0
3551,2.0697381496429443,2.0697381496429443,0,0,0
3552,1.7402580976486206,1.7402580976486206,0,0,0
3553,2.227351665496826,2.227351665496826,0,0,0
3554,1.6966627836227417,1.6966627836227417,0,0,0
3555,1.4700279235839844,1.4700279235839844,0,0,0
3556,1.7000304460525513,1.7000304460525513,0,0,0
3557,2.218510389328003,2.218510389328003,0,0,0
3558,3.986027479171753,3.986027479171753,0,0,0
3559,2.5186142921447754,2.5186142921447754,0,0,0
3560,2.1069705486297607,2.1069705486297607,0,0,0
3561,1.2968510389328003,1.2968510389328003,0,0,0
3562,1.4754167795181274,1.4754167795181274,0,0,0
3563,2.493635654449463,2.493635654449463,0,0,0
3564,2.2554502487182617,2.2554502487182617,0,0,0
3565,2.7689075469970703,2.7689075469970703,0,0,0
3566,1.8797069787979126,1.8797069787979126,0,0,0
3567,1.5969239473342896,1.5969239473342896,0,0,0
3568,2.3059356212615967,2.3059356212615967,0,0,0
3569,2.154284954071045,2.154284954071045,0,0,0
3570,1.4808340072631836,1.4808340072631836,0,0,0
3571,1.5361762046813965,1.5361762046813965,0,0,0
3572,2.11130428314209,2.11130428314209,0,0,0
3573,2.635686159133911,2.635686159133911,0,0,0
3574,2.7886719703674316,2.7886719703674316,0,0,0
3575,1.6267645359039307,1.6267645359039307,0,0,0
3576,1.394123911857605,1.394123911857605,0,0,0
3577,3.053356409072876,3.053356409072876,0,0,0
3578,1.3260726928710938,1.3260726928710938,0,0,0
3579,1.8637809753417969,1.8637809753417969,0,0,0
3580,2.5201995372772217,2.5201995372772217,0,0,0
3581,1.7620524168014526,1.7620524168014526,0,0,0
3582,2.8502488136291504,2.8502488136291504,0,0,0
3583,1.6699142456054688,1.6699142456054688,0,0,0
3584,1.4910567998886108,1.4910567998886108,0,0,0
3585,2.806980848312378,2.806980848312378,0,0,0
3586,3.402618408203125,3.402618408203125,0,0,0
3587,2.8703441619873047,2.8703441619873047,0,0,0
3588,2.264031410217285,2.264031410217285,0,0,0
3589,1.1340882778167725,1.1340882778167725,0,0,0
3590,1.5024610757827759,1.5024610757827759,0,0,0
3591,1.6710823774337769,1.6710823774337769,0,0,0
3592,1.7692985534667969,1.7692985534667969,0,0,0
3593,2.6593098640441895,2.6593098640441895,0,0,0
3594,2.0989363193511963,2.0989363193511963,0,0,0
3595,2.156501293182373,2.156501293182373,0,0,0
3596,1.851521611213684,1.851521611213684,0,0,0
3597,1.4636363983154297,1.4636363983154297,0,0,0
3598,2.1764373779296875,2.1764373779296875,0,0,0
3599,1.6898115873336792,1.6898115873336792,0,0,0
3600,1.9000555276870728,1.9000555276870728,0,0,0
3601,4.021050930023193,4.021050930023193,0,0,0
3602,1.4657444953918457,1.4657444953918457,0,0,0
3603,1.2460899353027344,1.2460899353027344,0,0,0
3604,3.4212193489074707,3.4212193489074707,0,0,0
3605,1.974115252494812,1.974115252494812,0,0,0
3606,1.5868910551071167,1.5868910551071167,0,0,0
3607,2.3154218196868896,2.3154218196868896,0,0,0
3608,1.5436797142028809,1.5436797142028809,0,0,0
3609,2.685542583465576,2.685542583465576,0,0,0
3610,2.0825138092041016,2.0825138092041016,0,0,0
3611,2.0055954456329346,2.0055954456329346,0,0,0
3612,1.6936928033828735,1.6936928033828735,0,0,0
3613,3.588791847229004,3.588791847229004,0,0,0
3614,1.3511382341384888,1.3511382341384888,0,0,0
3615,2.2285945415496826,2.2285945415496826,0,0,0
3616,3.137641429901123,3.137641429901123,0,0,0
3617,1.3132457733154297,1.3132457733154297,0,0,0
3618,1.6211472749710083,1.6211472749710083,0,0,0
3619,2.053583860397339,2.053583860397339,0,0,0
3620,1.5889571905136108,1.5889571905136108,0,0,0
3621,1.8687009811401367,1.8687009811401367,0,0,0
3622,1.6523303985595703,1.6523303985595703,0,0,0
3623,1.3700239658355713,1.3700239658355713,0,0,0
3624,1.235605001449585,1.235605001449585,0,0,0
3625,1.2992963790893555,1.2992963790893555,0,0,0
3626,3.5104401111602783,3.5104401111602783,0,0,0
3627,1.9872010946273804,1.9872010946273804,0,0,0
3628,1.920997977256775,1.920997977256775,0,0,0
3629,2.081805467605591,2.081805467605591,0,0,0
3630,1.4984266757965088,1.4984266757965088,0,0,0
3631,1.5236347913742065,1.5236347913742065,0,0,0
3632,1.905207872390747,1.905207872390747,0,0,0
3633,1.515136957168579,1.515136957168579,0,0,0
3634,1.6305286884307861,1.6305286884307861,0,0,0
3635,1.9856599569320679,1.9856599569320679,0,0,0
3636,1.4322106838226318,1.4322106838226318,0,0,0
3637,3.06504225730896,3.06504225730896,0,0,0
3638,1.4020737409591675,1.4020737409591675,0,0,0
3639,1.5184271335601807,1.5184271335601807,0,0,0
3640,1.8402104377746582,1.8402104377746582,0,0,0
3641,1.3817862272262573,1.3817862272262573,0,0,0
3642,1.5296001434326172,1.5296001434326172,0,0,0
3643,1.7746198177337646,1.7746198177337646,0,0,0
3644,2.345601797103882,2.345601797103882,0,0,0
3645,1.7310407161712646,1.7310407161712646,0,0,0
3646,1.4436043500900269,1.4436043500900269,0,0,0
3647,1.4800605773925781,1.4800605773925781,0,0,0
3648,2.7273669242858887,2.7273669242858887,0,0,0
3649,3.383265256881714,3.383265256881714,0,0,0
3650,1.6203566789627075,1.6203566789627075,0,0,0
3651,2.0378262996673584,2.0378262996673584,0,0,0
3652,3.840402603149414,3.840402603149414,0,0,0
3653,2.0653679370880127,2.0653679370880127,0,0,0
3654,2.8374698162078857,2.8374698162078857,0,0,0
3655,1.5230964422225952,1.5230964422225952,0,0,0
3656,2.4815447330474854,2.4815447330474854,0,0,0
3657,1.7262892723083496,1.7262892723083496,0,0,0
3658,1.302695393562317,1.302695393562317,0,0,0
3659,1.5016809701919556,1.5016809701919556,0,0,0
3660,1.9293298721313477,1.9293298721313477,0,0,0
3661,1.3791075944900513,1.3791075944900513,0,0,0
3662,1.0651981830596924,1.0651981830596924,0,0,0
3663,1.6016467809677124,1.6016467809677124,0,0,0
3664,2.202911376953125,2.202911376953125,0,0,0
3665,1.1958853006362915,1.1958853006362915,0,0,0
3666,2.5201494693756104,2.5201494693756104,0,0,0
3667,1.6528472900390625,1.6528472900390625,0,0,0
3668,1.4722628593444824,1.4722628593444824,0,0,0
3669,1.1732137203216553,1.1732137203216553,0,0,0
3670,3.1877288818359375,3.1877288818359375,0,0,0
3671,2.4433538913726807,2.4433538913726807,0,0,0
3672,2.7788610458374023,2.7788610458374023,0,0,0
3673,1.7126379013061523,1.7126379013061523,0,0,0
3674,1.8689289093017578,1.8689289093017578,0,0,0
3675,1.5330528020858765,1.5330528020858765,0,0,0
3676,1.963267207145691,1.963267207145691,0,0,0
3677,0.9857560396194458,0.9857560396194458,0,0,0
3678,1.4163048267364502,1.4163048267364502,0,0,0
3679,2.9785265922546387,2.9785265922546387,0,0,0
3680,1.6528280973434448,1.6528280973434448,0,0,0
3681,1.3735675811767578,1.3735675811767578,0,0,0
3682,1.7253999710083008,1.7253999710083008,0,0,0
3683,1.9771426916122437,1.9771426916122437,0,0,0
3684,1.5186480283737183,1.5186480283737183,0,0,0
3685,1.7282849550247192,1.7282849550247192,0,0,0
3686,1.3487732410430908,1.3487732410430908,0,0,0
3687,1.457660436630249,1.457660436630249,0,0,0
3688,1.6264660358428955,1.6264660358428955,0,0,0
3689,1.430452823638916,1.430452823638916,0,0,0
3690,1.6068135499954224,1.6068135499954224,0,0,0
3691,1.4160131216049194,1.4160131216049194,0,0,0
3692,1.7220478057861328,1.7220478057861328,0,0,0
3693,1.8453649282455444,1.8453649282455444,0,0,0
3694,1.1443051099777222,1.1443051099777222,0,0,0
3695,1.1613762378692627,1.1613762378692627,0,0,0
3696,1.388287901878357,1.388287901878357,0,0,0
3697,1.1762909889221191,1.1762909889221191,0,0,0
3698,2.2078073024749756,2.2078073024749756,0,0,0
3699,1.7014555931091309,1.7014555931091309,0,0,0
3700,1.5638575553894043,1.5638575553894043,0,0,0
3701,1.3630350828170776,1.3630350828170776,0,0,0
3702,1.5139915943145752,1.5139915943145752,0,0,0
3703,1.5728821754455566,1.5728821754455566,0,0,0
3704,1.2310047149658203,1.2310047149658203,0,0,0
3705,2.5915188789367676,2.5915188789367676,0,0,0
3706,3.817397356033325,3.817397356033325,0,0,0
3707,1.624838948249817,1.624838948249817,0,0,0
3708,2.2545695304870605,2.2545695304870605,0,0,0
3709,1.4478436708450317,1.4478436708450317,0,0,0
3710,1.575956106185913,1.575956106185913,0,0,0
3711,1.1215659379959106,1.1215659379959106,0,0,0
3712,2.0269596576690674,2.0269596576690674,0,0,0
3713,1.7982043027877808,1.7982043027877808,0,0,0
3714,1.392737627029419,1.392737627029419,0,0,0
3715,2.091116189956665,2.091116189956665,0,0,0
3716,4.340585231781006,4.340585231781006,0,0,0
3717,1.4220737218856812,1.4220737218856812,0,0,0
3718,1.068665862083435,1.068665862083435,0,0,0
3719,1.465013861656189,1.465013861656189,0,0,0
3720,1.4215205907821655,1.4215205907821655,0,0,0
3721,2.033405303955078,2.033405303955078,0,0,0
3722,1.9763041734695435,1.9763041734695435,0,0,0
3723,1.6117973327636719,1.6117973327636719,0,0,0
3724,1.7941958904266357,1.7941958904266357,0,0,0
3725,2.915982246398926,2.915982246398926,0,0,0
3726,1.3364266157150269,1.3364266157150269,0,0,0
3727,1.5584598779678345,1.5584598779678345,0,0,0
3728,1.3929226398468018,1.3929226398468018,0,0,0
3729,1.4848253726959229,1.4848253726959229,0,0,0
3730,2.3602938652038574,2.3602938652038574,0,0,0
3731,1.545815110206604,1.545815110206604,0,0,0
3732,1.9287234544754028,1.9287234544754028,0,0,0
3733,3.4152112007141113,3.4152112007141113,0,0,0
3734,2.2748849391937256,2.2748849391937256,0,0,0
3735,1.0850951671600342,1.0850951671600342,0,0,0
3736,1.2786993980407715,1.2786993980407715,0,0,0
3737,1.3104329109191895,1.3104329109191895,0,0,0
3738,1.8465194702148438,1.8465194702148438,0,0,0
3739,4.029040336608887,4.029040336608887,0,0,0
3740,2.3864259719848633,2.3864259719848633,0,0,0
3741,1.7577749490737915,1.7577749490737915,0,0,0
3742,1.6218162775039673,1.6218162775039673,0,0,0
3743,1.9608433246612549,1.9608433246612549,0,0,0
3744,2.9878697395324707,2.9878697395324707,0,0,0
3745,1.4154703617095947,1.4154703617095947,0,0,0
3746,3.276240825653076,3.276240825653076,0,0,0
3747,1.1327251195907593,1.1327251195907593,0,0,0
3748,1.743028163909912,1.743028163909912,0,0,0
3749,1.926647424697876,1.926647424697876,0,0,0
3750,2.3156044483184814,2.3156044483184814,0,0,0
3751,1.6024377346038818,1.6024377346038818,0,0,0
3752,1.7049884796142578,1.7049884796142578,0,0,0
3753,3.235844135284424,3.235844135284424,0,0,0
3754,2.364790916442871,2.364790916442871,0,0,0
3755,1.932395339012146,1.932395339012146,0,0,0
3756,2.327467441558838,2.327467441558838,0,0,0
3757,1.956931233406067,1.956931233406067,0,0,0
3758,1.2333009243011475,1.2333009243011475,0,0,0
3759,1.899342656135559,1.899342656135559,0,0,0
3760,1.9120843410491943,1.9120843410491943,0,0,0
3761,1.8305134773254395,1.8305134773254395,0,0,0
3762,1.3938781023025513,1.3938781023025513,0,0,0
3763,1.4417158365249634,1.4417158365249634,0,0,0
3764,2.085238218307495,2.085238218307495,0,0,0
3765,2.2254796028137207,2.2254796028137207,0,0,0
3766,2.152815341949463,2.152815341949463,0,0,0
3767,1.9756639003753662,1.9756639003753662,0,0,0
3768,1.18687105178833,1.18687105178833,0,0,0
3769,2.5358164310455322,2.5358164310455322,0,0,0
3770,1.535942792892456,1.535942792892456,0,0,0
3771,1.5269402265548706,1.5269402265548706,0,0,0
3772,1.8552181720733643,1.8552181720733643,0,0,0
3773,1.8287655115127563,1.8287655115127563,0,0,0
3774,1.4546672105789185,1.4546672105789185,0,0,0
3775,2.8107380867004395,2.8107380867004395,0,0,0
3776,1.7790037393569946,1.7790037393569946,0,0,0
3777,2.557185649871826,2.557185649871826,0,0,0
3778,1.6388442516326904,1.6388442516326904,0,0,0
3779,1.6987638473510742,1.6987638473510742,0,0,0
3780,1.0978811979293823,1.0978811979293823,0,0,0
3781,1.1867008209228516,1.1867008209228516,0,0,0
3782,1.7841997146606445,1.7841997146606445,0,0,0
3783,1.9279159307479858,1.9279159307479858,0,0,0
3784,1.6231666803359985,1.6231666803359985,0,0,0
3785,1.7468088865280151,1.7468088865280151,0,0,0
3786,1.7695704698562622,1.7695704698562622,0,0,0
3787,2.0178980827331543,2.0178980827331543,0,0,0
3788,1.9562989473342896,1.9562989473342896,0,0,0
3789,3.3647851943969727,3.3647851943969727,0,0,0
3790,3.4646353721618652,3.4646353721618652,0,0,0
3791,2.1891424655914307,2.1891424655914307,0,0,0
3792,1.4893412590026855,1.4893412590026855,0,0,0
3793,1.8218683004379272,1.8218683004379272,0,0,0
3794,2.019773244857788,2.019773244857788,0,0,0
3795,2.6829681396484375,2.6829681396484375,0,0,0
3796,1.9089406728744507,1.9089406728744507,0,0,0
3797,4.732079029083252,4.732079029083252,0,0,0
3798,1.2567839622497559,1.2567839622497559,0,0,0
3799,1.1639232635498047,1.1639232635498047,0,0,0
3800,1.1771689653396606,1.1771689653396606,0,0,0
3801,1.3634976148605347,1.3634976148605347,0,0,0
3802,1.0979390144348145,1.0979390144348145,0,0,0
3803,1.402382731437683,1.402382731437683,0,0,0
3804,1.742276906967163,1.742276906967163,0,0,0
3805,2.4158589839935303,2.4158589839935303,0,0,0
3806,1.3518365621566772,1.3518365621566772,0,0,0
3807,1.9496562480926514,1.9496562480926514,0,0,0
3808,2.8239777088165283,2.8239777088165283,0,0,0
3809,1.2796446084976196,1.2796446084976196,0,0,0
3810,1.5178155899047852,1.5178155899047852,0,0,0
3811,1.9010896682739258,1.9010896682739258,0,0,0
3812,1.561536431312561,1.561536431312561,0,0,0
3813,2.147636651992798,2.147636651992798,0,0,0
3814,1.6634957790374756,1.6634957790374756,0,0,0
3815,1.0309733152389526,1.0309733152389526,0,0,0
3816,1.9719384908676147,1.9719384908676147,0,0,0
3817,2.8820409774780273,2.8820409774780273,0,0,0
3818,1.0309507846832275,1.0309507846832275,0,0,0
3819,1.2565840482711792,1.2565840482711792,0,0,0
3820,1.5349087715148926,1.5349087715148926,0,0,0
3821,1.3414828777313232,1.3414828777313232,0,0,0
3822,1.5964640378952026,1.5964640378952026,0,0,0
3823,1.8582130670547485,1.8582130670547485,0,0,0
3824,1.3634394407272339,1.3634394407272339,0,0,0
3825,1.6064366102218628,1.6064366102218628,0,0,0
3826,4.888388633728027,4.888388633728027,0,0,0
3827,1.6009513139724731,1.6009513139724731,0,0,0
3828,2.131080150604248,2.131080150604248,0,0,0
3829,1.0746684074401855,1.0746684074401855,0,0,0
3830,1.2207261323928833,1.2207261323928833,0,0,0
3831,1.412426233291626,1.412426233291626,0,0,0
3832,1.5145007371902466,1.5145007371902466,0,0,0
3833,0.9676669836044312,0.9676669836044312,0,0,0
3834,1.3000192642211914,1.3000192642211914,0,0,0
3835,1.3077120780944824,1.3077120780944824,0,0,0
3836,3.9272966384887695,3.9272966384887695,0,0,0
3837,1.3042962551116943,1.3042962551116943,0,0,0
3838,1.6977481842041016,1.6977481842041016,0,0,0
3839,1.2146044969558716,1.2146044969558716,0,0,0
3840,1.1722025871276855,1.1722025871276855,0,0,0
3841,1.9143699407577515,1.9143699407577515,0,0,0
3842,1.3073046207427979,1.3073046207427979,0,0,0
3843,1.2178528308868408,1.2178528308868408,0,0,0
3844,2.255800247192383,2.255800247192383,0,0,0
3845,1.8953869342803955,1.8953869342803955,0,0,0
3846,1.7433271408081055,1.7433271408081055,0,0,0
3847,1.7915977239608765,1.7915977239608765,0,0,0
3848,1.1133031845092773,1.1133031845092773,0,0,0
3849,2.259100914001465,2.259100914001465,0,0,0
3850,1.5660029649734497,1.5660029649734497,0,0,0
3851,2.311771869659424,2.311771869659424,0,0,0
3852,1.4866976737976074,1.4866976737976074,0,0,0
3853,1.11300790309906,1.11300790309906,0,0,0
3854,1.1890885829925537,1.1890885829925537,0,0,0
3855,1.5438971519470215,1.5438971519470215,0,0,0
3856,1.5657411813735962,1.5657411813735962,0,0,0
3857,1.3116180896759033,1.3116180896759033,0,0,0
3858,1.390561819076538,1.390561819076538,0,0,0
3859,1.8161776065826416,1.8161776065826416,0,0,0
3860,2.48309588432312,2.48309588432312,0,0,0
3861,1.2421644926071167,1.2421644926071167,0,0,0
3862,1.2318732738494873,1.2318732738494873,0,0,0
3863,2.059926986694336,2.059926986694336,0,0,0
3864,1.0447157621383667,1.0447157621383667,0,0,0
3865,2.6213817596435547,2.6213817596435547,0,0,0
3866,1.3887327909469604,1.3887327909469604,0,0,0
3867,1.630790114402771,1.630790114402771,0,0,0
3868,1.587298035621643,1.587298035621643,0,0,0
3869,1.8207263946533203,1.8207263946533203,0,0,0
3870,1.2033298015594482,1.2033298015594482,0,0,0
3871,2.395015239715576,2.395015239715576,0,0,0
3872,1.2790981531143188,1.2790981531143188,0,0,0
3873,1.3264076709747314,1.3264076709747314,0,0,0
3874,1.8538780212402344,1.8538780212402344,0,0,0
3875,1.779740810394287,1.779740810394287,0,0,0
3876,2.2907798290252686,2.2907798290252686,0,0,0
3877,1.4065338373184204,1.4065338373184204,0,0,0
3878,2.5787317752838135,2.5787317752838135,0,0,0
3879,2.6492600440979004,2.6492600440979004,0,0,0
3880,1.2014765739440918,1.2014765739440918,0,0,0
3881,1.1099740266799927,1.1099740266799927,0,0,0
3882,2.1471707820892334,2.1471707820892334,0,0,0
3883,1.998339056968689,1.998339056968689,0,0,0
3884,1.403006911277771,1.403006911277771,0,0,0
3885,2.4217374324798584,2.4217374324798584,0,0,0
3886,0.8439666628837585,0.8439666628837585,0,0,0
3887,4.956423282623291,4.956423282623291,0,0,0
3888,1.4236583709716797,1.4236583709716797,0,0,0
3889,2.204542875289917,2.204542875289917,0,0,0
3890,2.424199342727661,2.424199342727661,0,0,0
3891,1.2375125885009766,1.2375125885009766,0,0,0
3892,3.2843101024627686,3.2843101024627686,0,0,0
3893,1.6221802234649658,1.6221802234649658,0,0,0
3894,1.9805185794830322,1.9805185794830322,0,0,0
3895,1.6112358570098877,1.6112358570098877,0,0,0
3896,1.801534652709961,1.801534652709961,0,0,0
3897,1.4175279140472412,1.4175279140472412,0,0,0
3898,2.029357671737671,2.029357671737671,0,0,0
3899,2.4051074981689453,2.4051074981689453,0,0,0
3900,1.9324573278427124,1.9324573278427124,0,0,0
3901,1.492684245109558,1.492684245109558,0,0,0
3902,1.4185035228729248,1.4185035228729248,0,0,0
3903,1.2551026344299316,1.2551026344299316,0,0,0
3904,1.1931498050689697,1.1931498050689697,0,0,0
3905,1.1063863039016724,1.1063863039016724,0,0,0
3906,1.1588380336761475,1.1588380336761475,0,0,0
3907,1.376133680343628,1.376133680343628,0,0,0
3908,1.0621609687805176,1.0621609687805176,0,0,0
3909,1.442276120185852,1.442276120185852,0,0,0
3910,1.0238087177276611,1.0238087177276611,0,0,0
3911,1.9276810884475708,1.9276810884475708,0,0,0
3912,0.8704889416694641,0.8704889416694641,0,0,0
3913,2.1235318183898926,2.1235318183898926,0,0,0
3914,1.3155593872070312,1.3155593872070312,0,0,0
3915,2.215789318084717,2.215789318084717,0,0,0
3916,2.6265158653259277,2.6265158653259277,0,0,0
3917,1.5196139812469482,1.5196139812469482,0,0,0
3918,2.4434494972229004,2.4434494972229004,0,0,0
3919,1.623773217201233,1.623773217201233,0,0,0
3920,1.4017114639282227,1.4017114639282227,0,0,0
3921,0.9770686626434326,0.9770686626434326,0,0,0
3922,1.4611457586288452,1.4611457586288452,0,0,0
3923,1.7541919946670532,1.7541919946670532,0,0,0
3924,1.744880199432373,1.744880199432373,0,0,0
3925,1.873572826385498,1.873572826385498,0,0,0
3926,1.3352901935577393,1.3352901935577393,0,0,0
3927,2.6302905082702637,2.6302905082702637,0,0,0
3928,1.4609928131103516,1.4609928131103516,0,0,0
3929,1.4761632680892944,1.4761632680892944,0,0,0
3930,1.406865119934082,1.406865119934082,0,0,0
3931,1.8041417598724365,1.8041417598724365,0,0,0
3932,2.177865982055664,2.177865982055664,0,0,0
3933,1.7494739294052124,1.7494739294052124,0,0,0
3934,2.535139322280884,2.535139322280884,0,0,0
3935,1.4909451007843018,1.4909451007843018,0,0,0
3936,1.2224371433258057,1.2224371433258057,0,0,0
3937,1.6589336395263672,1.6589336395263672,0,0,0
3938,1.3273621797561646,1.3273621797561646,0,0,0
3939,1.1950196027755737,1.1950196027755737,0,0,0
3940,0.9910166263580322,0.9910166263580322,0,0,0
3941,2.40034556388855,2.40034556388855,0,0,0
3942,2.115514039993286,2.115514039993286,0,0,0
3943,1.3150371313095093,1.3150371313095093,0,0,0
3944,1.3082393407821655,1.3082393407821655,0,0,0
3945,1.7755986452102661,1.7755986452102661,0,0,0
3946,2.3857104778289795,2.3857104778289795,0,0,0
3947,1.5849456787109375,1.5849456787109375,0,0,0
3948,2.297708034515381,2.297708034515381,0,0,0
3949,0.932388186454773,0.932388186454773,0,0,0
3950,1.8101123571395874,1.8101123571395874,0,0,0
3951,1.2370167970657349,1.2370167970657349,0,0,0
3952,1.1606191396713257,1.1606191396713257,0,0,0
3953,2.6040709018707275,2.6040709018707275,0,0,0
3954,2.276062488555908,2.276062488555908,0,0,0
3955,1.4419159889221191,1.4419159889221191,0,0,0
3956,2.8761813640594482,2.8761813640594482,0,0,0
3957,1.7615926265716553,1.7615926265716553,0,0,0
3958,1.6870737075805664,1.6870737075805664,0,0,0
3959,1.5604546070098877,1.5604546070098877,0,0,0
3960,1.643917202949524,1.643917202949524,0,0,0
3961,1.7294892072677612,1.7294892072677612,0,0,0
3962,1.2000043392181396,1.2000043392181396,0,0,0
3963,1.7871191501617432,1.7871191501617432,0,0,0
3964,2.273249387741089,2.273249387741089,0,0,0
3965,2.1807374954223633,2.1807374954223633,0,0,0
3966,1.0702444314956665,1.0702444314956665,0,0,0
3967,1.014930009841919,1.014930009841919,0,0,0
3968,2.1606016159057617,2.1606016159057617,0,0,0
3969,1.125429630279541,1.125429630279541,0,0,0
3970,1.8685810565948486,1.8685810565948486,0,0,0
3971,1.5613625049591064,1.5613625049591064,0,0,0
3972,1.3392516374588013,1.3392516374588013,0,0,0
3973,1.1693040132522583,1.1693040132522583,0,0,0
3974,1.2788017988204956,1.2788017988204956,0,0,0
3975,0.9986006021499634,0.9986006021499634,0,0,0
3976,1.824975609779358,1.824975609779358,0,0,0
3977,1.1054915189743042,1.1054915189743042,0,0,0
3978,1.8454896211624146,1.8454896211624146,0,0,0
3979,1.833250880241394,1.833250880241394,0,0,0
3980,1.4149342775344849,1.4149342775344849,0,0,0
3981,2.0432071685791016,2.0432071685791016,0,0,0
3982,1.0901157855987549,1.0901157855987549,0,0,0
3983,1.4088633060455322,1.4088633060455322,0,0,0
3984,2.8742482662200928,2.8742482662200928,0,0,0
3985,1.2757885456085205,1.2757885456085205,0,0,0
3986,1.0868721008300781,1.0868721008300781,0,0,0
3987,2.1575098037719727,2.1575098037719727,0,0,0
3988,1.4690349102020264,1.4690349102020264,0,0,0
3989,1.0260134935379028,1.0260134935379028,0,0,0
3990,1.4929769039154053,1.4929769039154053,0,0,0
3991,1.2225568294525146,1.2225568294525146,0,0,0
3992,5.726664066314697,5.726664066314697,0,0,0
3993,1.0888376235961914,1.0888376235961914,0,0,0
3994,2.1974472999572754,2.1974472999572754,0,0,0
3995,0.9492301940917969,0.9492301940917969,0,0,0
3996,1.7587484121322632,1.7587484121322632,0,0,0
3997,1.6020889282226562,1.6020889282226562,0,0,0
3998,1.6296775341033936,1.6296775341033936,0,0,0
3999,1.3288003206253052,1.3288003206253052,0,0,0
4000,1.8395390510559082,1.8395390510559082,0,0,0
4001,3.2041566371917725,3.2041566371917725,0,0,0
4002,1.1229193210601807,1.1229193210601807,0,0,0
4003,1.4001599550247192,1.4001599550247192,0,0,0
4004,2.546771764755249,2.546771764755249,0,0,0
4005,1.4272961616516113,1.4272961616516113,0,0,0
4006,2.1782596111297607,2.1782596111297607,0,0,0
4007,1.4041869640350342,1.4041869640350342,0,0,0
4008,1.3558567762374878,1.3558567762374878,0,0,0
4009,1.1543407440185547,1.1543407440185547,0,0,0
4010,1.2231487035751343,1.2231487035751343,0,0,0
4011,1.2029550075531006,1.2029550075531006,0,0,0
4012,1.4407132863998413,1.4407132863998413,0,0,0
4013,1.0052129030227661,1.0052129030227661,0,0,0
4014,0.9709206223487854,0.9709206223487854,0,0,0
4015,2.2530746459960938,2.2530746459960938,0,0,0
4016,1.6948779821395874,1.6948779821395874,0,0,0
4017,1.304730772972107,1.304730772972107,0,0,0
4018,1.3281590938568115,1.3281590938568115,0,0,0
4019,1.48404061794281,1.48404061794281,0,0,0
4020,1.8353421688079834,1.8353421688079834,0,0,0
4021,1.5855783224105835,1.5855783224105835,0,0,0
4022,1.580888032913208,1.580888032913208,0,0,0
4023,1.0794709920883179,1.0794709920883179,0,0,0
4024,1.4903227090835571,1.4903227090835571,0,0,0
4025,1.1422919034957886,1.1422919034957886,0,0,0
4026,1.4221324920654297,1.4221324920654297,0,0,0
4027,1.4379992485046387,1.4379992485046387,0,0,0
4028,1.1164956092834473,1.1164956092834473,0,0,0
4029,1.1312452554702759,1.1312452554702759,0,0,0
4030,1.2499336004257202,1.2499336004257202,0,0,0
4031,1.1199655532836914,1.1199655532836914,0,0,0
4032,1.0954813957214355,1.0954813957214355,0,0,0
4033,1.2289165258407593,1.2289165258407593,0,0,0
4034,1.29764986038208,1.29764986038208,0,0,0
4035,1.5967568159103394,1.5967568159103394,0,0,0
4036,2.4804084300994873,2.4804084300994873,0,0,0
4037,1.2701637744903564,1.2701637744903564,0,0,0
4038,0.9800742268562317,0.9800742268562317,0,0,0
4039,3.5441906452178955,3.5441906452178955,0,0,0
4040,2.010268449783325,2.010268449783325,0,0,0
4041,2.159912109375,2.159912109375,0,0,0
4042,1.5891152620315552,1.5891152620315552,0,0,0
4043,2.76495099067688,2.76495099067688,0,0,0
4044,2.585496187210083,2.585496187210083,0,0,0
4045,2.4733057022094727,2.4733057022094727,0,0,0
4046,1.0138972997665405,1.0138972997665405,0,0,0
4047,1.295945644378662,1.295945644378662,0,0,0
4048,0.9592854976654053,0.9592854976654053,0,0,0
4049,0.9372995495796204,0.9372995495796204,0,0,0
4050,1.406692385673523,1.406692385673523,0,0,0
4051,2.7905428409576416,2.7905428409576416,0,0,0
4052,0.9163666367530823,0.9163666367530823,0,0,0
4053,1.574331283569336,1.574331283569336,0,0,0
4054,1.2312653064727783,1.2312653064727783,0,0,0
4055,1.3623073101043701,1.3623073101043701,0,0,0
4056,2.14521861076355,2.14521861076355,0,0,0
4057,1.3378890752792358,1.3378890752792358,0,0,0
4058,1.3632168769836426,1.3632168769836426,0,0,0
4059,1.0344562530517578,1.0344562530517578,0,0,0
4060,1.0205128192901611,1.0205128192901611,0,0,0
4061,1.7307119369506836,1.7307119369506836,0,0,0
4062,1.2952238321304321,1.2952238321304321,0,0,0
4063,1.3659251928329468,1.3659251928329468,0,0,0
4064,1.3875398635864258,1.3875398635864258,0,0,0
4065,1.2475299835205078,1.2475299835205078,0,0,0
4066,1.2483445405960083,1.2483445405960083,0,0,0
4067,1.2958167791366577,1.2958167791366577,0,0,0
4068,1.5494990348815918,1.5494990348815918,0,0,0
4069,1.4982550144195557,1.4982550144195557,0,0,0
4070,1.2810122966766357,1.2810122966766357,0,0,0
4071,1.0739853382110596,1.0739853382110596,0,0,0
4072,1.3804028034210205,1.3804028034210205,0,0,0
4073,1.3500317335128784,1.3500317335128784,0,0,0
4074,1.8967803716659546,1.8967803716659546,0,0,0
4075,0.7085175514221191,0.7085175514221191,0,0,0
4076,1.5300012826919556,1.5300012826919556,0,0,0
4077,1.1540549993515015,1.1540549993515015,0,0,0
4078,1.5329389572143555,1.5329389572143555,0,0,0
4079,1.039961576461792,1.039961576461792,0,0,0
4080,3.0780158042907715,3.0780158042907715,0,0,0
4081,1.0764214992523193,1.0764214992523193,0,0,0
4082,1.5863165855407715,1.5863165855407715,0,0,0
4083,1.2000880241394043,1.2000880241394043,0,0,0
4084,2.1966865062713623,2.1966865062713623,0,0,0
4085,1.134357213973999,1.134357213973999,0,0,0
4086,0.7601733803749084,0.7601733803749084,0,0,0
4087,0.8092001676559448,0.8092001676559448,0,0,0
4088,1.1951347589492798,1.1951347589492798,0,0,0
4089,1.6848928928375244,1.6848928928375244,0,0,0
4090,1.2774920463562012,1.2774920463562012,0,0,0
4091,1.1253547668457031,1.1253547668457031,0,0,0
4092,1.1653423309326172,1.1653423309326172,0,0,0
4093,1.097568154335022,1.097568154335022,0,0,0
4094,2.0203468799591064,2.0203468799591064,0,0,0
4095,1.2878304719924927,1.2878304719924927,0,0,0
4096,1.6541303396224976,1.6541303396224976,0,0,0
4097,0.7823334336280823,0.7823334336280823,0,0,0
4098,1.064849853515625,1.064849853515625,0,0,0
4099,2.5567667484283447,2.5567667484283447,0,0,0
4100,1.6690376996994019,1.6690376996994019,0,0,0
4101,1.3044899702072144,1.3044899702072144,0,0,0
4102,2.061291217803955,2.061291217803955,0,0,0
4103,2.9383013248443604,2.9383013248443604,0,0,0
4104,1.313176155090332,1.313176155090332,0,0,0
4105,1.3215749263763428,1.3215749263763428,0,0,0
4106,1.159935474395752,1.159935474395752,0,0,0
4107,1.3827800750732422,1.3827800750732422,0,0,0
4108,1.1781429052352905,1.1781429052352905,0,0,0
4109,1.5225611925125122,1.5225611925125122,0,0,0
4110,0.9637791514396667,0.9637791514396667,0,0,0
4111,1.0609675645828247,1.0609675645828247,0,0,0
4112,1.0772274732589722,1.0772274732589722,0,0,0
4113,2.090092182159424,2.090092182159424,0,0,0
4114,1.6268867254257202,1.6268867254257202,0,0,0
4115,1.495680570602417,1.495680570602417,0,0,0
4116,1.3791285753250122,1.3791285753250122,0,0,0
4117,1.1096488237380981,1.1096488237380981,0,0,0
4118,1.279219388961792,1.279219388961792,0,0,0
4119,1.0318946838378906,1.0318946838378906,0,0,0
4120,1.1163851022720337,1.1163851022720337,0,0,0
4121,1.3443045616149902,1.3443045616149902,0,0,0
4122,1.3278846740722656,1.3278846740722656,0,0,0
4123,2.2768592834472656,2.2768592834472656,0,0,0
4124,1.187981367111206,1.187981367111206,0,0,0
4125,1.2533509731292725,1.2533509731292725,0,0,0
4126,1.0487325191497803,1.0487325191497803,0,0,0
4127,2.227436065673828,2.227436065673828,0,0,0
4128,1.481534719467163,1.481534719467163,0,0,0
4129,1.1706361770629883,1.1706361770629883,0,0,0
4130,1.568145751953125,1.568145751953125,0,0,0
4131,0.7989300489425659,0.7989300489425659,0,0,0
4132,2.0287280082702637,2.0287280082702637,0,0,0
4133,1.1549913883209229,1.1549913883209229,0,0,0
4134,1.5928428173065186,1.5928428173065186,0,0,0
4135,1.6593356132507324,1.6593356132507324,0,0,0
4136,1.1077169179916382,1.1077169179916382,0,0,0
4137,1.0657914876937866,1.0657914876937866,0,0,0
4138,0.7708308696746826,0.7708308696746826,0,0,0
4139,1.8560383319854736,1.8560383319854736,0,0,0
4140,1.6812471151351929,1.6812471151351929,0,0,0
4141,0.9325814843177795,0.9325814843177795,0,0,0
4142,2.0328409671783447,2.0328409671783447,0,0,0
4143,2.267200231552124,2.267200231552124,0,0,0
4144,2.5105652809143066,2.5105652809143066,0,0,0
4145,1.0065243244171143,1.0065243244171143,0,0,0
4146,1.5587365627288818,1.5587365627288818,0,0,0
4147,1.1697442531585693,1.1697442531585693,0,0,0
4148,0.9054934978485107,0.9054934978485107,0,0,0
4149,1.3189473152160645,1.3189473152160645,0,0,0
4150,0.8994565606117249,0.8994565606117249,0,0,0
4151,0.9417856931686401,0.9417856931686401,0,0,0
4152,1.1529537439346313,1.1529537439346313,0,0,0
4153,0.8950846195220947,0.8950846195220947,0,0,0
4154,0.9371583461761475,0.9371583461761475,0,0,0
4155,1.057032823562622,1.057032823562622,0,0,0
4156,0.9206545948982239,0.9206545948982239,0,0,0
4157,1.5444693565368652,1.5444693565368652,0,0,0
4158,2.219444513320923,2.219444513320923,0,0,0
4159,1.035437822341919,1.035437822341919,0,0,0
4160,2.706538677215576,2.706538677215576,0,0,0
4161,1.5690263509750366,1.5690263509750366,0,0,0
4162,1.9978282451629639,1.9978282451629639,0,0,0
4163,0.9334722757339478,0.9334722757339478,0,0,0
4164,0.9267564415931702,0.9267564415931702,0,0,0
4165,1.2646163702011108,1.2646163702011108,0,0,0
4166,1.3932000398635864,1.3932000398635864,0,0,0
4167,0.8582971096038818,0.8582971096038818,0,0,0
4168,1.8104454278945923,1.8104454278945923,0,0,0
4169,0.874598503112793,0.874598503112793,0,0,0
4170,1.6967618465423584,1.6967618465423584,0,0,0
4171,1.121395230293274,1.121395230293274,0,0,0
4172,1.0554006099700928,1.0554006099700928,0,0,0
4173,1.937211036682129,1.937211036682129,0,0,0
4174,1.9112937450408936,1.9112937450408936,0,0,0
4175,1.452057123184204,1.452057123184204,0,0,0
4176,1.058151364326477,1.058151364326477,0,0,0
4177,2.2634243965148926,2.2634243965148926,0,0,0
4178,2.019524097442627,2.019524097442627,0,0,0
4179,1.6550382375717163,1.6550382375717163,0,0,0
4180,1.539262056350708,1.539262056350708,0,0,0
4181,1.199049472808838,1.199049472808838,0,0,0
4182,2.718963861465454,2.718963861465454,0,0,0
4183,1.2786558866500854,1.2786558866500854,0,0,0
4184,1.1827512979507446,1.1827512979507446,0,0,0
4185,1.062462568283081,1.062462568283081,0,0,0
4186,0.9957768321037292,0.9957768321037292,0,0,0
4187,0.8809751868247986,0.8809751868247986,0,0,0
4188,1.3444551229476929,1.3444551229476929,0,0,0
4189,1.6066105365753174,1.6066105365753174,0,0,0
4190,1.9329514503479004,1.9329514503479004,0,0,0
4191,1.4700121879577637,1.4700121879577637,0,0,0
4192,0.6950377225875854,0.6950377225875854,0,0,0
4193,2.0372250080108643,2.0372250080108643,0,0,0
4194,1.52560293674469,1.52560293674469,0,0,0
4195,1.377336025238037,1.377336025238037,0,0,0
4196,0.9808270335197449,0.9808270335197449,0,0,0
4197,0.9664369821548462,0.9664369821548462,0,0,0
4198,1.4849447011947632,1.4849447011947632,0,0,0
4199,2.333620071411133,2.333620071411133,0,0,0
4200,1.6202327013015747,1.6202327013015747,0,0,0
4201,1.1297564506530762,1.1297564506530762,0,0,0
4202,1.7703992128372192,1.7703992128372192,0,0,0
4203,2.1752943992614746,2.1752943992614746,0,0,0
4204,1.2545086145401,1.2545086145401,0,0,0
4205,1.0734530687332153,1.0734530687332153,0,0,0
4206,1.4107310771942139,1.4107310771942139,0,0,0
4207,1.1978877782821655,1.1978877782821655,0,0,0
4208,1.3220634460449219,1.3220634460449219,0,0,0
4209,1.702714443206787,1.702714443206787,0,0,0
4210,2.1947555541992188,2.1947555541992188,0,0,0
4211,1.5434852838516235,1.5434852838516235,0,0,0
4212,1.5384535789489746,1.5384535789489746,0,0,0
4213,2.108248710632324,2.108248710632324,0,0,0
4214,1.5061756372451782,1.5061756372451782,0,0,0
4215,0.9388552308082581,0.9388552308082581,0,0,0
4216,2.635368824005127,2.635368824005127,0,0,0
4217,1.283234715461731,1.283234715461731,0,0,0
4218,1.169838786125183,1.169838786125183,0,0,0
4219,1.1813830137252808,1.1813830137252808,0,0,0
4220,1.2046924829483032,1.2046924829483032,0,0,0
4221,0.8179939389228821,0.8179939389228821,0,0,0
4222,1.0549196004867554,1.0549196004867554,0,0,0
4223,1.9736284017562866,1.9736284017562866,0,0,0
4224,1.7609361410140991,1.7609361410140991,0,0,0
4225,1.0221141576766968,1.0221141576766968,0,0,0
4226,0.9199889302253723,0.9199889302253723,0,0,0
4227,1.2629475593566895,1.2629475593566895,0,0,0
4228,1.1585440635681152,1.1585440635681152,0,0,0
4229,1.5059804916381836,1.5059804916381836,0,0,0
4230,1.4318381547927856,1.4318381547927856,0,0,0
4231,1.636326551437378,1.636326551437378,0,0,0
4232,1.2252756357192993,1.2252756357192993,0,0,0
4233,1.1176046133041382,1.1176046133041382,0,0,0
4234,1.9424227476119995,1.9424227476119995,0,0,0
4235,0.8917400240898132,0.8917400240898132,0,0,0
4236,1.1018809080123901,1.1018809080123901,0,0,0
4237,2.2833406925201416,2.2833406925201416,0,0,0
4238,1.5882525444030762,1.5882525444030762,0,0,0
4239,0.8907610774040222,0.8907610774040222,0,0,0
4240,1.1206977367401123,1.1206977367401123,0,0,0
4241,1.1693851947784424,1.1693851947784424,0,0,0
4242,0.8175026774406433,0.8175026774406433,0,0,0
4243,1.164284586906433,1.164284586906433,0,0,0
4244,1.1086037158966064,1.1086037158966064,0,0,0
4245,1.6152541637420654,1.6152541637420654,0,0,0
4246,0.9340500831604004,0.9340500831604004,0,0,0
4247,1.8275446891784668,1.8275446891784668,0,0,0
4248,1.401681900024414,1.401681900024414,0,0,0
4249,1.7695320844650269,1.7695320844650269,0,0,0
4250,1.2908780574798584,1.2908780574798584,0,0,0
4251,1.3722888231277466,1.3722888231277466,0,0,0
4252,0.9019637107849121,0.9019637107849121,0,0,0
4253,0.9920893311500549,0.9920893311500549,0,0,0
4254,1.285264253616333,1.285264253616333,0,0,0
4255,1.160067081451416,1.160067081451416,0,0,0
4256,1.7372463941574097,1.7372463941574097,0,0,0
4257,1.3196845054626465,1.3196845054626465,0,0,0
4258,1.154357671737671,1.154357671737671,0,0,0
4259,1.2835485935211182,1.2835485935211182,0,0,0
4260,1.0529260635375977,1.0529260635375977,0,0,0
4261,3.0004944801330566,3.0004944801330566,0,0,0
4262,1.611952304840088,1.611952304840088,0,0,0
4263,1.2775541543960571,1.2775541543960571,0,0,0
4264,1.0315322875976562,1.0315322875976562,0,0,0
4265,1.6280688047409058,1.6280688047409058,0,0,0
4266,1.331104040145874,1.331104040145874,0,0,0
4267,1.1239283084869385,1.1239283084869385,0,0,0
4268,1.3289793729782104,1.3289793729782104,0,0,0
4269,1.0132472515106201,1.0132472515106201,0,0,0
4270,1.4114398956298828,1.4114398956298828,0,0,0
4271,1.350885272026062,1.350885272026062,0,0,0
4272,1.103664755821228,1.103664755821228,0,0,0
4273,1.214953064918518,1.214953064918518,0,0,0
4274,0.9541214108467102,0.9541214108467102,0,0,0
4275,0.9845499396324158,0.9845499396324158,0,0,0
4276,0.9923970103263855,0.9923970103263855,0,0,0
4277,2.0143887996673584,2.0143887996673584,0,0,0
4278,1.3450157642364502,1.3450157642364502,0,0,0
4279,1.136735200881958,1.136735200881958,0,0,0
4280,1.357364296913147,1.357364296913147,0,0,0
4281,1.2667696475982666,1.2667696475982666,0,0,0
4282,1.057843565940857,1.057843565940857,0,0,0
4283,1.5423396825790405,1.5423396825790405,0,0,0
4284,1.5538755655288696,1.5538755655288696,0,0,0
4285,2.2033133506774902,2.2033133506774902,0,0,0
4286,1.3341493606567383,1.3341493606567383,0,0,0
4287,1.3636672496795654,1.3636672496795654,0,0,0
4288,1.3911268711090088,1.3911268711090088,0,0,0
4289,0.7252129912376404,0.7252129912376404,0,0,0
4290,0.8236699104309082,0.8236699104309082,0,0,0
4291,1.0284123420715332,1.0284123420715332,0,0,0
4292,1.1997790336608887,1.1997790336608887,0,0,0
4293,0.7734979391098022,0.7734979391098022,0,0,0
4294,0.9328590035438538,0.9328590035438538,0,0,0
4295,0.7752010822296143,0.7752010822296143,0,0,0
4296,1.2441587448120117,1.2441587448120117,0,0,0
4297,1.0576719045639038,1.0576719045639038,0,0,0
4298,0.8813977837562561,0.8813977837562561,0,0,0
4299,0.9246742129325867,0.9246742129325867,0,0,0
4300,1.1972503662109375,1.1972503662109375,0,0,0
4301,1.5520834922790527,1.5520834922790527,0,0,0
4302,1.0713496208190918,1.0713496208190918,0,0,0
4303,0.8520263433456421,0.8520263433456421,0,0,0
4304,0.8703705072402954,0.8703705072402954,0,0,0
4305,1.3996676206588745,1.3996676206588745,0,0,0
4306,1.2053701877593994,1.2053701877593994,0,0,0
4307,1.2095818519592285,1.2095818519592285,0,0,0
4308,1.0090833902359009,1.0090833902359009,0,0,0
4309,0.796018123626709,0.796018123626709,0,0,0
4310,1.8989070653915405,1.8989070653915405,0,0,0
4311,1.1717592477798462,1.1717592477798462,0,0,0
4312,1.5410984754562378,1.5410984754562378,0,0,0
4313,1.2703773975372314,1.2703773975372314,0,0,0
4314,2.497846841812134,2.497846841812134,0,0,0
4315,1.045222520828247,1.045222520828247,0,0,0
4316,1.8562266826629639,1.8562266826629639,0,0,0
4317,1.1944257020950317,1.1944257020950317,0,0,0
4318,1.1690562963485718,1.1690562963485718,0,0,0
4319,0.7903578877449036,0.7903578877449036,0,0,0
4320,0.9815919995307922,0.9815919995307922,0,0,0
4321,2.084120988845825,2.084120988845825,0,0,0
4322,1.1629167795181274,1.1629167795181274,0,0,0
4323,0.9449270963668823,0.9449270963668823,0,0,0
4324,1.1057507991790771,1.1057507991790771,0,0,0
4325,1.4654663801193237,1.4654663801193237,0,0,0
4326,0.8884838223457336,0.8884838223457336,0,0,0
4327,1.995690941810608,1.995690941810608,0,0,0
4328,1.2668695449829102,1.2668695449829102,0,0,0
4329,1.276809573173523,1.276809573173523,0,0,0
4330,1.4119678735733032,1.4119678735733032,0,0,0
4331,1.4269734621047974,1.4269734621047974,0,0,0
4332,1.8407546281814575,1.8407546281814575,0,0,0
4333,1.0259393453598022,1.0259393453598022,0,0,0
4334,0.9795517325401306,0.9795517325401306,0,0,0
4335,1.82040536403656,1.82040536403656,0,0,0
4336,1.5325716733932495,1.5325716733932495,0,0,0
4337,1.016329288482666,1.016329288482666,0,0,0
4338,1.5943466424942017,1.5943466424942017,0,0,0
4339,0.9518402814865112,0.9518402814865112,0,0,0
4340,1.1750181913375854,1.1750181913375854,0,0,0
4341,1.2488341331481934,1.2488341331481934,0,0,0
4342,2.3359861373901367,2.3359861373901367,0,0,0
4343,1.021035075187683,1.021035075187683,0,0,0
4344,1.4021321535110474,1.4021321535110474,0,0,0
4345,2.1454710960388184,2.1454710960388184,0,0,0
4346,1.0804553031921387,1.0804553031921387,0,0,0
4347,1.3098056316375732,1.3098056316375732,0,0,0
4348,1.390701174736023,1.390701174736023,0,0,0
4349,1.012702226638794,1.012702226638794,0,0,0
4350,1.5837122201919556,1.5837122201919556,0,0,0
4351,1.3821622133255005,1.3821622133255005,0,0,0
4352,1.2257863283157349,1.2257863283157349,0,0,0
4353,1.2457489967346191,1.2457489967346191,0,0,0
4354,0.7237762212753296,0.7237762212753296,0,0,0
4355,0.9465122222900391,0.9465122222900391,0,0,0
4356,0.9297801852226257,0.9297801852226257,0,0,0
4357,0.9048214554786682,0.9048214554786682,0,0,0
4358,2.4522202014923096,2.4522202014923096,0,0,0
4359,0.9342938661575317,0.9342938661575317,0,0,0
4360,1.1398687362670898,1.1398687362670898,0,0,0
4361,1.483449935913086,1.483449935913086,0,0,0
4362,1.187781572341919,1.187781572341919,0,0,0
4363,1.8241558074951172,1.8241558074951172,0,0,0
4364,1.6765908002853394,1.6765908002853394,0,0,0
4365,1.04584801197052,1.04584801197052,0,0,0
4366,1.0366686582565308,1.0366686582565308,0,0,0
4367,0.9726788997650146,0.9726788997650146,0,0,0
4368,1.4306142330169678,1.4306142330169678,0,0,0
4369,0.8736492395401001,0.8736492395401001,0,0,0
4370,1.2288780212402344,1.2288780212402344,0,0,0
4371,1.2781639099121094,1.2781639099121094,0,0,0
4372,0.8817190527915955,0.8817190527915955,0,0,0
4373,2.0187838077545166,2.0187838077545166,0,0,0
4374,0.7249841094017029,0.7249841094017029,0,0,0
4375,1.6281532049179077,1.6281532049179077,0,0,0
4376,1.2376140356063843,1.2376140356063843,0,0,0
4377,1.8484669923782349,1.8484669923782349,0,0,0
4378,0.8512911796569824,0.8512911796569824,0,0,0
4379,1.4581114053726196,1.4581114053726196,0,0,0
4380,0.9330773949623108,0.9330773949623108,0,0,0
4381,0.8862402439117432,0.8862402439117432,0,0,0
4382,0.8517234325408936,0.8517234325408936,0,0,0
4383,0.803580105304718,0.803580105304718,0,0,0
4384,1.068130612373352,1.068130612373352,0,0,0
4385,1.1587238311767578,1.1587238311767578,0,0,0
4386,1.469022512435913,1.469022512435913,0,0,0
4387,1.1979387998580933,1.1979387998580933,0,0,0
4388,1.1312037706375122,1.1312037706375122,0,0,0
4389,1.0179576873779297,1.0179576873779297,0,0,0
4390,0.7499771118164062,0.7499771118164062,0,0,0
4391,0.7764632701873779,0.7764632701873779,0,0,0
4392,1.219704031944275,1.219704031944275,0,0,0
4393,1.1182035207748413,1.1182035207748413,0,0,0
4394,1.1025638580322266,1.1025638580322266,0,0,0
4395,0.8193517327308655,0.8193517327308655,0,0,0
4396,1.2054258584976196,1.2054258584976196,0,0,0
4397,1.5076786279678345,1.5076786279678345,0,0,0
4398,0.794734001159668,0.794734001159668,0,0,0
4399,0.8261985182762146,0.8261985182762146,0,0,0
4400,1.28105628490448,1.28105628490448,0,0,0
4401,2.4295272827148438,2.4295272827148438,0,0,0
4402,0.810020923614502,0.810020923614502,0,0,0
4403,0.8395704030990601,0.8395704030990601,0,0,0
4404,0.9720878601074219,0.9720878601074219,0,0,0
4405,0.9972538948059082,0.9972538948059082,0,0,0
4406,1.078266978263855,1.078266978263855,0,0,0
4407,0.9141061902046204,0.9141061902046204,0,0,0
4408,2.1405293941497803,2.1405293941497803,0,0,0
4409,1.5282819271087646,1.5282819271087646,0,0,0
4410,0.9546476602554321,0.9546476602554321,0,0,0
4411,0.9771237373352051,0.9771237373352051,0,0,0
4412,1.1323981285095215,1.1323981285095215,0,0,0
4413,0.8702376484870911,0.8702376484870911,0,0,0
4414,1.247563123703003,1.247563123703003,0,0,0
4415,0.8031793236732483,0.8031793236732483,0,0,0
4416,1.0107576847076416,1.0107576847076416,0,0,0
4417,1.8106591701507568,1.8106591701507568,0,0,0
4418,1.2221812009811401,1.2221812009811401,0,0,0
4419,0.9968055486679077,0.9968055486679077,0,0,0
4420,1.6054210662841797,1.6054210662841797,0,0,0
4421,2.6624484062194824,2.6624484062194824,0,0,0
4422,1.6385951042175293,1.6385951042175293,0,0,0
4423,0.8038056492805481,0.8038056492805481,0,0,0
4424,0.8707053065299988,0.8707053065299988,0,0,0
4425,0.9975304007530212,0.9975304007530212,0,0,0
4426,0.964318037033081,0.964318037033081,0,0,0
4427,1.0330671072006226,1.0330671072006226,0,0,0
4428,0.7749230265617371,0.7749230265617371,0,0,0
4429,1.4022749662399292,1.4022749662399292,0,0,0
4430,1.1757354736328125,1.1757354736328125,0,0,0
4431,0.8645301461219788,0.8645301461219788,0,0,0
4432,2.6296029090881348,2.6296029090881348,0,0,0
4433,0.8955339193344116,0.8955339193344116,0,0,0
4434,1.2592947483062744,1.2592947483062744,0,0,0
4435,0.8701238036155701,0.8701238036155701,0,0,0
4436,1.3291198015213013,1.3291198015213013,0,0,0
4437,1.0413625240325928,1.0413625240325928,0,0,0
4438,1.4279001951217651,1.4279001951217651,0,0,0
4439,1.5544195175170898,1.5544195175170898,0,0,0
4440,1.1569222211837769,1.1569222211837769,0,0,0
4441,1.2643083333969116,1.2643083333969116,0,0,0
4442,1.6350016593933105,1.6350016593933105,0,0,0
4443,1.0856839418411255,1.0856839418411255,0,0,0
4444,1.788081407546997,1.788081407546997,0,0,0
4445,1.6679461002349854,1.6679461002349854,0,0,0
4446,0.780079185962677,0.780079185962677,0,0,0
4447,1.168171763420105,1.168171763420105,0,0,0
4448,1.0377516746520996,1.0377516746520996,0,0,0
4449,0.8735506534576416,0.8735506534576416,0,0,0
4450,1.077256679534912,1.077256679534912,0,0,0
4451,0.9688083529472351,0.9688083529472351,0,0,0
4452,0.9618896245956421,0.9618896245956421,0,0,0
4453,1.3958535194396973,1.3958535194396973,0,0,0
4454,1.443446159362793,1.443446159362793,0,0,0
4455,1.0308184623718262,1.0308184623718262,0,0,0
4456,0.8327711224555969,0.8327711224555969,0,0,0
4457,0.9193863868713379,0.9193863868713379,0,0,0
4458,0.8722988367080688,0.8722988367080688,0,0,0
4459,1.6108165979385376,1.6108165979385376,0,0,0
4460,0.8768553137779236,0.8768553137779236,0,0,0
4461,1.1000163555145264,1.1000163555145264,0,0,0
4462,1.0557732582092285,1.0557732582092285,0,0,0
4463,1.1860556602478027,1.1860556602478027,0,0,0
4464,1.1313725709915161,1.1313725709915161,0,0,0
4465,0.9984628558158875,0.9984628558158875,0,0,0
4466,1.0582995414733887,1.0582995414733887,0,0,0
4467,1.0804075002670288,1.0804075002670288,0,0,0
4468,1.1783020496368408,1.1783020496368408,0,0,0
4469,0.8887366056442261,0.8887366056442261,0,0,0
4470,0.952916145324707,0.952916145324707,0,0,0
4471,1.1940712928771973,1.1940712928771973,0,0,0
4472,0.7863295078277588,0.7863295078277588,0,0,0
4473,0.7610272169113159,0.7610272169113159,0,0,0
4474,2.008344888687134,2.008344888687134,0,0,0
4475,1.431742787361145,1.431742787361145,0,0,0
4476,1.4212491512298584,1.4212491512298584,0,0,0
4477,0.9411251544952393,0.9411251544952393,0,0,0
4478,1.451038122177124,1.451038122177124,0,0,0
4479,0.9589340090751648,0.9589340090751648,0,0,0
4480,1.700230360031128,1.700230360031128,0,0,0
4481,0.9561167359352112,0.9561167359352112,0,0,0
4482,0.9181729555130005,0.9181729555130005,0,0,0
4483,0.9598851799964905,0.9598851799964905,0,0,0
4484,0.7946906685829163,0.7946906685829163,0,0,0
4485,0.9835578799247742,0.9835578799247742,0,0,0
4486,2.992215156555176,2.992215156555176,0,0,0
4487,1.206030011177063,1.206030011177063,0,0,0
4488,1.1950206756591797,1.1950206756591797,0,0,0
4489,1.4660812616348267,1.4660812616348267,0,0,0
4490,0.7406063079833984,0.7406063079833984,0,0,0
4491,1.3303184509277344,1.3303184509277344,0,0,0
4492,0.9207121133804321,0.9207121133804321,0,0,0
4493,1.2717115879058838,1.2717115879058838,0,0,0
4494,0.8406764268875122,0.8406764268875122,0,0,0
4495,1.1184760332107544,1.1184760332107544,0,0,0
4496,1.2450023889541626,1.2450023889541626,0,0,0
4497,0.9518436193466187,0.9518436193466187,0,0,0
4498,0.9040923118591309,0.9040923118591309,0,0,0
4499,0.8691283464431763,0.8691283464431763,0,0,0
4500,0.7919925451278687,0.7919925451278687,0,0,0
4501,0.9451940655708313,0.9451940655708313,0,0,0
4502,1.074641466140747,1.074641466140747,0,0,0
4503,1.838640570640564,1.838640570640564,0,0,0
4504,1.2067933082580566,1.2067933082580566,0,0,0
4505,0.8130510449409485,0.8130510449409485,0,0,0
4506,1.0917820930480957,1.0917820930480957,0,0,0
4507,0.8962879180908203,0.8962879180908203,0,0,0
4508,2.9322564601898193,2.9322564601898193,0,0,0
4509,0.9373239278793335,0.9373239278793335,0,0,0
4510,2.395386219024658,2.395386219024658,0,0,0
4511,1.849134087562561,1.849134087562561,0,0,0
4512,1.2857314348220825,1.2857314348220825,0,0,0
4513,1.0650602579116821,1.0650602579116821,0,0,0
4514,1.4421663284301758,1.4421663284301758,0,0,0
4515,0.7378276586532593,0.7378276586532593,0,0,0
4516,1.9727305173873901,1.9727305173873901,0,0,0
4517,1.390019416809082,1.390019416809082,0,0,0
4518,0.5649899244308472,0.5649899244308472,0,0,0
4519,0.5705956816673279,0.5705956816673279,0,0,0
4520,1.454187273979187,1.454187273979187,0,0,0
4521,1.2533581256866455,1.2533581256866455,0,0,0
4522,1.0571614503860474,1.0571614503860474,0,0,0
4523,1.0233908891677856,1.0233908891677856,0,0,0
4524,0.8574032783508301,0.8574032783508301,0,0,0
4525,1.3002629280090332,1.3002629280090332,0,0,0
4526,1.1090091466903687,1.1090091466903687,0,0,0
4527,0.6787102222442627,0.6787102222442627,0,0,0
4528,1.0025452375411987,1.0025452375411987,0,0,0
4529,1.7480053901672363,1.7480053901672363,0,0,0
4530,0.715210497379303,0.715210497379303,0,0,0
4531,1.0877671241760254,1.0877671241760254,0,0,0
4532,1.9373652935028076,1.9373652935028076,0,0,0
4533,0.7890172004699707,0.7890172004699707,0,0,0
4534,1.7761740684509277,1.7761740684509277,0,0,0
4535,0.8705305457115173,0.8705305457115173,0,0,0
4536,1.1139222383499146,1.1139222383499146,0,0,0
4537,1.1553349494934082,1.1553349494934082,0,0,0
4538,0.8081463575363159,0.8081463575363159,0,0,0
4539,1.2111949920654297,1.2111949920654297,0,0,0
4540,1.174172043800354,1.174172043800354,0,0,0
4541,1.0441945791244507,1.0441945791244507,0,0,0
4542,0.7878254055976868,0.7878254055976868,0,0,0
4543,0.8650417327880859,0.8650417327880859,0,0,0
4544,1.0392817258834839,1.0392817258834839,0,0,0
4545,1.2862398624420166,1.2862398624420166,0,0,0
4546,0.9830043315887451,0.9830043315887451,0,0,0
4547,1.439430832862854,1.439430832862854,0,0,0
4548,0.7610434293746948,0.7610434293746948,0,0,0
4549,0.951278030872345,0.951278030872345,0,0,0
4550,1.1785509586334229,1.1785509586334229,0,0,0
4551,0.7300916314125061,0.7300916314125061,0,0,0
4552,0.846557080745697,0.846557080745697,0,0,0
4553,0.9605891704559326,0.9605891704559326,0,0,0
4554,0.7721788883209229,0.7721788883209229,0,0,0
4555,0.7179198861122131,0.7179198861122131,0,0,0
4556,0.995369553565979,0.995369553565979,0,0,0
4557,2.061495780944824,2.061495780944824,0,0,0
4558,1.0272730588912964,1.0272730588912964,0,0,0
4559,0.9162363409996033,0.9162363409996033,0,0,0
4560,0.9227326512336731,0.9227326512336731,0,0,0
4561,1.0376607179641724,1.0376607179641724,0,0,0
4562,1.1989107131958008,1.1989107131958008,0,0,0
4563,0.885269284248352,0.885269284248352,0,0,0
4564,1.0973784923553467,1.0973784923553467,0,0,0
4565,0.6027094721794128,0.6027094721794128,0,0,0
4566,1.3282116651535034,1.3282116651535034,0,0,0
4567,1.13222336769104,1.13222336769104,0,0,0
4568,1.6371393203735352,1.6371393203735352,0,0,0
4569,0.8276971578598022,0.8276971578598022,0,0,0
4570,1.6404308080673218,1.6404308080673218,0,0,0
4571,1.6647192239761353,1.6647192239761353,0,0,0
4572,0.9284113645553589,0.9284113645553589,0,0,0
4573,1.757169246673584,1.757169246673584,0,0,0
4574,0.853809654712677,0.853809654712677,0,0,0
4575,0.8922057747840881,0.8922057747840881,0,0,0
4576,1.2526108026504517,1.2526108026504517,0,0,0
4577,1.202492594718933,1.202492594718933,0,0,0
4578,0.7359670400619507,0.7359670400619507,0,0,0
4579,1.357899785041809,1.357899785041809,0,0,0
4580,0.8702934384346008,0.8702934384346008,0,0,0
4581,0.8332603573799133,0.8332603573799133,0,0,0
4582,0.8024652600288391,0.8024652600288391,0,0,0
4583,1.0829331874847412,1.0829331874847412,0,0,0
4584,0.8077907562255859,0.8077907562255859,0,0,0
4585,1.0468226671218872,1.0468226671218872,0,0,0
4586,1.3679665327072144,1.3679665327072144,0,0,0
4587,1.40070378780365,1.40070378780365,0,0,0
4588,0.9930213093757629,0.9930213093757629,0,0,0
4589,1.0249154567718506,1.0249154567718506,0,0,0
4590,1.4003398418426514,1.4003398418426514,0,0,0
4591,2.717604637145996,2.717604637145996,0,0,0
4592,1.6547112464904785,1.6547112464904785,0,0,0
4593,1.158493995666504,1.158493995666504,0,0,0
4594,1.3880618810653687,1.3880618810653687,0,0,0
4595,0.9682919383049011,0.9682919383049011,0,0,0
4596,0.8579298257827759,0.8579298257827759,0,0,0
4597,0.8639682531356812,0.8639682531356812,0,0,0
4598,0.9245316982269287,0.9245316982269287,0,0,0
4599,0.7454243898391724,0.7454243898391724,0,0,0
4600,1.3893331289291382,1.3893331289291382,0,0,0
4601,1.3118458986282349,1.3118458986282349,0,0,0
4602,0.9125887155532837,0.9125887155532837,0,0,0
4603,0.9466352462768555,0.9466352462768555,0,0,0
4604,0.5584926605224609,0.5584926605224609,0,0,0
4605,0.8086014986038208,0.8086014986038208,0,0,0
4606,0.7661276459693909,0.7661276459693909,0,0,0
4607,1.1971770524978638,1.1971770524978638,0,0,0
4608,0.8407310247421265,0.8407310247421265,0,0,0
4609,0.8344112038612366,0.8344112038612366,0,0,0
4610,0.9694311022758484,0.9694311022758484,0,0,0
4611,0.9071429371833801,0.9071429371833801,0,0,0
4612,0.7986627817153931,0.7986627817153931,0,0,0
4613,0.9087012410163879,0.9087012410163879,0,0,0
4614,0.7211970686912537,0.7211970686912537,0,0,0
4615,0.9801300764083862,0.9801300764083862,0,0,0
4616,0.8003197312355042,0.8003197312355042,0,0,0
4617,1.0226918458938599,1.0226918458938599,0,0,0
4618,0.8891403079032898,0.8891403079032898,0,0,0
4619,0.5975062847137451,0.5975062847137451,0,0,0
4620,0.978725016117096,0.978725016117096,0,0,0
4621,1.0801405906677246,1.0801405906677246,0,0,0
4622,0.7417433857917786,0.7417433857917786,0,0,0
4623,1.0872081518173218,1.0872081518173218,0,0,0
4624,0.6416709423065186,0.6416709423065186,0,0,0
4625,1.0982179641723633,1.0982179641723633,0,0,0
4626,0.7821965217590332,0.7821965217590332,0,0,0
4627,0.6620228886604309,0.6620228886604309,0,0,0
4628,0.8397884368896484,0.8397884368896484,0,0,0
4629,1.3576680421829224,1.3576680421829224,0,0,0
4630,0.552429735660553,0.552429735660553,0,0,0
4631,1.0059758424758911,1.0059758424758911,0,0,0
4632,0.7535756826400757,0.7535756826400757,0,0,0
4633,0.7974846959114075,0.7974846959114075,0,0,0
4634,1.190973162651062,1.190973162651062,0,0,0
4635,0.8041294813156128,0.8041294813156128,0,0,0
4636,0.9191640615463257,0.9191640615463257,0,0,0
4637,1.280706524848938,1.280706524848938,0,0,0
4638,1.377490520477295,1.377490520477295,0,0,0
4639,0.7937260866165161,0.7937260866165161,0,0,0
4640,1.116058349609375,1.116058349609375,0,0,0
4641,1.0562772750854492,1.0562772750854492,0,0,0
4642,2.024205446243286,2.024205446243286,0,0,0
4643,0.6549321413040161,0.6549321413040161,0,0,0
4644,1.480032205581665,1.480032205581665,0,0,0
4645,0.7282800078392029,0.7282800078392029,0,0,0
4646,1.1819649934768677,1.1819649934768677,0,0,0
4647,0.937298595905304,0.937298595905304,0,0,0
4648,0.8080283403396606,0.8080283403396606,0,0,0
4649,1.7222601175308228,1.7222601175308228,0,0,0
4650,0.7227705121040344,0.7227705121040344,0,0,0
4651,0.9111831188201904,0.9111831188201904,0,0,0
4652,0.8697314262390137,0.8697314262390137,0,0,0
4653,0.8511355519294739,0.8511355519294739,0,0,0
4654,1.006998896598816,1.006998896598816,0,0,0
4655,1.0704033374786377,1.0704033374786377,0,0,0
4656,1.6607519388198853,1.6607519388198853,0,0,0
4657,1.000662088394165,1.000662088394165,0,0,0
4658,0.7068668007850647,0.7068668007850647,0,0,0
4659,1.510029673576355,1.510029673576355,0,0,0
4660,2.7695863246917725,2.7695863246917725,0,0,0
4661,1.269078254699707,1.269078254699707,0,0,0
4662,0.8714728355407715,0.8714728355407715,0,0,0
4663,1.4597253799438477,1.4597253799438477,0,0,0
4664,0.8976054191589355,0.8976054191589355,0,0,0
4665,0.8935343623161316,0.8935343623161316,0,0,0
4666,0.9451577663421631,0.9451577663421631,0,0,0
4667,1.8723336458206177,1.8723336458206177,0,0,0
4668,0.6412779688835144,0.6412779688835144,0,0,0
4669,1.1594432592391968,1.1594432592391968,0,0,0
4670,0.8131407499313354,0.8131407499313354,0,0,0
4671,1.5917084217071533,1.5917084217071533,0,0,0
4672,0.9544882774353027,0.9544882774353027,0,0,0
4673,0.8920333981513977,0.8920333981513977,0,0,0
4674,1.6327273845672607,1.6327273845672607,0,0,0
4675,1.4752249717712402,1.4752249717712402,0,0,0
4676,0.7254782915115356,0.7254782915115356,0,0,0
4677,1.4116206169128418,1.4116206169128418,0,0,0
4678,0.9694528579711914,0.9694528579711914,0,0,0
4679,0.9865421056747437,0.9865421056747437,0,0,0
4680,1.2478810548782349,1.2478810548782349,0,0,0
4681,0.9464887380599976,0.9464887380599976,0,0,0
4682,0.6911908388137817,0.6911908388137817,0,0,0
4683,0.6486878991127014,0.6486878991127014,0,0,0
4684,1.1976696252822876,1.1976696252822876,0,0,0
4685,1.5653693675994873,1.5653693675994873,0,0,0
4686,0.6546297073364258,0.6546297073364258,0,0,0
4687,1.2902323007583618,1.2902323007583618,0,0,0
4688,0.8085600733757019,0.8085600733757019,0,0,0
4689,0.818214476108551,0.818214476108551,0,0,0
4690,1.2177180051803589,1.2177180051803589,0,0,0
4691,0.7155241370201111,0.7155241370201111,0,0,0
4692,1.1154050827026367,1.1154050827026367,0,0,0
4693,0.7826666235923767,0.7826666235923767,0,0,0
4694,1.0470103025436401,1.0470103025436401,0,0,0
4695,0.8023236989974976,0.8023236989974976,0,0,0
4696,1.3919188976287842,1.3919188976287842,0,0,0
4697,0.9335715770721436,0.9335715770721436,0,0,0
4698,0.7725539803504944,0.7725539803504944,0,0,0
4699,0.6354910731315613,0.6354910731315613,0,0,0
4700,0.698962926864624,0.698962926864624,0,0,0
4701,1.9040530920028687,1.9040530920028687,0,0,0
4702,1.0764018297195435,1.0764018297195435,0,0,0
4703,0.7887470722198486,0.7887470722198486,0,0,0
4704,1.0588141679763794,1.0588141679763794,0,0,0
4705,0.8878296613693237,0.8878296613693237,0,0,0
4706,0.7156480550765991,0.7156480550765991,0,0,0
4707,0.9133090972900391,0.9133090972900391,0,0,0
4708,1.1529666185379028,1.1529666185379028,0,0,0
4709,1.0968830585479736,1.0968830585479736,0,0,0
4710,0.9363306760787964,0.9363306760787964,0,0,0
4711,0.6966024041175842,0.6966024041175842,0,0,0
4712,0.964368462562561,0.964368462562561,0,0,0
4713,0.7257677316665649,0.7257677316665649,0,0,0
4714,0.7598285675048828,0.7598285675048828,0,0,0
4715,0.941203236579895,0.941203236579895,0,0,0
4716,0.7982052564620972,0.7982052564620972,0,0,0
4717,0.9156521558761597,0.9156521558761597,0,0,0
4718,0.8460963368415833,0.8460963368415833,0,0,0
4719,1.0065611600875854,1.0065611600875854,0,0,0
4720,0.6379163861274719,0.6379163861274719,0,0,0
4721,1.1734521389007568,1.1734521389007568,0,0,0
4722,0.8489833474159241,0.8489833474159241,0,0,0
4723,1.2147690057754517,1.2147690057754517,0,0,0
4724,0.652538001537323,0.652538001537323,0,0,0
4725,0.847693920135498,0.847693920135498,0,0,0
4726,1.256278395652771,1.256278395652771,0,0,0
4727,1.3007255792617798,1.3007255792617798,0,0,0
4728,0.7629081010818481,0.7629081010818481,0,0,0
4729,0.6858072280883789,0.6858072280883789,0,0,0
4730,0.8151448369026184,0.8151448369026184,0,0,0
4731,0.8936533331871033,0.8936533331871033,0,0,0
4732,0.7694296836853027,0.7694296836853027,0,0,0
4733,0.8487215638160706,0.8487215638160706,0,0,0
4734,0.8286626935005188,0.8286626935005188,0,0,0
4735,0.7128574252128601,0.7128574252128601,0,0,0
4736,0.9096724390983582,0.9096724390983582,0,0,0
4737,0.9639213681221008,0.9639213681221008,0,0,0
4738,0.8987423777580261,0.8987423777580261,0,0,0
4739,1.734438419342041,1.734438419342041,0,0,0
4740,1.1785062551498413,1.1785062551498413,0,0,0
4741,0.6841109395027161,0.6841109395027161,0,0,0
4742,1.1179174184799194,1.1179174184799194,0,0,0
4743,0.9848973751068115,0.9848973751068115,0,0,0
4744,0.9395468235015869,0.9395468235015869,0,0,0
4745,0.9106481671333313,0.9106481671333313,0,0,0
4746,0.6524950861930847,0.6524950861930847,0,0,0
4747,1.0914044380187988,1.0914044380187988,0,0,0
4748,0.893968403339386,0.893968403339386,0,0,0
4749,0.831480860710144,0.831480860710144,0,0,0
4750,1.0734949111938477,1.0734949111938477,0,0,0
4751,0.7052739262580872,0.7052739262580872,0,0,0
4752,0.8531702756881714,0.8531702756881714,0,0,0
4753,0.941245973110199,0.941245973110199,0,0,0
4754,1.2323603630065918,1.2323603630065918,0,0,0
4755,0.6645569801330566,0.6645569801330566,0,0,0
4756,0.8990595936775208,0.8990595936775208,0,0,0
4757,2.3223702907562256,2.3223702907562256,0,0,0
4758,1.0646172761917114,1.0646172761917114,0,0,0
4759,0.7357865571975708,0.7357865571975708,0,0,0
4760,0.9068148732185364,0.9068148732185364,0,0,0
4761,1.8937615156173706,1.8937615156173706,0,0,0
4762,0.8252208232879639,0.8252208232879639,0,0,0
4763,0.636662483215332,0.636662483215332,0,0,0
4764,1.989395022392273,1.989395022392273,0,0,0
4765,0.769258975982666,0.769258975982666,0,0,0
4766,0.8478338122367859,0.8478338122367859,0,0,0
4767,0.7594292163848877,0.7594292163848877,0,0,0
4768,1.0445553064346313,1.0445553064346313,0,0,0
4769,0.9025959968566895,0.9025959968566895,0,0,0
4770,0.7576693892478943,0.7576693892478943,0,0,0
4771,1.9321354627609253,1.9321354627609253,0,0,0
4772,1.1022207736968994,1.1022207736968994,0,0,0
4773,1.1503350734710693,1.1503350734710693,0,0,0
4774,0.6733006834983826,0.6733006834983826,0,0,0
4775,1.4874770641326904,1.4874770641326904,0,0,0
4776,1.5295462608337402,1.5295462608337402,0,0,0
4777,1.1233152151107788,1.1233152151107788,0,0,0
4778,0.9262398481369019,0.9262398481369019,0,0,0
4779,1.352784514427185,1.352784514427185,0,0,0
4780,1.2673430442810059,1.2673430442810059,0,0,0
4781,0.9262287020683289,0.9262287020683289,0,0,0
4782,0.7140876054763794,0.7140876054763794,0,0,0
4783,0.9629005789756775,0.9629005789756775,0,0,0
4784,0.7409877181053162,0.7409877181053162,0,0,0
4785,0.7111810445785522,0.7111810445785522,0,0,0
4786,0.8020708560943604,0.8020708560943604,0,0,0
4787,0.7154015302658081,0.7154015302658081,0,0,0
4788,0.8457826375961304,0.8457826375961304,0,0,0
4789,0.9061963558197021,0.9061963558197021,0,0,0
4790,0.769366979598999,0.769366979598999,0,0,0
4791,1.085735559463501,1.085735559463501,0,0,0
4792,1.0390377044677734,1.0390377044677734,0,0,0
4793,0.9099823832511902,0.9099823832511902,0,0,0
4794,1.1897892951965332,1.1897892951965332,0,0,0
4795,1.8997341394424438,1.8997341394424438,0,0,0
4796,0.9001135230064392,0.9001135230064392,0,0,0
4797,0.8580649495124817,0.8580649495124817,0,0,0
4798,0.7060524821281433,0.7060524821281433,0,0,0
4799,0.6220308542251587,0.6220308542251587,0,0,0
4800,0.7791064381599426,0.7791064381599426,0,0,0
4801,0.6354096531867981,0.6354096531867981,0,0,0
4802,0.6128533482551575,0.6128533482551575,0,0,0
4803,0.8063876032829285,0.8063876032829285,0,0,0
4804,0.7401009202003479,0.7401009202003479,0,0,0
4805,0.6864100098609924,0.6864100098609924,0,0,0
4806,1.086000919342041,1.086000919342041,0,0,0
4807,1.51527738571167,1.51527738571167,0,0,0
4808,0.8108313083648682,0.8108313083648682,0,0,0
4809,0.8857626914978027,0.8857626914978027,0,0,0
4810,1.245177984237671,1.245177984237671,0,0,0
4811,0.9801139831542969,0.9801139831542969,0,0,0
4812,0.526121199131012,0.526121199131012,0,0,0
4813,0.7828658819198608,0.7828658819198608,0,0,0
4814,0.9988366365432739,0.9988366365432739,0,0,0
4815,0.8353782892227173,0.8353782892227173,0,0,0
4816,1.0310806035995483,1.0310806035995483,0,0,0
4817,0.9492435455322266,0.9492435455322266,0,0,0
4818,0.7354570627212524,0.7354570627212524,0,0,0
4819,1.0176565647125244,1.0176565647125244,0,0,0
4820,0.6833730936050415,0.6833730936050415,0,0,0
4821,0.8420436382293701,0.8420436382293701,0,0,0
4822,0.7383576035499573,0.7383576035499573,0,0,0
4823,0.99833083152771,0.99833083152771,0,0,0
4824,1.048307180404663,1.048307180404663,0,0,0
4825,1.0918903350830078,1.0918903350830078,0,0,0
4826,1.0498607158660889,1.0498607158660889,0,0,0
4827,0.6440293788909912,0.6440293788909912,0,0,0
4828,0.6858773231506348,0.6858773231506348,0,0,0
4829,0.8571691513061523,0.8571691513061523,0,0,0
4830,0.8410719633102417,0.8410719633102417,0,0,0
4831,1.2858291864395142,1.2858291864395142,0,0,0
4832,0.8368927836418152,0.8368927836418152,0,0,0
4833,0.8023227453231812,0.8023227453231812,0,0,0
4834,0.8852355480194092,0.8852355480194092,0,0,0
4835,0.9997111558914185,0.9997111558914185,0,0,0
4836,0.9530687928199768,0.9530687928199768,0,0,0
4837,0.7613879442214966,0.7613879442214966,0,0,0
4838,0.8570508360862732,0.8570508360862732,0,0,0
4839,0.8768951892852783,0.8768951892852783,0,0,0
4840,1.2618744373321533,1.2618744373321533,0,0,0
4841,0.8553657531738281,0.8553657531738281,0,0,0
4842,1.660826563835144,1.660826563835144,0,0,0
4843,0.8900503516197205,0.8900503516197205,0,0,0
4844,0.9363858103752136,0.9363858103752136,0,0,0
4845,0.9049953818321228,0.9049953818321228,0,0,0
4846,1.1791024208068848,1.1791024208068848,0,0,0
4847,1.1703747510910034,1.1703747510910034,0,0,0
4848,1.002001404762268,1.002001404762268,0,0,0
4849,0.8501527309417725,0.8501527309417725,0,0,0
4850,1.3320897817611694,1.3320897817611694,0,0,0
4851,0.8554876446723938,0.8554876446723938,0,0,0
4852,0.9933287501335144,0.9933287501335144,0,0,0
4853,1.055090069770813,1.055090069770813,0,0,0
4854,0.883686363697052,0.883686363697052,0,0,0
4855,0.9333008527755737,0.9333008527755737,0,0,0
4856,0.8131863474845886,0.8131863474845886,0,0,0
4857,0.7062581777572632,0.7062581777572632,0,0,0
4858,1.071394681930542,1.071394681930542,0,0,0
4859,0.7975717782974243,0.7975717782974243,0,0,0
4860,0.7278481721878052,0.7278481721878052,0,0,0
4861,0.6367877125740051,0.6367877125740051,0,0,0
4862,2.2470340728759766,2.2470340728759766,0,0,0
4863,0.6273950934410095,0.6273950934410095,0,0,0
4864,0.7668790817260742,0.7668790817260742,0,0,0
4865,0.7297016978263855,0.7297016978263855,0,0,0
4866,0.9380627870559692,0.9380627870559692,0,0,0
4867,0.678834855556488,0.678834855556488,0,0,0
4868,0.6148018836975098,0.6148018836975098,0,0,0
4869,1.001312494277954,1.001312494277954,0,0,0
4870,1.880935788154602,1.880935788154602,0,0,0
4871,0.8951024413108826,0.8951024413108826,0,0,0
4872,1.2736777067184448,1.2736777067184448,0,0,0
4873,0.5143793821334839,0.5143793821334839,0,0,0
4874,0.8306738138198853,0.8306738138198853,0,0,0
4875,1.8586366176605225,1.8586366176605225,0,0,0
4876,1.3881919384002686,1.3881919384002686,0,0,0
4877,0.5542734861373901,0.5542734861373901,0,0,0
4878,0.6864014267921448,0.6864014267921448,0,0,0
4879,0.7696492075920105,0.7696492075920105,0,0,0
4880,1.1401305198669434,1.1401305198669434,0,0,0
4881,1.3796321153640747,1.3796321153640747,0,0,0
4882,1.3166415691375732,1.3166415691375732,0,0,0
4883,1.0358047485351562,1.0358047485351562,0,0,0
4884,1.144860029220581,1.144860029220581,0,0,0
4885,0.6173873543739319,0.6173873543739319,0,0,0
4886,0.658247172832489,0.658247172832489,0,0,0
4887,1.2517204284667969,1.2517204284667969,0,0,0
4888,0.8326267004013062,0.8326267004013062,0,0,0
4889,0.8103786110877991,0.8103786110877991,0,0,0
4890,0.7890236377716064,0.7890236377716064,0,0,0
4891,0.6574159860610962,0.6574159860610962,0,0,0
4892,0.6252328753471375,0.6252328753471375,0,0,0
4893,0.7564546465873718,0.7564546465873718,0,0,0
4894,0.7131170630455017,0.7131170630455017,0,0,0
4895,1.0188586711883545,1.0188586711883545,0,0,0
4896,0.8984153270721436,0.8984153270721436,0,0,0
4897,0.9478433132171631,0.9478433132171631,0,0,0
4898,2.150169610977173,2.150169610977173,0,0,0
4899,0.9143286943435669,0.9143286943435669,0,0,0
4900,0.6006528735160828,0.6006528735160828,0,0,0
4901,0.6726104617118835,0.6726104617118835,0,0,0
4902,0.6127467155456543,0.6127467155456543,0,0,0
4903,0.7058064341545105,0.7058064341545105,0,0,0
4904,1.2513039112091064,1.2513039112091064,0,0,0
4905,0.7834160327911377,0.7834160327911377,0,0,0
4906,0.9751275181770325,0.9751275181770325,0,0,0
4907,0.6241870522499084,0.6241870522499084,0,0,0
4908,0.8442791700363159,0.8442791700363159,0,0,0
4909,0.8366671204566956,0.8366671204566956,0,0,0
4910,0.9609012007713318,0.9609012007713318,0,0,0
4911,0.8336756825447083,0.8336756825447083,0,0,0
4912,1.181830644607544,1.181830644607544,0,0,0
4913,1.0748353004455566,1.0748353004455566,0,0,0
4914,0.5119898319244385,0.5119898319244385,0,0,0
4915,0.8489950895309448,0.8489950895309448,0,0,0
4916,0.9676890969276428,0.9676890969276428,0,0,0
4917,0.8535639643669128,0.8535639643669128,0,0,0
4918,1.0486664772033691,1.0486664772033691,0,0,0
4919,0.971104085445404,0.971104085445404,0,0,0
4920,0.6958895921707153,0.6958895921707153,0,0,0
4921,0.8137344717979431,0.8137344717979431,0,0,0
4922,0.7248255610466003,0.7248255610466003,0,0,0
4923,0.9344568848609924,0.9344568848609924,0,0,0
4924,0.7103651762008667,0.7103651762008667,0,0,0
4925,0.8186714053153992,0.8186714053153992,0,0,0
4926,0.7753832340240479,0.7753832340240479,0,0,0
4927,1.1272261142730713,1.1272261142730713,0,0,0
4928,0.6362273097038269,0.6362273097038269,0,0,0
4929,0.9746848940849304,0.9746848940849304,0,0,0
4930,0.6397500038146973,0.6397500038146973,0,0,0
4931,1.199744462966919,1.199744462966919,0,0,0
4932,0.644774317741394,0.644774317741394,0,0,0
4933,0.7447834014892578,0.7447834014892578,0,0,0
4934,1.1428172588348389,1.1428172588348389,0,0,0
4935,0.673504650592804,0.673504650592804,0,0,0
4936,0.8936631679534912,0.8936631679534912,0,0,0
4937,0.6666936874389648,0.6666936874389648,0,0,0
4938,0.540324330329895,0.540324330329895,0,0,0
4939,0.6705443859100342,0.6705443859100342,0,0,0
4940,0.7095498442649841,0.7095498442649841,0,0,0
4941,1.0691038370132446,1.0691038370132446,0,0,0
4942,0.6170927286148071,0.6170927286148071,0,0,0
4943,0.9758545160293579,0.9758545160293579,0,0,0
4944,0.604352593421936,0.604352593421936,0,0,0
4945,0.6571579575538635,0.6571579575538635,0,0,0
4946,0.8465543985366821,0.8465543985366821,0,0,0
4947,0.6461055874824524,0.6461055874824524,0,0,0
4948,1.07362961769104,1.07362961769104,0,0,0
4949,0.8347423672676086,0.8347423672676086,0,0,0
4950,0.9109469652175903,0.9109469652175903,0,0,0
4951,0.717762291431427,0.717762291431427,0,0,0
4952,1.354629635810852,1.354629635810852,0,0,0
4953,0.6193007230758667,0.6193007230758667,0,0,0
4954,0.9674481749534607,0.9674481749534607,0,0,0
4955,0.9351590871810913,0.9351590871810913,0,0,0
4956,1.2037441730499268,1.2037441730499268,0,0,0
4957,0.7803190350532532,0.7803190350532532,0,0,0
4958,1.3140307664871216,1.3140307664871216,0,0,0
4959,0.626384973526001,0.626384973526001,0,0,0
4960,1.4204304218292236,1.4204304218292236,0,0,0
4961,0.7014094591140747,0.7014094591140747,0,0,0
4962,0.7241747975349426,0.7241747975349426,0,0,0
4963,0.7032957077026367,0.7032957077026367,0,0,0
4964,0.8935192227363586,0.8935192227363586,0,0,0
4965,1.8479255437850952,1.8479255437850952,0,0,0
4966,0.6845723390579224,0.6845723390579224,0,0,0
4967,0.8777298927307129,0.8777298927307129,0,0,0
4968,0.7822043895721436,0.7822043895721436,0,0,0
4969,0.6322329640388489,0.6322329640388489,0,0,0
4970,0.6927018761634827,0.6927018761634827,0,0,0
4971,1.2431966066360474,1.2431966066360474,0,0,0
4972,1.7860345840454102,1.7860345840454102,0,0,0
4973,1.0682200193405151,1.0682200193405151,0,0,0
4974,1.1179306507110596,1.1179306507110596,0,0,0
4975,0.6571379899978638,0.6571379899978638,0,0,0
4976,0.9273185729980469,0.9273185729980469,0,0,0
4977,0.8097968697547913,0.8097968697547913,0,0,0
4978,0.8430703282356262,0.8430703282356262,0,0,0
4979,0.6951280236244202,0.6951280236244202,0,0,0
4980,0.8899222612380981,0.8899222612380981,0,0,0
4981,0.7375871539115906,0.7375871539115906,0,0,0
4982,0.6217994689941406,0.6217994689941406,0,0,0
4983,0.6949637532234192,0.6949637532234192,0,0,0
4984,0.771013617515564,0.771013617515564,0,0,0
4985,0.8251205086708069,0.8251205086708069,0,0,0
4986,1.0357791185379028,1.0357791185379028,0,0,0
4987,0.6281265020370483,0.6281265020370483,0,0,0
4988,1.0814586877822876,1.0814586877822876,0,0,0
4989,0.6706165671348572,0.6706165671348572,0,0,0
4990,0.7297312617301941,0.7297312617301941,0,0,0
4991,0.7519632577896118,0.7519632577896118,0,0,0
4992,0.6280008554458618,0.6280008554458618,0,0,0
4993,1.0961005687713623,1.0961005687713623,0,0,0
4994,1.2968175411224365,1.2968175411224365,0,0,0
4995,0.7056661248207092,0.7056661248207092,0,0,0
4996,0.9044954776763916,0.9044954776763916,0,0,0
4997,1.425244688987732,1.425244688987732,0,0,0
4998,0.6751275658607483,0.6751275658607483,0,0,0
4999,0.7149806022644043,0.7149806022644043,0,0,0
5000,0.942710816860199,0.942710816860199,0,0,0
5001,0.764041006565094,0.764041006565094,0,0,0
5002,0.6973929405212402,0.6973929405212402,0,0,0
5003,0.5528556704521179,0.5528556704521179,0,0,0
5004,0.9371999502182007,0.9371999502182007,0,0,0
5005,0.6817320585250854,0.6817320585250854,0,0,0
5006,0.8057003021240234,0.8057003021240234,0,0,0
5007,0.5363972783088684,0.5363972783088684,0,0,0
5008,0.8455729484558105,0.8455729484558105,0,0,0
5009,0.6345120072364807,0.6345120072364807,0,0,0
5010,1.2509655952453613,1.2509655952453613,0,0,0
5011,0.6703035831451416,0.6703035831451416,0,0,0
5012,1.0905159711837769,1.0905159711837769,0,0,0
5013,0.5709406733512878,0.5709406733512878,0,0,0
5014,1.170906901359558,1.170906901359558,0,0,0
5015,0.5746324062347412,0.5746324062347412,0,0,0
5016,0.7918697595596313,0.7918697595596313,0,0,0
5017,0.5746817588806152,0.5746817588806152,0,0,0
5018,0.777992308139801,0.777992308139801,0,0,0
5019,0.7250310778617859,0.7250310778617859,0,0,0
5020,1.2947051525115967,1.2947051525115967,0,0,0
5021,0.9842011332511902,0.9842011332511902,0,0,0
5022,0.7195135354995728,0.7195135354995728,0,0,0
5023,0.5972230434417725,0.5972230434417725,0,0,0
5024,0.7790199518203735,0.7790199518203735,0,0,0
5025,1.320739507675171,1.320739507675171,0,0,0
5026,0.7859383821487427,0.7859383821487427,0,0,0
5027,0.5668181777000427,0.5668181777000427,0,0,0
5028,0.663933277130127,0.663933277130127,0,0,0
5029,0.6607878804206848,0.6607878804206848,0,0,0
5030,1.2746706008911133,1.2746706008911133,0,0,0
5031,0.897379994392395,0.897379994392395,0,0,0
5032,1.210066795349121,1.210066795349121,0,0,0
5033,0.5739032626152039,0.5739032626152039,0,0,0
5034,0.822393536567688,0.822393536567688,0,0,0
5035,0.9809227585792542,0.9809227585792542,0,0,0
5036,0.9800293445587158,0.9800293445587158,0,0,0
5037,0.5272984504699707,0.5272984504699707,0,0,0
5038,0.6772988438606262,0.6772988438606262,0,0,0
5039,0.5759334564208984,0.5759334564208984,0,0,0
5040,0.696925699710846,0.696925699710846,0,0,0
5041,0.6096524000167847,0.6096524000167847,0,0,0
5042,0.7130947709083557,0.7130947709083557,0,0,0
5043,0.6422750353813171,0.6422750353813171,0,0,0
5044,1.6092115640640259,1.6092115640640259,0,0,0
5045,0.6732426881790161,0.6732426881790161,0,0,0
5046,0.8369879722595215,0.8369879722595215,0,0,0
5047,0.6897547245025635,0.6897547245025635,0,0,0
5048,0.8636054396629333,0.8636054396629333,0,0,0
5049,0.6298373937606812,0.6298373937606812,0,0,0
5050,1.2247883081436157,1.2247883081436157,0,0,0
5051,0.6854678392410278,0.6854678392410278,0,0,0
5052,0.7370592355728149,0.7370592355728149,0,0,0
5053,1.5796653032302856,1.5796653032302856,0,0,0
5054,0.6377414464950562,0.6377414464950562,0,0,0
5055,1.0116490125656128,1.0116490125656128,0,0,0
5056,0.7561649084091187,0.7561649084091187,0,0,0
5057,0.7940400242805481,0.7940400242805481,0,0,0
5058,0.5932624340057373,0.5932624340057373,0,0,0
5059,0.6801966428756714,0.6801966428756714,0,0,0
5060,0.7337614297866821,0.7337614297866821,0,0,0
5061,0.8994905352592468,0.8994905352592468,0,0,0
5062,0.661000669002533,0.661000669002533,0,0,0
5063,0.7000340819358826,0.7000340819358826,0,0,0
5064,0.8499833345413208,0.8499833345413208,0,0,0
5065,0.6512609720230103,0.6512609720230103,0,0,0
5066,0.5425155162811279,0.5425155162811279,0,0,0
5067,0.7908827662467957,0.7908827662467957,0,0,0
5068,0.6839764714241028,0.6839764714241028,0,0,0
5069,0.5965056419372559,0.5965056419372559,0,0,0
5070,1.1147887706756592,1.1147887706756592,0,0,0
5071,1.3725357055664062,1.3725357055664062,0,0,0
5072,1.7997547388076782,1.7997547388076782,0,0,0
5073,1.007032036781311,1.007032036781311,0,0,0
5074,0.551932692527771,0.551932692527771,0,0,0
5075,1.0161471366882324,1.0161471366882324,0,0,0
5076,0.7076113820075989,0.7076113820075989,0,0,0
5077,0.8961830139160156,0.8961830139160156,0,0,0
5078,0.6219332218170166,0.6219332218170166,0,0,0
5079,1.238004446029663,1.238004446029663,0,0,0
5080,1.6173359155654907,1.6173359155654907,0,0,0
5081,0.6132172346115112,0.6132172346115112,0,0,0
5082,1.7319960594177246,1.7319960594177246,0,0,0
5083,1.3170791864395142,1.3170791864395142,0,0,0
5084,0.8343269228935242,0.8343269228935242,0,0,0
5085,0.9882687330245972,0.9882687330245972,0,0,0
5086,0.7769689559936523,0.7769689559936523,0,0,0
5087,0.5755627751350403,0.5755627751350403,0,0,0
5088,0.8396775126457214,0.8396775126457214,0,0,0
5089,0.849722146987915,0.849722146987915,0,0,0
5090,0.8350616097450256,0.8350616097450256,0,0,0
5091,0.6981702446937561,0.6981702446937561,0,0,0
5092,0.8900966644287109,0.8900966644287109,0,0,0
5093,0.6035569310188293,0.6035569310188293,0,0,0
5094,0.5119016766548157,0.5119016766548157,0,0,0
5095,0.8112643957138062,0.8112643957138062,0,0,0
5096,1.1961464881896973,1.1961464881896973,0,0,0
5097,1.184006690979004,1.184006690979004,0,0,0
5098,1.079943060874939,1.079943060874939,0,0,0
5099,0.6517099738121033,0.6517099738121033,0,0,0
5100,0.7218700051307678,0.7218700051307678,0,0,0
5101,0.778873860836029,0.778873860836029,0,0,0
5102,0.5770242214202881,0.5770242214202881,0,0,0
5103,0.8737573027610779,0.8737573027610779,0,0,0
5104,0.8270183205604553,0.8270183205604553,0,0,0
5105,0.6421974301338196,0.6421974301338196,0,0,0
5106,0.6551058888435364,0.6551058888435364,0,0,0
5107,0.8184810280799866,0.8184810280799866,0,0,0
5108,0.6955174207687378,0.6955174207687378,0,0,0
5109,1.0654311180114746,1.0654311180114746,0,0,0
5110,0.6679674386978149,0.6679674386978149,0,0,0
5111,0.5633333325386047,0.5633333325386047,0,0,0
5112,0.6217682957649231,0.6217682957649231,0,0,0
5113,0.8113794922828674,0.8113794922828674,0,0,0
5114,1.0685014724731445,1.0685014724731445,0,0,0
5115,0.841049313545227,0.841049313545227,0,0,0
5116,0.8507283926010132,0.8507283926010132,0,0,0
5117,0.9157416820526123,0.9157416820526123,0,0,0
5118,0.5068787336349487,0.5068787336349487,0,0,0
5119,0.6677598357200623,0.6677598357200623,0,0,0
5120,0.8093724846839905,0.8093724846839905,0,0,0
5121,0.9025343656539917,0.9025343656539917,0,0,0
5122,0.8183879256248474,0.8183879256248474,0,0,0
5123,0.7227197885513306,0.7227197885513306,0,0,0
5124,0.5783863067626953,0.5783863067626953,0,0,0
5125,0.6697868704795837,0.6697868704795837,0,0,0
5126,0.6671299338340759,0.6671299338340759,0,0,0
5127,0.7659576535224915,0.7659576535224915,0,0,0
5128,0.7009784579277039,0.7009784579277039,0,0,0
5129,0.7853782773017883,0.7853782773017883,0,0,0
5130,0.5291723012924194,0.5291723012924194,0,0,0
5131,0.8945109248161316,0.8945109248161316,0,0,0
5132,0.517797589302063,0.517797589302063,0,0,0
5133,0.6314157247543335,0.6314157247543335,0,0,0
5134,0.7175737023353577,0.7175737023353577,0,0,0
5135,0.8077588677406311,0.8077588677406311,0,0,0
5136,0.8266012668609619,0.8266012668609619,0,0,0
5137,1.0159690380096436,1.0159690380096436,0,0,0
5138,0.575609028339386,0.575609028339386,0,0,0
5139,0.7478459477424622,0.7478459477424622,0,0,0
5140,0.6095651388168335,0.6095651388168335,0,0,0
5141,1.0544555187225342,1.0544555187225342,0,0,0
5142,0.9532533288002014,0.9532533288002014,0,0,0
5143,0.9251915216445923,0.9251915216445923,0,0,0
5144,0.6401727795600891,0.6401727795600891,0,0,0
5145,0.8727935552597046,0.8727935552597046,0,0,0
5146,0.7391347885131836,0.7391347885131836,0,0,0
5147,0.5893769860267639,0.5893769860267639,0,0,0
5148,0.5970010161399841,0.5970010161399841,0,0,0
5149,0.6130765676498413,0.6130765676498413,0,0,0
5150,1.4512228965759277,1.4512228965759277,0,0,0
5151,1.3367656469345093,1.3367656469345093,0,0,0
5152,0.7113800644874573,0.7113800644874573,0,0,0
5153,0.6124947667121887,0.6124947667121887,0,0,0
5154,0.888677179813385,0.888677179813385,0,0,0
5155,0.5319854617118835,0.5319854617118835,0,0,0
5156,0.8537899255752563,0.8537899255752563,0,0,0
5157,0.8034310936927795,0.8034310936927795,0,0,0
5158,0.9325405955314636,0.9325405955314636,0,0,0
5159,0.5071237683296204,0.5071237683296204,0,0,0
5160,0.6764904856681824,0.6764904856681824,0,0,0
5161,0.7585446834564209,0.7585446834564209,0,0,0
5162,1.2064882516860962,1.2064882516860962,0,0,0
5163,0.8096067309379578,0.8096067309379578,0,0,0
5164,0.6559832096099854,0.6559832096099854,0,0,0
5165,0.744616687297821,0.744616687297821,0,0,0
5166,0.5304064750671387,0.5304064750671387,0,0,0
5167,0.5883137583732605,0.5883137583732605,0,0,0
5168,0.8321776986122131,0.8321776986122131,0,0,0
5169,0.540270984172821,0.540270984172821,0,0,0
5170,0.6829589009284973,0.6829589009284973,0,0,0
5171,0.8781629204750061,0.8781629204750061,0,0,0
5172,0.5771444439888,0.5771444439888,0,0,0
5173,0.6843832731246948,0.6843832731246948,0,0,0
5174,0.8398305773735046,0.8398305773735046,0,0,0
5175,0.8219289183616638,0.8219289183616638,0,0,0
5176,1.138741135597229,1.138741135597229,0,0,0
5177,0.6239961981773376,0.6239961981773376,0,0,0
5178,0.7062569260597229,0.7062569260597229,0,0,0
5179,1.147806167602539,1.147806167602539,0,0,0
5180,0.5940746665000916,0.5940746665000916,0,0,0
5181,0.5760601162910461,0.5760601162910461,0,0,0
5182,0.5987119078636169,0.5987119078636169,0,0,0
5183,0.8243920803070068,0.8243920803070068,0,0,0
5184,0.6985499858856201,0.6985499858856201,0,0,0
5185,0.629940927028656,0.629940927028656,0,0,0
5186,0.9673174619674683,0.9673174619674683,0,0,0
5187,0.5262029767036438,0.5262029767036438,0,0,0
5188,0.6405733227729797,0.6405733227729797,0,0,0
5189,0.7616066336631775,0.7616066336631775,0,0,0
5190,0.7402206063270569,0.7402206063270569,0,0,0
5191,0.7519094347953796,0.7519094347953796,0,0,0
5192,0.5897442102432251,0.5897442102432251,0,0,0
5193,0.8281742334365845,0.8281742334365845,0,0,0
5194,1.0473145246505737,1.0473145246505737,0,0,0
5195,1.080417513847351,1.080417513847351,0,0,0
5196,0.49009954929351807,0.49009954929351807,0,0,0
5197,0.6289606094360352,0.6289606094360352,0,0,0
5198,0.7969945073127747,0.7969945073127747,0,0,0
5199,0.7779751420021057,0.7779751420021057,0,0,0
5200,0.7257009148597717,0.7257009148597717,0,0,0
5201,0.7332577705383301,0.7332577705383301,0,0,0
5202,0.7729114294052124,0.7729114294052124,0,0,0
5203,0.5703316330909729,0.5703316330909729,0,0,0
5204,0.7778286337852478,0.7778286337852478,0,0,0
5205,0.5850647687911987,0.5850647687911987,0,0,0
5206,0.5682359337806702,0.5682359337806702,0,0,0
5207,0.6683477163314819,0.6683477163314819,0,0,0
5208,0.6829558610916138,0.6829558610916138,0,0,0
5209,0.664390504360199,0.664390504360199,0,0,0
5210,0.6615954637527466,0.6615954637527466,0,0,0
5211,0.6954551935195923,0.6954551935195923,0,0,0
5212,0.6742923259735107,0.6742923259735107,0,0,0
5213,0.746941089630127,0.746941089630127,0,0,0
5214,0.5421112775802612,0.5421112775802612,0,0,0
5215,0.8272734880447388,0.8272734880447388,0,0,0
5216,0.5149284601211548,0.5149284601211548,0,0,0
5217,0.9996204972267151,0.9996204972267151,0,0,0
5218,0.6905398964881897,0.6905398964881897,0,0,0
5219,1.5052831172943115,1.5052831172943115,0,0,0
5220,0.9769831895828247,0.9769831895828247,0,0,0
5221,0.6778488159179688,0.6778488159179688,0,0,0
5222,0.6149942278862,0.6149942278862,0,0,0
5223,0.6375611424446106,0.6375611424446106,0,0,0
5224,1.0967419147491455,1.0967419147491455,0,0,0
5225,1.6843829154968262,1.6843829154968262,0,0,0
5226,1.1737191677093506,1.1737191677093506,0,0,0
5227,0.5322849154472351,0.5322849154472351,0,0,0
5228,0.5937942862510681,0.5937942862510681,0,0,0
5229,1.016166090965271,1.016166090965271,0,0,0
5230,0.6786688566207886,0.6786688566207886,0,0,0
5231,1.0387260913848877,1.0387260913848877,0,0,0
5232,0.7906368374824524,0.7906368374824524,0,0,0
5233,0.6334599852561951,0.6334599852561951,0,0,0
5234,0.6427636742591858,0.6427636742591858,0,0,0
5235,1.4132726192474365,1.4132726192474365,0,0,0
5236,0.7671768069267273,0.7671768069267273,0,0,0
5237,0.7731980681419373,0.7731980681419373,0,0,0
5238,0.5712268352508545,0.5712268352508545,0,0,0
5239,0.7707958817481995,0.7707958817481995,0,0,0
5240,0.6349081993103027,0.6349081993103027,0,0,0
5241,0.7898823022842407,0.7898823022842407,0,0,0
5242,0.7921966910362244,0.7921966910362244,0,0,0
5243,0.9649925827980042,0.9649925827980042,0,0,0
5244,1.3324707746505737,1.3324707746505737,0,0,0
5245,0.49513816833496094,0.49513816833496094,0,0,0
5246,1.784798502922058,1.784798502922058,0,0,0
5247,0.5881140828132629,0.5881140828132629,0,0,0
5248,0.7055675983428955,0.7055675983428955,0,0,0
5249,0.721656084060669,0.721656084060669,0,0,0
5250,0.8590441942214966,0.8590441942214966,0,0,0
5251,0.5616956949234009,0.5616956949234009,0,0,0
5252,0.6723875999450684,0.6723875999450684,0,0,0
5253,0.5627765655517578,0.5627765655517578,0,0,0
5254,0.6340429782867432,0.6340429782867432,0,0,0
5255,0.6476391553878784,0.6476391553878784,0,0,0
5256,0.9894704818725586,0.9894704818725586,0,0,0
5257,0.6092791557312012,0.6092791557312012,0,0,0
5258,0.9198378324508667,0.9198378324508667,0,0,0
5259,1.0620921850204468,1.0620921850204468,0,0,0
5260,0.5949010848999023,0.5949010848999023,0,0,0
5261,0.5043309330940247,0.5043309330940247,0,0,0
5262,0.5930609107017517,0.5930609107017517,0,0,0
5263,0.5283302664756775,0.5283302664756775,0,0,0
5264,0.6534945964813232,0.6534945964813232,0,0,0
5265,0.885980486869812,0.885980486869812,0,0,0
5266,0.7388285398483276,0.7388285398483276,0,0,0
5267,0.7672440409660339,0.7672440409660339,0,0,0
5268,0.5943419933319092,0.5943419933319092,0,0,0
5269,0.5639790892601013,0.5639790892601013,0,0,0
5270,0.6857709288597107,0.6857709288597107,0,0,0
5271,0.8686004877090454,0.8686004877090454,0,0,0
5272,0.7005574703216553,0.7005574703216553,0,0,0
5273,0.5227512121200562,0.5227512121200562,0,0,0
5274,0.6036157011985779,0.6036157011985779,0,0,0
5275,0.5560401082038879,0.5560401082038879,0,0,0
5276,0.8302778005599976,0.8302778005599976,0,0,0
5277,0.5913324356079102,0.5913324356079102,0,0,0
5278,0.5983999371528625,0.5983999371528625,0,0,0
5279,1.3061096668243408,1.3061096668243408,0,0,0
5280,1.0868316888809204,1.0868316888809204,0,0,0
5281,0.7102808356285095,0.7102808356285095,0,0,0
5282,0.8068928122520447,0.8068928122520447,0,0,0
5283,0.7177842855453491,0.7177842855453491,0,0,0
5284,0.7812482118606567,0.7812482118606567,0,0,0
5285,0.65036940574646,0.65036940574646,0,0,0
5286,0.6332529783248901,0.6332529783248901,0,0,0
5287,0.5425361394882202,0.5425361394882202,0,0,0
5288,0.701313316822052,0.701313316822052,0,0,0
5289,0.8675745725631714,0.8675745725631714,0,0,0
5290,0.7541686296463013,0.7541686296463013,0,0,0
5291,0.7827761769294739,0.7827761769294739,0,0,0
5292,0.9241158366203308,0.9241158366203308,0,0,0
5293,0.5464284420013428,0.5464284420013428,0,0,0
5294,0.9668940305709839,0.9668940305709839,0,0,0
5295,0.6709040403366089,0.6709040403366089,0,0,0
5296,0.56253981590271,0.56253981590271,0,0,0
5297,1.1279571056365967,1.1279571056365967,0,0,0
5298,0.5356532335281372,0.5356532335281372,0,0,0
5299,0.9133108854293823,0.9133108854293823,0,0,0
5300,0.5034396648406982,0.5034396648406982,0,0,0
5301,0.7541118264198303,0.7541118264198303,0,0,0
5302,0.8377745747566223,0.8377745747566223,0,0,0
5303,0.7594063878059387,0.7594063878059387,0,0,0
5304,0.6774417757987976,0.6774417757987976,0,0,0
5305,0.6942984461784363,0.6942984461784363,0,0,0
5306,1.1864722967147827,1.1864722967147827,0,0,0
5307,0.9025756120681763,0.9025756120681763,0,0,0
5308,0.7107126116752625,0.7107126116752625,0,0,0
5309,0.7370646595954895,0.7370646595954895,0,0,0
5310,0.5617185831069946,0.5617185831069946,0,0,0
5311,0.49232348799705505,0.49232348799705505,0,0,0
5312,0.740479052066803,0.740479052066803,0,0,0
5313,0.8751867413520813,0.8751867413520813,0,0,0
5314,0.6106518507003784,0.6106518507003784,0,0,0
5315,0.55385822057724,0.55385822057724,0,0,0
5316,1.0636353492736816,1.0636353492736816,0,0,0
5317,0.6134588122367859,0.6134588122367859,0,0,0
5318,0.7749915719032288,0.7749915719032288,0,0,0
5319,0.8075812458992004,0.8075812458992004,0,0,0
5320,0.6302869319915771,0.6302869319915771,0,0,0
5321,0.5936191082000732,0.5936191082000732,0,0,0
5322,1.0301107168197632,1.0301107168197632,0,0,0
5323,0.8527660965919495,0.8527660965919495,0,0,0
5324,0.7119460105895996,0.7119460105895996,0,0,0
5325,0.6143948435783386,0.6143948435783386,0,0,0
5326,0.6854038834571838,0.6854038834571838,0,0,0
5327,0.812601625919342,0.812601625919342,0,0,0
5328,0.7310037612915039,0.7310037612915039,0,0,0
5329,0.6940212249755859,0.6940212249755859,0,0,0
5330,0.7496230602264404,0.7496230602264404,0,0,0
5331,1.3416067361831665,1.3416067361831665,0,0,0
5332,0.5592566728591919,0.5592566728591919,0,0,0
5333,0.7910884022712708,0.7910884022712708,0,0,0
5334,1.1394402980804443,1.1394402980804443,0,0,0
5335,0.6469172239303589,0.6469172239303589,0,0,0
5336,0.6502556204795837,0.6502556204795837,0,0,0
5337,0.7574219703674316,0.7574219703674316,0,0,0
5338,0.8960584402084351,0.8960584402084351,0,0,0
5339,1.067293405532837,1.067293405532837,0,0,0
5340,0.5579822659492493,0.5579822659492493,0,0,0
5341,0.8218810558319092,0.8218810558319092,0,0,0
5342,0.7346482872962952,0.7346482872962952,0,0,0
5343,0.6017009615898132,0.6017009615898132,0,0,0
5344,1.1680036783218384,1.1680036783218384,0,0,0
5345,0.4924776256084442,0.4924776256084442,0,0,0
5346,0.5692505240440369,0.5692505240440369,0,0,0
5347,1.8116317987442017,1.8116317987442017,0,0,0
5348,0.5142313838005066,0.5142313838005066,0,0,0
5349,0.6541371941566467,0.6541371941566467,0,0,0
5350,0.6703434586524963,0.6703434586524963,0,0,0
5351,0.5108292698860168,0.5108292698860168,0,0,0
5352,0.5640444755554199,0.5640444755554199,0,0,0
5353,0.8741425275802612,0.8741425275802612,0,0,0
5354,0.7858871817588806,0.7858871817588806,0,0,0
5355,0.5966629385948181,0.5966629385948181,0,0,0
5356,0.6040100455284119,0.6040100455284119,0,0,0
5357,0.789501965045929,0.789501965045929,0,0,0
5358,0.6995887756347656,0.6995887756347656,0,0,0
5359,2.0564465522766113,2.0564465522766113,0,0,0
5360,0.5169224143028259,0.5169224143028259,0,0,0
5361,1.433543086051941,1.433543086051941,0,0,0
5362,0.8650244474411011,0.8650244474411011,0,0,0
5363,0.8712734580039978,0.8712734580039978,0,0,0
5364,1.392128586769104,1.392128586769104,0,0,0
5365,1.0418498516082764,1.0418498516082764,0,0,0
5366,0.8106076717376709,0.8106076717376709,0,0,0
5367,0.792686402797699,0.792686402797699,0,0,0
5368,1.081864833831787,1.081864833831787,0,0,0
5369,0.43572601675987244,0.43572601675987244,0,0,0
5370,0.8141698837280273,0.8141698837280273,0,0,0
5371,0.6703948974609375,0.6703948974609375,0,0,0
5372,0.5471256375312805,0.5471256375312805,0,0,0
5373,0.6507549285888672,0.6507549285888672,0,0,0
5374,0.5931247472763062,0.5931247472763062,0,0,0
5375,0.6547659039497375,0.6547659039497375,0,0,0
5376,0.7654618620872498,0.7654618620872498,0,0,0
5377,0.6849460005760193,0.6849460005760193,0,0,0
5378,0.9643270373344421,0.9643270373344421,0,0,0
5379,1.1663075685501099,1.1663075685501099,0,0,0
5380,0.8079978823661804,0.8079978823661804,0,0,0
5381,0.7787682414054871,0.7787682414054871,0,0,0
5382,0.574475109577179,0.574475109577179,0,0,0
5383,0.5575606226921082,0.5575606226921082,0,0,0
5384,0.6323374509811401,0.6323374509811401,0,0,0
5385,0.7015408873558044,0.7015408873558044,0,0,0
5386,0.5144493579864502,0.5144493579864502,0,0,0
5387,0.6923526525497437,0.6923526525497437,0,0,0
5388,0.7223716974258423,0.7223716974258423,0,0,0
5389,3.0211801528930664,3.0211801528930664,0,0,0
5390,0.740064799785614,0.740064799785614,0,0,0
5391,0.8681449294090271,0.8681449294090271,0,0,0
5392,0.46795424818992615,0.46795424818992615,0,0,0
5393,0.451229065656662,0.451229065656662,0,0,0
5394,0.5308029055595398,0.5308029055595398,0,0,0
5395,0.6444006562232971,0.6444006562232971,0,0,0
5396,1.0923258066177368,1.0923258066177368,0,0,0
5397,0.7633185386657715,0.7633185386657715,0,0,0
5398,0.5678858757019043,0.5678858757019043,0,0,0
5399,0.8420845866203308,0.8420845866203308,0,0,0
5400,0.5314739346504211,0.5314739346504211,0,0,0
5401,0.5675080418586731,0.5675080418586731,0,0,0
5402,0.49345165491104126,0.49345165491104126,0,0,0
5403,0.9305222034454346,0.9305222034454346,0,0,0
5404,0.7536342740058899,0.7536342740058899,0,0,0
5405,0.5324966311454773,0.5324966311454773,0,0,0
5406,0.5002930164337158,0.5002930164337158,0,0,0
5407,0.7299593091011047,0.7299593091011047,0,0,0
5408,1.0051747560501099,1.0051747560501099,0,0,0
5409,0.8182602524757385,0.8182602524757385,0,0,0
5410,0.560441792011261,0.560441792011261,0,0,0
5411,0.6316535472869873,0.6316535472869873,0,0,0
5412,0.6550676822662354,0.6550676822662354,0,0,0
5413,0.44777780771255493,0.44777780771255493,0,0,0
5414,0.5114038586616516,0.5114038586616516,0,0,0
5415,0.8401722311973572,0.8401722311973572,0,0,0
5416,0.5336499214172363,0.5336499214172363,0,0,0
5417,0.44146400690078735,0.44146400690078735,0,0,0
5418,0.8816018104553223,0.8816018104553223,0,0,0
5419,0.5845109820365906,0.5845109820365906,0,0,0
5420,0.8543311953544617,0.8543311953544617,0,0,0
5421,1.158963918685913,1.158963918685913,0,0,0
5422,0.6969993710517883,0.6969993710517883,0,0,0
5423,0.6421754360198975,0.6421754360198975,0,0,0
5424,0.8964185118675232,0.8964185118675232,0,0,0
5425,0.867438018321991,0.867438018321991,0,0,0
5426,0.4959823191165924,0.4959823191165924,0,0,0
5427,1.1564604043960571,1.1564604043960571,0,0,0
5428,0.6252331137657166,0.6252331137657166,0,0,0
5429,0.8829055428504944,0.8829055428504944,0,0,0
5430,0.5882212519645691,0.5882212519645691,0,0,0
5431,0.7129989266395569,0.7129989266395569,0,0,0
5432,0.7067193388938904,0.7067193388938904,0,0,0
5433,0.7635355591773987,0.7635355591773987,0,0,0
5434,0.504889965057373,0.504889965057373,0,0,0
5435,0.6496495008468628,0.6496495008468628,0,0,0
5436,0.722564160823822,0.722564160823822,0,0,0
5437,0.6153295040130615,0.6153295040130615,0,0,0
5438,0.6988943815231323,0.6988943815231323,0,0,0
5439,0.6633714437484741,0.6633714437484741,0,0,0
5440,0.5384946465492249,0.5384946465492249,0,0,0
5441,0.7407939434051514,0.7407939434051514,0,0,0
5442,0.7490489482879639,0.7490489482879639,0,0,0
5443,0.5464160442352295,0.5464160442352295,0,0,0
5444,0.672165036201477,0.672165036201477,0,0,0
5445,0.7024442553520203,0.7024442553520203,0,0,0
5446,0.5987580418586731,0.5987580418586731,0,0,0
5447,0.5824581384658813,0.5824581384658813,0,0,0
5448,0.5737363696098328,0.5737363696098328,0,0,0
5449,1.4011529684066772,1.4011529684066772,0,0,0
5450,0.6463012099266052,0.6463012099266052,0,0,0
5451,0.49538454413414,0.49538454413414,0,0,0
5452,0.691985547542572,0.691985547542572,0,0,0
5453,0.7907325625419617,0.7907325625419617,0,0,0
5454,1.0981457233428955,1.0981457233428955,0,0,0
5455,0.6468714475631714,0.6468714475631714,0,0,0
5456,1.1327869892120361,1.1327869892120361,0,0,0
5457,0.7418262362480164,0.7418262362480164,0,0,0
5458,0.5462279319763184,0.5462279319763184,0,0,0
5459,0.7203778624534607,0.7203778624534607,0,0,0
5460,0.6116461157798767,0.6116461157798767,0,0,0
5461,0.8799819350242615,0.8799819350242615,0,0,0
5462,0.9109088778495789,0.9109088778495789,0,0,0
5463,0.596126139163971,0.596126139163971,0,0,0
5464,0.513914167881012,0.513914167881012,0,0,0
5465,0.6804739832878113,0.6804739832878113,0,0,0
5466,0.7290559411048889,0.7290559411048889,0,0,0
5467,0.582817554473877,0.582817554473877,0,0,0
5468,0.7544674873352051,0.7544674873352051,0,0,0
5469,0.5457306504249573,0.5457306504249573,0,0,0
5470,0.8146506547927856,0.8146506547927856,0,0,0
5471,0.44984278082847595,0.44984278082847595,0,0,0
5472,0.7593162059783936,0.7593162059783936,0,0,0
5473,0.5546398162841797,0.5546398162841797,0,0,0
5474,0.7527410984039307,0.7527410984039307,0,0,0
5475,0.7934826612472534,0.7934826612472534,0,0,0
5476,0.7902434468269348,0.7902434468269348,0,0,0
5477,0.6832522749900818,0.6832522749900818,0,0,0
5478,0.504104733467102,0.504104733467102,0,0,0
5479,0.5730332136154175,0.5730332136154175,0,0,0
5480,0.6501119136810303,0.6501119136810303,0,0,0
5481,0.5541724562644958,0.5541724562644958,0,0,0
5482,0.6691122055053711,0.6691122055053711,0,0,0
5483,1.6790188550949097,1.6790188550949097,0,0,0
5484,0.6379069089889526,0.6379069089889526,0,0,0
5485,0.7151488661766052,0.7151488661766052,0,0,0
5486,0.5440957546234131,0.5440957546234131,0,0,0
5487,0.7664018273353577,0.7664018273353577,0,0,0
5488,0.6697403192520142,0.6697403192520142,0,0,0
5489,0.6054191589355469,0.6054191589355469,0,0,0
5490,0.672889769077301,0.672889769077301,0,0,0
5491,0.5257218480110168,0.5257218480110168,0,0,0
5492,0.6701364517211914,0.6701364517211914,0,0,0
5493,0.6628422141075134,0.6628422141075134,0,0,0
5494,0.5268213152885437,0.5268213152885437,0,0,0
5495,0.5593406558036804,0.5593406558036804,0,0,0
5496,0.8818733096122742,0.8818733096122742,0,0,0
5497,0.5740498304367065,0.5740498304367065,0,0,0
5498,0.5982315540313721,0.5982315540313721,0,0,0
5499,0.5722675323486328,0.5722675323486328,0,0,0
5500,0.7622398138046265,0.7622398138046265,0,0,0
5501,0.8236158490180969,0.8236158490180969,0,0,0
5502,1.2682217359542847,1.2682217359542847,0,0,0
5503,0.5757594704627991,0.5757594704627991,0,0,0
5504,1.3172141313552856,1.3172141313552856,0,0,0
5505,1.3899325132369995,1.3899325132369995,0,0,0
5506,1.128872275352478,1.128872275352478,0,0,0
5507,0.7864232659339905,0.7864232659339905,0,0,0
5508,0.6063355207443237,0.6063355207443237,0,0,0
5509,0.5306627154350281,0.5306627154350281,0,0,0
5510,0.5623117089271545,0.5623117089271545,0,0,0
5511,0.656827449798584,0.656827449798584,0,0,0
5512,0.677703320980072,0.677703320980072,0,0,0
5513,0.7821466326713562,0.7821466326713562,0,0,0
5514,0.5461161136627197,0.5461161136627197,0,0,0
5515,0.9589917659759521,0.9589917659759521,0,0,0
5516,0.43135491013526917,0.43135491013526917,0,0,0
5517,0.48287785053253174,0.48287785053253174,0,0,0
5518,0.7555435299873352,0.7555435299873352,0,0,0
5519,0.6206251382827759,0.6206251382827759,0,0,0
5520,0.6264533400535583,0.6264533400535583,0,0,0
5521,0.7034724354743958,0.7034724354743958,0,0,0
5522,0.6188706159591675,0.6188706159591675,0,0,0
5523,0.9383472800254822,0.9383472800254822,0,0,0
5524,0.6704439520835876,0.6704439520835876,0,0,0
5525,0.7201682329177856,0.7201682329177856,0,0,0
5526,0.5942540168762207,0.5942540168762207,0,0,0
5527,0.5565897226333618,0.5565897226333618,0,0,0
5528,0.9544889330863953,0.9544889330863953,0,0,0
5529,0.5334434509277344,0.5334434509277344,0,0,0
5530,0.9478378891944885,0.9478378891944885,0,0,0
5531,0.814281165599823,0.814281165599823,0,0,0
5532,0.864810585975647,0.864810585975647,0,0,0
5533,0.6367771029472351,0.6367771029472351,0,0,0
5534,0.5221470594406128,0.5221470594406128,0,0,0
5535,0.5774859189987183,0.5774859189987183,0,0,0
5536,0.5482296943664551,0.5482296943664551,0,0,0
5537,0.6920064091682434,0.6920064091682434,0,0,0
5538,0.5373507738113403,0.5373507738113403,0,0,0
5539,0.675240159034729,0.675240159034729,0,0,0
5540,0.6121394634246826,0.6121394634246826,0,0,0
5541,0.6472426056861877,0.6472426056861877,0,0,0
5542,0.8988852500915527,0.8988852500915527,0,0,0
5543,0.4790654480457306,0.4790654480457306,0,0,0
5544,0.9079466462135315,0.9079466462135315,0,0,0
5545,0.9405707716941833,0.9405707716941833,0,0,0
5546,0.4766824245452881,0.4766824245452881,0,0,0
5547,0.5132849812507629,0.5132849812507629,0,0,0
5548,1.087249994277954,1.087249994277954,0,0,0
5549,0.5970396399497986,0.5970396399497986,0,0,0
5550,0.5582041144371033,0.5582041144371033,0,0,0
5551,0.5214457511901855,0.5214457511901855,0,0,0
5552,1.1940494775772095,1.1940494775772095,0,0,0
5553,0.556430995464325,0.556430995464325,0,0,0
5554,0.6104611158370972,0.6104611158370972,0,0,0
5555,0.6341363191604614,0.6341363191604614,0,0,0
5556,0.6060203313827515,0.6060203313827515,0,0,0
5557,0.676591694355011,0.676591694355011,0,0,0
5558,0.5661805868148804,0.5661805868148804,0,0,0
5559,0.4399034082889557,0.4399034082889557,0,0,0
5560,0.6752581000328064,0.6752581000328064,0,0,0
5561,0.5181113481521606,0.5181113481521606,0,0,0
5562,1.7016451358795166,1.7016451358795166,0,0,0
5563,1.5918467044830322,1.5918467044830322,0,0,0
5564,0.5911648869514465,0.5911648869514465,0,0,0
5565,0.5483031868934631,0.5483031868934631,0,0,0
5566,0.7473608255386353,0.7473608255386353,0,0,0
5567,0.7661350965499878,0.7661350965499878,0,0,0
5568,0.8552282452583313,0.8552282452583313,0,0,0
5569,0.5950102806091309,0.5950102806091309,0,0,0
5570,0.647380530834198,0.647380530834198,0,0,0
5571,0.5904282331466675,0.5904282331466675,0,0,0
5572,0.655957818031311,0.655957818031311,0,0,0
5573,0.5993915796279907,0.5993915796279907,0,0,0
5574,0.4930218756198883,0.4930218756198883,0,0,0
5575,0.5859566926956177,0.5859566926956177,0,0,0
5576,0.6742003560066223,0.6742003560066223,0,0,0
5577,0.5480899810791016,0.5480899810791016,0,0,0
5578,0.7057492136955261,0.7057492136955261,0,0,0
5579,0.5892490148544312,0.5892490148544312,0,0,0
5580,0.7804662585258484,0.7804662585258484,0,0,0
5581,0.6293396353721619,0.6293396353721619,0,0,0
5582,0.4017271101474762,0.4017271101474762,0,0,0
5583,0.578754723072052,0.578754723072052,0,0,0
5584,0.5924822092056274,0.5924822092056274,0,0,0
5585,0.6257421374320984,0.6257421374320984,0,0,0
5586,0.6239592432975769,0.6239592432975769,0,0,0
5587,0.8957188129425049,0.8957188129425049,0,0,0
5588,0.5350998640060425,0.5350998640060425,0,0,0
5589,0.7291141748428345,0.7291141748428345,0,0,0
5590,0.572281539440155,0.572281539440155,0,0,0
5591,0.599039614200592,0.599039614200592,0,0,0
5592,0.8145715594291687,0.8145715594291687,0,0,0
5593,0.511105477809906,0.511105477809906,0,0,0
5594,0.6059890985488892,0.6059890985488892,0,0,0
5595,1.1071751117706299,1.1071751117706299,0,0,0
5596,0.670032262802124,0.670032262802124,0,0,0
5597,0.605073094367981,0.605073094367981,0,0,0
5598,0.65607088804245,0.65607088804245,0,0,0
5599,0.5201292037963867,0.5201292037963867,0,0,0
5600,0.8127369284629822,0.8127369284629822,0,0,0
5601,0.9664286375045776,0.9664286375045776,0,0,0
5602,1.1625831127166748,1.1625831127166748,0,0,0
5603,0.47314518690109253,0.47314518690109253,0,0,0
5604,0.762807309627533,0.762807309627533,0,0,0
5605,0.5939298272132874,0.5939298272132874,0,0,0
5606,0.4642648696899414,0.4642648696899414,0,0,0
5607,0.724124014377594,0.724124014377594,0,0,0
5608,0.7230973243713379,0.7230973243713379,0,0,0
5609,0.4501284956932068,0.4501284956932068,0,0,0
5610,0.41352877020835876,0.41352877020835876,0,0,0
5611,0.9033142924308777,0.9033142924308777,0,0,0
5612,0.6724573969841003,0.6724573969841003,0,0,0
5613,0.4853074252605438,0.4853074252605438,0,0,0
5614,0.5318147540092468,0.5318147540092468,0,0,0
5615,0.6552432179450989,0.6552432179450989,0,0,0
5616,0.639729917049408,0.639729917049408,0,0,0
5617,0.7335349917411804,0.7335349917411804,0,0,0
5618,0.9095629453659058,0.9095629453659058,0,0,0
5619,0.4390505254268646,0.4390505254268646,0,0,0
5620,0.725706934928894,0.725706934928894,0,0,0
5621,2.0718605518341064,2.0718605518341064,0,0,0
5622,0.5039612650871277,0.5039612650871277,0,0,0
5623,0.47411322593688965,0.47411322593688965,0,0,0
5624,0.4874691665172577,0.4874691665172577,0,0,0
5625,0.5638420581817627,0.5638420581817627,0,0,0
5626,0.6818284392356873,0.6818284392356873,0,0,0
5627,0.7407982349395752,0.7407982349395752,0,0,0
5628,0.7056716680526733,0.7056716680526733,0,0,0
5629,0.5180018544197083,0.5180018544197083,0,0,0
5630,0.5146262645721436,0.5146262645721436,0,0,0
5631,0.9403241872787476,0.9403241872787476,0,0,0
5632,0.7411479949951172,0.7411479949951172,0,0,0
5633,0.7097456455230713,0.7097456455230713,0,0,0
5634,0.5961405634880066,0.5961405634880066,0,0,0
5635,0.7077792882919312,0.7077792882919312,0,0,0
5636,0.4927865266799927,0.4927865266799927,0,0,0
5637,0.5338143706321716,0.5338143706321716,0,0,0
5638,0.924567461013794,0.924567461013794,0,0,0
5639,0.4303067922592163,0.4303067922592163,0,0,0
5640,0.7020460963249207,0.7020460963249207,0,0,0
5641,0.461773544549942,0.461773544549942,0,0,0
5642,0.5862941741943359,0.5862941741943359,0,0,0
5643,0.7155139446258545,0.7155139446258545,0,0,0
5644,0.5453107953071594,0.5453107953071594,0,0,0
5645,0.6529293656349182,0.6529293656349182,0,0,0
5646,0.5595850348472595,0.5595850348472595,0,0,0
5647,0.5936189889907837,0.5936189889907837,0,0,0
5648,0.6109307408332825,0.6109307408332825,0,0,0
5649,0.5690022110939026,0.5690022110939026,0,0,0
5650,0.5704450011253357,0.5704450011253357,0,0,0
5651,0.41223645210266113,0.41223645210266113,0,0,0
5652,0.6968145966529846,0.6968145966529846,0,0,0
5653,0.4881609380245209,0.4881609380245209,0,0,0
5654,0.6172279119491577,0.6172279119491577,0,0,0
5655,0.5703195333480835,0.5703195333480835,0,0,0
5656,0.8448565006256104,0.8448565006256104,0,0,0
5657,0.6001929640769958,0.6001929640769958,0,0,0
5658,1.1268216371536255,1.1268216371536255,0,0,0
5659,0.5801990032196045,0.5801990032196045,0,0,0
5660,0.6800944209098816,0.6800944209098816,0,0,0
5661,0.7488232851028442,0.7488232851028442,0,0,0
5662,0.46749651432037354,0.46749651432037354,0,0,0
5663,0.6138905882835388,0.6138905882835388,0,0,0
5664,0.9899327158927917,0.9899327158927917,0,0,0
5665,0.702307939529419,0.702307939529419,0,0,0
5666,0.8648236393928528,0.8648236393928528,0,0,0
5667,0.6570737957954407,0.6570737957954407,0,0,0
5668,0.5956434607505798,0.5956434607505798,0,0,0
5669,0.4088129699230194,0.4088129699230194,0,0,0
5670,0.5662716627120972,0.5662716627120972,0,0,0
5671,0.7385937571525574,0.7385937571525574,0,0,0
5672,0.48815539479255676,0.48815539479255676,0,0,0
5673,0.5440614819526672,0.5440614819526672,0,0,0
5674,0.7542206048965454,0.7542206048965454,0,0,0
5675,0.5800118446350098,0.5800118446350098,0,0,0
5676,0.4277402460575104,0.4277402460575104,0,0,0
5677,0.6166117787361145,0.6166117787361145,0,0,0
5678,0.4791160523891449,0.4791160523891449,0,0,0
5679,0.7978302240371704,0.7978302240371704,0,0,0
5680,0.5944617986679077,0.5944617986679077,0,0,0
5681,0.9771506190299988,0.9771506190299988,0,0,0
5682,0.4502377510070801,0.4502377510070801,0,0,0
5683,0.5249634981155396,0.5249634981155396,0,0,0
5684,0.43267273902893066,0.43267273902893066,0,0,0
5685,1.2960718870162964,1.2960718870162964,0,0,0
5686,0.5246300101280212,0.5246300101280212,0,0,0
5687,0.4346576929092407,0.4346576929092407,0,0,0
5688,0.525734007358551,0.525734007358551,0,0,0
5689,0.5242867469787598,0.5242867469787598,0,0,0
5690,0.5155113339424133,0.5155113339424133,0,0,0
5691,0.5059727430343628,0.5059727430343628,0,0,0
5692,0.7704939842224121,0.7704939842224121,0,0,0
5693,1.0000334978103638,1.0000334978103638,0,0,0
5694,0.5709145665168762,0.5709145665168762,0,0,0
5695,0.572242796421051,0.572242796421051,0,0,0
5696,0.5463030934333801,0.5463030934333801,0,0,0
5697,0.8551326990127563,0.8551326990127563,0,0,0
5698,0.5420785546302795,0.5420785546302795,0,0,0
5699,0.795560359954834,0.795560359954834,0,0,0
5700,0.41519472002983093,0.41519472002983093,0,0,0
5701,0.6780995726585388,0.6780995726585388,0,0,0
5702,1.2841242551803589,1.2841242551803589,0,0,0
5703,1.4279180765151978,1.4279180765151978,0,0,0
5704,0.7870720624923706,0.7870720624923706,0,0,0
5705,0.656663715839386,0.656663715839386,0,0,0
5706,0.6226513385772705,0.6226513385772705,0,0,0
5707,0.7831687331199646,0.7831687331199646,0,0,0
5708,0.49181732535362244,0.49181732535362244,0,0,0
5709,0.6799835562705994,0.6799835562705994,0,0,0
5710,0.47032368183135986,0.47032368183135986,0,0,0
5711,0.5608228445053101,0.5608228445053101,0,0,0
5712,0.5317846536636353,0.5317846536636353,0,0,0
5713,0.481891393661499,0.481891393661499,0,0,0
5714,0.6375032067298889,0.6375032067298889,0,0,0
5715,0.5409188270568848,0.5409188270568848,0,0,0
5716,1.1883947849273682,1.1883947849273682,0,0,0
5717,0.5394713282585144,0.5394713282585144,0,0,0
5718,0.7087490558624268,0.7087490558624268,0,0,0
5719,0.6854985952377319,0.6854985952377319,0,0,0
5720,0.6915053725242615,0.6915053725242615,0,0,0
5721,0.5353884100914001,0.5353884100914001,0,0,0
5722,0.601265549659729,0.601265549659729,0,0,0
5723,1.6310486793518066,1.6310486793518066,0,0,0
5724,0.4849711060523987,0.4849711060523987,0,0,0
5725,0.48219814896583557,0.48219814896583557,0,0,0
5726,0.5621232986450195,0.5621232986450195,0,0,0
5727,0.6070280075073242,0.6070280075073242,0,0,0
5728,0.5083334445953369,0.5083334445953369,0,0,0
5729,0.7302305698394775,0.7302305698394775,0,0,0
5730,0.5430511832237244,0.5430511832237244,0,0,0
5731,0.7525637745857239,0.7525637745857239,0,0,0
5732,0.49308034777641296,0.49308034777641296,0,0,0
5733,0.6444719433784485,0.6444719433784485,0,0,0
5734,0.5025830268859863,0.5025830268859863,0,0,0
5735,0.8126288652420044,0.8126288652420044,0,0,0
5736,0.7017456889152527,0.7017456889152527,0,0,0
5737,0.5524000525474548,0.5524000525474548,0,0,0
5738,0.720362663269043,0.720362663269043,0,0,0
5739,0.4864737391471863,0.4864737391471863,0,0,0
5740,0.69339519739151,0.69339519739151,0,0,0
5741,0.40292805433273315,0.40292805433273315,0,0,0
5742,0.9914716482162476,0.9914716482162476,0,0,0
5743,0.8117009997367859,0.8117009997367859,0,0,0
5744,0.5913809537887573,0.5913809537887573,0,0,0
5745,0.45432353019714355,0.45432353019714355,0,0,0
5746,0.48294633626937866,0.48294633626937866,0,0,0
5747,0.47327885031700134,0.47327885031700134,0,0,0
5748,0.7135947346687317,0.7135947346687317,0,0,0
5749,0.5632948279380798,0.5632948279380798,0,0,0
5750,1.2529038190841675,1.2529038190841675,0,0,0
5751,0.49087199568748474,0.49087199568748474,0,0,0
5752,0.5026119947433472,0.5026119947433472,0,0,0
5753,0.5105381011962891,0.5105381011962891,0,0,0
5754,0.5707119107246399,0.5707119107246399,0,0,0
5755,0.5683361291885376,0.5683361291885376,0,0,0
5756,0.4684372544288635,0.4684372544288635,0,0,0
5757,0.461251437664032,0.461251437664032,0,0,0
5758,0.4739726185798645,0.4739726185798645,0,0,0
5759,0.48660174012184143,0.48660174012184143,0,0,0
5760,0.5068424940109253,0.5068424940109253,0,0,0
5761,0.5664998888969421,0.5664998888969421,0,0,0
5762,0.5490232110023499,0.5490232110023499,0,0,0
5763,0.5473816394805908,0.5473816394805908,0,0,0
5764,0.4836081862449646,0.4836081862449646,0,0,0
5765,0.46447649598121643,0.46447649598121643,0,0,0
5766,0.6744526028633118,0.6744526028633118,0,0,0
5767,1.1532104015350342,1.1532104015350342,0,0,0
5768,0.4998418390750885,0.4998418390750885,0,0,0
5769,0.5071831941604614,0.5071831941604614,0,0,0
5770,0.6054868698120117,0.6054868698120117,0,0,0
5771,0.4815232455730438,0.4815232455730438,0,0,0
5772,0.6705513000488281,0.6705513000488281,0,0,0
5773,0.5303499102592468,0.5303499102592468,0,0,0
5774,0.3934294581413269,0.3934294581413269,0,0,0
5775,0.5747487545013428,0.5747487545013428,0,0,0
5776,0.5350211262702942,0.5350211262702942,0,0,0
5777,0.6839116811752319,0.6839116811752319,0,0,0
5778,0.47378042340278625,0.47378042340278625,0,0,0
5779,0.5885875225067139,0.5885875225067139,0,0,0
5780,0.5668039917945862,0.5668039917945862,0,0,0
5781,0.7256581783294678,0.7256581783294678,0,0,0
5782,0.5948253870010376,0.5948253870010376,0,0,0
5783,0.6851425766944885,0.6851425766944885,0,0,0
5784,0.475039541721344,0.475039541721344,0,0,0
5785,0.3884335458278656,0.3884335458278656,0,0,0
5786,0.5719373822212219,0.5719373822212219,0,0,0
5787,0.6512148976325989,0.6512148976325989,0,0,0
5788,0.5460594892501831,0.5460594892501831,0,0,0
5789,0.4824233651161194,0.4824233651161194,0,0,0
5790,0.5676670074462891,0.5676670074462891,0,0,0
5791,0.3828889727592468,0.3828889727592468,0,0,0
5792,0.4839652180671692,0.4839652180671692,0,0,0
5793,0.47578030824661255,0.47578030824661255,0,0,0
5794,0.621207594871521,0.621207594871521,0,0,0
5795,0.38942745327949524,0.38942745327949524,0,0,0
5796,0.5388201475143433,0.5388201475143433,0,0,0
5797,0.5318409204483032,0.5318409204483032,0,0,0
5798,0.4742206931114197,0.4742206931114197,0,0,0
5799,0.769414484500885,0.769414484500885,0,0,0
5800,0.63396155834198,0.63396155834198,0,0,0
5801,0.49007198214530945,0.49007198214530945,0,0,0
5802,0.5113039016723633,0.5113039016723633,0,0,0
5803,0.46479347348213196,0.46479347348213196,0,0,0
5804,0.41496339440345764,0.41496339440345764,0,0,0
5805,0.571467936038971,0.571467936038971,0,0,0
5806,0.4921760857105255,0.4921760857105255,0,0,0
5807,0.5240494012832642,0.5240494012832642,0,0,0
5808,0.5021573305130005,0.5021573305130005,0,0,0
5809,0.4778558611869812,0.4778558611869812,0,0,0
5810,0.6463851928710938,0.6463851928710938,0,0,0
5811,0.4532322585582733,0.4532322585582733,0,0,0
5812,0.7718777656555176,0.7718777656555176,0,0,0
5813,0.4626343846321106,0.4626343846321106,0,0,0
5814,1.3667858839035034,1.3667858839035034,0,0,0
5815,0.6854085922241211,0.6854085922241211,0,0,0
5816,0.48587027192115784,0.48587027192115784,0,0,0
5817,0.5477218627929688,0.5477218627929688,0,0,0
5818,0.4808223247528076,0.4808223247528076,0,0,0
5819,0.49595049023628235,0.49595049023628235,0,0,0
5820,0.5652445554733276,0.5652445554733276,0,0,0
5821,1.0579127073287964,1.0579127073287964,0,0,0
5822,0.9259501695632935,0.9259501695632935,0,0,0
5823,0.4485945403575897,0.4485945403575897,0,0,0
5824,0.5260937213897705,0.5260937213897705,0,0,0
5825,0.8130401968955994,0.8130401968955994,0,0,0
5826,0.640699565410614,0.640699565410614,0,0,0
5827,0.6631552577018738,0.6631552577018738,0,0,0
5828,0.5735578536987305,0.5735578536987305,0,0,0
5829,0.6080488562583923,0.6080488562583923,0,0,0
5830,0.7550758719444275,0.7550758719444275,0,0,0
5831,0.4105747640132904,0.4105747640132904,0,0,0
5832,0.4836058020591736,0.4836058020591736,0,0,0
5833,1.1434125900268555,1.1434125900268555,0,0,0
5834,0.6237995028495789,0.6237995028495789,0,0,0
5835,0.5881439447402954,0.5881439447402954,0,0,0
5836,0.5421852469444275,0.5421852469444275,0,0,0
5837,0.46569713950157166,0.46569713950157166,0,0,0
5838,0.5452709794044495,0.5452709794044495,0,0,0
5839,0.8380951285362244,0.8380951285362244,0,0,0
5840,0.46398183703422546,0.46398183703422546,0,0,0
5841,0.5638524889945984,0.5638524889945984,0,0,0
5842,0.469280481338501,0.469280481338501,0,0,0
5843,1.262740135192871,1.262740135192871,0,0,0
5844,0.5572357177734375,0.5572357177734375,0,0,0
5845,0.7624853253364563,0.7624853253364563,0,0,0
5846,0.5462085604667664,0.5462085604667664,0,0,0
5847,0.43171727657318115,0.43171727657318115,0,0,0
5848,0.5369986891746521,0.5369986891746521,0,0,0
5849,0.47568804025650024,0.47568804025650024,0,0,0
5850,0.6410009264945984,0.6410009264945984,0,0,0
5851,0.6032857894897461,0.6032857894897461,0,0,0
5852,0.49199631810188293,0.49199631810188293,0,0,0
5853,0.8026868104934692,0.8026868104934692,0,0,0
5854,0.7450814843177795,0.7450814843177795,0,0,0
5855,0.599310040473938,0.599310040473938,0,0,0
5856,0.6420645117759705,0.6420645117759705,0,0,0
5857,0.4351350665092468,0.4351350665092468,0,0,0
5858,0.5389363765716553,0.5389363765716553,0,0,0
5859,0.7863032221794128,0.7863032221794128,0,0,0
5860,0.3963141143321991,0.3963141143321991,0,0,0
5861,0.5548621416091919,0.5548621416091919,0,0,0
5862,0.7527218461036682,0.7527218461036682,0,0,0
5863,0.4605136811733246,0.4605136811733246,0,0,0
5864,0.5420981049537659,0.5420981049537659,0,0,0
5865,0.5473385453224182,0.5473385453224182,0,0,0
5866,1.042543888092041,1.042543888092041,0,0,0
5867,0.7580897212028503,0.7580897212028503,0,0,0
5868,0.5591256022453308,0.5591256022453308,0,0,0
5869,0.6448332071304321,0.6448332071304321,0,0,0
5870,0.7109280228614807,0.7109280228614807,0,0,0
5871,0.7115539312362671,0.7115539312362671,0,0,0
5872,0.6347549557685852,0.6347549557685852,0,0,0
5873,0.47756215929985046,0.47756215929985046,0,0,0
5874,0.42000648379325867,0.42000648379325867,0,0,0
5875,0.6249802708625793,0.6249802708625793,0,0,0
5876,0.5092056393623352,0.5092056393623352,0,0,0
5877,0.9563848972320557,0.9563848972320557,0,0,0
5878,0.4405168890953064,0.4405168890953064,0,0,0
5879,0.7949925065040588,0.7949925065040588,0,0,0
5880,0.41879501938819885,0.41879501938819885,0,0,0
5881,0.595874011516571,0.595874011516571,0,0,0
5882,0.4492114782333374,0.4492114782333374,0,0,0
5883,0.5243790745735168,0.5243790745735168,0,0,0
5884,0.6355485916137695,0.6355485916137695,0,0,0
5885,0.564007580280304,0.564007580280304,0,0,0
5886,0.42303746938705444,0.42303746938705444,0,0,0
5887,0.48342403769493103,0.48342403769493103,0,0,0
5888,0.611777126789093,0.611777126789093,0,0,0
5889,0.6297841668128967,0.6297841668128967,0,0,0
5890,0.42630141973495483,0.42630141973495483,0,0,0
5891,0.6173954010009766,0.6173954010009766,0,0,0
5892,0.6511057615280151,0.6511057615280151,0,0,0
5893,0.4308260679244995,0.4308260679244995,0,0,0
5894,0.7183114290237427,0.7183114290237427,0,0,0
5895,0.5069743990898132,0.5069743990898132,0,0,0
5896,0.6380918025970459,0.6380918025970459,0,0,0
5897,0.6840294599533081,0.6840294599533081,0,0,0
5898,0.5397151708602905,0.5397151708602905,0,0,0
5899,0.7676697373390198,0.7676697373390198,0,0,0
5900,0.5914623141288757,0.5914623141288757,0,0,0
5901,0.699026346206665,0.699026346206665,0,0,0
5902,1.003834843635559,1.003834843635559,0,0,0
5903,0.60098797082901,0.60098797082901,0,0,0
5904,0.3903054893016815,0.3903054893016815,0,0,0
5905,0.6948552131652832,0.6948552131652832,0,0,0
5906,0.463519424200058,0.463519424200058,0,0,0
5907,0.44632160663604736,0.44632160663604736,0,0,0
5908,0.5444672107696533,0.5444672107696533,0,0,0
5909,0.7385864853858948,0.7385864853858948,0,0,0
5910,0.6275896430015564,0.6275896430015564,0,0,0
5911,0.467312216758728,0.467312216758728,0,0,0
5912,0.6758216619491577,0.6758216619491577,0,0,0
5913,0.4234680235385895,0.4234680235385895,0,0,0
5914,0.4759316146373749,0.4759316146373749,0,0,0
5915,0.40339651703834534,0.40339651703834534,0,0,0
5916,0.8028966188430786,0.8028966188430786,0,0,0
5917,0.3654410243034363,0.3654410243034363,0,0,0
5918,0.8863645792007446,0.8863645792007446,0,0,0
5919,0.52936190366745,0.52936190366745,0,0,0
5920,0.5075714588165283,0.5075714588165283,0,0,0
5921,0.7246859669685364,0.7246859669685364,0,0,0
5922,0.6203049421310425,0.6203049421310425,0,0,0
5923,0.4656708538532257,0.4656708538532257,0,0,0
5924,0.5350558757781982,0.5350558757781982,0,0,0
5925,0.4441695809364319,0.4441695809364319,0,0,0
5926,0.4536273181438446,0.4536273181438446,0,0,0
5927,0.4793028235435486,0.4793028235435486,0,0,0
5928,0.39214810729026794,0.39214810729026794,0,0,0
5929,0.6001061797142029,0.6001061797142029,0,0,0
5930,0.5006487965583801,0.5006487965583801,0,0,0
5931,1.0176671743392944,1.0176671743392944,0,0,0
5932,0.6367087364196777,0.6367087364196777,0,0,0
5933,0.4753822684288025,0.4753822684288025,0,0,0
5934,0.5366242527961731,0.5366242527961731,0,0,0
5935,0.4880024194717407,0.4880024194717407,0,0,0
5936,0.4640166163444519,0.4640166163444519,0,0,0
5937,0.5352382063865662,0.5352382063865662,0,0,0
5938,0.7281349301338196,0.7281349301338196,0,0,0
5939,0.509382963180542,0.509382963180542,0,0,0
5940,0.6018000841140747,0.6018000841140747,0,0,0
5941,0.43303820490837097,0.43303820490837097,0,0,0
5942,0.46886205673217773,0.46886205673217773,0,0,0
5943,0.5344124436378479,0.5344124436378479,0,0,0
5944,0.6438860893249512,0.6438860893249512,0,0,0
5945,0.5306034088134766,0.5306034088134766,0,0,0
5946,0.8113378882408142,0.8113378882408142,0,0,0
5947,0.5879336595535278,0.5879336595535278,0,0,0
5948,0.5817688703536987,0.5817688703536987,0,0,0
5949,0.5121920108795166,0.5121920108795166,0,0,0
5950,0.5124678015708923,0.5124678015708923,0,0,0
5951,0.4271322786808014,0.4271322786808014,0,0,0
5952,0.5551652312278748,0.5551652312278748,0,0,0
5953,0.44374340772628784,0.44374340772628784,0,0,0
5954,0.4321526288986206,0.4321526288986206,0,0,0
5955,0.5628631114959717,0.5628631114959717,0,0,0
5956,0.5933842062950134,0.5933842062950134,0,0,0
5957,0.5004716515541077,0.5004716515541077,0,0,0
5958,0.47316256165504456,0.47316256165504456,0,0,0
5959,0.7683472037315369,0.7683472037315369,0,0,0
5960,0.4912974536418915,0.4912974536418915,0,0,0
5961,0.46145644783973694,0.46145644783973694,0,0,0
5962,0.5029049515724182,0.5029049515724182,0,0,0
5963,0.5540383458137512,0.5540383458137512,0,0,0
5964,0.47133034467697144,0.47133034467697144,0,0,0
5965,0.5781009197235107,0.5781009197235107,0,0,0
5966,0.4535475969314575,0.4535475969314575,0,0,0
5967,0.5844247341156006,0.5844247341156006,0,0,0
5968,0.5563763976097107,0.5563763976097107,0,0,0
5969,0.450776070356369,0.450776070356369,0,0,0
5970,0.4505854845046997,0.4505854845046997,0,0,0
5971,0.4423394799232483,0.4423394799232483,0,0,0
5972,0.5750921368598938,0.5750921368598938,0,0,0
5973,0.4956193268299103,0.4956193268299103,0,0,0
5974,0.5674986839294434,0.5674986839294434,0,0,0
5975,0.6615900993347168,0.6615900993347168,0,0,0
5976,0.39341115951538086,0.39341115951538086,0,0,0
5977,0.5665338039398193,0.5665338039398193,0,0,0
5978,0.4875537157058716,0.4875537157058716,0,0,0
5979,0.4580896198749542,0.4580896198749542,0,0,0
5980,0.5752784609794617,0.5752784609794617,0,0,0
5981,0.43787214159965515,0.43787214159965515,0,0,0
5982,0.4725254476070404,0.4725254476070404,0,0,0
5983,0.4699142277240753,0.4699142277240753,0,0,0
5984,0.6204184889793396,0.6204184889793396,0,0,0
5985,0.49997687339782715,0.49997687339782715,0,0,0
5986,0.4350401759147644,0.4350401759147644,0,0,0
5987,0.409720242023468,0.409720242023468,0,0,0
5988,0.6350071430206299,0.6350071430206299,0,0,0
5989,0.41096600890159607,0.41096600890159607,0,0,0
5990,0.7804577350616455,0.7804577350616455,0,0,0
5991,0.3846116065979004,0.3846116065979004,0,0,0
5992,0.8722293376922607,0.8722293376922607,0,0,0
5993,0.588629424571991,0.588629424571991,0,0,0
5994,0.5714754462242126,0.5714754462242126,0,0,0
5995,0.66292405128479,0.66292405128479,0,0,0
5996,0.5315766930580139,0.5315766930580139,0,0,0
5997,0.5443289875984192,0.5443289875984192,0,0,0
5998,0.6010250449180603,0.6010250449180603,0,0,0
5999,0.3984450697898865,0.3984450697898865,0,0,0
6000,0.43226128816604614,0.43226128816604614,0,0,0
6001,0.533294677734375,0.533294677734375,0,0,0
6002,0.4863121509552002,0.4863121509552002,0,0,0
6003,0.643374502658844,0.643374502658844,0,0,0
6004,0.47150683403015137,0.47150683403015137,0,0,0
6005,0.494814932346344,0.494814932346344,0,0,0
6006,0.5373839735984802,0.5373839735984802,0,0,0
6007,0.5256357789039612,0.5256357789039612,0,0,0
6008,0.6471229791641235,0.6471229791641235,0,0,0
6009,0.40566855669021606,0.40566855669021606,0,0,0
6010,0.5161075592041016,0.5161075592041016,0,0,0
6011,0.5034602284431458,0.5034602284431458,0,0,0
6012,0.49019646644592285,0.49019646644592285,0,0,0
6013,0.6434217095375061,0.6434217095375061,0,0,0
6014,0.7061754465103149,0.7061754465103149,0,0,0
6015,0.5256747603416443,0.5256747603416443,0,0,0
6016,0.49859535694122314,0.49859535694122314,0,0,0
6017,0.4640410542488098,0.4640410542488098,0,0,0
6018,0.4882890582084656,0.4882890582084656,0,0,0
6019,0.4866897463798523,0.4866897463798523,0,0,0
6020,0.5471859574317932,0.5471859574317932,0,0,0
6021,0.5936983823776245,0.5936983823776245,0,0,0
6022,0.6422836184501648,0.6422836184501648,0,0,0
6023,0.5113700032234192,0.5113700032234192,0,0,0
6024,0.7716813087463379,0.7716813087463379,0,0,0
6025,0.39662232995033264,0.39662232995033264,0,0,0
6026,0.5139254331588745,0.5139254331588745,0,0,0
6027,0.7602482438087463,0.7602482438087463,0,0,0
6028,0.3638600707054138,0.3638600707054138,0,0,0
6029,0.44534027576446533,0.44534027576446533,0,0,0
6030,0.6633917689323425,0.6633917689323425,0,0,0
6031,0.5182195901870728,0.5182195901870728,0,0,0
6032,0.5480905175209045,0.5480905175209045,0,0,0
6033,0.4474514424800873,0.4474514424800873,0,0,0
6034,0.5741285085678101,0.5741285085678101,0,0,0
6035,0.7167380452156067,0.7167380452156067,0,0,0
6036,0.45157590508461,0.45157590508461,0,0,0
6037,0.5379170775413513,0.5379170775413513,0,0,0
6038,0.8607268929481506,0.8607268929481506,0,0,0
6039,0.484488844871521,0.484488844871521,0,0,0
6040,0.4935990869998932,0.4935990869998932,0,0,0
6041,0.4901524484157562,0.4901524484157562,0,0,0
6042,0.47219550609588623,0.47219550609588623,0,0,0
6043,1.3075793981552124,1.3075793981552124,0,0,0
6044,0.558170735836029,0.558170735836029,0,0,0
6045,0.5444021821022034,0.5444021821022034,0,0,0
6046,0.6333007216453552,0.6333007216453552,0,0,0
6047,0.4747409522533417,0.4747409522533417,0,0,0
6048,0.5786873698234558,0.5786873698234558,0,0,0
6049,0.47990188002586365,0.47990188002586365,0,0,0
6050,0.5920595526695251,0.5920595526695251,0,0,0
6051,0.4662182033061981,0.4662182033061981,0,0,0
6052,0.674483597278595,0.674483597278595,0,0,0
6053,0.4974384009838104,0.4974384009838104,0,0,0
6054,0.517924427986145,0.517924427986145,0,0,0
6055,0.7148395776748657,0.7148395776748657,0,0,0
6056,0.5584595799446106,0.5584595799446106,0,0,0
6057,2.1749980449676514,2.1749980449676514,0,0,0
6058,0.564032256603241,0.564032256603241,0,0,0
6059,0.5228913426399231,0.5228913426399231,0,0,0
6060,0.5072546005249023,0.5072546005249023,0,0,0
6061,0.6331468224525452,0.6331468224525452,0,0,0
6062,0.42167848348617554,0.42167848348617554,0,0,0
6063,0.519912600517273,0.519912600517273,0,0,0
6064,0.4566551744937897,0.4566551744937897,0,0,0
6065,0.48309850692749023,0.48309850692749023,0,0,0
6066,0.5123863816261292,0.5123863816261292,0,0,0
6067,0.5271616578102112,0.5271616578102112,0,0,0
6068,0.41786128282546997,0.41786128282546997,0,0,0
6069,0.4264879822731018,0.4264879822731018,0,0,0
6070,0.4004349410533905,0.4004349410533905,0,0,0
6071,0.6292200684547424,0.6292200684547424,0,0,0
6072,0.5904841423034668,0.5904841423034668,0,0,0
6073,0.690106213092804,0.690106213092804,0,0,0
6074,0.607225775718689,0.607225775718689,0,0,0
6075,0.7011691331863403,0.7011691331863403,0,0,0
6076,0.7023217678070068,0.7023217678070068,0,0,0
6077,0.45883870124816895,0.45883870124816895,0,0,0
6078,0.42023876309394836,0.42023876309394836,0,0,0
6079,0.7892715334892273,0.7892715334892273,0,0,0
6080,0.6617244482040405,0.6617244482040405,0,0,0
6081,0.7078345417976379,0.7078345417976379,0,0,0
6082,0.5228365063667297,0.5228365063667297,0,0,0
6083,0.5890870094299316,0.5890870094299316,0,0,0
6084,0.6358435750007629,0.6358435750007629,0,0,0
6085,0.7602820992469788,0.7602820992469788,0,0,0
6086,0.8290663957595825,0.8290663957595825,0,0,0
6087,0.5356404185295105,0.5356404185295105,0,0,0
6088,0.4863665997982025,0.4863665997982025,0,0,0
6089,0.8335808515548706,0.8335808515548706,0,0,0
6090,0.5441750288009644,0.5441750288009644,0,0,0
6091,0.41090264916419983,0.41090264916419983,0,0,0
6092,0.49406149983406067,0.49406149983406067,0,0,0
6093,0.4355625808238983,0.4355625808238983,0,0,0
6094,0.5426645874977112,0.5426645874977112,0,0,0
6095,0.6639930009841919,0.6639930009841919,0,0,0
6096,0.39954063296318054,0.39954063296318054,0,0,0
6097,0.8761816024780273,0.8761816024780273,0,0,0
6098,0.4516849219799042,0.4516849219799042,0,0,0
6099,0.45520028471946716,0.45520028471946716,0,0,0
6100,0.4389772117137909,0.4389772117137909,0,0,0
6101,0.7235440611839294,0.7235440611839294,0,0,0
6102,0.36553436517715454,0.36553436517715454,0,0,0
6103,0.4129522144794464,0.4129522144794464,0,0,0
6104,0.8483082056045532,0.8483082056045532,0,0,0
6105,0.5236608982086182,0.5236608982086182,0,0,0
6106,0.5041419863700867,0.5041419863700867,0,0,0
6107,0.5130808353424072,0.5130808353424072,0,0,0
6108,0.44573357701301575,0.44573357701301575,0,0,0
6109,0.581897497177124,0.581897497177124,0,0,0
6110,0.7156998515129089,0.7156998515129089,0,0,0
6111,0.4232061505317688,0.4232061505317688,0,0,0
6112,0.41803884506225586,0.41803884506225586,0,0,0
6113,0.441079705953598,0.441079705953598,0,0,0
6114,0.6190074682235718,0.6190074682235718,0,0,0
6115,0.4734993577003479,0.4734993577003479,0,0,0
6116,0.3746051490306854,0.3746051490306854,0,0,0
6117,0.43277665972709656,0.43277665972709656,0,0,0
6118,0.5536262392997742,0.5536262392997742,0,0,0
6119,0.5781506896018982,0.5781506896018982,0,0,0
6120,0.6201170682907104,0.6201170682907104,0,0,0
6121,0.6295730471611023,0.6295730471611023,0,0,0
6122,0.5676841735839844,0.5676841735839844,0,0,0
6123,1.3686529397964478,1.3686529397964478,0,0,0
6124,0.34462258219718933,0.34462258219718933,0,0,0
6125,0.543886661529541,0.543886661529541,0,0,0
6126,0.9289445281028748,0.9289445281028748,0,0,0
6127,0.38780784606933594,0.38780784606933594,0,0,0
6128,0.8351261019706726,0.8351261019706726,0,0,0
6129,0.457059383392334,0.457059383392334,0,0,0
6130,0.7694770693778992,0.7694770693778992,0,0,0
6131,0.4531458616256714,0.4531458616256714,0,0,0
6132,0.48869848251342773,0.48869848251342773,0,0,0
6133,0.7942286729812622,0.7942286729812622,0,0,0
6134,0.6882875561714172,0.6882875561714172,0,0,0
6135,0.4513879716396332,0.4513879716396332,0,0,0
6136,0.6918131709098816,0.6918131709098816,0,0,0
6137,0.49639204144477844,0.49639204144477844,0,0,0
6138,0.4490855634212494,0.4490855634212494,0,0,0
6139,0.371968150138855,0.371968150138855,0,0,0
6140,0.5322461128234863,0.5322461128234863,0,0,0
6141,0.40419989824295044,0.40419989824295044,0,0,0
6142,0.38884198665618896,0.38884198665618896,0,0,0
6143,0.5212616324424744,0.5212616324424744,0,0,0
6144,0.3859137296676636,0.3859137296676636,0,0,0
6145,0.5566384196281433,0.5566384196281433,0,0,0
6146,0.6543560028076172,0.6543560028076172,0,0,0
6147,0.41937100887298584,0.41937100887298584,0,0,0
6148,0.5764353275299072,0.5764353275299072,0,0,0
6149,0.448845773935318,0.448845773935318,0,0,0
6150,0.5615147352218628,0.5615147352218628,0,0,0
6151,0.6929512619972229,0.6929512619972229,0,0,0
6152,1.1491608619689941,1.1491608619689941,0,0,0
6153,0.47128936648368835,0.47128936648368835,0,0,0
6154,0.6881929636001587,0.6881929636001587,0,0,0
6155,0.5043367743492126,0.5043367743492126,0,0,0
6156,0.4920481741428375,0.4920481741428375,0,0,0
6157,0.7026190161705017,0.7026190161705017,0,0,0
6158,0.5851786136627197,0.5851786136627197,0,0,0
6159,0.5666329264640808,0.5666329264640808,0,0,0
6160,0.4513518214225769,0.4513518214225769,0,0,0
6161,0.41106706857681274,0.41106706857681274,0,0,0
6162,0.5674481987953186,0.5674481987953186,0,0,0
6163,0.4750871956348419,0.4750871956348419,0,0,0
6164,0.40530121326446533,0.40530121326446533,0,0,0
6165,0.6681868433952332,0.6681868433952332,0,0,0
6166,2.272430896759033,2.272430896759033,0,0,0
6167,0.4315854609012604,0.4315854609012604,0,0,0
6168,0.5787122249603271,0.5787122249603271,0,0,0
6169,0.4878529906272888,0.4878529906272888,0,0,0
6170,0.4056200087070465,0.4056200087070465,0,0,0
6171,0.3911254405975342,0.3911254405975342,0,0,0
6172,0.509711503982544,0.509711503982544,0,0,0
6173,0.4252508282661438,0.4252508282661438,0,0,0
6174,0.477016806602478,0.477016806602478,0,0,0
6175,0.6353539824485779,0.6353539824485779,0,0,0
6176,0.3984837830066681,0.3984837830066681,0,0,0
6177,0.7852368354797363,0.7852368354797363,0,0,0
6178,0.6501650214195251,0.6501650214195251,0,0,0
6179,0.4968790113925934,0.4968790113925934,0,0,0
6180,0.6241315007209778,0.6241315007209778,0,0,0
6181,0.5000244379043579,0.5000244379043579,0,0,0
6182,0.46778327226638794,0.46778327226638794,0,0,0
6183,0.5249375700950623,0.5249375700950623,0,0,0
6184,0.6952124238014221,0.6952124238014221,0,0,0
6185,1.4187055826187134,1.4187055826187134,0,0,0
6186,0.47313326597213745,0.47313326597213745,0,0,0
6187,0.529350221157074,0.529350221157074,0,0,0
6188,0.695785641670227,0.695785641670227,0,0,0
6189,0.4662187695503235,0.4662187695503235,0,0,0
6190,0.5905439257621765,0.5905439257621765,0,0,0
6191,1.3822143077850342,1.3822143077850342,0,0,0
6192,0.44345879554748535,0.44345879554748535,0,0,0
6193,0.6410306096076965,0.6410306096076965,0,0,0
6194,0.3900299370288849,0.3900299370288849,0,0,0
6195,0.708693265914917,0.708693265914917,0,0,0
6196,0.4914259910583496,0.4914259910583496,0,0,0
6197,0.508280873298645,0.508280873298645,0,0,0
6198,0.4215366244316101,0.4215366244316101,0,0,0
6199,0.40793177485466003,0.40793177485466003,0,0,0
6200,0.3915005922317505,0.3915005922317505,0,0,0
6201,0.970412015914917,0.970412015914917,0,0,0
6202,0.6838535070419312,0.6838535070419312,0,0,0
6203,0.38607820868492126,0.38607820868492126,0,0,0
6204,0.538658082485199,0.538658082485199,0,0,0
6205,0.5066102147102356,0.5066102147102356,0,0,0
6206,0.526735246181488,0.526735246181488,0,0,0
6207,0.5678419470787048,0.5678419470787048,0,0,0
6208,0.500555157661438,0.500555157661438,0,0,0
6209,0.579693078994751,0.579693078994751,0,0,0
6210,0.42588508129119873,0.42588508129119873,0,0,0
6211,0.5512900948524475,0.5512900948524475,0,0,0
6212,0.40356630086898804,0.40356630086898804,0,0,0
6213,0.4315100312232971,0.4315100312232971,0,0,0
6214,0.3958665132522583,0.3958665132522583,0,0,0
6215,0.5281655192375183,0.5281655192375183,0,0,0
6216,0.7848729491233826,0.7848729491233826,0,0,0
6217,0.5046079158782959,0.5046079158782959,0,0,0
6218,0.528305172920227,0.528305172920227,0,0,0
6219,0.4187815487384796,0.4187815487384796,0,0,0
6220,0.5917714238166809,0.5917714238166809,0,0,0
6221,0.6689323782920837,0.6689323782920837,0,0,0
6222,1.1546974182128906,1.1546974182128906,0,0,0
6223,0.44764626026153564,0.44764626026153564,0,0,0
6224,0.4138524830341339,0.4138524830341339,0,0,0
6225,0.6011078357696533,0.6011078357696533,0,0,0
6226,0.7213076949119568,0.7213076949119568,0,0,0
6227,0.47639891505241394,0.47639891505241394,0,0,0
6228,0.6251247525215149,0.6251247525215149,0,0,0
6229,0.7313123941421509,0.7313123941421509,0,0,0
6230,0.4318016469478607,0.4318016469478607,0,0,0
6231,0.37661468982696533,0.37661468982696533,0,0,0
6232,0.5178604125976562,0.5178604125976562,0,0,0
6233,0.7661355137825012,0.7661355137825012,0,0,0
6234,0.6034991145133972,0.6034991145133972,0,0,0
6235,0.5283532738685608,0.5283532738685608,0,0,0
6236,0.48239147663116455,0.48239147663116455,0,0,0
6237,0.6705303192138672,0.6705303192138672,0,0,0
6238,0.4262304902076721,0.4262304902076721,0,0,0
6239,0.5019207000732422,0.5019207000732422,0,0,0
6240,0.5290485620498657,0.5290485620498657,0,0,0
6241,0.865148663520813,0.865148663520813,0,0,0
6242,0.4765092730522156,0.4765092730522156,0,0,0
6243,0.7327812910079956,0.7327812910079956,0,0,0
6244,0.6169777512550354,0.6169777512550354,0,0,0
6245,0.4340800344944,0.4340800344944,0,0,0
6246,0.6105160713195801,0.6105160713195801,0,0,0
6247,0.3707295358181,0.3707295358181,0,0,0
6248,0.6306728720664978,0.6306728720664978,0,0,0
6249,0.4734840393066406,0.4734840393066406,0,0,0
6250,0.5563921332359314,0.5563921332359314,0,0,0
6251,0.6607934832572937,0.6607934832572937,0,0,0
6252,0.6183969378471375,0.6183969378471375,0,0,0
6253,0.40856143832206726,0.40856143832206726,0,0,0
6254,0.5297251343727112,0.5297251343727112,0,0,0
6255,0.7462693452835083,0.7462693452835083,0,0,0
6256,0.47724947333335876,0.47724947333335876,0,0,0
6257,0.5201446413993835,0.5201446413993835,0,0,0
6258,0.49271488189697266,0.49271488189697266,0,0,0
6259,0.46043094992637634,0.46043094992637634,0,0,0
6260,0.38021713495254517,0.38021713495254517,0,0,0
6261,0.48042261600494385,0.48042261600494385,0,0,0
6262,0.4755493104457855,0.4755493104457855,0,0,0
6263,0.39866146445274353,0.39866146445274353,0,0,0
6264,0.5064083933830261,0.5064083933830261,0,0,0
6265,0.6931769251823425,0.6931769251823425,0,0,0
6266,0.5662420988082886,0.5662420988082886,0,0,0
6267,0.7562048435211182,0.7562048435211182,0,0,0
6268,0.4849567115306854,0.4849567115306854,0,0,0
6269,0.42084670066833496,0.42084670066833496,0,0,0
6270,0.602197527885437,0.602197527885437,0,0,0
6271,0.4914150536060333,0.4914150536060333,0,0,0
6272,0.46402400732040405,0.46402400732040405,0,0,0
6273,0.4800911843776703,0.4800911843776703,0,0,0
6274,0.5560627579689026,0.5560627579689026,0,0,0
6275,0.5127519369125366,0.5127519369125366,0,0,0
6276,0.6021851897239685,0.6021851897239685,0,0,0
6277,0.35249975323677063,0.35249975323677063,0,0,0
6278,0.5799996852874756,0.5799996852874756,0,0,0
6279,0.453584760427475,0.453584760427475,0,0,0
6280,0.4154927134513855,0.4154927134513855,0,0,0
6281,0.4134007692337036,0.4134007692337036,0,0,0
6282,0.5693715214729309,0.5693715214729309,0,0,0
6283,0.38885143399238586,0.38885143399238586,0,0,0
6284,0.532600998878479,0.532600998878479,0,0,0
6285,0.4379371702671051,0.4379371702671051,0,0,0
6286,0.5493811368942261,0.5493811368942261,0,0,0
6287,0.4353616237640381,0.4353616237640381,0,0,0
6288,0.4642844796180725,0.4642844796180725,0,0,0
6289,0.8986034989356995,0.8986034989356995,0,0,0
6290,0.40069642663002014,0.40069642663002014,0,0,0
6291,0.4362024664878845,0.4362024664878845,0,0,0
6292,0.6118848919868469,0.6118848919868469,0,0,0
6293,0.3918454647064209,0.3918454647064209,0,0,0
6294,0.8616062998771667,0.8616062998771667,0,0,0
6295,0.6092739105224609,0.6092739105224609,0,0,0
6296,0.5677292943000793,0.5677292943000793,0,0,0
6297,0.48496633768081665,0.48496633768081665,0,0,0
6298,0.6721316576004028,0.6721316576004028,0,0,0
6299,0.47108393907546997,0.47108393907546997,0,0,0
6300,0.9644919633865356,0.9644919633865356,0,0,0
6301,0.43501901626586914,0.43501901626586914,0,0,0
6302,0.4132869839668274,0.4132869839668274,0,0,0
6303,0.40694311261177063,0.40694311261177063,0,0,0
6304,0.5332983732223511,0.5332983732223511,0,0,0
6305,0.3930797874927521,0.3930797874927521,0,0,0
6306,0.39559492468833923,0.39559492468833923,0,0,0
6307,0.5860939621925354,0.5860939621925354,0,0,0
6308,0.5777842402458191,0.5777842402458191,0,0,0
6309,0.5231858491897583,0.5231858491897583,0,0,0
6310,0.44949859380722046,0.44949859380722046,0,0,0
6311,0.5235751271247864,0.5235751271247864,0,0,0
6312,0.566135585308075,0.566135585308075,0,0,0
6313,0.39589035511016846,0.39589035511016846,0,0,0
6314,0.4202416241168976,0.4202416241168976,0,0,0
6315,0.3826347291469574,0.3826347291469574,0,0,0
6316,0.4078458249568939,0.4078458249568939,0,0,0
6317,0.5198794603347778,0.5198794603347778,0,0,0
6318,0.5373799800872803,0.5373799800872803,0,0,0
6319,0.3384712040424347,0.3384712040424347,0,0,0
6320,0.5111922025680542,0.5111922025680542,0,0,0
6321,0.46738895773887634,0.46738895773887634,0,0,0
6322,0.41971075534820557,0.41971075534820557,0,0,0
6323,1.0986133813858032,1.0986133813858032,0,0,0
6324,0.4718647003173828,0.4718647003173828,0,0,0
6325,0.6693902015686035,0.6693902015686035,0,0,0
6326,0.4277542233467102,0.4277542233467102,0,0,0
6327,0.4372738003730774,0.4372738003730774,0,0,0
6328,0.6647729873657227,0.6647729873657227,0,0,0
6329,0.508890688419342,0.508890688419342,0,0,0
6330,0.5237905979156494,0.5237905979156494,0,0,0
6331,0.4376223683357239,0.4376223683357239,0,0,0
6332,0.609131395816803,0.609131395816803,0,0,0
6333,0.4781513214111328,0.4781513214111328,0,0,0
6334,0.3913470506668091,0.3913470506668091,0,0,0
6335,0.5666686296463013,0.5666686296463013,0,0,0
6336,0.578366219997406,0.578366219997406,0,0,0
6337,0.540554940700531,0.540554940700531,0,0,0
6338,0.40553992986679077,0.40553992986679077,0,0,0
6339,0.49735262989997864,0.49735262989997864,0,0,0
6340,0.5295346975326538,0.5295346975326538,0,0,0
6341,0.39231637120246887,0.39231637120246887,0,0,0
6342,0.4347887337207794,0.4347887337207794,0,0,0
6343,0.4255843162536621,0.4255843162536621,0,0,0
6344,0.4668811857700348,0.4668811857700348,0,0,0
6345,0.38201773166656494,0.38201773166656494,0,0,0
6346,0.6605997085571289,0.6605997085571289,0,0,0
6347,0.5260000824928284,0.5260000824928284,0,0,0
6348,0.398954302072525,0.398954302072525,0,0,0
6349,0.6598771214485168,0.6598771214485168,0,0,0
6350,0.6684283018112183,0.6684283018112183,0,0,0
6351,0.5361326336860657,0.5361326336860657,0,0,0
6352,0.5265175700187683,0.5265175700187683,0,0,0
6353,0.5701059699058533,0.5701059699058533,0,0,0
6354,0.4963899254798889,0.4963899254798889,0,0,0
6355,0.5735172033309937,0.5735172033309937,0,0,0
6356,0.4102170169353485,0.4102170169353485,0,0,0
6357,0.4769761264324188,0.4769761264324188,0,0,0
6358,0.42463600635528564,0.42463600635528564,0,0,0
6359,0.40657418966293335,0.40657418966293335,0,0,0
6360,0.479745090007782,0.479745090007782,0,0,0
6361,0.7930595278739929,0.7930595278739929,0,0,0
6362,0.45446231961250305,0.45446231961250305,0,0,0
6363,0.4210411608219147,0.4210411608219147,0,0,0
6364,0.4804668724536896,0.4804668724536896,0,0,0
6365,0.5772745609283447,0.5772745609283447,0,0,0
6366,0.5071220993995667,0.5071220993995667,0,0,0
6367,0.5417372584342957,0.5417372584342957,0,0,0
6368,0.5166721940040588,0.5166721940040588,0,0,0
6369,0.41388094425201416,0.41388094425201416,0,0,0
6370,0.5861310362815857,0.5861310362815857,0,0,0
6371,0.41352584958076477,0.41352584958076477,0,0,0
6372,0.4763564467430115,0.4763564467430115,0,0,0
6373,0.49729785323143005,0.49729785323143005,0,0,0
6374,0.5634117126464844,0.5634117126464844,0,0,0
6375,0.5491247773170471,0.5491247773170471,0,0,0
6376,0.41389739513397217,0.41389739513397217,0,0,0
6377,2.8913662433624268,2.8913662433624268,0,0,0
6378,0.37437954545021057,0.37437954545021057,0,0,0
6379,0.5137863755226135,0.5137863755226135,0,0,0
6380,0.47211331129074097,0.47211331129074097,0,0,0
6381,0.5287562012672424,0.5287562012672424,0,0,0
6382,0.4510822892189026,0.4510822892189026,0,0,0
6383,0.613582968711853,0.613582968711853,0,0,0
6384,0.5276206731796265,0.5276206731796265,0,0,0
6385,0.4185553193092346,0.4185553193092346,0,0,0
6386,0.7278776168823242,0.7278776168823242,0,0,0
6387,0.40633028745651245,0.40633028745651245,0,0,0
6388,0.42270466685295105,0.42270466685295105,0,0,0
6389,0.4440745413303375,0.4440745413303375,0,0,0
6390,0.37969130277633667,0.37969130277633667,0,0,0
6391,0.401611864566803,0.401611864566803,0,0,0
6392,0.5012272596359253,0.5012272596359253,0,0,0
6393,0.505603015422821,0.505603015422821,0,0,0
6394,0.47201108932495117,0.47201108932495117,0,0,0
6395,0.5918611288070679,0.5918611288070679,0,0,0
6396,0.3799028694629669,0.3799028694629669,0,0,0
6397,0.4910080134868622,0.4910080134868622,0,0,0
6398,0.6795746684074402,0.6795746684074402,0,0,0
6399,0.40309280157089233,0.40309280157089233,0,0,0
6400,0.4545708894729614,0.4545708894729614,0,0,0
6401,0.42406490445137024,0.42406490445137024,0,0,0
6402,0.7045848369598389,0.7045848369598389,0,0,0
6403,0.5731624364852905,0.5731624364852905,0,0,0
6404,0.39043259620666504,0.39043259620666504,0,0,0
6405,0.4194028973579407,0.4194028973579407,0,0,0
6406,0.4879273772239685,0.4879273772239685,0,0,0
6407,0.43077602982521057,0.43077602982521057,0,0,0
6408,0.4583054780960083,0.4583054780960083,0,0,0
6409,0.7771534323692322,0.7771534323692322,0,0,0
6410,0.617497980594635,0.617497980594635,0,0,0
6411,0.4134836196899414,0.4134836196899414,0,0,0
6412,1.1204297542572021,1.1204297542572021,0,0,0
6413,0.6143211722373962,0.6143211722373962,0,0,0
6414,0.44390010833740234,0.44390010833740234,0,0,0
6415,0.8254578113555908,0.8254578113555908,0,0,0
6416,0.5425763130187988,0.5425763130187988,0,0,0
6417,0.48799532651901245,0.48799532651901245,0,0,0
6418,0.6607126593589783,0.6607126593589783,0,0,0
6419,0.45007970929145813,0.45007970929145813,0,0,0
6420,0.37883713841438293,0.37883713841438293,0,0,0
6421,0.40112459659576416,0.40112459659576416,0,0,0
6422,0.43789270520210266,0.43789270520210266,0,0,0
6423,0.361829936504364,0.361829936504364,0,0,0
6424,0.7748652100563049,0.7748652100563049,0,0,0
6425,0.439174622297287,0.439174622297287,0,0,0
6426,0.6422160267829895,0.6422160267829895,0,0,0
6427,0.5487022399902344,0.5487022399902344,0,0,0
6428,0.4362242817878723,0.4362242817878723,0,0,0
6429,0.4979144334793091,0.4979144334793091,0,0,0
6430,0.45159369707107544,0.45159369707107544,0,0,0
6431,0.4573415517807007,0.4573415517807007,0,0,0
6432,0.442502498626709,0.442502498626709,0,0,0
6433,0.5449636578559875,0.5449636578559875,0,0,0
6434,1.2826249599456787,1.2826249599456787,0,0,0
6435,0.4735639989376068,0.4735639989376068,0,0,0
6436,0.643171489238739,0.643171489238739,0,0,0
6437,0.5000457167625427,0.5000457167625427,0,0,0
6438,0.4163406789302826,0.4163406789302826,0,0,0
6439,0.46971598267555237,0.46971598267555237,0,0,0
6440,0.45007604360580444,0.45007604360580444,0,0,0
6441,0.6595928072929382,0.6595928072929382,0,0,0
6442,0.3986414968967438,0.3986414968967438,0,0,0
6443,0.5188251733779907,0.5188251733779907,0,0,0
6444,0.40908774733543396,0.40908774733543396,0,0,0
6445,0.49483171105384827,0.49483171105384827,0,0,0
6446,0.4591144323348999,0.4591144323348999,0,0,0
6447,0.4441201388835907,0.4441201388835907,0,0,0
6448,0.5083107352256775,0.5083107352256775,0,0,0
6449,0.7544500827789307,0.7544500827789307,0,0,0
6450,0.4816913306713104,0.4816913306713104,0,0,0
6451,0.4917401671409607,0.4917401671409607,0,0,0
6452,0.43857264518737793,0.43857264518737793,0,0,0
6453,0.5169380307197571,0.5169380307197571,0,0,0
6454,0.4030030369758606,0.4030030369758606,0,0,0
6455,0.417101114988327,0.417101114988327,0,0,0
6456,0.7877761125564575,0.7877761125564575,0,0,0
6457,0.38011452555656433,0.38011452555656433,0,0,0
6458,0.4707863926887512,0.4707863926887512,0,0,0
6459,0.5112835168838501,0.5112835168838501,0,0,0
6460,0.5647464990615845,0.5647464990615845,0,0,0
6461,0.604418158531189,0.604418158531189,0,0,0
6462,0.4059576392173767,0.4059576392173767,0,0,0
6463,0.39786937832832336,0.39786937832832336,0,0,0
6464,0.38621291518211365,0.38621291518211365,0,0,0
6465,1.9544864892959595,1.9544864892959595,0,0,0
6466,0.6423067450523376,0.6423067450523376,0,0,0
6467,0.41553059220314026,0.41553059220314026,0,0,0
6468,0.5052140951156616,0.5052140951156616,0,0,0
6469,0.35561108589172363,0.35561108589172363,0,0,0
6470,1.1063706874847412,1.1063706874847412,0,0,0
6471,0.6234738230705261,0.6234738230705261,0,0,0
6472,0.4477347135543823,0.4477347135543823,0,0,0
6473,0.4646070897579193,0.4646070897579193,0,0,0
6474,0.6118581295013428,0.6118581295013428,0,0,0
6475,0.548848569393158,0.548848569393158,0,0,0
6476,0.5215782523155212,0.5215782523155212,0,0,0
6477,0.46681293845176697,0.46681293845176697,0,0,0
6478,0.6417992115020752,0.6417992115020752,0,0,0
6479,0.42916738986968994,0.42916738986968994,0,0,0
6480,0.4300948977470398,0.4300948977470398,0,0,0
6481,0.365079402923584,0.365079402923584,0,0,0
6482,0.427553653717041,0.427553653717041,0,0,0
6483,0.5119718909263611,0.5119718909263611,0,0,0
6484,0.8554670214653015,0.8554670214653015,0,0,0
6485,0.8030288219451904,0.8030288219451904,0,0,0
6486,0.5233549475669861,0.5233549475669861,0,0,0
6487,0.571076512336731,0.571076512336731,0,0,0
6488,0.4438430070877075,0.4438430070877075,0,0,0
6489,0.48024746775627136,0.48024746775627136,0,0,0
6490,0.5601065158843994,0.5601065158843994,0,0,0
6491,0.38816922903060913,0.38816922903060913,0,0,0
6492,0.5205146074295044,0.5205146074295044,0,0,0
6493,0.5533066391944885,0.5533066391944885,0,0,0
6494,0.454347163438797,0.454347163438797,0,0,0
6495,0.6061277985572815,0.6061277985572815,0,0,0
6496,0.5646565556526184,0.5646565556526184,0,0,0
6497,0.6542389988899231,0.6542389988899231,0,0,0
6498,0.42848464846611023,0.42848464846611023,0,0,0
6499,0.43150946497917175,0.43150946497917175,0,0,0
6500,0.673946738243103,0.673946738243103,0,0,0
6501,0.37292492389678955,0.37292492389678955,0,0,0
6502,0.5926914811134338,0.5926914811134338,0,0,0
6503,0.40142956376075745,0.40142956376075745,0,0,0
6504,0.6112660765647888,0.6112660765647888,0,0,0
6505,0.42074424028396606,0.42074424028396606,0,0,0
6506,0.6561331748962402,0.6561331748962402,0,0,0
6507,0.5621663928031921,0.5621663928031921,0,0,0
6508,0.6831379532814026,0.6831379532814026,0,0,0
6509,0.40385743975639343,0.40385743975639343,0,0,0
6510,0.37141603231430054,0.37141603231430054,0,0,0
6511,0.43241044878959656,0.43241044878959656,0,0,0
6512,0.7304232120513916,0.7304232120513916,0,0,0
6513,0.543582558631897,0.543582558631897,0,0,0
6514,0.39843854308128357,0.39843854308128357,0,0,0
6515,0.4117111265659332,0.4117111265659332,0,0,0
6516,0.4779268503189087,0.4779268503189087,0,0,0
6517,0.34654974937438965,0.34654974937438965,0,0,0
6518,0.459002822637558,0.459002822637558,0,0,0
6519,0.37662366032600403,0.37662366032600403,0,0,0
6520,0.3568236231803894,0.3568236231803894,0,0,0
6521,0.47724542021751404,0.47724542021751404,0,0,0
6522,0.3948375880718231,0.3948375880718231,0,0,0
6523,0.3850155174732208,0.3850155174732208,0,0,0
6524,0.6472343802452087,0.6472343802452087,0,0,0
6525,0.43417122960090637,0.43417122960090637,0,0,0
6526,0.43426841497421265,0.43426841497421265,0,0,0
6527,0.5242264270782471,0.5242264270782471,0,0,0
6528,0.409818559885025,0.409818559885025,0,0,0
6529,0.5759887099266052,0.5759887099266052,0,0,0
6530,0.5011120438575745,0.5011120438575745,0,0,0
6531,0.5681809186935425,0.5681809186935425,0,0,0
6532,0.4810461103916168,0.4810461103916168,0,0,0
6533,0.4714668393135071,0.4714668393135071,0,0,0
6534,0.3681112229824066,0.3681112229824066,0,0,0
6535,0.4980015456676483,0.4980015456676483,0,0,0
6536,0.3707496225833893,0.3707496225833893,0,0,0
6537,0.4094391167163849,0.4094391167163849,0,0,0
6538,0.5380980372428894,0.5380980372428894,0,0,0
6539,0.4220845699310303,0.4220845699310303,0,0,0
6540,0.43040767312049866,0.43040767312049866,0,0,0
6541,0.5218837857246399,0.5218837857246399,0,0,0
6542,0.41657882928848267,0.41657882928848267,0,0,0
6543,0.6263137459754944,0.6263137459754944,0,0,0
6544,0.4611583352088928,0.4611583352088928,0,0,0
6545,0.487579345703125,0.487579345703125,0,0,0
6546,0.3687017261981964,0.3687017261981964,0,0,0
6547,0.3663751780986786,0.3663751780986786,0,0,0
6548,0.6724332571029663,0.6724332571029663,0,0,0
6549,0.46117013692855835,0.46117013692855835,0,0,0
6550,1.0339385271072388,1.0339385271072388,0,0,0
6551,0.5361883044242859,0.5361883044242859,0,0,0
6552,0.4642177224159241,0.4642177224159241,0,0,0
6553,0.4173611104488373,0.4173611104488373,0,0,0
6554,0.44623932242393494,0.44623932242393494,0,0,0
6555,0.439987450838089,0.439987450838089,0,0,0
6556,0.908417284488678,0.908417284488678,0,0,0
6557,0.43106716871261597,0.43106716871261597,0,0,0
6558,0.4083745777606964,0.4083745777606964,0,0,0
6559,0.3903566300868988,0.3903566300868988,0,0,0
6560,0.4542495012283325,0.4542495012283325,0,0,0
6561,0.39472073316574097,0.39472073316574097,0,0,0
6562,0.4979306757450104,0.4979306757450104,0,0,0
6563,1.1435556411743164,1.1435556411743164,0,0,0
6564,0.473601758480072,0.473601758480072,0,0,0
6565,0.41314300894737244,0.41314300894737244,0,0,0
6566,0.6197859048843384,0.6197859048843384,0,0,0
6567,0.6373684406280518,0.6373684406280518,0,0,0
6568,0.3783368766307831,0.3783368766307831,0,0,0
6569,0.5044337511062622,0.5044337511062622,0,0,0
6570,0.48864153027534485,0.48864153027534485,0,0,0
6571,0.41277238726615906,0.41277238726615906,0,0,0
6572,0.5064756870269775,0.5064756870269775,0,0,0
6573,0.3801630735397339,0.3801630735397339,0,0,0
6574,0.5349068641662598,0.5349068641662598,0,0,0
6575,0.5113397240638733,0.5113397240638733,0,0,0
6576,0.40689924359321594,0.40689924359321594,0,0,0
6577,0.4443959593772888,0.4443959593772888,0,0,0
6578,0.3651960492134094,0.3651960492134094,0,0,0
6579,0.4453749358654022,0.4453749358654022,0,0,0
6580,0.4126405119895935,0.4126405119895935,0,0,0
6581,0.37104928493499756,0.37104928493499756,0,0,0
6582,0.7737591862678528,0.7737591862678528,0,0,0
6583,0.3804967999458313,0.3804967999458313,0,0,0
6584,0.521463930606842,0.521463930606842,0,0,0
6585,0.5238316059112549,0.5238316059112549,0,0,0
6586,0.38932687044143677,0.38932687044143677,0,0,0
6587,0.3613719642162323,0.3613719642162323,0,0,0
6588,0.5505920648574829,0.5505920648574829,0,0,0
6589,0.39184272289276123,0.39184272289276123,0,0,0
6590,0.3904344141483307,0.3904344141483307,0,0,0
6591,0.44164422154426575,0.44164422154426575,0,0,0
6592,0.6812458038330078,0.6812458038330078,0,0,0
6593,0.5168375372886658,0.5168375372886658,0,0,0
6594,0.4893338084220886,0.4893338084220886,0,0,0
6595,0.4936217665672302,0.4936217665672302,0,0,0
6596,0.4981496334075928,0.4981496334075928,0,0,0
6597,0.39568090438842773,0.39568090438842773,0,0,0
6598,0.4461039900779724,0.4461039900779724,0,0,0
6599,0.508186936378479,0.508186936378479,0,0,0
6600,0.3976225256919861,0.3976225256919861,0,0,0
6601,0.40377888083457947,0.40377888083457947,0,0,0
6602,0.9292494058609009,0.9292494058609009,0,0,0
6603,0.48930221796035767,0.48930221796035767,0,0,0
6604,0.4299181401729584,0.4299181401729584,0,0,0
6605,0.3599369525909424,0.3599369525909424,0,0,0
6606,0.37355145812034607,0.37355145812034607,0,0,0
6607,0.5230081677436829,0.5230081677436829,0,0,0
6608,0.4002838730812073,0.4002838730812073,0,0,0
6609,0.4320065379142761,0.4320065379142761,0,0,0
6610,0.47241705656051636,0.47241705656051636,0,0,0
6611,0.4225001633167267,0.4225001633167267,0,0,0
6612,0.42270466685295105,0.42270466685295105,0,0,0
6613,0.42620840668678284,0.42620840668678284,0,0,0
6614,0.34565645456314087,0.34565645456314087,0,0,0
6615,0.411751389503479,0.411751389503479,0,0,0
6616,0.446560800075531,0.446560800075531,0,0,0
6617,0.5077072381973267,0.5077072381973267,0,0,0
6618,0.5263658761978149,0.5263658761978149,0,0,0
6619,0.4001668691635132,0.4001668691635132,0,0,0
6620,0.4409888684749603,0.4409888684749603,0,0,0
6621,0.4308956563472748,0.4308956563472748,0,0,0
6622,0.5367527008056641,0.5367527008056641,0,0,0
6623,0.5131299495697021,0.5131299495697021,0,0,0
6624,0.40626463294029236,0.40626463294029236,0,0,0
6625,0.45657187700271606,0.45657187700271606,0,0,0
6626,0.544945478439331,0.544945478439331,0,0,0
6627,0.37815093994140625,0.37815093994140625,0,0,0
6628,0.39700913429260254,0.39700913429260254,0,0,0
6629,0.5419723391532898,0.5419723391532898,0,0,0
6630,0.3890227675437927,0.3890227675437927,0,0,0
6631,0.43337181210517883,0.43337181210517883,0,0,0
6632,0.45552191138267517,0.45552191138267517,0,0,0
6633,0.4167485535144806,0.4167485535144806,0,0,0
6634,0.42679357528686523,0.42679357528686523,0,0,0
6635,0.512355625629425,0.512355625629425,0,0,0
6636,0.44999098777770996,0.44999098777770996,0,0,0
6637,0.40937644243240356,0.40937644243240356,0,0,0
6638,0.4189498722553253,0.4189498722553253,0,0,0
6639,0.5323006510734558,0.5323006510734558,0,0,0
6640,0.4229072332382202,0.4229072332382202,0,0,0
6641,0.4780522882938385,0.4780522882938385,0,0,0
6642,0.4463171064853668,0.4463171064853668,0,0,0
6643,0.4230210483074188,0.4230210483074188,0,0,0
6644,0.5221025943756104,0.5221025943756104,0,0,0
6645,0.379402756690979,0.379402756690979,0,0,0
6646,0.525739312171936,0.525739312171936,0,0,0
6647,0.3982432782649994,0.3982432782649994,0,0,0
6648,0.3553980588912964,0.3553980588912964,0,0,0
6649,0.3930648863315582,0.3930648863315582,0,0,0
6650,0.3700979948043823,0.3700979948043823,0,0,0
6651,0.4177528917789459,0.4177528917789459,0,0,0
6652,0.37008413672447205,0.37008413672447205,0,0,0
6653,0.3745964467525482,0.3745964467525482,0,0,0
6654,0.3668834865093231,0.3668834865093231,0,0,0
6655,0.47084012627601624,0.47084012627601624,0,0,0
6656,0.35029834508895874,0.35029834508895874,0,0,0
6657,0.3651486933231354,0.3651486933231354,0,0,0
6658,0.41276243329048157,0.41276243329048157,0,0,0
6659,0.5480293035507202,0.5480293035507202,0,0,0
6660,0.4049302637577057,0.4049302637577057,0,0,0
6661,0.4317436218261719,0.4317436218261719,0,0,0
6662,0.5052081346511841,0.5052081346511841,0,0,0
6663,0.41212233901023865,0.41212233901023865,0,0,0
6664,0.6437165141105652,0.6437165141105652,0,0,0
6665,0.41226035356521606,0.41226035356521606,0,0,0
6666,0.41582146286964417,0.41582146286964417,0,0,0
6667,0.4529891908168793,0.4529891908168793,0,0,0
6668,0.3912431597709656,0.3912431597709656,0,0,0
6669,0.4383530914783478,0.4383530914783478,0,0,0
6670,0.5289879441261292,0.5289879441261292,0,0,0
6671,0.475295752286911,0.475295752286911,0,0,0
6672,0.49930092692375183,0.49930092692375183,0,0,0
6673,0.5119752287864685,0.5119752287864685,0,0,0
6674,0.5692786574363708,0.5692786574363708,0,0,0
6675,0.36052611470222473,0.36052611470222473,0,0,0
6676,0.3941110372543335,0.3941110372543335,0,0,0
6677,0.42389625310897827,0.42389625310897827,0,0,0
6678,0.3975629508495331,0.3975629508495331,0,0,0
6679,0.41909170150756836,0.41909170150756836,0,0,0
6680,0.40125155448913574,0.40125155448913574,0,0,0
6681,0.6269547939300537,0.6269547939300537,0,0,0
6682,0.3965573012828827,0.3965573012828827,0,0,0
6683,0.5394073128700256,0.5394073128700256,0,0,0
6684,0.37169453501701355,0.37169453501701355,0,0,0
6685,0.42628878355026245,0.42628878355026245,0,0,0
6686,0.5221707820892334,0.5221707820892334,0,0,0
6687,0.6102291941642761,0.6102291941642761,0,0,0
6688,0.4518236219882965,0.4518236219882965,0,0,0
6689,0.5093249082565308,0.5093249082565308,0,0,0
6690,0.4159007966518402,0.4159007966518402,0,0,0
6691,0.5289376974105835,0.5289376974105835,0,0,0
6692,0.5337865948677063,0.5337865948677063,0,0,0
6693,0.5222870707511902,0.5222870707511902,0,0,0
6694,0.4106493294239044,0.4106493294239044,0,0,0
6695,0.5051220059394836,0.5051220059394836,0,0,0
6696,0.5230852961540222,0.5230852961540222,0,0,0
6697,0.6049695014953613,0.6049695014953613,0,0,0
6698,0.44047969579696655,0.44047969579696655,0,0,0
6699,0.41580531001091003,0.41580531001091003,0,0,0
6700,0.35121920704841614,0.35121920704841614,0,0,0
6701,0.4376298785209656,0.4376298785209656,0,0,0
6702,0.42465656995773315,0.42465656995773315,0,0,0
6703,0.47049614787101746,0.47049614787101746,0,0,0
6704,0.42128145694732666,0.42128145694732666,0,0,0
6705,0.6580802202224731,0.6580802202224731,0,0,0
6706,0.4320063889026642,0.4320063889026642,0,0,0
6707,0.3432954251766205,0.3432954251766205,0,0,0
6708,0.3864790201187134,0.3864790201187134,0,0,0
6709,0.37412533164024353,0.37412533164024353,0,0,0
6710,0.4527330696582794,0.4527330696582794,0,0,0
6711,0.5356830358505249,0.5356830358505249,0,0,0
6712,0.43165379762649536,0.43165379762649536,0,0,0
6713,0.4623057544231415,0.4623057544231415,0,0,0
6714,0.40975311398506165,0.40975311398506165,0,0,0
6715,0.5259763598442078,0.5259763598442078,0,0,0
6716,0.4421274662017822,0.4421274662017822,0,0,0
6717,0.38690677285194397,0.38690677285194397,0,0,0
6718,0.46818050742149353,0.46818050742149353,0,0,0
6719,0.5075591802597046,0.5075591802597046,0,0,0
6720,0.40233200788497925,0.40233200788497925,0,0,0
6721,0.43007054924964905,0.43007054924964905,0,0,0
6722,0.8360527157783508,0.8360527157783508,0,0,0
6723,0.5310648083686829,0.5310648083686829,0,0,0
6724,0.4416389465332031,0.4416389465332031,0,0,0
6725,0.456264853477478,0.456264853477478,0,0,0
6726,0.427277535200119,0.427277535200119,0,0,0
6727,0.5356970429420471,0.5356970429420471,0,0,0
6728,0.3625507652759552,0.3625507652759552,0,0,0
6729,0.39573875069618225,0.39573875069618225,0,0,0
6730,0.43630483746528625,0.43630483746528625,0,0,0
6731,0.4106946885585785,0.4106946885585785,0,0,0
6732,0.6400362253189087,0.6400362253189087,0,0,0
6733,0.4405355155467987,0.4405355155467987,0,0,0
6734,0.45180800557136536,0.45180800557136536,0,0,0
6735,0.4268098771572113,0.4268098771572113,0,0,0
6736,0.5380426049232483,0.5380426049232483,0,0,0
6737,0.6288914084434509,0.6288914084434509,0,0,0
6738,0.4065016806125641,0.4065016806125641,0,0,0
6739,0.40704935789108276,0.40704935789108276,0,0,0
6740,0.5142489671707153,0.5142489671707153,0,0,0
6741,0.4378407299518585,0.4378407299518585,0,0,0
6742,0.3982768654823303,0.3982768654823303,0,0,0
6743,0.4710001051425934,0.4710001051425934,0,0,0
6744,0.38093796372413635,0.38093796372413635,0,0,0
6745,0.40552467107772827,0.40552467107772827,0,0,0
6746,0.40551671385765076,0.40551671385765076,0,0,0
6747,0.4287397265434265,0.4287397265434265,0,0,0
6748,0.40163177251815796,0.40163177251815796,0,0,0
6749,0.5391374826431274,0.5391374826431274,0,0,0
6750,0.67878258228302,0.67878258228302,0,0,0
6751,0.4468204081058502,0.4468204081058502,0,0,0
6752,0.6273127198219299,0.6273127198219299,0,0,0
6753,0.3542276918888092,0.3542276918888092,0,0,0
6754,0.6175382733345032,0.6175382733345032,0,0,0
6755,0.45089367032051086,0.45089367032051086,0,0,0
6756,0.48116597533226013,0.48116597533226013,0,0,0
6757,0.3673023283481598,0.3673023283481598,0,0,0
6758,0.5040033459663391,0.5040033459663391,0,0,0
6759,0.39673158526420593,0.39673158526420593,0,0,0
6760,0.4465210437774658,0.4465210437774658,0,0,0
6761,0.38040828704833984,0.38040828704833984,0,0,0
6762,0.4628756642341614,0.4628756642341614,0,0,0
6763,0.45145758986473083,0.45145758986473083,0,0,0
6764,0.656977117061615,0.656977117061615,0,0,0
6765,0.4477154016494751,0.4477154016494751,0,0,0
6766,0.46246853470802307,0.46246853470802307,0,0,0
6767,0.49532756209373474,0.49532756209373474,0,0,0
6768,0.4760687053203583,0.4760687053203583,0,0,0
6769,0.4904864728450775,0.4904864728450775,0,0,0
6770,0.39932677149772644,0.39932677149772644,0,0,0
6771,0.3851913511753082,0.3851913511753082,0,0,0
6772,0.49374184012413025,0.49374184012413025,0,0,0
6773,0.36755385994911194,0.36755385994911194,0,0,0
6774,0.4384715259075165,0.4384715259075165,0,0,0
6775,0.38276341557502747,0.38276341557502747,0,0,0
6776,0.48154929280281067,0.48154929280281067,0,0,0
6777,0.4367121458053589,0.4367121458053589,0,0,0
6778,0.44849345088005066,0.44849345088005066,0,0,0
6779,0.44706976413726807,0.44706976413726807,0,0,0
6780,0.359474241733551,0.359474241733551,0,0,0
6781,0.4877205193042755,0.4877205193042755,0,0,0
6782,0.39293423295021057,0.39293423295021057,0,0,0
6783,0.5441932082176208,0.5441932082176208,0,0,0
6784,0.6540603041648865,0.6540603041648865,0,0,0
6785,0.44682228565216064,0.44682228565216064,0,0,0
6786,0.40858137607574463,0.40858137607574463,0,0,0
6787,0.46294188499450684,0.46294188499450684,0,0,0
6788,0.69245445728302,0.69245445728302,0,0,0
6789,0.5840429663658142,0.5840429663658142,0,0,0
6790,0.3650332987308502,0.3650332987308502,0,0,0
6791,0.7407470941543579,0.7407470941543579,0,0,0
6792,0.6703753471374512,0.6703753471374512,0,0,0
6793,0.44480422139167786,0.44480422139167786,0,0,0
6794,0.5003781318664551,0.5003781318664551,0,0,0
6795,0.41178610920906067,0.41178610920906067,0,0,0
6796,0.41161513328552246,0.41161513328552246,0,0,0
6797,0.37795567512512207,0.37795567512512207,0,0,0
6798,0.430253803730011,0.430253803730011,0,0,0
6799,0.4729607403278351,0.4729607403278351,0,0,0
6800,0.38311901688575745,0.38311901688575745,0,0,0
6801,0.3638726472854614,0.3638726472854614,0,0,0
6802,0.40104344487190247,0.40104344487190247,0,0,0
6803,0.38922014832496643,0.38922014832496643,0,0,0
6804,0.3966979384422302,0.3966979384422302,0,0,0
6805,0.558769702911377,0.558769702911377,0,0,0
6806,0.4704054594039917,0.4704054594039917,0,0,0
6807,0.40405744314193726,0.40405744314193726,0,0,0
6808,0.4607178568840027,0.4607178568840027,0,0,0
6809,0.4638412892818451,0.4638412892818451,0,0,0
6810,0.4281768202781677,0.4281768202781677,0,0,0
6811,0.4529015123844147,0.4529015123844147,0,0,0
6812,0.34983837604522705,0.34983837604522705,0,0,0
6813,0.7444353103637695,0.7444353103637695,0,0,0
6814,0.6282857656478882,0.6282857656478882,0,0,0
6815,0.3824302554130554,0.3824302554130554,0,0,0
6816,0.368678480386734,0.368678480386734,0,0,0
6817,0.3857578635215759,0.3857578635215759,0,0,0
6818,0.34376996755599976,0.34376996755599976,0,0,0
6819,0.5298610329627991,0.5298610329627991,0,0,0
6820,0.36505088210105896,0.36505088210105896,0,0,0
6821,1.026216745376587,1.026216745376587,0,0,0
6822,0.34016650915145874,0.34016650915145874,0,0,0
6823,0.35357654094696045,0.35357654094696045,0,0,0
6824,0.44884228706359863,0.44884228706359863,0,0,0
6825,0.5310467481613159,0.5310467481613159,0,0,0
6826,0.39533838629722595,0.39533838629722595,0,0,0
6827,0.5072804093360901,0.5072804093360901,0,0,0
6828,0.36651521921157837,0.36651521921157837,0,0,0
6829,0.6665365695953369,0.6665365695953369,0,0,0
6830,0.4658951759338379,0.4658951759338379,0,0,0
6831,0.4629802405834198,0.4629802405834198,0,0,0
6832,0.41881507635116577,0.41881507635116577,0,0,0
6833,0.36922815442085266,0.36922815442085266,0,0,0
6834,0.3936338722705841,0.3936338722705841,0,0,0
6835,0.43078798055648804,0.43078798055648804,0,0,0
6836,0.36623623967170715,0.36623623967170715,0,0,0
6837,0.40372729301452637,0.40372729301452637,0,0,0
6838,0.39912331104278564,0.39912331104278564,0,0,0
6839,0.42935746908187866,0.42935746908187866,0,0,0
6840,0.38759708404541016,0.38759708404541016,0,0,0
6841,0.7544260025024414,0.7544260025024414,0,0,0
6842,0.4064781069755554,0.4064781069755554,0,0,0
6843,0.4223563075065613,0.4223563075065613,0,0,0
6844,0.5051937103271484,0.5051937103271484,0,0,0
6845,0.5454925298690796,0.5454925298690796,0,0,0
6846,0.4033155143260956,0.4033155143260956,0,0,0
6847,0.4158875644207001,0.4158875644207001,0,0,0
6848,0.3631468415260315,0.3631468415260315,0,0,0
6849,0.36764639616012573,0.36764639616012573,0,0,0
6850,0.4268302917480469,0.4268302917480469,0,0,0
6851,0.47696274518966675,0.47696274518966675,0,0,0
6852,0.5408380627632141,0.5408380627632141,0,0,0
6853,0.3742356300354004,0.3742356300354004,0,0,0
6854,0.3851175606250763,0.3851175606250763,0,0,0
6855,0.42054229974746704,0.42054229974746704,0,0,0
6856,0.34081393480300903,0.34081393480300903,0,0,0
6857,0.5649744272232056,0.5649744272232056,0,0,0
6858,0.42615994811058044,0.42615994811058044,0,0,0
6859,0.40408816933631897,0.40408816933631897,0,0,0
6860,0.5310768485069275,0.5310768485069275,0,0,0
6861,0.3815215826034546,0.3815215826034546,0,0,0
6862,0.3739316761493683,0.3739316761493683,0,0,0
6863,0.506966233253479,0.506966233253479,0,0,0
6864,0.649601399898529,0.649601399898529,0,0,0
6865,0.40484803915023804,0.40484803915023804,0,0,0
6866,0.4494561553001404,0.4494561553001404,0,0,0
6867,0.42564326524734497,0.42564326524734497,0,0,0
6868,0.4255755841732025,0.4255755841732025,0,0,0
6869,0.3674900233745575,0.3674900233745575,0,0,0
6870,0.43374505639076233,0.43374505639076233,0,0,0
6871,0.4193214178085327,0.4193214178085327,0,0,0
6872,0.5862625241279602,0.5862625241279602,0,0,0
6873,0.45869022607803345,0.45869022607803345,0,0,0
6874,0.41310515999794006,0.41310515999794006,0,0,0
6875,0.5083343982696533,0.5083343982696533,0,0,0
6876,0.6669481992721558,0.6669481992721558,0,0,0
6877,0.5030040144920349,0.5030040144920349,0,0,0
6878,0.5485662817955017,0.5485662817955017,0,0,0
6879,0.3894325792789459,0.3894325792789459,0,0,0
6880,0.39533352851867676,0.39533352851867676,0,0,0
6881,0.41412898898124695,0.41412898898124695,0,0,0
6882,0.4713200628757477,0.4713200628757477,0,0,0
6883,0.3937341570854187,0.3937341570854187,0,0,0
6884,0.5940439701080322,0.5940439701080322,0,0,0
6885,0.5104027986526489,0.5104027986526489,0,0,0
6886,0.40231770277023315,0.40231770277023315,0,0,0
6887,0.41896188259124756,0.41896188259124756,0,0,0
6888,0.46809181571006775,0.46809181571006775,0,0,0
6889,0.3688737750053406,0.3688737750053406,0,0,0
6890,0.4114825427532196,0.4114825427532196,0,0,0
6891,0.43851009011268616,0.43851009011268616,0,0,0
6892,0.4868784546852112,0.4868784546852112,0,0,0
6893,0.43344008922576904,0.43344008922576904,0,0,0
6894,0.3834507167339325,0.3834507167339325,0,0,0
6895,0.3960096538066864,0.3960096538066864,0,0,0
6896,0.4443267285823822,0.4443267285823822,0,0,0
6897,0.3979010283946991,0.3979010283946991,0,0,0
6898,0.47194382548332214,0.47194382548332214,0,0,0
6899,0.4782463014125824,0.4782463014125824,0,0,0
6900,0.40711313486099243,0.40711313486099243,0,0,0
6901,0.3501833975315094,0.3501833975315094,0,0,0
6902,0.4174366593360901,0.4174366593360901,0,0,0
6903,0.41364622116088867,0.41364622116088867,0,0,0
6904,0.4196840226650238,0.4196840226650238,0,0,0
6905,0.4124141037464142,0.4124141037464142,0,0,0
6906,0.35206592082977295,0.35206592082977295,0,0,0
6907,0.4757143557071686,0.4757143557071686,0,0,0
6908,0.409274160861969,0.409274160861969,0,0,0
6909,0.3942434787750244,0.3942434787750244,0,0,0
6910,0.3980315923690796,0.3980315923690796,0,0,0
6911,0.36149728298187256,0.36149728298187256,0,0,0
6912,0.3500867486000061,0.3500867486000061,0,0,0
6913,0.37795934081077576,0.37795934081077576,0,0,0
6914,0.3608706593513489,0.3608706593513489,0,0,0
6915,0.7238538265228271,0.7238538265228271,0,0,0
6916,0.3731103837490082,0.3731103837490082,0,0,0
6917,0.3700989782810211,0.3700989782810211,0,0,0
6918,0.4321746230125427,0.4321746230125427,0,0,0
6919,0.439414918422699,0.439414918422699,0,0,0
6920,0.4140307307243347,0.4140307307243347,0,0,0
6921,0.4884607493877411,0.4884607493877411,0,0,0
6922,0.46076729893684387,0.46076729893684387,0,0,0
6923,0.6799115538597107,0.6799115538597107,0,0,0
6924,0.4067304730415344,0.4067304730415344,0,0,0
6925,0.3765530288219452,0.3765530288219452,0,0,0
6926,0.34118011593818665,0.34118011593818665,0,0,0
6927,0.5445325970649719,0.5445325970649719,0,0,0
6928,0.37890172004699707,0.37890172004699707,0,0,0
6929,0.5305806398391724,0.5305806398391724,0,0,0
6930,0.43966156244277954,0.43966156244277954,0,0,0
6931,0.49641165137290955,0.49641165137290955,0,0,0
6932,0.4713831841945648,0.4713831841945648,0,0,0
6933,0.41899970173835754,0.41899970173835754,0,0,0
6934,0.5287420153617859,0.5287420153617859,0,0,0
6935,0.3860713243484497,0.3860713243484497,0,0,0
6936,0.3451770544052124,0.3451770544052124,0,0,0
6937,0.5970678329467773,0.5970678329467773,0,0,0
6938,0.36908262968063354,0.36908262968063354,0,0,0
6939,0.3861960172653198,0.3861960172653198,0,0,0
6940,0.41260525584220886,0.41260525584220886,0,0,0
6941,0.48869815468788147,0.48869815468788147,0,0,0
6942,0.5165164470672607,0.5165164470672607,0,0,0
6943,0.4468340575695038,0.4468340575695038,0,0,0
6944,0.39868563413619995,0.39868563413619995,0,0,0
6945,0.45157259702682495,0.45157259702682495,0,0,0
6946,0.3359333574771881,0.3359333574771881,0,0,0
6947,0.33329424262046814,0.33329424262046814,0,0,0
6948,0.44606640934944153,0.44606640934944153,0,0,0
6949,0.36732250452041626,0.36732250452041626,0,0,0
6950,0.41351309418678284,0.41351309418678284,0,0,0
6951,0.4036785364151001,0.4036785364151001,0,0,0
6952,0.4276297986507416,0.4276297986507416,0,0,0
6953,0.4364244043827057,0.4364244043827057,0,0,0
6954,0.43271008133888245,0.43271008133888245,0,0,0
6955,0.36189088225364685,0.36189088225364685,0,0,0
6956,0.4459562599658966,0.4459562599658966,0,0,0
6957,0.4116929769515991,0.4116929769515991,0,0,0
6958,0.372059166431427,0.372059166431427,0,0,0
6959,0.37336692214012146,0.37336692214012146,0,0,0
6960,0.4606213867664337,0.4606213867664337,0,0,0
6961,0.41610953211784363,0.41610953211784363,0,0,0
6962,0.3757230341434479,0.3757230341434479,0,0,0
6963,0.689307689666748,0.689307689666748,0,0,0
6964,0.40577664971351624,0.40577664971351624,0,0,0
6965,0.5359020829200745,0.5359020829200745,0,0,0
6966,0.40972205996513367,0.40972205996513367,0,0,0
6967,0.3828742504119873,0.3828742504119873,0,0,0
6968,0.6411633491516113,0.6411633491516113,0,0,0
6969,1.050310730934143,1.050310730934143,0,0,0
6970,0.3617909252643585,0.3617909252643585,0,0,0
6971,0.6226388216018677,0.6226388216018677,0,0,0
6972,0.4407247304916382,0.4407247304916382,0,0,0
6973,0.7264869809150696,0.7264869809150696,0,0,0
6974,0.5025427341461182,0.5025427341461182,0,0,0
6975,0.40981143712997437,0.40981143712997437,0,0,0
6976,0.3921385705471039,0.3921385705471039,0,0,0
6977,0.3932299315929413,0.3932299315929413,0,0,0
6978,0.4271508455276489,0.4271508455276489,0,0,0
6979,0.409834623336792,0.409834623336792,0,0,0
6980,0.5156072974205017,0.5156072974205017,0,0,0
6981,0.4558109939098358,0.4558109939098358,0,0,0
6982,0.37557271122932434,0.37557271122932434,0,0,0
6983,0.34570929408073425,0.34570929408073425,0,0,0
6984,0.41740882396698,0.41740882396698,0,0,0
6985,0.5602884292602539,0.5602884292602539,0,0,0
6986,0.43183422088623047,0.43183422088623047,0,0,0
6987,0.39827650785446167,0.39827650785446167,0,0,0
6988,0.4414079487323761,0.4414079487323761,0,0,0
6989,0.43992578983306885,0.43992578983306885,0,0,0
6990,0.5278044939041138,0.5278044939041138,0,0,0
6991,0.4172210693359375,0.4172210693359375,0,0,0
6992,0.4261783957481384,0.4261783957481384,0,0,0
6993,0.39826124906539917,0.39826124906539917,0,0,0
6994,0.5561302304267883,0.5561302304267883,0,0,0
6995,0.43039843440055847,0.43039843440055847,0,0,0
6996,0.4372592270374298,0.4372592270374298,0,0,0
6997,0.5415425300598145,0.5415425300598145,0,0,0
6998,0.42037317156791687,0.42037317156791687,0,0,0
6999,0.4972313344478607,0.4972313344478607,0,0,0
7000,0.36180126667022705,0.36180126667022705,0,0,0
7001,0.4465075135231018,0.4465075135231018,0,0,0
7002,0.4370984137058258,0.4370984137058258,0,0,0
7003,0.3765011429786682,0.3765011429786682,0,0,0
7004,0.3822735846042633,0.3822735846042633,0,0,0
7005,0.4486598074436188,0.4486598074436188,0,0,0
7006,0.4799787104129791,0.4799787104129791,0,0,0
7007,0.5267439484596252,0.5267439484596252,0,0,0
7008,0.534824788570404,0.534824788570404,0,0,0
7009,0.4602135419845581,0.4602135419845581,0,0,0
7010,0.40869593620300293,0.40869593620300293,0,0,0
7011,0.38883480429649353,0.38883480429649353,0,0,0
7012,0.41989657282829285,0.41989657282829285,0,0,0
7013,0.6015265583992004,0.6015265583992004,0,0,0
7014,0.5564423203468323,0.5564423203468323,0,0,0
7015,0.3729226291179657,0.3729226291179657,0,0,0
7016,0.6646397113800049,0.6646397113800049,0,0,0
7017,0.5194019079208374,0.5194019079208374,0,0,0
7018,0.579395055770874,0.579395055770874,0,0,0
7019,0.3847065567970276,0.3847065567970276,0,0,0
7020,0.4218025505542755,0.4218025505542755,0,0,0
7021,0.4907527565956116,0.4907527565956116,0,0,0
7022,0.5762505531311035,0.5762505531311035,0,0,0
7023,0.4619411826133728,0.4619411826133728,0,0,0
7024,0.5726328492164612,0.5726328492164612,0,0,0
7025,0.3570341169834137,0.3570341169834137,0,0,0
7026,0.5084956288337708,0.5084956288337708,0,0,0
7027,0.5947434902191162,0.5947434902191162,0,0,0
7028,0.4772598147392273,0.4772598147392273,0,0,0
7029,0.4126274883747101,0.4126274883747101,0,0,0
7030,0.4123494029045105,0.4123494029045105,0,0,0
7031,0.41202396154403687,0.41202396154403687,0,0,0
7032,0.3606778085231781,0.3606778085231781,0,0,0
7033,0.4361293911933899,0.4361293911933899,0,0,0
7034,0.40469324588775635,0.40469324588775635,0,0,0
7035,0.40270838141441345,0.40270838141441345,0,0,0
7036,0.37597474455833435,0.37597474455833435,0,0,0
7037,0.5839410424232483,0.5839410424232483,0,0,0
7038,0.94231116771698,0.94231116771698,0,0,0
7039,0.45637640357017517,0.45637640357017517,0,0,0
7040,0.5668310523033142,0.5668310523033142,0,0,0
7041,0.5736209154129028,0.5736209154129028,0,0,0
7042,0.43560969829559326,0.43560969829559326,0,0,0
7043,0.39667168259620667,0.39667168259620667,0,0,0
7044,0.4026760458946228,0.4026760458946228,0,0,0
7045,0.73332279920578,0.73332279920578,0,0,0
7046,0.45116913318634033,0.45116913318634033,0,0,0
7047,0.36531510949134827,0.36531510949134827,0,0,0
7048,0.9324512481689453,0.9324512481689453,0,0,0
7049,0.36983296275138855,0.36983296275138855,0,0,0
7050,0.432627409696579,0.432627409696579,0,0,0
7051,0.427604079246521,0.427604079246521,0,0,0
7052,0.34943675994873047,0.34943675994873047,0,0,0
7053,0.4129610061645508,0.4129610061645508,0,0,0
7054,0.3829018771648407,0.3829018771648407,0,0,0
7055,0.42348501086235046,0.42348501086235046,0,0,0
7056,0.4348956048488617,0.4348956048488617,0,0,0
7057,0.4565410315990448,0.4565410315990448,0,0,0
7058,0.4799184203147888,0.4799184203147888,0,0,0
7059,0.459249347448349,0.459249347448349,0,0,0
7060,0.37615707516670227,0.37615707516670227,0,0,0
7061,0.3637195825576782,0.3637195825576782,0,0,0
7062,0.4220459759235382,0.4220459759235382,0,0,0
7063,0.3627089262008667,0.3627089262008667,0,0,0
7064,0.3495992124080658,0.3495992124080658,0,0,0
7065,0.4570273458957672,0.4570273458957672,0,0,0
7066,0.3759751617908478,0.3759751617908478,0,0,0
7067,0.3987202048301697,0.3987202048301697,0,0,0
7068,0.42019084095954895,0.42019084095954895,0,0,0
7069,0.39194682240486145,0.39194682240486145,0,0,0
7070,0.4440341591835022,0.4440341591835022,0,0,0
7071,0.45637404918670654,0.45637404918670654,0,0,0
7072,0.3578144311904907,0.3578144311904907,0,0,0
7073,0.34939584136009216,0.34939584136009216,0,0,0
7074,0.8155049085617065,0.8155049085617065,0,0,0
7075,0.3969123065471649,0.3969123065471649,0,0,0
7076,0.35865697264671326,0.35865697264671326,0,0,0
7077,0.6528030037879944,0.6528030037879944,0,0,0
7078,0.3817810118198395,0.3817810118198395,0,0,0
7079,0.46326783299446106,0.46326783299446106,0,0,0
7080,0.36743953824043274,0.36743953824043274,0,0,0
7081,0.3621823191642761,0.3621823191642761,0,0,0
7082,0.41939714550971985,0.41939714550971985,0,0,0
7083,0.3861154317855835,0.3861154317855835,0,0,0
7084,0.38541120290756226,0.38541120290756226,0,0,0
7085,0.3793064057826996,0.3793064057826996,0,0,0
7086,0.5110538005828857,0.5110538005828857,0,0,0
7087,0.4657042324542999,0.4657042324542999,0,0,0
7088,0.3957512676715851,0.3957512676715851,0,0,0
7089,0.339936226606369,0.339936226606369,0,0,0
7090,0.41697800159454346,0.41697800159454346,0,0,0
7091,0.4155154824256897,0.4155154824256897,0,0,0
7092,0.7634900808334351,0.7634900808334351,0,0,0
7093,0.48038071393966675,0.48038071393966675,0,0,0
7094,0.5788691639900208,0.5788691639900208,0,0,0
7095,0.5039191842079163,0.5039191842079163,0,0,0
7096,0.3403894603252411,0.3403894603252411,0,0,0
7097,0.48646992444992065,0.48646992444992065,0,0,0
7098,0.3411993384361267,0.3411993384361267,0,0,0
7099,0.34770259261131287,0.34770259261131287,0,0,0
7100,0.3771996796131134,0.3771996796131134,0,0,0
7101,0.5167434215545654,0.5167434215545654,0,0,0
7102,0.9072158932685852,0.9072158932685852,0,0,0
7103,0.43457716703414917,0.43457716703414917,0,0,0
7104,0.5066099762916565,0.5066099762916565,0,0,0
7105,0.36147668957710266,0.36147668957710266,0,0,0
7106,0.47044530510902405,0.47044530510902405,0,0,0
7107,0.4431433081626892,0.4431433081626892,0,0,0
7108,0.39073678851127625,0.39073678851127625,0,0,0
7109,0.40066689252853394,0.40066689252853394,0,0,0
7110,0.3441801071166992,0.3441801071166992,0,0,0
7111,0.37785604596138,0.37785604596138,0,0,0
7112,0.41883954405784607,0.41883954405784607,0,0,0
7113,0.481834352016449,0.481834352016449,0,0,0
7114,0.4134044945240021,0.4134044945240021,0,0,0
7115,0.33113667368888855,0.33113667368888855,0,0,0
7116,0.47668877243995667,0.47668877243995667,0,0,0
7117,0.40379562973976135,0.40379562973976135,0,0,0
7118,0.3878123462200165,0.3878123462200165,0,0,0
7119,0.6616708636283875,0.6616708636283875,0,0,0
7120,0.4503849744796753,0.4503849744796753,0,0,0
7121,0.3975057899951935,0.3975057899951935,0,0,0
7122,0.5144817233085632,0.5144817233085632,0,0,0
7123,0.3987659215927124,0.3987659215927124,0,0,0
7124,0.36630815267562866,0.36630815267562866,0,0,0
7125,0.6635656952857971,0.6635656952857971,0,0,0
7126,0.3994978666305542,0.3994978666305542,0,0,0
7127,0.46000590920448303,0.46000590920448303,0,0,0
7128,0.3854329288005829,0.3854329288005829,0,0,0
7129,0.45660465955734253,0.45660465955734253,0,0,0
7130,0.3408878445625305,0.3408878445625305,0,0,0
7131,0.3626806437969208,0.3626806437969208,0,0,0
7132,0.34380605816841125,0.34380605816841125,0,0,0
7133,0.4821638762950897,0.4821638762950897,0,0,0
7134,0.3909238576889038,0.3909238576889038,0,0,0
7135,0.8040430545806885,0.8040430545806885,0,0,0
7136,0.9013720750808716,0.9013720750808716,0,0,0
7137,0.40849339962005615,0.40849339962005615,0,0,0
7138,0.45886918902397156,0.45886918902397156,0,0,0
7139,0.42201200127601624,0.42201200127601624,0,0,0
7140,0.34989091753959656,0.34989091753959656,0,0,0
7141,0.34456267952919006,0.34456267952919006,0,0,0
7142,0.41446083784103394,0.41446083784103394,0,0,0
7143,0.37369653582572937,0.37369653582572937,0,0,0
7144,0.3639571964740753,0.3639571964740753,0,0,0
7145,0.4196739196777344,0.4196739196777344,0,0,0
7146,0.33957546949386597,0.33957546949386597,0,0,0
7147,0.433523952960968,0.433523952960968,0,0,0
7148,0.37533310055732727,0.37533310055732727,0,0,0
7149,0.4349614083766937,0.4349614083766937,0,0,0
7150,0.571556806564331,0.571556806564331,0,0,0
7151,0.41599807143211365,0.41599807143211365,0,0,0
7152,0.3622438609600067,0.3622438609600067,0,0,0
7153,0.3586379289627075,0.3586379289627075,0,0,0
7154,0.4412872791290283,0.4412872791290283,0,0,0
7155,0.4898463189601898,0.4898463189601898,0,0,0
7156,0.35130950808525085,0.35130950808525085,0,0,0
7157,0.49211955070495605,0.49211955070495605,0,0,0
7158,0.4455840587615967,0.4455840587615967,0,0,0
7159,0.3477264940738678,0.3477264940738678,0,0,0
7160,0.3953815698623657,0.3953815698623657,0,0,0
7161,0.5090152025222778,0.5090152025222778,0,0,0
7162,0.3775072991847992,0.3775072991847992,0,0,0
7163,0.5582462549209595,0.5582462549209595,0,0,0
7164,0.4273795485496521,0.4273795485496521,0,0,0
7165,0.47267159819602966,0.47267159819602966,0,0,0
7166,0.45302101969718933,0.45302101969718933,0,0,0
7167,0.3764297664165497,0.3764297664165497,0,0,0
7168,0.40395745635032654,0.40395745635032654,0,0,0
7169,0.8964546918869019,0.8964546918869019,0,0,0
7170,0.36986225843429565,0.36986225843429565,0,0,0
7171,0.3623265326023102,0.3623265326023102,0,0,0
7172,0.43907812237739563,0.43907812237739563,0,0,0
7173,0.4164769649505615,0.4164769649505615,0,0,0
7174,0.4593648612499237,0.4593648612499237,0,0,0
7175,0.38075292110443115,0.38075292110443115,0,0,0
7176,0.3407502770423889,0.3407502770423889,0,0,0
7177,0.5182837843894958,0.5182837843894958,0,0,0
7178,0.36621904373168945,0.36621904373168945,0,0,0
7179,0.5527951121330261,0.5527951121330261,0,0,0
7180,0.4101096987724304,0.4101096987724304,0,0,0
7181,0.3379768133163452,0.3379768133163452,0,0,0
7182,0.3874715268611908,0.3874715268611908,0,0,0
7183,0.3730933368206024,0.3730933368206024,0,0,0
7184,0.42861831188201904,0.42861831188201904,0,0,0
7185,0.3806772232055664,0.3806772232055664,0,0,0
7186,0.4433183968067169,0.4433183968067169,0,0,0
7187,0.3872339129447937,0.3872339129447937,0,0,0
7188,0.4335272014141083,0.4335272014141083,0,0,0
7189,0.3474232256412506,0.3474232256412506,0,0,0
7190,0.4189116358757019,0.4189116358757019,0,0,0
7191,0.49465781450271606,0.49465781450271606,0,0,0
7192,0.4267041087150574,0.4267041087150574,0,0,0
7193,0.5111145973205566,0.5111145973205566,0,0,0
7194,0.48788514733314514,0.48788514733314514,0,0,0
7195,0.35977935791015625,0.35977935791015625,0,0,0
7196,0.4024318754673004,0.4024318754673004,0,0,0
7197,0.3972066640853882,0.3972066640853882,0,0,0
7198,0.44903329014778137,0.44903329014778137,0,0,0
7199,0.34874269366264343,0.34874269366264343,0,0,0
7200,0.43726399540901184,0.43726399540901184,0,0,0
7201,0.48977532982826233,0.48977532982826233,0,0,0
7202,0.3675992786884308,0.3675992786884308,0,0,0
7203,0.36277076601982117,0.36277076601982117,0,0,0
7204,0.3669920861721039,0.3669920861721039,0,0,0
7205,0.5191603899002075,0.5191603899002075,0,0,0
7206,0.3944844901561737,0.3944844901561737,0,0,0
7207,0.356708824634552,0.356708824634552,0,0,0
7208,0.4258246421813965,0.4258246421813965,0,0,0
7209,0.524481475353241,0.524481475353241,0,0,0
7210,0.3874306082725525,0.3874306082725525,0,0,0
7211,0.43371331691741943,0.43371331691741943,0,0,0
7212,0.40602636337280273,0.40602636337280273,0,0,0
7213,0.48666709661483765,0.48666709661483765,0,0,0
7214,0.47944605350494385,0.47944605350494385,0,0,0
7215,0.37106016278266907,0.37106016278266907,0,0,0
7216,0.37984782457351685,0.37984782457351685,0,0,0
7217,0.39338669180870056,0.39338669180870056,0,0,0
7218,0.5919579863548279,0.5919579863548279,0,0,0
7219,0.4054145812988281,0.4054145812988281,0,0,0
7220,0.6421548128128052,0.6421548128128052,0,0,0
7221,0.43181440234184265,0.43181440234184265,0,0,0
7222,0.47531408071517944,0.47531408071517944,0,0,0
7223,0.4198518395423889,0.4198518395423889,0,0,0
7224,0.5183296203613281,0.5183296203613281,0,0,0
7225,0.3877715468406677,0.3877715468406677,0,0,0
7226,0.6290603876113892,0.6290603876113892,0,0,0
7227,0.48240339756011963,0.48240339756011963,0,0,0
7228,0.3721073865890503,0.3721073865890503,0,0,0
7229,0.4115252196788788,0.4115252196788788,0,0,0
7230,0.34897273778915405,0.34897273778915405,0,0,0
7231,0.6288636922836304,0.6288636922836304,0,0,0
7232,0.35579633712768555,0.35579633712768555,0,0,0
7233,0.4376782476902008,0.4376782476902008,0,0,0
7234,0.40433838963508606,0.40433838963508606,0,0,0
7235,0.4373834431171417,0.4373834431171417,0,0,0
7236,0.3743343949317932,0.3743343949317932,0,0,0
7237,0.5810717344284058,0.5810717344284058,0,0,0
7238,0.39802607893943787,0.39802607893943787,0,0,0
7239,0.6258133053779602,0.6258133053779602,0,0,0
7240,0.45439574122428894,0.45439574122428894,0,0,0
7241,0.37332683801651,0.37332683801651,0,0,0
7242,0.43977653980255127,0.43977653980255127,0,0,0
7243,0.43597614765167236,0.43597614765167236,0,0,0
7244,0.40924468636512756,0.40924468636512756,0,0,0
7245,0.3388027250766754,0.3388027250766754,0,0,0
7246,0.3823522925376892,0.3823522925376892,0,0,0
7247,0.337154358625412,0.337154358625412,0,0,0
7248,0.3691025376319885,0.3691025376319885,0,0,0
7249,0.36382460594177246,0.36382460594177246,0,0,0
7250,0.41718804836273193,0.41718804836273193,0,0,0
7251,0.4065462648868561,0.4065462648868561,0,0,0
7252,0.38722625374794006,0.38722625374794006,0,0,0
7253,0.3688078224658966,0.3688078224658966,0,0,0
7254,0.6502748131752014,0.6502748131752014,0,0,0
7255,0.3853834271430969,0.3853834271430969,0,0,0
7256,0.4187116026878357,0.4187116026878357,0,0,0
7257,0.4344066083431244,0.4344066083431244,0,0,0
7258,0.3665386736392975,0.3665386736392975,0,0,0
7259,0.3970257043838501,0.3970257043838501,0,0,0
7260,0.3600088357925415,0.3600088357925415,0,0,0
7261,0.39034274220466614,0.39034274220466614,0,0,0
7262,0.40718716382980347,0.40718716382980347,0,0,0
7263,0.41047364473342896,0.41047364473342896,0,0,0
7264,0.3652203381061554,0.3652203381061554,0,0,0
7265,0.38761386275291443,0.38761386275291443,0,0,0
7266,0.42769676446914673,0.42769676446914673,0,0,0
7267,0.3539409041404724,0.3539409041404724,0,0,0
7268,0.3981345295906067,0.3981345295906067,0,0,0
7269,0.49189499020576477,0.49189499020576477,0,0,0
7270,0.40195906162261963,0.40195906162261963,0,0,0
7271,0.4497165381908417,0.4497165381908417,0,0,0
7272,0.37794020771980286,0.37794020771980286,0,0,0
7273,0.3493278920650482,0.3493278920650482,0,0,0
7274,0.4011806845664978,0.4011806845664978,0,0,0
7275,0.4128272533416748,0.4128272533416748,0,0,0
7276,0.3476601243019104,0.3476601243019104,0,0,0
7277,0.4055846929550171,0.4055846929550171,0,0,0
7278,0.391560822725296,0.391560822725296,0,0,0
7279,0.628286600112915,0.628286600112915,0,0,0
7280,0.4270850419998169,0.4270850419998169,0,0,0
7281,0.3404143452644348,0.3404143452644348,0,0,0
7282,0.36933305859565735,0.36933305859565735,0,0,0
7283,0.36368733644485474,0.36368733644485474,0,0,0
7284,0.6415433883666992,0.6415433883666992,0,0,0
7285,0.38257864117622375,0.38257864117622375,0,0,0
7286,0.4981808662414551,0.4981808662414551,0,0,0
7287,0.4201655685901642,0.4201655685901642,0,0,0
7288,0.48445332050323486,0.48445332050323486,0,0,0
7289,0.42996078729629517,0.42996078729629517,0,0,0
7290,0.5938276052474976,0.5938276052474976,0,0,0
7291,0.40742844343185425,0.40742844343185425,0,0,0
7292,0.3679467737674713,0.3679467737674713,0,0,0
7293,0.3856760859489441,0.3856760859489441,0,0,0
7294,0.42932677268981934,0.42932677268981934,0,0,0
7295,0.3985411524772644,0.3985411524772644,0,0,0
7296,0.3558211028575897,0.3558211028575897,0,0,0
7297,0.35479938983917236,0.35479938983917236,0,0,0
7298,1.2782024145126343,1.2782024145126343,0,0,0
7299,0.5344798564910889,0.5344798564910889,0,0,0
7300,0.36404338479042053,0.36404338479042053,0,0,0
7301,0.3724261522293091,0.3724261522293091,0,0,0
7302,0.43124714493751526,0.43124714493751526,0,0,0
7303,0.44726571440696716,0.44726571440696716,0,0,0
7304,0.3867408037185669,0.3867408037185669,0,0,0
7305,0.37038281559944153,0.37038281559944153,0,0,0
7306,0.4011940360069275,0.4011940360069275,0,0,0
7307,0.3340721130371094,0.3340721130371094,0,0,0
7308,0.3668249845504761,0.3668249845504761,0,0,0
7309,0.45814868807792664,0.45814868807792664,0,0,0
7310,0.3583863377571106,0.3583863377571106,0,0,0
7311,0.4444037675857544,0.4444037675857544,0,0,0
7312,0.5397688746452332,0.5397688746452332,0,0,0
7313,0.4990008473396301,0.4990008473396301,0,0,0
7314,0.40877437591552734,0.40877437591552734,0,0,0
7315,0.4689672291278839,0.4689672291278839,0,0,0
7316,0.4153834879398346,0.4153834879398346,0,0,0
7317,0.39769622683525085,0.39769622683525085,0,0,0
7318,0.5432686805725098,0.5432686805725098,0,0,0
7319,0.3532896935939789,0.3532896935939789,0,0,0
7320,0.6206135749816895,0.6206135749816895,0,0,0
7321,0.5456458926200867,0.5456458926200867,0,0,0
7322,0.40248405933380127,0.40248405933380127,0,0,0
7323,0.38250747323036194,0.38250747323036194,0,0,0
7324,0.3292860686779022,0.3292860686779022,0,0,0
7325,0.44906190037727356,0.44906190037727356,0,0,0
7326,0.4142857789993286,0.4142857789993286,0,0,0
7327,0.552029550075531,0.552029550075531,0,0,0
7328,0.375695139169693,0.375695139169693,0,0,0
7329,0.5074253082275391,0.5074253082275391,0,0,0
7330,0.40538883209228516,0.40538883209228516,0,0,0
7331,0.37599027156829834,0.37599027156829834,0,0,0
7332,0.40042439103126526,0.40042439103126526,0,0,0
7333,0.484080046415329,0.484080046415329,0,0,0
7334,0.3563458025455475,0.3563458025455475,0,0,0
7335,0.4614357352256775,0.4614357352256775,0,0,0
7336,0.5394868850708008,0.5394868850708008,0,0,0
7337,0.49481022357940674,0.49481022357940674,0,0,0
7338,0.40222862362861633,0.40222862362861633,0,0,0
7339,0.3927009403705597,0.3927009403705597,0,0,0
7340,0.37004557251930237,0.37004557251930237,0,0,0
7341,0.37391898036003113,0.37391898036003113,0,0,0
7342,0.47965872287750244,0.47965872287750244,0,0,0
7343,0.3676512539386749,0.3676512539386749,0,0,0
7344,0.3751648962497711,0.3751648962497711,0,0,0
7345,0.982729971408844,0.982729971408844,0,0,0
7346,0.3290777802467346,0.3290777802467346,0,0,0
7347,0.4750758409500122,0.4750758409500122,0,0,0
7348,0.3721768856048584,0.3721768856048584,0,0,0
7349,0.3516167104244232,0.3516167104244232,0,0,0
7350,0.6209640502929688,0.6209640502929688,0,0,0
7351,0.4239039123058319,0.4239039123058319,0,0,0
7352,0.336603045463562,0.336603045463562,0,0,0
7353,0.6263274550437927,0.6263274550437927,0,0,0
7354,0.5097090601921082,0.5097090601921082,0,0,0
7355,0.38312527537345886,0.38312527537345886,0,0,0
7356,0.353317528963089,0.353317528963089,0,0,0
7357,0.5310729146003723,0.5310729146003723,0,0,0
7358,0.4182146489620209,0.4182146489620209,0,0,0
7359,0.3833879828453064,0.3833879828453064,0,0,0
7360,0.4622660279273987,0.4622660279273987,0,0,0
7361,0.39380282163619995,0.39380282163619995,0,0,0
7362,0.5029276013374329,0.5029276013374329,0,0,0
7363,0.4897709786891937,0.4897709786891937,0,0,0
7364,0.40075623989105225,0.40075623989105225,0,0,0
7365,0.4069533050060272,0.4069533050060272,0,0,0
7366,0.3443554639816284,0.3443554639816284,0,0,0
7367,0.3394819498062134,0.3394819498062134,0,0,0
7368,0.3942766785621643,0.3942766785621643,0,0,0
7369,0.4247625470161438,0.4247625470161438,0,0,0
7370,0.3710442781448364,0.3710442781448364,0,0,0
7371,0.3675065040588379,0.3675065040588379,0,0,0
7372,0.3628365993499756,0.3628365993499756,0,0,0
7373,0.36222925782203674,0.36222925782203674,0,0,0
7374,0.3767295479774475,0.3767295479774475,0,0,0
7375,0.4049930274486542,0.4049930274486542,0,0,0
7376,0.34445667266845703,0.34445667266845703,0,0,0
7377,0.4901551604270935,0.4901551604270935,0,0,0
7378,0.44867944717407227,0.44867944717407227,0,0,0
7379,0.38156256079673767,0.38156256079673767,0,0,0
7380,0.4061511754989624,0.4061511754989624,0,0,0
7381,0.42136862874031067,0.42136862874031067,0,0,0
7382,0.351269394159317,0.351269394159317,0,0,0
7383,0.38174283504486084,0.38174283504486084,0,0,0
7384,0.3346334993839264,0.3346334993839264,0,0,0
7385,0.3677229583263397,0.3677229583263397,0,0,0
7386,0.34413743019104004,0.34413743019104004,0,0,0
7387,0.4703674018383026,0.4703674018383026,0,0,0
7388,0.3814041018486023,0.3814041018486023,0,0,0
7389,0.42362475395202637,0.42362475395202637,0,0,0
7390,0.4598153233528137,0.4598153233528137,0,0,0
7391,0.5749583840370178,0.5749583840370178,0,0,0
7392,0.3964824974536896,0.3964824974536896,0,0,0
7393,0.34255778789520264,0.34255778789520264,0,0,0
7394,0.4847480058670044,0.4847480058670044,0,0,0
7395,0.41907602548599243,0.41907602548599243,0,0,0
7396,0.4727918207645416,0.4727918207645416,0,0,0
7397,0.33301693201065063,0.33301693201065063,0,0,0
7398,0.37056443095207214,0.37056443095207214,0,0,0
7399,0.39782851934432983,0.39782851934432983,0,0,0
7400,0.4014512300491333,0.4014512300491333,0,0,0
7401,0.5291536450386047,0.5291536450386047,0,0,0
7402,0.33412396907806396,0.33412396907806396,0,0,0
7403,0.3835107088088989,0.3835107088088989,0,0,0
7404,0.44185832142829895,0.44185832142829895,0,0,0
7405,0.3757770359516144,0.3757770359516144,0,0,0
7406,0.36239874362945557,0.36239874362945557,0,0,0
7407,0.38816967606544495,0.38816967606544495,0,0,0
7408,0.3639684021472931,0.3639684021472931,0,0,0
7409,0.3700384199619293,0.3700384199619293,0,0,0
7410,0.4208070635795593,0.4208070635795593,0,0,0
7411,0.4285573959350586,0.4285573959350586,0,0,0
7412,0.3885549008846283,0.3885549008846283,0,0,0
7413,0.3886776864528656,0.3886776864528656,0,0,0
7414,0.42228853702545166,0.42228853702545166,0,0,0
7415,0.3678331673145294,0.3678331673145294,0,0,0
7416,0.3971877694129944,0.3971877694129944,0,0,0
7417,0.4097920358181,0.4097920358181,0,0,0
7418,0.513124942779541,0.513124942779541,0,0,0
7419,0.6511736512184143,0.6511736512184143,0,0,0
7420,0.34573036432266235,0.34573036432266235,0,0,0
7421,0.3755286931991577,0.3755286931991577,0,0,0
7422,0.36485907435417175,0.36485907435417175,0,0,0
7423,0.3463291525840759,0.3463291525840759,0,0,0
7424,0.46464842557907104,0.46464842557907104,0,0,0
7425,0.4435778558254242,0.4435778558254242,0,0,0
7426,0.4031892716884613,0.4031892716884613,0,0,0
7427,0.41166582703590393,0.41166582703590393,0,0,0
7428,0.4495256543159485,0.4495256543159485,0,0,0
7429,0.37967783212661743,0.37967783212661743,0,0,0
7430,0.4025046229362488,0.4025046229362488,0,0,0
7431,0.3493115305900574,0.3493115305900574,0,0,0
7432,0.4914747476577759,0.4914747476577759,0,0,0
7433,0.3805789053440094,0.3805789053440094,0,0,0
7434,0.4693666398525238,0.4693666398525238,0,0,0
7435,0.3735113739967346,0.3735113739967346,0,0,0
7436,0.37865254282951355,0.37865254282951355,0,0,0
7437,0.41832035779953003,0.41832035779953003,0,0,0
7438,0.40810519456863403,0.40810519456863403,0,0,0
7439,0.4332408905029297,0.4332408905029297,0,0,0
7440,0.3570629060268402,0.3570629060268402,0,0,0
7441,0.3243664801120758,0.3243664801120758,0,0,0
7442,0.39841586351394653,0.39841586351394653,0,0,0
7443,0.4169915020465851,0.4169915020465851,0,0,0
7444,0.3334052860736847,0.3334052860736847,0,0,0
7445,0.4408663511276245,0.4408663511276245,0,0,0
7446,0.40654653310775757,0.40654653310775757,0,0,0
7447,0.36798641085624695,0.36798641085624695,0,0,0
7448,0.36816295981407166,0.36816295981407166,0,0,0
7449,0.3755802810192108,0.3755802810192108,0,0,0
7450,0.35256773233413696,0.35256773233413696,0,0,0
7451,0.6799254417419434,0.6799254417419434,0,0,0
7452,0.3818749189376831,0.3818749189376831,0,0,0
7453,0.39441248774528503,0.39441248774528503,0,0,0
7454,0.3612259030342102,0.3612259030342102,0,0,0
7455,0.38123950362205505,0.38123950362205505,0,0,0
7456,0.41751745343208313,0.41751745343208313,0,0,0
7457,0.462978720664978,0.462978720664978,0,0,0
7458,0.4276658892631531,0.4276658892631531,0,0,0
7459,0.3570233881473541,0.3570233881473541,0,0,0
7460,0.399394690990448,0.399394690990448,0,0,0
7461,0.3626386821269989,0.3626386821269989,0,0,0
7462,0.36601153016090393,0.36601153016090393,0,0,0
7463,0.36892959475517273,0.36892959475517273,0,0,0
7464,0.4286390244960785,0.4286390244960785,0,0,0
7465,0.4317755699157715,0.4317755699157715,0,0,0
7466,0.3514205813407898,0.3514205813407898,0,0,0
7467,0.36387157440185547,0.36387157440185547,0,0,0
7468,0.4546099603176117,0.4546099603176117,0,0,0
7469,0.4000062644481659,0.4000062644481659,0,0,0
7470,0.35389426350593567,0.35389426350593567,0,0,0
7471,0.3705901801586151,0.3705901801586151,0,0,0
7472,0.33286425471305847,0.33286425471305847,0,0,0
7473,0.3855361044406891,0.3855361044406891,0,0,0
7474,0.3551553189754486,0.3551553189754486,0,0,0
7475,0.40414825081825256,0.40414825081825256,0,0,0
7476,0.37478309869766235,0.37478309869766235,0,0,0
7477,0.3414596617221832,0.3414596617221832,0,0,0
7478,1.0288523435592651,1.0288523435592651,0,0,0
7479,0.566253125667572,0.566253125667572,0,0,0
7480,0.5422773957252502,0.5422773957252502,0,0,0
7481,0.4116649031639099,0.4116649031639099,0,0,0
7482,0.4143742024898529,0.4143742024898529,0,0,0
7483,0.45616331696510315,0.45616331696510315,0,0,0
7484,0.38982897996902466,0.38982897996902466,0,0,0
7485,0.5760955214500427,0.5760955214500427,0,0,0
7486,0.44255533814430237,0.44255533814430237,0,0,0
7487,0.4288346767425537,0.4288346767425537,0,0,0
7488,0.42628663778305054,0.42628663778305054,0,0,0
7489,0.3481157720088959,0.3481157720088959,0,0,0
7490,0.4195493757724762,0.4195493757724762,0,0,0
7491,0.5208411812782288,0.5208411812782288,0,0,0
7492,0.3694247603416443,0.3694247603416443,0,0,0
7493,0.4184490144252777,0.4184490144252777,0,0,0
7494,0.37131965160369873,0.37131965160369873,0,0,0
7495,0.3597019910812378,0.3597019910812378,0,0,0
7496,0.38576722145080566,0.38576722145080566,0,0,0
7497,0.5560876727104187,0.5560876727104187,0,0,0
7498,0.46113380789756775,0.46113380789756775,0,0,0
7499,0.3356081545352936,0.3356081545352936,0,0,0
7500,0.3706344962120056,0.3706344962120056,0,0,0
7501,0.377932608127594,0.377932608127594,0,0,0
7502,0.4685186743736267,0.4685186743736267,0,0,0
7503,0.3351544737815857,0.3351544737815857,0,0,0
7504,0.38687846064567566,0.38687846064567566,0,0,0
7505,0.38127627968788147,0.38127627968788147,0,0,0
7506,0.433917760848999,0.433917760848999,0,0,0
7507,0.3208986222743988,0.3208986222743988,0,0,0
7508,0.3971916437149048,0.3971916437149048,0,0,0
7509,0.34489333629608154,0.34489333629608154,0,0,0
7510,0.4077669382095337,0.4077669382095337,0,0,0
7511,0.46077826619148254,0.46077826619148254,0,0,0
7512,0.3850739598274231,0.3850739598274231,0,0,0
7513,0.41801828145980835,0.41801828145980835,0,0,0
7514,0.4140944480895996,0.4140944480895996,0,0,0
7515,0.34955182671546936,0.34955182671546936,0,0,0
7516,0.4495643675327301,0.4495643675327301,0,0,0
7517,0.34713003039360046,0.34713003039360046,0,0,0
7518,0.35513389110565186,0.35513389110565186,0,0,0
7519,0.38315248489379883,0.38315248489379883,0,0,0
7520,0.37125805020332336,0.37125805020332336,0,0,0
7521,0.44857946038246155,0.44857946038246155,0,0,0
7522,0.35876643657684326,0.35876643657684326,0,0,0
7523,0.4851367175579071,0.4851367175579071,0,0,0
7524,0.44105541706085205,0.44105541706085205,0,0,0
7525,0.3566376268863678,0.3566376268863678,0,0,0
7526,0.5234651565551758,0.5234651565551758,0,0,0
7527,0.3652194142341614,0.3652194142341614,0,0,0
7528,0.3862024247646332,0.3862024247646332,0,0,0
7529,0.3393467366695404,0.3393467366695404,0,0,0
7530,0.4239300489425659,0.4239300489425659,0,0,0
7531,0.3827589452266693,0.3827589452266693,0,0,0
7532,0.3761003017425537,0.3761003017425537,0,0,0
7533,0.3787682056427002,0.3787682056427002,0,0,0
7534,0.3537420928478241,0.3537420928478241,0,0,0
7535,0.370936781167984,0.370936781167984,0,0,0
7536,0.4036637246608734,0.4036637246608734,0,0,0
7537,0.39949241280555725,0.39949241280555725,0,0,0
7538,0.4629122018814087,0.4629122018814087,0,0,0
7539,0.4252650737762451,0.4252650737762451,0,0,0
7540,0.3319755494594574,0.3319755494594574,0,0,0
7541,0.3723192811012268,0.3723192811012268,0,0,0
7542,0.3754618763923645,0.3754618763923645,0,0,0
7543,0.3795344829559326,0.3795344829559326,0,0,0
7544,0.37031784653663635,0.37031784653663635,0,0,0
7545,0.35401812195777893,0.35401812195777893,0,0,0
7546,0.3922024071216583,0.3922024071216583,0,0,0
7547,0.36882373690605164,0.36882373690605164,0,0,0
7548,0.4358884394168854,0.4358884394168854,0,0,0
7549,0.3596231937408447,0.3596231937408447,0,0,0
7550,0.4371601641178131,0.4371601641178131,0,0,0
7551,0.34282389283180237,0.34282389283180237,0,0,0
7552,0.33873677253723145,0.33873677253723145,0,0,0
7553,0.392272412776947,0.392272412776947,0,0,0
7554,0.3249365985393524,0.3249365985393524,0,0,0
7555,0.34309303760528564,0.34309303760528564,0,0,0
7556,0.32966023683547974,0.32966023683547974,0,0,0
7557,0.3446669578552246,0.3446669578552246,0,0,0
7558,0.36126187443733215,0.36126187443733215,0,0,0
7559,0.35823842883110046,0.35823842883110046,0,0,0
7560,0.38162264227867126,0.38162264227867126,0,0,0
7561,0.35376688838005066,0.35376688838005066,0,0,0
7562,0.4545234739780426,0.4545234739780426,0,0,0
7563,0.3842368423938751,0.3842368423938751,0,0,0
7564,0.3548868000507355,0.3548868000507355,0,0,0
7565,0.36961013078689575,0.36961013078689575,0,0,0
7566,0.3551223576068878,0.3551223576068878,0,0,0
7567,0.34287434816360474,0.34287434816360474,0,0,0
7568,0.5077600479125977,0.5077600479125977,0,0,0
7569,0.4377721846103668,0.4377721846103668,0,0,0
7570,0.404195100069046,0.404195100069046,0,0,0
7571,0.3933722674846649,0.3933722674846649,0,0,0
7572,0.34423547983169556,0.34423547983169556,0,0,0
7573,0.350649893283844,0.350649893283844,0,0,0
7574,0.42850738763809204,0.42850738763809204,0,0,0
7575,0.3858369290828705,0.3858369290828705,0,0,0
7576,0.4557898938655853,0.4557898938655853,0,0,0
7577,0.40086397528648376,0.40086397528648376,0,0,0
7578,0.37735164165496826,0.37735164165496826,0,0,0
7579,0.4156811237335205,0.4156811237335205,0,0,0
7580,0.37583592534065247,0.37583592534065247,0,0,0
7581,0.3894953727722168,0.3894953727722168,0,0,0
7582,0.39338988065719604,0.39338988065719604,0,0,0
7583,0.5083128809928894,0.5083128809928894,0,0,0
7584,0.32259121537208557,0.32259121537208557,0,0,0
7585,0.31221792101860046,0.31221792101860046,0,0,0
7586,0.3662700653076172,0.3662700653076172,0,0,0
7587,0.41551464796066284,0.41551464796066284,0,0,0
7588,0.3377072513103485,0.3377072513103485,0,0,0
7589,0.35268086194992065,0.35268086194992065,0,0,0
7590,0.3747652471065521,0.3747652471065521,0,0,0
7591,0.37000393867492676,0.37000393867492676,0,0,0
7592,0.39880815148353577,0.39880815148353577,0,0,0
7593,0.39429280161857605,0.39429280161857605,0,0,0
7594,0.33431413769721985,0.33431413769721985,0,0,0
7595,0.3680078983306885,0.3680078983306885,0,0,0
7596,0.3875716030597687,0.3875716030597687,0,0,0
7597,0.33149975538253784,0.33149975538253784,0,0,0
7598,0.40720513463020325,0.40720513463020325,0,0,0
7599,0.38569116592407227,0.38569116592407227,0,0,0
7600,0.3686285614967346,0.3686285614967346,0,0,0
7601,0.4104335606098175,0.4104335606098175,0,0,0
7602,0.34342342615127563,0.34342342615127563,0,0,0
7603,0.34981387853622437,0.34981387853622437,0,0,0
7604,0.41572538018226624,0.41572538018226624,0,0,0
7605,0.4067828059196472,0.4067828059196472,0,0,0
7606,0.44803085923194885,0.44803085923194885,0,0,0
7607,0.37036004662513733,0.37036004662513733,0,0,0
7608,0.3847261071205139,0.3847261071205139,0,0,0
7609,0.37228894233703613,0.37228894233703613,0,0,0
7610,0.3951660394668579,0.3951660394668579,0,0,0
7611,0.34725111722946167,0.34725111722946167,0,0,0
7612,0.3745412528514862,0.3745412528514862,0,0,0
7613,0.34106528759002686,0.34106528759002686,0,0,0
7614,0.7638407349586487,0.7638407349586487,0,0,0
7615,0.3585204482078552,0.3585204482078552,0,0,0
7616,0.49757450819015503,0.49757450819015503,0,0,0
7617,0.33077168464660645,0.33077168464660645,0,0,0
7618,0.3414967358112335,0.3414967358112335,0,0,0
7619,0.39534541964530945,0.39534541964530945,0,0,0
7620,0.36177584528923035,0.36177584528923035,0,0,0
7621,0.4273725152015686,0.4273725152015686,0,0,0
7622,0.4746045172214508,0.4746045172214508,0,0,0
7623,0.36464884877204895,0.36464884877204895,0,0,0
7624,0.3876056671142578,0.3876056671142578,0,0,0
7625,0.36429518461227417,0.36429518461227417,0,0,0
7626,0.38238829374313354,0.38238829374313354,0,0,0
7627,0.4771205186843872,0.4771205186843872,0,0,0
7628,0.3804144859313965,0.3804144859313965,0,0,0
7629,0.35847461223602295,0.35847461223602295,0,0,0
7630,0.4279235303401947,0.4279235303401947,0,0,0
7631,0.3728220462799072,0.3728220462799072,0,0,0
7632,0.3454405665397644,0.3454405665397644,0,0,0
7633,0.41534680128097534,0.41534680128097534,0,0,0
7634,0.41818755865097046,0.41818755865097046,0,0,0
7635,0.35054540634155273,0.35054540634155273,0,0,0
7636,0.358180433511734,0.358180433511734,0,0,0
7637,0.3731921911239624,0.3731921911239624,0,0,0
7638,0.4128846228122711,0.4128846228122711,0,0,0
7639,0.45432648062705994,0.45432648062705994,0,0,0
7640,0.5156105756759644,0.5156105756759644,0,0,0
7641,0.459468275308609,0.459468275308609,0,0,0
7642,0.3760669231414795,0.3760669231414795,0,0,0
7643,0.36729875206947327,0.36729875206947327,0,0,0
7644,0.3385602831840515,0.3385602831840515,0,0,0
7645,0.39832934737205505,0.39832934737205505,0,0,0
7646,0.37086692452430725,0.37086692452430725,0,0,0
7647,0.38127681612968445,0.38127681612968445,0,0,0
7648,0.4162936210632324,0.4162936210632324,0,0,0
7649,0.36440300941467285,0.36440300941467285,0,0,0
7650,0.35828712582588196,0.35828712582588196,0,0,0
7651,0.37204211950302124,0.37204211950302124,0,0,0
7652,0.4208056926727295,0.4208056926727295,0,0,0
7653,0.463727205991745,0.463727205991745,0,0,0
7654,0.4631471037864685,0.4631471037864685,0,0,0
7655,0.4246499836444855,0.4246499836444855,0,0,0
7656,0.3619595468044281,0.3619595468044281,0,0,0
7657,0.36139366030693054,0.36139366030693054,0,0,0
7658,0.40142276883125305,0.40142276883125305,0,0,0
7659,0.3860115706920624,0.3860115706920624,0,0,0
7660,0.4206567108631134,0.4206567108631134,0,0,0
7661,0.44397804141044617,0.44397804141044617,0,0,0
7662,0.43156692385673523,0.43156692385673523,0,0,0
7663,0.3749842941761017,0.3749842941761017,0,0,0
7664,0.38262251019477844,0.38262251019477844,0,0,0
7665,0.36864206194877625,0.36864206194877625,0,0,0
7666,0.34134671092033386,0.34134671092033386,0,0,0
7667,0.41110411286354065,0.41110411286354065,0,0,0
7668,0.36826783418655396,0.36826783418655396,0,0,0
7669,0.42084622383117676,0.42084622383117676,0,0,0
7670,0.4113105535507202,0.4113105535507202,0,0,0
7671,0.366608202457428,0.366608202457428,0,0,0
7672,0.34477290511131287,0.34477290511131287,0,0,0
7673,0.35486385226249695,0.35486385226249695,0,0,0
7674,0.4473978579044342,0.4473978579044342,0,0,0
7675,0.373312383890152,0.373312383890152,0,0,0
7676,0.341057151556015,0.341057151556015,0,0,0
7677,0.418041467666626,0.418041467666626,0,0,0
7678,0.37741416692733765,0.37741416692733765,0,0,0
7679,0.5469833016395569,0.5469833016395569,0,0,0
7680,0.4483351409435272,0.4483351409435272,0,0,0
7681,0.33817580342292786,0.33817580342292786,0,0,0
7682,0.35733509063720703,0.35733509063720703,0,0,0
7683,0.3969627618789673,0.3969627618789673,0,0,0
7684,0.3945411443710327,0.3945411443710327,0,0,0
7685,0.3340016305446625,0.3340016305446625,0,0,0
7686,0.35664376616477966,0.35664376616477966,0,0,0
7687,0.3912023603916168,0.3912023603916168,0,0,0
7688,0.34555527567863464,0.34555527567863464,0,0,0
7689,0.3882189095020294,0.3882189095020294,0,0,0
7690,0.45807352662086487,0.45807352662086487,0,0,0
7691,0.580626904964447,0.580626904964447,0,0,0
7692,0.37348344922065735,0.37348344922065735,0,0,0
7693,0.37397289276123047,0.37397289276123047,0,0,0
7694,0.3763306140899658,0.3763306140899658,0,0,0
7695,0.4078660309314728,0.4078660309314728,0,0,0
7696,0.38526594638824463,0.38526594638824463,0,0,0
7697,0.33603155612945557,0.33603155612945557,0,0,0
7698,0.4268466532230377,0.4268466532230377,0,0,0
7699,0.3515669107437134,0.3515669107437134,0,0,0
7700,0.33047977089881897,0.33047977089881897,0,0,0
7701,0.3854978084564209,0.3854978084564209,0,0,0
7702,0.39639753103256226,0.39639753103256226,0,0,0
7703,0.38346943259239197,0.38346943259239197,0,0,0
7704,0.3668461740016937,0.3668461740016937,0,0,0
7705,0.35576048493385315,0.35576048493385315,0,0,0
7706,0.3378645181655884,0.3378645181655884,0,0,0
7707,0.4727444052696228,0.4727444052696228,0,0,0
7708,0.3463396728038788,0.3463396728038788,0,0,0
7709,0.5866207480430603,0.5866207480430603,0,0,0
7710,0.4296514689922333,0.4296514689922333,0,0,0
7711,0.40787070989608765,0.40787070989608765,0,0,0
7712,0.5864884853363037,0.5864884853363037,0,0,0
7713,0.3312850892543793,0.3312850892543793,0,0,0
7714,0.41101762652397156,0.41101762652397156,0,0,0
7715,0.33805087208747864,0.33805087208747864,0,0,0
7716,0.3708193302154541,0.3708193302154541,0,0,0
7717,0.3561112582683563,0.3561112582683563,0,0,0
7718,0.3572501540184021,0.3572501540184021,0,0,0
7719,0.4502010643482208,0.4502010643482208,0,0,0
7720,0.40388545393943787,0.40388545393943787,0,0,0
7721,0.32186952233314514,0.32186952233314514,0,0,0
7722,0.3582974672317505,0.3582974672317505,0,0,0
7723,0.5444724559783936,0.5444724559783936,0,0,0
7724,0.3752292990684509,0.3752292990684509,0,0,0
7725,0.3367404341697693,0.3367404341697693,0,0,0
7726,0.3488052189350128,0.3488052189350128,0,0,0
7727,0.38665345311164856,0.38665345311164856,0,0,0
7728,0.3420965075492859,0.3420965075492859,0,0,0
7729,0.37164759635925293,0.37164759635925293,0,0,0
7730,0.3506508767604828,0.3506508767604828,0,0,0
7731,0.42714789509773254,0.42714789509773254,0,0,0
7732,0.36393940448760986,0.36393940448760986,0,0,0
7733,0.4574565887451172,0.4574565887451172,0,0,0
7734,0.3834708034992218,0.3834708034992218,0,0,0
7735,0.4410962462425232,0.4410962462425232,0,0,0
7736,0.38216766715049744,0.38216766715049744,0,0,0
7737,0.4778173565864563,0.4778173565864563,0,0,0
7738,0.38972246646881104,0.38972246646881104,0,0,0
7739,0.3639339804649353,0.3639339804649353,0,0,0
7740,0.34481287002563477,0.34481287002563477,0,0,0
7741,0.34659868478775024,0.34659868478775024,0,0,0
7742,0.3685915768146515,0.3685915768146515,0,0,0
7743,0.42009490728378296,0.42009490728378296,0,0,0
7744,0.4478498697280884,0.4478498697280884,0,0,0
7745,0.33616846799850464,0.33616846799850464,0,0,0
7746,0.5230681896209717,0.5230681896209717,0,0,0
7747,0.35098305344581604,0.35098305344581604,0,0,0
7748,0.36842966079711914,0.36842966079711914,0,0,0
7749,0.40034326910972595,0.40034326910972595,0,0,0
7750,0.356012225151062,0.356012225151062,0,0,0
7751,0.34242871403694153,0.34242871403694153,0,0,0
7752,0.4165359437465668,0.4165359437465668,0,0,0
7753,0.38539889454841614,0.38539889454841614,0,0,0
7754,0.39183497428894043,0.39183497428894043,0,0,0
7755,0.3789083957672119,0.3789083957672119,0,0,0
7756,0.3727341592311859,0.3727341592311859,0,0,0
7757,0.35931700468063354,0.35931700468063354,0,0,0
7758,0.3771745562553406,0.3771745562553406,0,0,0
7759,0.33713892102241516,0.33713892102241516,0,0,0
7760,0.39939063787460327,0.39939063787460327,0,0,0
7761,0.3638412356376648,0.3638412356376648,0,0,0
7762,0.4056542217731476,0.4056542217731476,0,0,0
7763,0.398363322019577,0.398363322019577,0,0,0
7764,0.4146518111228943,0.4146518111228943,0,0,0
7765,0.5567948818206787,0.5567948818206787,0,0,0
7766,0.318797767162323,0.318797767162323,0,0,0
7767,0.43577638268470764,0.43577638268470764,0,0,0
7768,0.3972577154636383,0.3972577154636383,0,0,0
7769,0.3786814212799072,0.3786814212799072,0,0,0
7770,0.32780885696411133,0.32780885696411133,0,0,0
7771,0.4520692229270935,0.4520692229270935,0,0,0
7772,0.34176281094551086,0.34176281094551086,0,0,0
7773,0.3376680612564087,0.3376680612564087,0,0,0
7774,0.37538671493530273,0.37538671493530273,0,0,0
7775,0.3511255979537964,0.3511255979537964,0,0,0
7776,0.34441420435905457,0.34441420435905457,0,0,0
7777,0.40174058079719543,0.40174058079719543,0,0,0
7778,0.42365115880966187,0.42365115880966187,0,0,0
7779,0.3816729187965393,0.3816729187965393,0,0,0
7780,0.45863601565361023,0.45863601565361023,0,0,0
7781,0.43452781438827515,0.43452781438827515,0,0,0
7782,0.36632096767425537,0.36632096767425537,0,0,0
7783,0.49049657583236694,0.49049657583236694,0,0,0
7784,0.3381124436855316,0.3381124436855316,0,0,0
7785,0.36583369970321655,0.36583369970321655,0,0,0
7786,0.406493604183197,0.406493604183197,0,0,0
7787,0.34601619839668274,0.34601619839668274,0,0,0
7788,0.3765593469142914,0.3765593469142914,0,0,0
7789,0.46708887815475464,0.46708887815475464,0,0,0
7790,0.34512993693351746,0.34512993693351746,0,0,0
7791,0.3624514639377594,0.3624514639377594,0,0,0
7792,0.33264273405075073,0.33264273405075073,0,0,0
7793,0.4401606619358063,0.4401606619358063,0,0,0
7794,0.38348180055618286,0.38348180055618286,0,0,0
7795,0.4098662734031677,0.4098662734031677,0,0,0
7796,0.36446458101272583,0.36446458101272583,0,0,0
7797,0.33615580201148987,0.33615580201148987,0,0,0
7798,0.37181541323661804,0.37181541323661804,0,0,0
7799,0.3443382680416107,0.3443382680416107,0,0,0
7800,0.37425360083580017,0.37425360083580017,0,0,0
7801,0.3291340172290802,0.3291340172290802,0,0,0
7802,0.3827158510684967,0.3827158510684967,0,0,0
7803,0.45497241616249084,0.45497241616249084,0,0,0
7804,0.33301207423210144,0.33301207423210144,0,0,0
7805,0.3904252052307129,0.3904252052307129,0,0,0
7806,0.3816852271556854,0.3816852271556854,0,0,0
7807,0.371340274810791,0.371340274810791,0,0,0
7808,0.37652161717414856,0.37652161717414856,0,0,0
7809,0.37753236293792725,0.37753236293792725,0,0,0
7810,0.4809418022632599,0.4809418022632599,0,0,0
7811,0.37100809812545776,0.37100809812545776,0,0,0
7812,0.33886101841926575,0.33886101841926575,0,0,0
7813,0.3753829896450043,0.3753829896450043,0,0,0
7814,0.383027583360672,0.383027583360672,0,0,0
7815,0.3341316282749176,0.3341316282749176,0,0,0
7816,0.35553261637687683,0.35553261637687683,0,0,0
7817,0.34392932057380676,0.34392932057380676,0,0,0
7818,0.4044281244277954,0.4044281244277954,0,0,0
7819,0.3464527130126953,0.3464527130126953,0,0,0
7820,0.529890239238739,0.529890239238739,0,0,0
7821,0.34210148453712463,0.34210148453712463,0,0,0
7822,0.382830411195755,0.382830411195755,0,0,0
7823,0.33036231994628906,0.33036231994628906,0,0,0
7824,0.46670329570770264,0.46670329570770264,0,0,0
7825,0.37203359603881836,0.37203359603881836,0,0,0
7826,0.3753734827041626,0.3753734827041626,0,0,0
7827,0.3830776512622833,0.3830776512622833,0,0,0
7828,0.7495942711830139,0.7495942711830139,0,0,0
7829,0.7403923273086548,0.7403923273086548,0,0,0
7830,0.36514946818351746,0.36514946818351746,0,0,0
7831,0.470329612493515,0.470329612493515,0,0,0
7832,0.6323067545890808,0.6323067545890808,0,0,0
7833,0.3728336989879608,0.3728336989879608,0,0,0
7834,0.4584878385066986,0.4584878385066986,0,0,0
7835,0.35041987895965576,0.35041987895965576,0,0,0
7836,0.35599762201309204,0.35599762201309204,0,0,0
7837,0.3764704167842865,0.3764704167842865,0,0,0
7838,0.44201403856277466,0.44201403856277466,0,0,0
7839,0.36519724130630493,0.36519724130630493,0,0,0
7840,0.3599165976047516,0.3599165976047516,0,0,0
7841,0.5769463777542114,0.5769463777542114,0,0,0
7842,0.35987070202827454,0.35987070202827454,0,0,0
7843,0.49141058325767517,0.49141058325767517,0,0,0
7844,0.4009742736816406,0.4009742736816406,0,0,0
7845,0.3550865352153778,0.3550865352153778,0,0,0
7846,0.3362720310688019,0.3362720310688019,0,0,0
7847,0.4209386706352234,0.4209386706352234,0,0,0
7848,0.34272879362106323,0.34272879362106323,0,0,0
7849,0.3322296142578125,0.3322296142578125,0,0,0
7850,0.479072630405426,0.479072630405426,0,0,0
7851,0.38096773624420166,0.38096773624420166,0,0,0
7852,0.39545097947120667,0.39545097947120667,0,0,0
7853,0.3553605377674103,0.3553605377674103,0,0,0
7854,0.34745654463768005,0.34745654463768005,0,0,0
7855,0.9663743376731873,0.9663743376731873,0,0,0
7856,0.3913854956626892,0.3913854956626892,0,0,0
7857,0.4036516547203064,0.4036516547203064,0,0,0
7858,0.3409023582935333,0.3409023582935333,0,0,0
7859,0.3242797255516052,0.3242797255516052,0,0,0
7860,0.4519055485725403,0.4519055485725403,0,0,0
7861,0.3966183662414551,0.3966183662414551,0,0,0
7862,0.33968642354011536,0.33968642354011536,0,0,0
7863,0.3795766234397888,0.3795766234397888,0,0,0
7864,0.38670283555984497,0.38670283555984497,0,0,0
7865,0.34988805651664734,0.34988805651664734,0,0,0
7866,0.3790123462677002,0.3790123462677002,0,0,0
7867,0.385433167219162,0.385433167219162,0,0,0
7868,0.344332218170166,0.344332218170166,0,0,0
7869,0.49000614881515503,0.49000614881515503,0,0,0
7870,0.352416068315506,0.352416068315506,0,0,0
7871,0.3942144811153412,0.3942144811153412,0,0,0
7872,0.35823553800582886,0.35823553800582886,0,0,0
7873,0.3224303424358368,0.3224303424358368,0,0,0
7874,0.3220333456993103,0.3220333456993103,0,0,0
7875,0.46159255504608154,0.46159255504608154,0,0,0
7876,0.3542081415653229,0.3542081415653229,0,0,0
7877,0.36388909816741943,0.36388909816741943,0,0,0
7878,0.3831727206707001,0.3831727206707001,0,0,0
7879,0.3897691071033478,0.3897691071033478,0,0,0
7880,0.3966231942176819,0.3966231942176819,0,0,0
7881,0.35720136761665344,0.35720136761665344,0,0,0
7882,0.34358516335487366,0.34358516335487366,0,0,0
7883,0.40661996603012085,0.40661996603012085,0,0,0
7884,0.4533824324607849,0.4533824324607849,0,0,0
7885,0.33992379903793335,0.33992379903793335,0,0,0
7886,0.3419080674648285,0.3419080674648285,0,0,0
7887,0.3893835246562958,0.3893835246562958,0,0,0
7888,0.33724209666252136,0.33724209666252136,0,0,0
7889,0.3558119833469391,0.3558119833469391,0,0,0
7890,0.3399845063686371,0.3399845063686371,0,0,0
7891,0.45400920510292053,0.45400920510292053,0,0,0
7892,0.3610066771507263,0.3610066771507263,0,0,0
7893,0.3694351315498352,0.3694351315498352,0,0,0
7894,0.35091012716293335,0.35091012716293335,0,0,0
7895,0.46643298864364624,0.46643298864364624,0,0,0
7896,0.37057408690452576,0.37057408690452576,0,0,0
7897,0.5655286312103271,0.5655286312103271,0,0,0
7898,0.33926650881767273,0.33926650881767273,0,0,0
7899,0.3393811583518982,0.3393811583518982,0,0,0
7900,0.3494810461997986,0.3494810461997986,0,0,0
7901,0.47408527135849,0.47408527135849,0,0,0
7902,0.42112910747528076,0.42112910747528076,0,0,0
7903,0.41598832607269287,0.41598832607269287,0,0,0
7904,0.34874895215034485,0.34874895215034485,0,0,0
7905,0.3360998034477234,0.3360998034477234,0,0,0
7906,0.35414808988571167,0.35414808988571167,0,0,0
7907,0.35707688331604004,0.35707688331604004,0,0,0
7908,0.3356189727783203,0.3356189727783203,0,0,0
7909,0.3285439610481262,0.3285439610481262,0,0,0
7910,0.32927602529525757,0.32927602529525757,0,0,0
7911,0.33202803134918213,0.33202803134918213,0,0,0
7912,0.33394739031791687,0.33394739031791687,0,0,0
7913,0.3999781608581543,0.3999781608581543,0,0,0
7914,0.3446263372898102,0.3446263372898102,0,0,0
7915,0.3356829285621643,0.3356829285621643,0,0,0
7916,0.3390491008758545,0.3390491008758545,0,0,0
7917,0.3885214030742645,0.3885214030742645,0,0,0
7918,0.3320930302143097,0.3320930302143097,0,0,0
7919,0.34844595193862915,0.34844595193862915,0,0,0
7920,0.360709547996521,0.360709547996521,0,0,0
7921,0.6051904559135437,0.6051904559135437,0,0,0
7922,0.3290104269981384,0.3290104269981384,0,0,0
7923,0.35004979372024536,0.35004979372024536,0,0,0
7924,0.41644391417503357,0.41644391417503357,0,0,0
7925,0.35412919521331787,0.35412919521331787,0,0,0
7926,0.4060453176498413,0.4060453176498413,0,0,0
7927,0.4794436991214752,0.4794436991214752,0,0,0
7928,0.3727978765964508,0.3727978765964508,0,0,0
7929,0.37191444635391235,0.37191444635391235,0,0,0
7930,0.41105714440345764,0.41105714440345764,0,0,0
7931,0.3480151891708374,0.3480151891708374,0,0,0
7932,0.3907862603664398,0.3907862603664398,0,0,0
7933,0.39244455099105835,0.39244455099105835,0,0,0
7934,0.33619895577430725,0.33619895577430725,0,0,0
7935,0.37225309014320374,0.37225309014320374,0,0,0
7936,0.3450641334056854,0.3450641334056854,0,0,0
7937,0.3535431921482086,0.3535431921482086,0,0,0
7938,0.37712112069129944,0.37712112069129944,0,0,0
7939,0.48773932456970215,0.48773932456970215,0,0,0
7940,0.3624614179134369,0.3624614179134369,0,0,0
7941,0.33975133299827576,0.33975133299827576,0,0,0
7942,0.34384685754776,0.34384685754776,0,0,0
7943,0.37617892026901245,0.37617892026901245,0,0,0
7944,0.3382391631603241,0.3382391631603241,0,0,0
7945,0.40988633036613464,0.40988633036613464,0,0,0
7946,0.34522417187690735,0.34522417187690735,0,0,0
7947,0.35930779576301575,0.35930779576301575,0,0,0
7948,0.3499479293823242,0.3499479293823242,0,0,0
7949,0.33809706568717957,0.33809706568717957,0,0,0
7950,0.33644816279411316,0.33644816279411316,0,0,0
7951,0.40137335658073425,0.40137335658073425,0,0,0
7952,0.3397892117500305,0.3397892117500305,0,0,0
7953,0.3434295952320099,0.3434295952320099,0,0,0
7954,0.37211504578590393,0.37211504578590393,0,0,0
7955,0.358652800321579,0.358652800321579,0,0,0
7956,0.3957303464412689,0.3957303464412689,0,0,0
7957,0.3974907398223877,0.3974907398223877,0,0,0
7958,0.33721068501472473,0.33721068501472473,0,0,0
7959,0.34359976649284363,0.34359976649284363,0,0,0
7960,0.34309908747673035,0.34309908747673035,0,0,0
7961,0.4455814063549042,0.4455814063549042,0,0,0
7962,0.3525501787662506,0.3525501787662506,0,0,0
7963,0.34147945046424866,0.34147945046424866,0,0,0
7964,0.5010488033294678,0.5010488033294678,0,0,0
7965,0.3609011173248291,0.3609011173248291,0,0,0
7966,0.3746429681777954,0.3746429681777954,0,0,0
7967,0.3621233105659485,0.3621233105659485,0,0,0
7968,0.34024733304977417,0.34024733304977417,0,0,0
7969,0.42321911454200745,0.42321911454200745,0,0,0
7970,0.3601538836956024,0.3601538836956024,0,0,0
7971,0.41435885429382324,0.41435885429382324,0,0,0
7972,0.3573801815509796,0.3573801815509796,0,0,0
7973,0.34538182616233826,0.34538182616233826,0,0,0
7974,0.36059248447418213,0.36059248447418213,0,0,0
7975,0.36043980717658997,0.36043980717658997,0,0,0
7976,0.32293200492858887,0.32293200492858887,0,0,0
7977,0.35025930404663086,0.35025930404663086,0,0,0
7978,0.44887784123420715,0.44887784123420715,0,0,0
7979,0.3572096526622772,0.3572096526622772,0,0,0
7980,0.33266597986221313,0.33266597986221313,0,0,0
7981,0.32896164059638977,0.32896164059638977,0,0,0
7982,0.3358510136604309,0.3358510136604309,0,0,0
7983,0.3397263288497925,0.3397263288497925,0,0,0
7984,0.33476728200912476,0.33476728200912476,0,0,0
7985,0.3683185279369354,0.3683185279369354,0,0,0
7986,0.3552871346473694,0.3552871346473694,0,0,0
7987,0.3319801986217499,0.3319801986217499,0,0,0
7988,0.8965083360671997,0.8965083360671997,0,0,0
7989,0.3816622793674469,0.3816622793674469,0,0,0
7990,0.3890019357204437,0.3890019357204437,0,0,0
7991,0.4393104016780853,0.4393104016780853,0,0,0
7992,0.410419225692749,0.410419225692749,0,0,0
7993,0.5934545993804932,0.5934545993804932,0,0,0
7994,0.39311325550079346,0.39311325550079346,0,0,0
7995,0.3475305438041687,0.3475305438041687,0,0,0
7996,0.359729528427124,0.359729528427124,0,0,0
7997,0.34156617522239685,0.34156617522239685,0,0,0
7998,0.32268673181533813,0.32268673181533813,0,0,0
7999,0.4145824611186981,0.4145824611186981,0,0,0
8000,0.4222453534603119,0.4222453534603119,0,0,0
8001,0.3465211093425751,0.3465211093425751,0,0,0
8002,0.3683297634124756,0.3683297634124756,0,0,0
8003,0.35225167870521545,0.35225167870521545,0,0,0
8004,0.3277915120124817,0.3277915120124817,0,0,0
8005,0.3234829902648926,0.3234829902648926,0,0,0
8006,0.37236130237579346,0.37236130237579346,0,0,0
8007,0.3397199809551239,0.3397199809551239,0,0,0
8008,0.42387139797210693,0.42387139797210693,0,0,0
8009,0.4361269474029541,0.4361269474029541,0,0,0
8010,0.3363792896270752,0.3363792896270752,0,0,0
8011,0.3622513711452484,0.3622513711452484,0,0,0
8012,0.3653131127357483,0.3653131127357483,0,0,0
8013,0.424315482378006,0.424315482378006,0,0,0
8014,0.321178138256073,0.321178138256073,0,0,0
8015,0.32632505893707275,0.32632505893707275,0,0,0
8016,0.44364798069000244,0.44364798069000244,0,0,0
8017,0.36277469992637634,0.36277469992637634,0,0,0
8018,0.39427003264427185,0.39427003264427185,0,0,0
8019,0.3237271308898926,0.3237271308898926,0,0,0
8020,0.330722838640213,0.330722838640213,0,0,0
8021,0.3422948122024536,0.3422948122024536,0,0,0
8022,0.35700953006744385,0.35700953006744385,0,0,0
8023,0.32400792837142944,0.32400792837142944,0,0,0
8024,0.41551026701927185,0.41551026701927185,0,0,0
8025,0.361650288105011,0.361650288105011,0,0,0
8026,0.4035124182701111,0.4035124182701111,0,0,0
8027,0.31799474358558655,0.31799474358558655,0,0,0
8028,0.4222072660923004,0.4222072660923004,0,0,0
8029,0.418608695268631,0.418608695268631,0,0,0
8030,0.32268306612968445,0.32268306612968445,0,0,0
8031,0.4166834056377411,0.4166834056377411,0,0,0
8032,0.3342358469963074,0.3342358469963074,0,0,0
8033,0.363364040851593,0.363364040851593,0,0,0
8034,0.352213591337204,0.352213591337204,0,0,0
8035,0.3677908778190613,0.3677908778190613,0,0,0
8036,0.3759114444255829,0.3759114444255829,0,0,0
8037,0.3403066098690033,0.3403066098690033,0,0,0
8038,0.41320401430130005,0.41320401430130005,0,0,0
8039,0.33877477049827576,0.33877477049827576,0,0,0
8040,0.36751314997673035,0.36751314997673035,0,0,0
8041,0.4241943955421448,0.4241943955421448,0,0,0
8042,0.40632569789886475,0.40632569789886475,0,0,0
8043,0.36122947931289673,0.36122947931289673,0,0,0
8044,0.43275168538093567,0.43275168538093567,0,0,0
8045,0.35610559582710266,0.35610559582710266,0,0,0
8046,0.34613269567489624,0.34613269567489624,0,0,0
8047,0.40549710392951965,0.40549710392951965,0,0,0
8048,0.35299748182296753,0.35299748182296753,0,0,0
8049,0.3997637927532196,0.3997637927532196,0,0,0
8050,0.3472917079925537,0.3472917079925537,0,0,0
8051,0.3327935039997101,0.3327935039997101,0,0,0
8052,0.4175432324409485,0.4175432324409485,0,0,0
8053,0.36214345693588257,0.36214345693588257,0,0,0
8054,0.34380650520324707,0.34380650520324707,0,0,0
8055,0.4523777961730957,0.4523777961730957,0,0,0
8056,0.38649511337280273,0.38649511337280273,0,0,0
8057,0.37046295404434204,0.37046295404434204,0,0,0
8058,0.37341243028640747,0.37341243028640747,0,0,0
8059,0.3615746796131134,0.3615746796131134,0,0,0
8060,0.43667832016944885,0.43667832016944885,0,0,0
8061,0.35145995020866394,0.35145995020866394,0,0,0
8062,0.386233925819397,0.386233925819397,0,0,0
8063,0.3783327043056488,0.3783327043056488,0,0,0
8064,0.39215147495269775,0.39215147495269775,0,0,0
8065,0.3197248876094818,0.3197248876094818,0,0,0
8066,0.3946859836578369,0.3946859836578369,0,0,0
8067,0.31422460079193115,0.31422460079193115,0,0,0
8068,0.3298206627368927,0.3298206627368927,0,0,0
8069,0.41726645827293396,0.41726645827293396,0,0,0
8070,0.41248542070388794,0.41248542070388794,0,0,0
8071,0.37941762804985046,0.37941762804985046,0,0,0
8072,0.3368586599826813,0.3368586599826813,0,0,0
8073,0.36430835723876953,0.36430835723876953,0,0,0
8074,0.33103659749031067,0.33103659749031067,0,0,0
8075,0.407244473695755,0.407244473695755,0,0,0
8076,0.3442005217075348,0.3442005217075348,0,0,0
8077,0.4419994354248047,0.4419994354248047,0,0,0
8078,0.35886150598526,0.35886150598526,0,0,0
8079,0.4263213276863098,0.4263213276863098,0,0,0
8080,0.550947904586792,0.550947904586792,0,0,0
8081,0.3735398054122925,0.3735398054122925,0,0,0
8082,0.34251585602760315,0.34251585602760315,0,0,0
8083,0.34470680356025696,0.34470680356025696,0,0,0
8084,0.37927189469337463,0.37927189469337463,0,0,0
8085,0.35853204131126404,0.35853204131126404,0,0,0
8086,0.3468188941478729,0.3468188941478729,0,0,0
8087,0.3342044949531555,0.3342044949531555,0,0,0
8088,0.33842596411705017,0.33842596411705017,0,0,0
8089,0.36482003331184387,0.36482003331184387,0,0,0
8090,0.3301711082458496,0.3301711082458496,0,0,0
8091,0.31634655594825745,0.31634655594825745,0,0,0
8092,0.3779332637786865,0.3779332637786865,0,0,0
8093,0.4636474847793579,0.4636474847793579,0,0,0
8094,0.3565908670425415,0.3565908670425415,0,0,0
8095,0.3788781464099884,0.3788781464099884,0,0,0
8096,0.3685164153575897,0.3685164153575897,0,0,0
8097,0.33467093110084534,0.33467093110084534,0,0,0
8098,0.3812238872051239,0.3812238872051239,0,0,0
8099,0.4407597482204437,0.4407597482204437,0,0,0
8100,0.38775068521499634,0.38775068521499634,0,0,0
8101,0.34057220816612244,0.34057220816612244,0,0,0
8102,0.3386215269565582,0.3386215269565582,0,0,0
8103,0.3397408127784729,0.3397408127784729,0,0,0
8104,0.3598017394542694,0.3598017394542694,0,0,0
8105,0.3290109932422638,0.3290109932422638,0,0,0
8106,0.35453465580940247,0.35453465580940247,0,0,0
8107,0.412207692861557,0.412207692861557,0,0,0
8108,0.37853994965553284,0.37853994965553284,0,0,0
8109,0.35190722346305847,0.35190722346305847,0,0,0
8110,0.5296108722686768,0.5296108722686768,0,0,0
8111,0.3395250737667084,0.3395250737667084,0,0,0
8112,0.44383078813552856,0.44383078813552856,0,0,0
8113,0.3594099283218384,0.3594099283218384,0,0,0
8114,0.3346095085144043,0.3346095085144043,0,0,0
8115,0.33608371019363403,0.33608371019363403,0,0,0
8116,0.315589964389801,0.315589964389801,0,0,0
8117,0.5106470584869385,0.5106470584869385,0,0,0
8118,0.33718469738960266,0.33718469738960266,0,0,0
8119,0.32840657234191895,0.32840657234191895,0,0,0
8120,0.40698954463005066,0.40698954463005066,0,0,0
8121,0.3272758424282074,0.3272758424282074,0,0,0
8122,0.3853432834148407,0.3853432834148407,0,0,0
8123,0.3806118369102478,0.3806118369102478,0,0,0
8124,0.39377880096435547,0.39377880096435547,0,0,0
8125,0.4156968891620636,0.4156968891620636,0,0,0
8126,0.43416428565979004,0.43416428565979004,0,0,0
8127,0.3437396287918091,0.3437396287918091,0,0,0
8128,0.4880104959011078,0.4880104959011078,0,0,0
8129,0.33191192150115967,0.33191192150115967,0,0,0
8130,0.4178538918495178,0.4178538918495178,0,0,0
8131,0.4572858512401581,0.4572858512401581,0,0,0
8132,0.37338748574256897,0.37338748574256897,0,0,0
8133,0.3326767683029175,0.3326767683029175,0,0,0
8134,0.36201560497283936,0.36201560497283936,0,0,0
8135,0.38980433344841003,0.38980433344841003,0,0,0
8136,0.34828031063079834,0.34828031063079834,0,0,0
8137,0.3385709822177887,0.3385709822177887,0,0,0
8138,0.405347615480423,0.405347615480423,0,0,0
8139,0.3264227509498596,0.3264227509498596,0,0,0
8140,0.32098686695098877,0.32098686695098877,0,0,0
8141,0.8261878490447998,0.8261878490447998,0,0,0
8142,0.37188592553138733,0.37188592553138733,0,0,0
8143,0.3789882957935333,0.3789882957935333,0,0,0
8144,0.39113888144493103,0.39113888144493103,0,0,0
8145,0.35474836826324463,0.35474836826324463,0,0,0
8146,0.3305530548095703,0.3305530548095703,0,0,0
8147,0.352226585149765,0.352226585149765,0,0,0
8148,0.3690883219242096,0.3690883219242096,0,0,0
8149,0.33940020203590393,0.33940020203590393,0,0,0
8150,0.40267136693000793,0.40267136693000793,0,0,0
8151,0.3742741644382477,0.3742741644382477,0,0,0
8152,0.39229753613471985,0.39229753613471985,0,0,0
8153,0.33350884914398193,0.33350884914398193,0,0,0
8154,0.34235233068466187,0.34235233068466187,0,0,0
8155,0.36696240305900574,0.36696240305900574,0,0,0
8156,0.3447968065738678,0.3447968065738678,0,0,0
8157,0.40584132075309753,0.40584132075309753,0,0,0
8158,0.3437199294567108,0.3437199294567108,0,0,0
8159,0.35862043499946594,0.35862043499946594,0,0,0
8160,0.3558667302131653,0.3558667302131653,0,0,0
8161,0.3776491582393646,0.3776491582393646,0,0,0
8162,0.3446533977985382,0.3446533977985382,0,0,0
8163,0.4471467435359955,0.4471467435359955,0,0,0
8164,0.3664863109588623,0.3664863109588623,0,0,0
8165,0.37477102875709534,0.37477102875709534,0,0,0
8166,0.350107342004776,0.350107342004776,0,0,0
8167,0.37187084555625916,0.37187084555625916,0,0,0
8168,0.33103621006011963,0.33103621006011963,0,0,0
8169,0.3249085545539856,0.3249085545539856,0,0,0
8170,0.33849698305130005,0.33849698305130005,0,0,0
8171,0.33492448925971985,0.33492448925971985,0,0,0
8172,0.4880526065826416,0.4880526065826416,0,0,0
8173,0.3624711036682129,0.3624711036682129,0,0,0
8174,0.3349686861038208,0.3349686861038208,0,0,0
8175,0.35389775037765503,0.35389775037765503,0,0,0
8176,0.32728543877601624,0.32728543877601624,0,0,0
8177,0.3502674996852875,0.3502674996852875,0,0,0
8178,0.3391745090484619,0.3391745090484619,0,0,0
8179,0.42251190543174744,0.42251190543174744,0,0,0
8180,0.32121044397354126,0.32121044397354126,0,0,0
8181,0.3371396064758301,0.3371396064758301,0,0,0
8182,0.3667925000190735,0.3667925000190735,0,0,0
8183,0.3641279339790344,0.3641279339790344,0,0,0
8184,0.33861255645751953,0.33861255645751953,0,0,0
8185,0.5560429692268372,0.5560429692268372,0,0,0
8186,0.3548316955566406,0.3548316955566406,0,0,0
8187,0.37720802426338196,0.37720802426338196,0,0,0
8188,0.33930644392967224,0.33930644392967224,0,0,0
8189,0.33243510127067566,0.33243510127067566,0,0,0
8190,0.3524504005908966,0.3524504005908966,0,0,0
8191,0.32431474328041077,0.32431474328041077,0,0,0
8192,0.3806106150150299,0.3806106150150299,0,0,0
8193,0.37927138805389404,0.37927138805389404,0,0,0
8194,0.3971150517463684,0.3971150517463684,0,0,0
8195,0.3374432623386383,0.3374432623386383,0,0,0
8196,1.0175516605377197,1.0175516605377197,0,0,0
8197,0.3171246647834778,0.3171246647834778,0,0,0
8198,0.3141939640045166,0.3141939640045166,0,0,0
8199,0.3494529128074646,0.3494529128074646,0,0,0
8200,0.3904758393764496,0.3904758393764496,0,0,0
8201,0.3874928951263428,0.3874928951263428,0,0,0
8202,0.3377384543418884,0.3377384543418884,0,0,0
8203,0.378995805978775,0.378995805978775,0,0,0
8204,0.41996443271636963,0.41996443271636963,0,0,0
8205,0.33805567026138306,0.33805567026138306,0,0,0
8206,0.3556271195411682,0.3556271195411682,0,0,0
8207,0.4460280239582062,0.4460280239582062,0,0,0
8208,0.394125759601593,0.394125759601593,0,0,0
8209,0.37880775332450867,0.37880775332450867,0,0,0
8210,0.38075461983680725,0.38075461983680725,0,0,0
8211,0.32561835646629333,0.32561835646629333,0,0,0
8212,0.3717736601829529,0.3717736601829529,0,0,0
8213,0.3483947813510895,0.3483947813510895,0,0,0
8214,0.38468047976493835,0.38468047976493835,0,0,0
8215,0.33164864778518677,0.33164864778518677,0,0,0
8216,0.38478225469589233,0.38478225469589233,0,0,0
8217,0.3396551012992859,0.3396551012992859,0,0,0
8218,0.3645249307155609,0.3645249307155609,0,0,0
8219,0.4348049759864807,0.4348049759864807,0,0,0
8220,0.36184805631637573,0.36184805631637573,0,0,0
8221,0.335563063621521,0.335563063621521,0,0,0
8222,0.3346032500267029,0.3346032500267029,0,0,0
8223,0.444720059633255,0.444720059633255,0,0,0
8224,0.3535681962966919,0.3535681962966919,0,0,0
8225,0.37684381008148193,0.37684381008148193,0,0,0
8226,0.31390249729156494,0.31390249729156494,0,0,0
8227,0.37114590406417847,0.37114590406417847,0,0,0
8228,0.44212019443511963,0.44212019443511963,0,0,0
8229,0.3282307982444763,0.3282307982444763,0,0,0
8230,0.34445425868034363,0.34445425868034363,0,0,0
8231,0.38435325026512146,0.38435325026512146,0,0,0
8232,0.32269763946533203,0.32269763946533203,0,0,0
8233,0.33458563685417175,0.33458563685417175,0,0,0
8234,0.3395121395587921,0.3395121395587921,0,0,0
8235,0.3421468734741211,0.3421468734741211,0,0,0
8236,0.37375736236572266,0.37375736236572266,0,0,0
8237,0.3995549976825714,0.3995549976825714,0,0,0
8238,0.3705725073814392,0.3705725073814392,0,0,0
8239,0.34532788395881653,0.34532788395881653,0,0,0
8240,0.33989349007606506,0.33989349007606506,0,0,0
8241,0.3865840435028076,0.3865840435028076,0,0,0
8242,0.3675176799297333,0.3675176799297333,0,0,0
8243,0.4710947275161743,0.4710947275161743,0,0,0
8244,0.3620794713497162,0.3620794713497162,0,0,0
8245,0.4234434962272644,0.4234434962272644,0,0,0
8246,0.35710158944129944,0.35710158944129944,0,0,0
8247,0.33104199171066284,0.33104199171066284,0,0,0
8248,0.3617430627346039,0.3617430627346039,0,0,0
8249,0.3593960106372833,0.3593960106372833,0,0,0
8250,0.3189665377140045,0.3189665377140045,0,0,0
8251,0.3462072014808655,0.3462072014808655,0,0,0
8252,0.32880300283432007,0.32880300283432007,0,0,0
8253,0.34007611870765686,0.34007611870765686,0,0,0
8254,0.4192362129688263,0.4192362129688263,0,0,0
8255,0.38116899132728577,0.38116899132728577,0,0,0
8256,0.4088958501815796,0.4088958501815796,0,0,0
8257,0.36432403326034546,0.36432403326034546,0,0,0
8258,0.4150558412075043,0.4150558412075043,0,0,0
8259,0.34740468859672546,0.34740468859672546,0,0,0
8260,0.3988367021083832,0.3988367021083832,0,0,0
8261,0.3365032374858856,0.3365032374858856,0,0,0
8262,0.5215957164764404,0.5215957164764404,0,0,0
8263,0.3460901379585266,0.3460901379585266,0,0,0
8264,0.32244637608528137,0.32244637608528137,0,0,0
8265,0.4038110375404358,0.4038110375404358,0,0,0
8266,0.35102230310440063,0.35102230310440063,0,0,0
8267,0.34851256012916565,0.34851256012916565,0,0,0
8268,0.37411680817604065,0.37411680817604065,0,0,0
8269,0.6118960976600647,0.6118960976600647,0,0,0
8270,0.4045427739620209,0.4045427739620209,0,0,0
8271,0.31980085372924805,0.31980085372924805,0,0,0
8272,0.3207883834838867,0.3207883834838867,0,0,0
8273,0.34316250681877136,0.34316250681877136,0,0,0
8274,0.44519558548927307,0.44519558548927307,0,0,0
8275,0.38009804487228394,0.38009804487228394,0,0,0
8276,0.4896462559700012,0.4896462559700012,0,0,0
8277,0.6734521985054016,0.6734521985054016,0,0,0
8278,0.3550283908843994,0.3550283908843994,0,0,0
8279,0.3337741196155548,0.3337741196155548,0,0,0
8280,0.3339407444000244,0.3339407444000244,0,0,0
8281,0.4509490728378296,0.4509490728378296,0,0,0
8282,0.35140955448150635,0.35140955448150635,0,0,0
8283,0.38545137643814087,0.38545137643814087,0,0,0
8284,0.35210108757019043,0.35210108757019043,0,0,0
8285,0.3694959282875061,0.3694959282875061,0,0,0
8286,0.3233701288700104,0.3233701288700104,0,0,0
8287,0.42007890343666077,0.42007890343666077,0,0,0
8288,0.33925777673721313,0.33925777673721313,0,0,0
8289,0.32610371708869934,0.32610371708869934,0,0,0
8290,0.33775681257247925,0.33775681257247925,0,0,0
8291,0.35471031069755554,0.35471031069755554,0,0,0
8292,0.3458128571510315,0.3458128571510315,0,0,0
8293,0.3715166747570038,0.3715166747570038,0,0,0
8294,0.41460052132606506,0.41460052132606506,0,0,0
8295,0.3685134947299957,0.3685134947299957,0,0,0
8296,0.359016478061676,0.359016478061676,0,0,0
8297,0.3379215896129608,0.3379215896129608,0,0,0
8298,0.4748412072658539,0.4748412072658539,0,0,0
8299,0.3698634207248688,0.3698634207248688,0,0,0
8300,0.39274439215660095,0.39274439215660095,0,0,0
8301,0.32753702998161316,0.32753702998161316,0,0,0
8302,0.5558039546012878,0.5558039546012878,0,0,0
8303,0.35158804059028625,0.35158804059028625,0,0,0
8304,0.4011845290660858,0.4011845290660858,0,0,0
8305,0.3639874756336212,0.3639874756336212,0,0,0
8306,0.4655105471611023,0.4655105471611023,0,0,0
8307,0.3503704071044922,0.3503704071044922,0,0,0
8308,0.36086228489875793,0.36086228489875793,0,0,0
8309,0.3616241216659546,0.3616241216659546,0,0,0
8310,0.3363792300224304,0.3363792300224304,0,0,0
8311,0.5436879396438599,0.5436879396438599,0,0,0
8312,0.360954225063324,0.360954225063324,0,0,0
8313,0.391075998544693,0.391075998544693,0,0,0
8314,0.3979487121105194,0.3979487121105194,0,0,0
8315,0.3205636441707611,0.3205636441707611,0,0,0
8316,0.544609546661377,0.544609546661377,0,0,0
8317,0.33051377534866333,0.33051377534866333,0,0,0
8318,0.4729062616825104,0.4729062616825104,0,0,0
8319,0.31192541122436523,0.31192541122436523,0,0,0
8320,0.354043573141098,0.354043573141098,0,0,0
8321,0.3502102196216583,0.3502102196216583,0,0,0
8322,0.34579867124557495,0.34579867124557495,0,0,0
8323,0.4710254371166229,0.4710254371166229,0,0,0
8324,0.3323894739151001,0.3323894739151001,0,0,0
8325,0.436726450920105,0.436726450920105,0,0,0
8326,0.3779531419277191,0.3779531419277191,0,0,0
8327,0.3656737506389618,0.3656737506389618,0,0,0
8328,0.3285917639732361,0.3285917639732361,0,0,0
8329,0.3640211820602417,0.3640211820602417,0,0,0
8330,0.35355398058891296,0.35355398058891296,0,0,0
8331,0.3480125963687897,0.3480125963687897,0,0,0
8332,0.32307714223861694,0.32307714223861694,0,0,0
8333,0.35742029547691345,0.35742029547691345,0,0,0
8334,0.3564504086971283,0.3564504086971283,0,0,0
8335,0.36727285385131836,0.36727285385131836,0,0,0
8336,0.346256822347641,0.346256822347641,0,0,0
8337,0.4232771396636963,0.4232771396636963,0,0,0
8338,0.3466152250766754,0.3466152250766754,0,0,0
8339,0.3179602324962616,0.3179602324962616,0,0,0
8340,0.6373676657676697,0.6373676657676697,0,0,0
8341,0.355061411857605,0.355061411857605,0,0,0
8342,0.3758555054664612,0.3758555054664612,0,0,0
8343,0.44214513897895813,0.44214513897895813,0,0,0
8344,0.4678756594657898,0.4678756594657898,0,0,0
8345,0.375034898519516,0.375034898519516,0,0,0
8346,0.4625338912010193,0.4625338912010193,0,0,0
8347,0.31733331084251404,0.31733331084251404,0,0,0
8348,0.33242908120155334,0.33242908120155334,0,0,0
8349,0.3620007336139679,0.3620007336139679,0,0,0
8350,0.36249902844429016,0.36249902844429016,0,0,0
8351,0.45040363073349,0.45040363073349,0,0,0
8352,0.3722388446331024,0.3722388446331024,0,0,0
8353,0.35291731357574463,0.35291731357574463,0,0,0
8354,0.31679654121398926,0.31679654121398926,0,0,0
8355,0.35503557324409485,0.35503557324409485,0,0,0
8356,0.3503612279891968,0.3503612279891968,0,0,0
8357,0.32506123185157776,0.32506123185157776,0,0,0
8358,0.36402902007102966,0.36402902007102966,0,0,0
8359,0.3891366720199585,0.3891366720199585,0,0,0
8360,0.32584673166275024,0.32584673166275024,0,0,0
8361,0.38935568928718567,0.38935568928718567,0,0,0
8362,0.3488481938838959,0.3488481938838959,0,0,0
8363,0.3335343301296234,0.3335343301296234,0,0,0
8364,0.42348188161849976,0.42348188161849976,0,0,0
8365,0.3761219084262848,0.3761219084262848,0,0,0
8366,0.3594050109386444,0.3594050109386444,0,0,0
8367,0.37469521164894104,0.37469521164894104,0,0,0
8368,0.3180927634239197,0.3180927634239197,0,0,0
8369,0.33014926314353943,0.33014926314353943,0,0,0
8370,0.3247327506542206,0.3247327506542206,0,0,0
8371,0.32479429244995117,0.32479429244995117,0,0,0
8372,0.46785059571266174,0.46785059571266174,0,0,0
8373,0.3476444184780121,0.3476444184780121,0,0,0
8374,0.3463935852050781,0.3463935852050781,0,0,0
8375,0.3402954339981079,0.3402954339981079,0,0,0
8376,0.35385000705718994,0.35385000705718994,0,0,0
8377,0.3447931408882141,0.3447931408882141,0,0,0
8378,0.3393346071243286,0.3393346071243286,0,0,0
8379,0.321799099445343,0.321799099445343,0,0,0
8380,0.3618090748786926,0.3618090748786926,0,0,0
8381,0.32749491930007935,0.32749491930007935,0,0,0
8382,0.41760778427124023,0.41760778427124023,0,0,0
8383,0.36519843339920044,0.36519843339920044,0,0,0
8384,0.3714297413825989,0.3714297413825989,0,0,0
8385,0.3589532673358917,0.3589532673358917,0,0,0
8386,0.3296498954296112,0.3296498954296112,0,0,0
8387,0.4050564765930176,0.4050564765930176,0,0,0
8388,0.3549123704433441,0.3549123704433441,0,0,0
8389,0.32438263297080994,0.32438263297080994,0,0,0
8390,0.35223188996315,0.35223188996315,0,0,0
8391,0.33061686158180237,0.33061686158180237,0,0,0
8392,0.362126886844635,0.362126886844635,0,0,0
8393,0.3681764602661133,0.3681764602661133,0,0,0
8394,0.404144287109375,0.404144287109375,0,0,0
8395,0.5160115361213684,0.5160115361213684,0,0,0
8396,0.35694143176078796,0.35694143176078796,0,0,0
8397,0.37296655774116516,0.37296655774116516,0,0,0
8398,0.35024821758270264,0.35024821758270264,0,0,0
8399,0.325070321559906,0.325070321559906,0,0,0
8400,0.30896347761154175,0.30896347761154175,0,0,0
8401,0.3460574448108673,0.3460574448108673,0,0,0
8402,0.3742530047893524,0.3742530047893524,0,0,0
8403,0.33965831995010376,0.33965831995010376,0,0,0
8404,0.32824471592903137,0.32824471592903137,0,0,0
8405,0.3459087014198303,0.3459087014198303,0,0,0
8406,0.3203434646129608,0.3203434646129608,0,0,0
8407,0.41817837953567505,0.41817837953567505,0,0,0
8408,0.3455612063407898,0.3455612063407898,0,0,0
8409,0.37323108315467834,0.37323108315467834,0,0,0
8410,0.4765506982803345,0.4765506982803345,0,0,0
8411,0.36555221676826477,0.36555221676826477,0,0,0
8412,0.3332124948501587,0.3332124948501587,0,0,0
8413,0.3349175453186035,0.3349175453186035,0,0,0
8414,0.37591278553009033,0.37591278553009033,0,0,0
8415,0.40419140458106995,0.40419140458106995,0,0,0
8416,0.3313724398612976,0.3313724398612976,0,0,0
8417,0.326090008020401,0.326090008020401,0,0,0
8418,0.37667083740234375,0.37667083740234375,0,0,0
8419,0.31932446360588074,0.31932446360588074,0,0,0
8420,0.3489219546318054,0.3489219546318054,0,0,0
8421,0.3418632745742798,0.3418632745742798,0,0,0
8422,0.3766631484031677,0.3766631484031677,0,0,0
8423,0.35551849007606506,0.35551849007606506,0,0,0
8424,0.31367388367652893,0.31367388367652893,0,0,0
8425,0.43562671542167664,0.43562671542167664,0,0,0
8426,0.34747251868247986,0.34747251868247986,0,0,0
8427,0.38788482546806335,0.38788482546806335,0,0,0
8428,0.3563021123409271,0.3563021123409271,0,0,0
8429,0.320713073015213,0.320713073015213,0,0,0
8430,0.40749621391296387,0.40749621391296387,0,0,0
8431,0.36877724528312683,0.36877724528312683,0,0,0
8432,0.3401995301246643,0.3401995301246643,0,0,0
8433,0.3745555281639099,0.3745555281639099,0,0,0
8434,0.45575815439224243,0.45575815439224243,0,0,0
8435,0.3448788523674011,0.3448788523674011,0,0,0
8436,0.3489150404930115,0.3489150404930115,0,0,0
8437,0.3291621804237366,0.3291621804237366,0,0,0
8438,0.33974480628967285,0.33974480628967285,0,0,0
8439,0.3277739882469177,0.3277739882469177,0,0,0
8440,0.32646703720092773,0.32646703720092773,0,0,0
8441,0.35052400827407837,0.35052400827407837,0,0,0
8442,0.3203250765800476,0.3203250765800476,0,0,0
8443,0.37747684121131897,0.37747684121131897,0,0,0
8444,0.3712419271469116,0.3712419271469116,0,0,0
8445,0.33035826683044434,0.33035826683044434,0,0,0
8446,0.39524027705192566,0.39524027705192566,0,0,0
8447,0.35978561639785767,0.35978561639785767,0,0,0
8448,0.36101365089416504,0.36101365089416504,0,0,0
8449,0.3642835319042206,0.3642835319042206,0,0,0
8450,0.35228708386421204,0.35228708386421204,0,0,0
8451,0.36171939969062805,0.36171939969062805,0,0,0
8452,0.3147561252117157,0.3147561252117157,0,0,0
8453,0.3173196315765381,0.3173196315765381,0,0,0
8454,0.3441210091114044,0.3441210091114044,0,0,0
8455,0.3769453763961792,0.3769453763961792,0,0,0
8456,0.36806079745292664,0.36806079745292664,0,0,0
8457,0.33724382519721985,0.33724382519721985,0,0,0
8458,0.32175692915916443,0.32175692915916443,0,0,0
8459,0.33782050013542175,0.33782050013542175,0,0,0
8460,0.35864129662513733,0.35864129662513733,0,0,0
8461,0.35419508814811707,0.35419508814811707,0,0,0
8462,0.31928884983062744,0.31928884983062744,0,0,0
8463,0.42457136511802673,0.42457136511802673,0,0,0
8464,0.31317204236984253,0.31317204236984253,0,0,0
8465,0.5841585397720337,0.5841585397720337,0,0,0
8466,0.3357487916946411,0.3357487916946411,0,0,0
8467,0.33576342463493347,0.33576342463493347,0,0,0
8468,0.3470246493816376,0.3470246493816376,0,0,0
8469,0.3420514464378357,0.3420514464378357,0,0,0
8470,0.32022225856781006,0.32022225856781006,0,0,0
8471,0.34443584084510803,0.34443584084510803,0,0,0
8472,0.338377445936203,0.338377445936203,0,0,0
8473,0.33808308839797974,0.33808308839797974,0,0,0
8474,0.31721746921539307,0.31721746921539307,0,0,0
8475,0.35442623496055603,0.35442623496055603,0,0,0
8476,0.35255640745162964,0.35255640745162964,0,0,0
8477,0.34789472818374634,0.34789472818374634,0,0,0
8478,0.37019839882850647,0.37019839882850647,0,0,0
8479,0.34759220480918884,0.34759220480918884,0,0,0
8480,0.3618971109390259,0.3618971109390259,0,0,0
8481,0.3317851126194,0.3317851126194,0,0,0
8482,0.41456207633018494,0.41456207633018494,0,0,0
8483,0.34468328952789307,0.34468328952789307,0,0,0
8484,0.3322352170944214,0.3322352170944214,0,0,0
8485,0.350704163312912,0.350704163312912,0,0,0
8486,0.37838828563690186,0.37838828563690186,0,0,0
8487,0.4179398715496063,0.4179398715496063,0,0,0
8488,0.3311717212200165,0.3311717212200165,0,0,0
8489,0.49354538321495056,0.49354538321495056,0,0,0
8490,0.32918569445610046,0.32918569445610046,0,0,0
8491,0.34581419825553894,0.34581419825553894,0,0,0
8492,0.36049216985702515,0.36049216985702515,0,0,0
8493,0.3349536955356598,0.3349536955356598,0,0,0
8494,0.4119736850261688,0.4119736850261688,0,0,0
8495,0.9298165440559387,0.9298165440559387,0,0,0
8496,0.33765384554862976,0.33765384554862976,0,0,0
8497,0.4033370018005371,0.4033370018005371,0,0,0
8498,0.3371437191963196,0.3371437191963196,0,0,0
8499,0.33525651693344116,0.33525651693344116,0,0,0
8500,0.3456345498561859,0.3456345498561859,0,0,0
8501,0.31865665316581726,0.31865665316581726,0,0,0
8502,0.4140767455101013,0.4140767455101013,0,0,0
8503,0.3349597752094269,0.3349597752094269,0,0,0
8504,0.3647882044315338,0.3647882044315338,0,0,0
8505,0.3368977904319763,0.3368977904319763,0,0,0
8506,0.3544284701347351,0.3544284701347351,0,0,0
8507,0.4338214099407196,0.4338214099407196,0,0,0
8508,0.4059070348739624,0.4059070348739624,0,0,0
8509,0.322801411151886,0.322801411151886,0,0,0
8510,0.3468385934829712,0.3468385934829712,0,0,0
8511,0.3218831419944763,0.3218831419944763,0,0,0
8512,0.3742559552192688,0.3742559552192688,0,0,0
8513,0.3421196937561035,0.3421196937561035,0,0,0
8514,0.44817668199539185,0.44817668199539185,0,0,0
8515,0.33273184299468994,0.33273184299468994,0,0,0
8516,0.35690656304359436,0.35690656304359436,0,0,0
8517,0.3149780035018921,0.3149780035018921,0,0,0
8518,0.3355458676815033,0.3355458676815033,0,0,0
8519,0.38794708251953125,0.38794708251953125,0,0,0
8520,0.3304482400417328,0.3304482400417328,0,0,0
8521,0.3619536757469177,0.3619536757469177,0,0,0
8522,0.34079253673553467,0.34079253673553467,0,0,0
8523,0.3457202613353729,0.3457202613353729,0,0,0
8524,0.40299683809280396,0.40299683809280396,0,0,0
8525,0.3632800877094269,0.3632800877094269,0,0,0
8526,0.5057623982429504,0.5057623982429504,0,0,0
8527,0.34082460403442383,0.34082460403442383,0,0,0
8528,0.623320996761322,0.623320996761322,0,0,0
8529,0.3541899025440216,0.3541899025440216,0,0,0
8530,0.33462607860565186,0.33462607860565186,0,0,0
8531,0.43726447224617004,0.43726447224617004,0,0,0
8532,0.35207119584083557,0.35207119584083557,0,0,0
8533,0.40638870000839233,0.40638870000839233,0,0,0
8534,0.32675305008888245,0.32675305008888245,0,0,0
8535,0.3364691138267517,0.3364691138267517,0,0,0
8536,0.34263575077056885,0.34263575077056885,0,0,0
8537,0.32483556866645813,0.32483556866645813,0,0,0
8538,0.3857194185256958,0.3857194185256958,0,0,0
8539,0.33843666315078735,0.33843666315078735,0,0,0
8540,0.33553457260131836,0.33553457260131836,0,0,0
8541,0.3401676416397095,0.3401676416397095,0,0,0
8542,0.35508814454078674,0.35508814454078674,0,0,0
8543,0.3184622526168823,0.3184622526168823,0,0,0
8544,0.3421967923641205,0.3421967923641205,0,0,0
8545,0.32885023951530457,0.32885023951530457,0,0,0
8546,0.34857046604156494,0.34857046604156494,0,0,0
8547,0.34435656666755676,0.34435656666755676,0,0,0
8548,0.31863078474998474,0.31863078474998474,0,0,0
8549,0.3305450975894928,0.3305450975894928,0,0,0
8550,0.3662397861480713,0.3662397861480713,0,0,0
8551,0.5169293880462646,0.5169293880462646,0,0,0
8552,0.32946354150772095,0.32946354150772095,0,0,0
8553,0.35675111413002014,0.35675111413002014,0,0,0
8554,0.38750195503234863,0.38750195503234863,0,0,0
8555,0.3894742429256439,0.3894742429256439,0,0,0
8556,0.3344424068927765,0.3344424068927765,0,0,0
8557,0.3277429938316345,0.3277429938316345,0,0,0
8558,0.3358847200870514,0.3358847200870514,0,0,0
8559,0.3500300347805023,0.3500300347805023,0,0,0
8560,0.36282286047935486,0.36282286047935486,0,0,0
8561,0.3443889021873474,0.3443889021873474,0,0,0
8562,0.5188429355621338,0.5188429355621338,0,0,0
8563,0.33042818307876587,0.33042818307876587,0,0,0
8564,0.3549136519432068,0.3549136519432068,0,0,0
8565,0.4044627845287323,0.4044627845287323,0,0,0
8566,0.3344637453556061,0.3344637453556061,0,0,0
8567,0.43335840106010437,0.43335840106010437,0,0,0
8568,0.36389750242233276,0.36389750242233276,0,0,0
8569,0.34812605381011963,0.34812605381011963,0,0,0
8570,0.3439736068248749,0.3439736068248749,0,0,0
8571,0.37915685772895813,0.37915685772895813,0,0,0
8572,0.3493845462799072,0.3493845462799072,0,0,0
8573,0.3608354330062866,0.3608354330062866,0,0,0
8574,0.33893412351608276,0.33893412351608276,0,0,0
8575,0.31772759556770325,0.31772759556770325,0,0,0
8576,0.3568149507045746,0.3568149507045746,0,0,0
8577,0.3424391746520996,0.3424391746520996,0,0,0
8578,0.34858378767967224,0.34858378767967224,0,0,0
8579,0.3372058868408203,0.3372058868408203,0,0,0
8580,0.3847843110561371,0.3847843110561371,0,0,0
8581,0.3399706184864044,0.3399706184864044,0,0,0
8582,0.32992392778396606,0.32992392778396606,0,0,0
8583,0.31926846504211426,0.31926846504211426,0,0,0
8584,0.3497251868247986,0.3497251868247986,0,0,0
8585,0.32977110147476196,0.32977110147476196,0,0,0
8586,0.39142197370529175,0.39142197370529175,0,0,0
8587,0.33214902877807617,0.33214902877807617,0,0,0
8588,0.3273352384567261,0.3273352384567261,0,0,0
8589,0.4063527584075928,0.4063527584075928,0,0,0
8590,0.4190584719181061,0.4190584719181061,0,0,0
8591,0.49827659130096436,0.49827659130096436,0,0,0
8592,0.360132098197937,0.360132098197937,0,0,0
8593,0.4450126886367798,0.4450126886367798,0,0,0
8594,0.3545909523963928,0.3545909523963928,0,0,0
8595,0.3413758873939514,0.3413758873939514,0,0,0
8596,0.3471475839614868,0.3471475839614868,0,0,0
8597,0.3267574906349182,0.3267574906349182,0,0,0
8598,0.3747234344482422,0.3747234344482422,0,0,0
8599,0.36256328225135803,0.36256328225135803,0,0,0
8600,0.3454108238220215,0.3454108238220215,0,0,0
8601,0.355660617351532,0.355660617351532,0,0,0
8602,0.32088109850883484,0.32088109850883484,0,0,0
8603,0.3684544563293457,0.3684544563293457,0,0,0
8604,0.3388448655605316,0.3388448655605316,0,0,0
8605,0.34299948811531067,0.34299948811531067,0,0,0
8606,0.35066404938697815,0.35066404938697815,0,0,0
8607,0.33947038650512695,0.33947038650512695,0,0,0
8608,0.5029788017272949,0.5029788017272949,0,0,0
8609,0.3619281053543091,0.3619281053543091,0,0,0
8610,0.34215569496154785,0.34215569496154785,0,0,0
8611,0.4431382715702057,0.4431382715702057,0,0,0
8612,0.36990123987197876,0.36990123987197876,0,0,0
8613,0.34273529052734375,0.34273529052734375,0,0,0
8614,0.3333304226398468,0.3333304226398468,0,0,0
8615,0.36744174361228943,0.36744174361228943,0,0,0
8616,0.330641508102417,0.330641508102417,0,0,0
8617,0.3280860483646393,0.3280860483646393,0,0,0
8618,0.3206928074359894,0.3206928074359894,0,0,0
8619,0.4728456139564514,0.4728456139564514,0,0,0
8620,0.31598907709121704,0.31598907709121704,0,0,0
8621,0.3363538384437561,0.3363538384437561,0,0,0
8622,0.3306708037853241,0.3306708037853241,0,0,0
8623,0.34097105264663696,0.34097105264663696,0,0,0
8624,0.3626287579536438,0.3626287579536438,0,0,0
8625,0.42657387256622314,0.42657387256622314,0,0,0
8626,0.3287214934825897,0.3287214934825897,0,0,0
8627,0.32660040259361267,0.32660040259361267,0,0,0
8628,0.34858256578445435,0.34858256578445435,0,0,0
8629,0.4903663992881775,0.4903663992881775,0,0,0
8630,0.34297865629196167,0.34297865629196167,0,0,0
8631,0.3270077705383301,0.3270077705383301,0,0,0
8632,0.35268503427505493,0.35268503427505493,0,0,0
8633,0.3610195219516754,0.3610195219516754,0,0,0
8634,0.3575489819049835,0.3575489819049835,0,0,0
8635,0.3157794177532196,0.3157794177532196,0,0,0
8636,0.3432888388633728,0.3432888388633728,0,0,0
8637,0.3644633889198303,0.3644633889198303,0,0,0
8638,0.3197605013847351,0.3197605013847351,0,0,0
8639,0.352704793214798,0.352704793214798,0,0,0
8640,0.3362194001674652,0.3362194001674652,0,0,0
8641,0.3675355315208435,0.3675355315208435,0,0,0
8642,0.5715984106063843,0.5715984106063843,0,0,0
8643,0.42326781153678894,0.42326781153678894,0,0,0
8644,0.3350551724433899,0.3350551724433899,0,0,0
8645,0.3850577771663666,0.3850577771663666,0,0,0
8646,0.31261110305786133,0.31261110305786133,0,0,0
8647,0.3772317171096802,0.3772317171096802,0,0,0
8648,0.36743125319480896,0.36743125319480896,0,0,0
8649,0.34756579995155334,0.34756579995155334,0,0,0
8650,0.34668537974357605,0.34668537974357605,0,0,0
8651,0.35118281841278076,0.35118281841278076,0,0,0
8652,0.35225045680999756,0.35225045680999756,0,0,0
8653,0.3405816853046417,0.3405816853046417,0,0,0
8654,0.348389595746994,0.348389595746994,0,0,0
8655,0.3917800486087799,0.3917800486087799,0,0,0
8656,0.38271263241767883,0.38271263241767883,0,0,0
8657,0.3162580728530884,0.3162580728530884,0,0,0
8658,0.4225959777832031,0.4225959777832031,0,0,0
8659,0.45444414019584656,0.45444414019584656,0,0,0
8660,0.32352572679519653,0.32352572679519653,0,0,0
8661,0.34235137701034546,0.34235137701034546,0,0,0
8662,0.396458238363266,0.396458238363266,0,0,0
8663,0.5591545701026917,0.5591545701026917,0,0,0
8664,0.33193355798721313,0.33193355798721313,0,0,0
8665,0.36275723576545715,0.36275723576545715,0,0,0
8666,0.3301331102848053,0.3301331102848053,0,0,0
8667,0.35263994336128235,0.35263994336128235,0,0,0
8668,0.39217281341552734,0.39217281341552734,0,0,0
8669,0.32813212275505066,0.32813212275505066,0,0,0
8670,0.33868294954299927,0.33868294954299927,0,0,0
8671,0.3890934884548187,0.3890934884548187,0,0,0
8672,0.3584631383419037,0.3584631383419037,0,0,0
8673,0.34138426184654236,0.34138426184654236,0,0,0
8674,0.3132683038711548,0.3132683038711548,0,0,0
8675,0.3344822824001312,0.3344822824001312,0,0,0
8676,0.33383041620254517,0.33383041620254517,0,0,0
8677,0.41681498289108276,0.41681498289108276,0,0,0
8678,0.33650460839271545,0.33650460839271545,0,0,0
8679,0.33204975724220276,0.33204975724220276,0,0,0
8680,0.3972215950489044,0.3972215950489044,0,0,0
8681,0.3751099407672882,0.3751099407672882,0,0,0
8682,0.36797648668289185,0.36797648668289185,0,0,0
8683,0.37335237860679626,0.37335237860679626,0,0,0
8684,0.3232167065143585,0.3232167065143585,0,0,0
8685,0.3311617076396942,0.3311617076396942,0,0,0
8686,0.32682597637176514,0.32682597637176514,0,0,0
8687,0.322701632976532,0.322701632976532,0,0,0
8688,0.37362420558929443,0.37362420558929443,0,0,0
8689,0.37029704451560974,0.37029704451560974,0,0,0
8690,0.34694308042526245,0.34694308042526245,0,0,0
8691,0.32968732714653015,0.32968732714653015,0,0,0
8692,0.345422625541687,0.345422625541687,0,0,0
8693,0.33697405457496643,0.33697405457496643,0,0,0
8694,0.33545851707458496,0.33545851707458496,0,0,0
8695,0.32956168055534363,0.32956168055534363,0,0,0
8696,0.33260220289230347,0.33260220289230347,0,0,0
8697,0.3263556659221649,0.3263556659221649,0,0,0
8698,0.3517017662525177,0.3517017662525177,0,0,0
8699,0.3257709741592407,0.3257709741592407,0,0,0
8700,0.34848150610923767,0.34848150610923767,0,0,0
8701,0.32126331329345703,0.32126331329345703,0,0,0
8702,0.35855191946029663,0.35855191946029663,0,0,0
8703,0.3206954896450043,0.3206954896450043,0,0,0
8704,0.5038103461265564,0.5038103461265564,0,0,0
8705,0.31710290908813477,0.31710290908813477,0,0,0
8706,0.3470279276371002,0.3470279276371002,0,0,0
8707,0.3341675102710724,0.3341675102710724,0,0,0
8708,0.3271487355232239,0.3271487355232239,0,0,0
8709,0.43034860491752625,0.43034860491752625,0,0,0
8710,0.3601987063884735,0.3601987063884735,0,0,0
8711,0.3293953835964203,0.3293953835964203,0,0,0
8712,0.3596903085708618,0.3596903085708618,0,0,0
8713,0.39901599287986755,0.39901599287986755,0,0,0
8714,0.3261382579803467,0.3261382579803467,0,0,0
8715,0.35258951783180237,0.35258951783180237,0,0,0
8716,0.4143066108226776,0.4143066108226776,0,0,0
8717,0.32680726051330566,0.32680726051330566,0,0,0
8718,0.35087987780570984,0.35087987780570984,0,0,0
8719,0.3232246935367584,0.3232246935367584,0,0,0
8720,0.37581774592399597,0.37581774592399597,0,0,0
8721,0.35019177198410034,0.35019177198410034,0,0,0
8722,0.34574615955352783,0.34574615955352783,0,0,0
8723,0.4267492890357971,0.4267492890357971,0,0,0
8724,0.33416858315467834,0.33416858315467834,0,0,0
8725,0.31960827112197876,0.31960827112197876,0,0,0
8726,0.6425394415855408,0.6425394415855408,0,0,0
8727,0.36393994092941284,0.36393994092941284,0,0,0
8728,0.34097039699554443,0.34097039699554443,0,0,0
8729,0.3621751368045807,0.3621751368045807,0,0,0
8730,0.3795035779476166,0.3795035779476166,0,0,0
8731,0.3771394193172455,0.3771394193172455,0,0,0
8732,0.35648518800735474,0.35648518800735474,0,0,0
8733,0.3965558409690857,0.3965558409690857,0,0,0
8734,0.364745557308197,0.364745557308197,0,0,0
8735,0.3306518495082855,0.3306518495082855,0,0,0
8736,0.561841607093811,0.561841607093811,0,0,0
8737,0.3348011076450348,0.3348011076450348,0,0,0
8738,0.3321642577648163,0.3321642577648163,0,0,0
8739,0.33448365330696106,0.33448365330696106,0,0,0
8740,0.3496606945991516,0.3496606945991516,0,0,0
8741,0.352325975894928,0.352325975894928,0,0,0
8742,0.357791543006897,0.357791543006897,0,0,0
8743,0.44825777411460876,0.44825777411460876,0,0,0
8744,0.37434929609298706,0.37434929609298706,0,0,0
8745,0.32667988538742065,0.32667988538742065,0,0,0
8746,0.32335883378982544,0.32335883378982544,0,0,0
8747,0.33572083711624146,0.33572083711624146,0,0,0
8748,0.3509630858898163,0.3509630858898163,0,0,0
8749,0.3782229721546173,0.3782229721546173,0,0,0
8750,0.3483183979988098,0.3483183979988098,0,0,0
8751,0.32063716650009155,0.32063716650009155,0,0,0
8752,0.42277783155441284,0.42277783155441284,0,0,0
8753,0.3243663012981415,0.3243663012981415,0,0,0
8754,0.34500566124916077,0.34500566124916077,0,0,0
8755,0.37499770522117615,0.37499770522117615,0,0,0
8756,0.37628939747810364,0.37628939747810364,0,0,0
8757,0.3423735797405243,0.3423735797405243,0,0,0
8758,0.3220350742340088,0.3220350742340088,0,0,0
8759,0.4864524304866791,0.4864524304866791,0,0,0
8760,0.39788952469825745,0.39788952469825745,0,0,0
8761,0.3403019607067108,0.3403019607067108,0,0,0
8762,0.34505003690719604,0.34505003690719604,0,0,0
8763,0.34847912192344666,0.34847912192344666,0,0,0
8764,0.33597198128700256,0.33597198128700256,0,0,0
8765,0.34112903475761414,0.34112903475761414,0,0,0
8766,0.3301639258861542,0.3301639258861542,0,0,0
8767,0.3532116711139679,0.3532116711139679,0,0,0
8768,0.3893236219882965,0.3893236219882965,0,0,0
8769,0.38045912981033325,0.38045912981033325,0,0,0
8770,0.31535863876342773,0.31535863876342773,0,0,0
8771,0.3976178765296936,0.3976178765296936,0,0,0
8772,0.3212985098361969,0.3212985098361969,0,0,0
8773,0.35913944244384766,0.35913944244384766,0,0,0
8774,0.31737032532691956,0.31737032532691956,0,0,0
8775,0.4020223021507263,0.4020223021507263,0,0,0
8776,0.3369005024433136,0.3369005024433136,0,0,0
8777,0.36699554324150085,0.36699554324150085,0,0,0
8778,0.3328710198402405,0.3328710198402405,0,0,0
8779,0.32006290555000305,0.32006290555000305,0,0,0
8780,0.32333412766456604,0.32333412766456604,0,0,0
8781,0.3972950279712677,0.3972950279712677,0,0,0
8782,0.4164237082004547,0.4164237082004547,0,0,0
8783,0.3478849530220032,0.3478849530220032,0,0,0
8784,0.36339423060417175,0.36339423060417175,0,0,0
8785,0.3194175362586975,0.3194175362586975,0,0,0
8786,0.36211931705474854,0.36211931705474854,0,0,0
8787,0.33488744497299194,0.33488744497299194,0,0,0
8788,0.3481481969356537,0.3481481969356537,0,0,0
8789,0.3802700638771057,0.3802700638771057,0,0,0
8790,0.3649563491344452,0.3649563491344452,0,0,0
8791,0.3652097284793854,0.3652097284793854,0,0,0
8792,0.33816272020339966,0.33816272020339966,0,0,0
8793,0.31429219245910645,0.31429219245910645,0,0,0
8794,0.38026413321495056,0.38026413321495056,0,0,0
8795,0.35492342710494995,0.35492342710494995,0,0,0
8796,0.34230801463127136,0.34230801463127136,0,0,0
8797,0.3529592454433441,0.3529592454433441,0,0,0
8798,0.3898809552192688,0.3898809552192688,0,0,0
8799,0.3615235388278961,0.3615235388278961,0,0,0
8800,0.4319353401660919,0.4319353401660919,0,0,0
8801,0.3245604932308197,0.3245604932308197,0,0,0
8802,0.3205014169216156,0.3205014169216156,0,0,0
8803,0.33443447947502136,0.33443447947502136,0,0,0
8804,0.33981621265411377,0.33981621265411377,0,0,0
8805,0.33597490191459656,0.33597490191459656,0,0,0
8806,0.40729862451553345,0.40729862451553345,0,0,0
8807,0.36598971486091614,0.36598971486091614,0,0,0
8808,0.3284096121788025,0.3284096121788025,0,0,0
8809,0.3701900541782379,0.3701900541782379,0,0,0
8810,0.3226320147514343,0.3226320147514343,0,0,0
8811,0.33761295676231384,0.33761295676231384,0,0,0
8812,0.4068266451358795,0.4068266451358795,0,0,0
8813,0.32636508345603943,0.32636508345603943,0,0,0
8814,0.32965585589408875,0.32965585589408875,0,0,0
8815,0.3463138937950134,0.3463138937950134,0,0,0
8816,0.3605514466762543,0.3605514466762543,0,0,0
8817,0.32189255952835083,0.32189255952835083,0,0,0
8818,0.34807249903678894,0.34807249903678894,0,0,0
8819,0.33172187209129333,0.33172187209129333,0,0,0
8820,0.3226199746131897,0.3226199746131897,0,0,0
8821,0.35812488198280334,0.35812488198280334,0,0,0
8822,0.3275398015975952,0.3275398015975952,0,0,0
8823,0.358555406332016,0.358555406332016,0,0,0
8824,0.3356902599334717,0.3356902599334717,0,0,0
8825,0.34224385023117065,0.34224385023117065,0,0,0
8826,0.31879809498786926,0.31879809498786926,0,0,0
8827,0.34643661975860596,0.34643661975860596,0,0,0
8828,0.3643350899219513,0.3643350899219513,0,0,0
8829,0.3191799521446228,0.3191799521446228,0,0,0
8830,0.36480847001075745,0.36480847001075745,0,0,0
8831,0.31259894371032715,0.31259894371032715,0,0,0
8832,0.34280768036842346,0.34280768036842346,0,0,0
8833,0.320717990398407,0.320717990398407,0,0,0
8834,0.3220721185207367,0.3220721185207367,0,0,0
8835,0.31949421763420105,0.31949421763420105,0,0,0
8836,0.32881128787994385,0.32881128787994385,0,0,0
8837,0.32743409276008606,0.32743409276008606,0,0,0
8838,0.38961029052734375,0.38961029052734375,0,0,0
8839,0.3374166786670685,0.3374166786670685,0,0,0
8840,0.3346543312072754,0.3346543312072754,0,0,0
8841,0.37577158212661743,0.37577158212661743,0,0,0
8842,0.3489278256893158,0.3489278256893158,0,0,0
8843,0.3302551209926605,0.3302551209926605,0,0,0
8844,0.3251555562019348,0.3251555562019348,0,0,0
8845,0.34403494000434875,0.34403494000434875,0,0,0
8846,0.35004934668540955,0.35004934668540955,0,0,0
8847,0.3623741865158081,0.3623741865158081,0,0,0
8848,0.3592747747898102,0.3592747747898102,0,0,0
8849,0.32488512992858887,0.32488512992858887,0,0,0
8850,0.3645424246788025,0.3645424246788025,0,0,0
8851,0.33929160237312317,0.33929160237312317,0,0,0
8852,0.3313768208026886,0.3313768208026886,0,0,0
8853,0.3763295114040375,0.3763295114040375,0,0,0
8854,0.3567708432674408,0.3567708432674408,0,0,0
8855,0.32286304235458374,0.32286304235458374,0,0,0
8856,0.3622940182685852,0.3622940182685852,0,0,0
8857,0.37647342681884766,0.37647342681884766,0,0,0
8858,0.34905147552490234,0.34905147552490234,0,0,0
8859,0.31743401288986206,0.31743401288986206,0,0,0
8860,0.35552623867988586,0.35552623867988586,0,0,0
8861,0.4262657165527344,0.4262657165527344,0,0,0
8862,0.3657904267311096,0.3657904267311096,0,0,0
8863,0.33918479084968567,0.33918479084968567,0,0,0
8864,0.3450813889503479,0.3450813889503479,0,0,0
8865,0.3397233784198761,0.3397233784198761,0,0,0
8866,0.37295034527778625,0.37295034527778625,0,0,0
8867,0.32579687237739563,0.32579687237739563,0,0,0
8868,0.34858641028404236,0.34858641028404236,0,0,0
8869,0.34817013144493103,0.34817013144493103,0,0,0
8870,0.3668287992477417,0.3668287992477417,0,0,0
8871,0.4073651134967804,0.4073651134967804,0,0,0
8872,0.3974868059158325,0.3974868059158325,0,0,0
8873,0.31891658902168274,0.31891658902168274,0,0,0
8874,0.3241458833217621,0.3241458833217621,0,0,0
8875,0.3797363340854645,0.3797363340854645,0,0,0
8876,0.38559862971305847,0.38559862971305847,0,0,0
8877,0.33489400148391724,0.33489400148391724,0,0,0
8878,0.3750910758972168,0.3750910758972168,0,0,0
8879,0.33861032128334045,0.33861032128334045,0,0,0
8880,0.3398963510990143,0.3398963510990143,0,0,0
8881,0.39934027194976807,0.39934027194976807,0,0,0
8882,0.4929729402065277,0.4929729402065277,0,0,0
8883,0.32638096809387207,0.32638096809387207,0,0,0
8884,0.33639976382255554,0.33639976382255554,0,0,0
8885,0.43248721957206726,0.43248721957206726,0,0,0
8886,0.330811470746994,0.330811470746994,0,0,0
8887,0.3434956967830658,0.3434956967830658,0,0,0
8888,0.37448233366012573,0.37448233366012573,0,0,0
8889,0.3982886075973511,0.3982886075973511,0,0,0
8890,0.3271567225456238,0.3271567225456238,0,0,0
8891,0.3772440254688263,0.3772440254688263,0,0,0
8892,0.3634435534477234,0.3634435534477234,0,0,0
8893,0.36738714575767517,0.36738714575767517,0,0,0
8894,0.3227967321872711,0.3227967321872711,0,0,0
8895,0.4400191009044647,0.4400191009044647,0,0,0
8896,0.3394039273262024,0.3394039273262024,0,0,0
8897,0.36296623945236206,0.36296623945236206,0,0,0
8898,0.4378858506679535,0.4378858506679535,0,0,0
8899,0.3613154888153076,0.3613154888153076,0,0,0
8900,0.3240087628364563,0.3240087628364563,0,0,0
8901,0.34692248702049255,0.34692248702049255,0,0,0
8902,0.3283480107784271,0.3283480107784271,0,0,0
8903,0.3467665910720825,0.3467665910720825,0,0,0
8904,0.3462980091571808,0.3462980091571808,0,0,0
8905,0.35603636503219604,0.35603636503219604,0,0,0
8906,0.39820364117622375,0.39820364117622375,0,0,0
8907,0.31327563524246216,0.31327563524246216,0,0,0
8908,0.4119006097316742,0.4119006097316742,0,0,0
8909,0.31379902362823486,0.31379902362823486,0,0,0
8910,0.3389020264148712,0.3389020264148712,0,0,0
8911,0.4063716530799866,0.4063716530799866,0,0,0
8912,0.40131518244743347,0.40131518244743347,0,0,0
8913,0.3676396310329437,0.3676396310329437,0,0,0
8914,0.3452456295490265,0.3452456295490265,0,0,0
8915,0.47272226214408875,0.47272226214408875,0,0,0
8916,0.40584394335746765,0.40584394335746765,0,0,0
8917,0.322430282831192,0.322430282831192,0,0,0
8918,0.38051849603652954,0.38051849603652954,0,0,0
8919,0.4099976718425751,0.4099976718425751,0,0,0
8920,0.3646381199359894,0.3646381199359894,0,0,0
8921,0.34818127751350403,0.34818127751350403,0,0,0
8922,0.3222072720527649,0.3222072720527649,0,0,0
8923,0.3426398038864136,0.3426398038864136,0,0,0
8924,0.3466954231262207,0.3466954231262207,0,0,0
8925,0.3289228081703186,0.3289228081703186,0,0,0
8926,0.3775729238986969,0.3775729238986969,0,0,0
8927,0.3405734896659851,0.3405734896659851,0,0,0
8928,0.3487977981567383,0.3487977981567383,0,0,0
8929,0.3355754017829895,0.3355754017829895,0,0,0
8930,0.32621803879737854,0.32621803879737854,0,0,0
8931,0.33145472407341003,0.33145472407341003,0,0,0
8932,0.32141008973121643,0.32141008973121643,0,0,0
8933,0.4111698567867279,0.4111698567867279,0,0,0
8934,0.3292403221130371,0.3292403221130371,0,0,0
8935,0.38098588585853577,0.38098588585853577,0,0,0
8936,0.360303670167923,0.360303670167923,0,0,0
8937,0.3301147222518921,0.3301147222518921,0,0,0
8938,0.3676629960536957,0.3676629960536957,0,0,0
8939,0.3403156101703644,0.3403156101703644,0,0,0
8940,0.36424973607063293,0.36424973607063293,0,0,0
8941,0.33014246821403503,0.33014246821403503,0,0,0
8942,0.3680450916290283,0.3680450916290283,0,0,0
8943,0.3699325919151306,0.3699325919151306,0,0,0
8944,0.36312341690063477,0.36312341690063477,0,0,0
8945,0.32719919085502625,0.32719919085502625,0,0,0
8946,0.32024693489074707,0.32024693489074707,0,0,0
8947,0.35310298204421997,0.35310298204421997,0,0,0
8948,0.3508792817592621,0.3508792817592621,0,0,0
8949,0.33440521359443665,0.33440521359443665,0,0,0
8950,0.3459816575050354,0.3459816575050354,0,0,0
8951,0.3204015791416168,0.3204015791416168,0,0,0
8952,0.3601382076740265,0.3601382076740265,0,0,0
8953,0.3476870357990265,0.3476870357990265,0,0,0
8954,0.3224128782749176,0.3224128782749176,0,0,0
8955,0.3333835303783417,0.3333835303783417,0,0,0
8956,0.3236742913722992,0.3236742913722992,0,0,0
8957,0.320091187953949,0.320091187953949,0,0,0
8958,0.42259481549263,0.42259481549263,0,0,0
8959,0.34223583340644836,0.34223583340644836,0,0,0
8960,0.32055428624153137,0.32055428624153137,0,0,0
8961,0.3892083764076233,0.3892083764076233,0,0,0
8962,0.34982672333717346,0.34982672333717346,0,0,0
8963,0.31661757826805115,0.31661757826805115,0,0,0
8964,0.3656655251979828,0.3656655251979828,0,0,0
8965,0.3511611819267273,0.3511611819267273,0,0,0
8966,0.33513498306274414,0.33513498306274414,0,0,0
8967,0.32805928587913513,0.32805928587913513,0,0,0
8968,0.33534112572669983,0.33534112572669983,0,0,0
8969,0.381327360868454,0.381327360868454,0,0,0
8970,0.3840745985507965,0.3840745985507965,0,0,0
8971,0.3730332553386688,0.3730332553386688,0,0,0
8972,0.3344186842441559,0.3344186842441559,0,0,0
8973,0.33929240703582764,0.33929240703582764,0,0,0
8974,0.37514933943748474,0.37514933943748474,0,0,0
8975,0.317531019449234,0.317531019449234,0,0,0
8976,0.31348732113838196,0.31348732113838196,0,0,0
8977,0.3256644308567047,0.3256644308567047,0,0,0
8978,0.32870906591415405,0.32870906591415405,0,0,0
8979,0.3288697600364685,0.3288697600364685,0,0,0
8980,0.3186216354370117,0.3186216354370117,0,0,0
8981,0.34565961360931396,0.34565961360931396,0,0,0
8982,0.35536518692970276,0.35536518692970276,0,0,0
8983,0.36027032136917114,0.36027032136917114,0,0,0
8984,0.3373904824256897,0.3373904824256897,0,0,0
8985,0.3428153693675995,0.3428153693675995,0,0,0
8986,0.3462035655975342,0.3462035655975342,0,0,0
8987,0.36157751083374023,0.36157751083374023,0,0,0
8988,0.3305956721305847,0.3305956721305847,0,0,0
8989,0.3343634307384491,0.3343634307384491,0,0,0
8990,0.3322727680206299,0.3322727680206299,0,0,0
8991,0.3278297483921051,0.3278297483921051,0,0,0
8992,0.4705471992492676,0.4705471992492676,0,0,0
8993,0.32845228910446167,0.32845228910446167,0,0,0
8994,0.4080623686313629,0.4080623686313629,0,0,0
8995,0.3416210412979126,0.3416210412979126,0,0,0
8996,0.3459344506263733,0.3459344506263733,0,0,0
8997,0.3451230823993683,0.3451230823993683,0,0,0
8998,0.3345552384853363,0.3345552384853363,0,0,0
8999,0.3292551636695862,0.3292551636695862,0,0,0
9000,0.34019768238067627,0.34019768238067627,0,0,0
9001,0.374737948179245,0.374737948179245,0,0,0
9002,0.3401331305503845,0.3401331305503845,0,0,0
9003,0.40355679392814636,0.40355679392814636,0,0,0
9004,0.3244668245315552,0.3244668245315552,0,0,0
9005,0.34553757309913635,0.34553757309913635,0,0,0
9006,0.3267193138599396,0.3267193138599396,0,0,0
9007,0.3416021168231964,0.3416021168231964,0,0,0
9008,0.36775994300842285,0.36775994300842285,0,0,0
9009,0.3380652964115143,0.3380652964115143,0,0,0
9010,0.3618793487548828,0.3618793487548828,0,0,0
9011,0.3431491255760193,0.3431491255760193,0,0,0
9012,0.3312433958053589,0.3312433958053589,0,0,0
9013,0.3157522678375244,0.3157522678375244,0,0,0
9014,0.348367840051651,0.348367840051651,0,0,0
9015,0.3584759831428528,0.3584759831428528,0,0,0
9016,0.3212200701236725,0.3212200701236725,0,0,0
9017,0.3606780469417572,0.3606780469417572,0,0,0
9018,0.3162575662136078,0.3162575662136078,0,0,0
9019,0.32514724135398865,0.32514724135398865,0,0,0
9020,0.3452843725681305,0.3452843725681305,0,0,0
9021,0.32718515396118164,0.32718515396118164,0,0,0
9022,0.38126835227012634,0.38126835227012634,0,0,0
9023,0.3159708082675934,0.3159708082675934,0,0,0
9024,0.33948954939842224,0.33948954939842224,0,0,0
9025,0.31025800108909607,0.31025800108909607,0,0,0
9026,0.3122350871562958,0.3122350871562958,0,0,0
9027,0.33837026357650757,0.33837026357650757,0,0,0
9028,0.3176705837249756,0.3176705837249756,0,0,0
9029,0.5650728344917297,0.5650728344917297,0,0,0
9030,0.3356953263282776,0.3356953263282776,0,0,0
9031,0.34509992599487305,0.34509992599487305,0,0,0
9032,0.34148457646369934,0.34148457646369934,0,0,0
9033,0.3185984492301941,0.3185984492301941,0,0,0
9034,0.33611243963241577,0.33611243963241577,0,0,0
9035,0.36646759510040283,0.36646759510040283,0,0,0
9036,0.33884623646736145,0.33884623646736145,0,0,0
9037,0.31711646914482117,0.31711646914482117,0,0,0
9038,0.3116675317287445,0.3116675317287445,0,0,0
9039,0.3391220271587372,0.3391220271587372,0,0,0
9040,0.33371832966804504,0.33371832966804504,0,0,0
9041,0.3524591624736786,0.3524591624736786,0,0,0
9042,0.31292423605918884,0.31292423605918884,0,0,0
9043,0.40717068314552307,0.40717068314552307,0,0,0
9044,0.35531988739967346,0.35531988739967346,0,0,0
9045,0.3610842525959015,0.3610842525959015,0,0,0
9046,0.3475847840309143,0.3475847840309143,0,0,0
9047,0.3398627042770386,0.3398627042770386,0,0,0
9048,0.36638161540031433,0.36638161540031433,0,0,0
9049,0.34248465299606323,0.34248465299606323,0,0,0
9050,0.33127763867378235,0.33127763867378235,0,0,0
9051,0.3672826290130615,0.3672826290130615,0,0,0
9052,0.3151295483112335,0.3151295483112335,0,0,0
9053,0.36251676082611084,0.36251676082611084,0,0,0
9054,0.3097982704639435,0.3097982704639435,0,0,0
9055,0.3386234641075134,0.3386234641075134,0,0,0
9056,0.34534844756126404,0.34534844756126404,0,0,0
9057,0.36135825514793396,0.36135825514793396,0,0,0
9058,0.34976083040237427,0.34976083040237427,0,0,0
9059,0.3174439072608948,0.3174439072608948,0,0,0
9060,0.33894529938697815,0.33894529938697815,0,0,0
9061,0.35609009861946106,0.35609009861946106,0,0,0
9062,0.44806596636772156,0.44806596636772156,0,0,0
9063,0.3111007511615753,0.3111007511615753,0,0,0
9064,0.3308277428150177,0.3308277428150177,0,0,0
9065,0.3313465714454651,0.3313465714454651,0,0,0
9066,0.42365649342536926,0.42365649342536926,0,0,0
9067,0.3468887209892273,0.3468887209892273,0,0,0
9068,0.3856058418750763,0.3856058418750763,0,0,0
9069,0.3396565914154053,0.3396565914154053,0,0,0
9070,0.4740299880504608,0.4740299880504608,0,0,0
9071,0.4222700595855713,0.4222700595855713,0,0,0
9072,0.3942420184612274,0.3942420184612274,0,0,0
9073,0.3518073856830597,0.3518073856830597,0,0,0
9074,0.3428325951099396,0.3428325951099396,0,0,0
9075,0.3534994423389435,0.3534994423389435,0,0,0
9076,0.38105034828186035,0.38105034828186035,0,0,0
9077,0.3835243284702301,0.3835243284702301,0,0,0
9078,0.3269316554069519,0.3269316554069519,0,0,0
9079,0.3134460151195526,0.3134460151195526,0,0,0
9080,0.3875327706336975,0.3875327706336975,0,0,0
9081,0.331712543964386,0.331712543964386,0,0,0
9082,0.3197263479232788,0.3197263479232788,0,0,0
9083,0.3242293894290924,0.3242293894290924,0,0,0
9084,0.3209097683429718,0.3209097683429718,0,0,0
9085,0.3299635052680969,0.3299635052680969,0,0,0
9086,0.321956604719162,0.321956604719162,0,0,0
9087,0.34923043847084045,0.34923043847084045,0,0,0
9088,0.4559893310070038,0.4559893310070038,0,0,0
9089,0.32745301723480225,0.32745301723480225,0,0,0
9090,0.3098715543746948,0.3098715543746948,0,0,0
9091,0.3299044370651245,0.3299044370651245,0,0,0
9092,0.3373602628707886,0.3373602628707886,0,0,0
9093,0.3360911011695862,0.3360911011695862,0,0,0
9094,0.3393261730670929,0.3393261730670929,0,0,0
9095,0.3708958029747009,0.3708958029747009,0,0,0
9096,0.32351499795913696,0.32351499795913696,0,0,0
9097,0.3156302869319916,0.3156302869319916,0,0,0
9098,0.33849018812179565,0.33849018812179565,0,0,0
9099,0.38562020659446716,0.38562020659446716,0,0,0
9100,0.3657567799091339,0.3657567799091339,0,0,0
9101,0.5110158324241638,0.5110158324241638,0,0,0
9102,0.40216806530952454,0.40216806530952454,0,0,0
9103,0.4008823335170746,0.4008823335170746,0,0,0
9104,0.34340372681617737,0.34340372681617737,0,0,0
9105,0.3313071131706238,0.3313071131706238,0,0,0
9106,0.3171789050102234,0.3171789050102234,0,0,0
9107,0.3393760323524475,0.3393760323524475,0,0,0
9108,0.34722429513931274,0.34722429513931274,0,0,0
9109,0.37980031967163086,0.37980031967163086,0,0,0
9110,0.33334624767303467,0.33334624767303467,0,0,0
9111,0.34245339035987854,0.34245339035987854,0,0,0
9112,0.34221968054771423,0.34221968054771423,0,0,0
9113,0.3401842415332794,0.3401842415332794,0,0,0
9114,0.521771252155304,0.521771252155304,0,0,0
9115,0.3170073330402374,0.3170073330402374,0,0,0
9116,0.3636908531188965,0.3636908531188965,0,0,0
9117,0.3292222321033478,0.3292222321033478,0,0,0
9118,0.3380005359649658,0.3380005359649658,0,0,0
9119,0.3597802519798279,0.3597802519798279,0,0,0
9120,0.3237212300300598,0.3237212300300598,0,0,0
9121,0.3381587862968445,0.3381587862968445,0,0,0
9122,0.328517884016037,0.328517884016037,0,0,0
9123,0.3580677807331085,0.3580677807331085,0,0,0
9124,0.3199949264526367,0.3199949264526367,0,0,0
9125,0.42854052782058716,0.42854052782058716,0,0,0
9126,0.3351157605648041,0.3351157605648041,0,0,0
9127,0.35209593176841736,0.35209593176841736,0,0,0
9128,0.34525105357170105,0.34525105357170105,0,0,0
9129,0.3394663631916046,0.3394663631916046,0,0,0
9130,0.41976383328437805,0.41976383328437805,0,0,0
9131,0.33528202772140503,0.33528202772140503,0,0,0
9132,0.32290399074554443,0.32290399074554443,0,0,0
9133,0.32801249623298645,0.32801249623298645,0,0,0
9134,0.3530990779399872,0.3530990779399872,0,0,0
9135,0.349054753780365,0.349054753780365,0,0,0
9136,0.4242178797721863,0.4242178797721863,0,0,0
9137,0.34101179242134094,0.34101179242134094,0,0,0
9138,0.3433591425418854,0.3433591425418854,0,0,0
9139,0.31119173765182495,0.31119173765182495,0,0,0
9140,0.3273959755897522,0.3273959755897522,0,0,0
9141,0.34695491194725037,0.34695491194725037,0,0,0
9142,0.3253249228000641,0.3253249228000641,0,0,0
9143,0.3547012209892273,0.3547012209892273,0,0,0
9144,0.3375731110572815,0.3375731110572815,0,0,0
9145,0.33347994089126587,0.33347994089126587,0,0,0
9146,0.34212902188301086,0.34212902188301086,0,0,0
9147,0.34717807173728943,0.34717807173728943,0,0,0
9148,0.4199647009372711,0.4199647009372711,0,0,0
9149,0.33340299129486084,0.33340299129486084,0,0,0
9150,0.31151264905929565,0.31151264905929565,0,0,0
9151,0.3279591202735901,0.3279591202735901,0,0,0
9152,0.34007343649864197,0.34007343649864197,0,0,0
9153,0.3428521752357483,0.3428521752357483,0,0,0
9154,0.3252811133861542,0.3252811133861542,0,0,0
9155,0.34682509303092957,0.34682509303092957,0,0,0
9156,0.32050812244415283,0.32050812244415283,0,0,0
9157,0.35384467244148254,0.35384467244148254,0,0,0
9158,0.35955703258514404,0.35955703258514404,0,0,0
9159,0.34573984146118164,0.34573984146118164,0,0,0
9160,0.3428902328014374,0.3428902328014374,0,0,0
9161,0.34650471806526184,0.34650471806526184,0,0,0
9162,0.32984086871147156,0.32984086871147156,0,0,0
9163,0.3154130280017853,0.3154130280017853,0,0,0
9164,0.3351294994354248,0.3351294994354248,0,0,0
9165,0.38618937134742737,0.38618937134742737,0,0,0
9166,0.3334326148033142,0.3334326148033142,0,0,0
9167,0.34288907051086426,0.34288907051086426,0,0,0
9168,0.38715994358062744,0.38715994358062744,0,0,0
9169,0.34147998690605164,0.34147998690605164,0,0,0
9170,0.3645285964012146,0.3645285964012146,0,0,0
9171,0.4350954592227936,0.4350954592227936,0,0,0
9172,0.32040712237358093,0.32040712237358093,0,0,0
9173,0.3413237929344177,0.3413237929344177,0,0,0
9174,0.3108157515525818,0.3108157515525818,0,0,0
9175,0.3124503195285797,0.3124503195285797,0,0,0
9176,0.3239850699901581,0.3239850699901581,0,0,0
9177,0.32313379645347595,0.32313379645347595,0,0,0
9178,0.3348369598388672,0.3348369598388672,0,0,0
9179,0.33453568816185,0.33453568816185,0,0,0
9180,0.3323306441307068,0.3323306441307068,0,0,0
9181,0.31936267018318176,0.31936267018318176,0,0,0
9182,0.31840386986732483,0.31840386986732483,0,0,0
9183,0.35545966029167175,0.35545966029167175,0,0,0
9184,0.3254554569721222,0.3254554569721222,0,0,0
9185,0.34198546409606934,0.34198546409606934,0,0,0
9186,0.3864436149597168,0.3864436149597168,0,0,0
9187,0.36238014698028564,0.36238014698028564,0,0,0
9188,0.33427149057388306,0.33427149057388306,0,0,0
9189,0.340117484331131,0.340117484331131,0,0,0
9190,0.3549342751502991,0.3549342751502991,0,0,0
9191,0.33226343989372253,0.33226343989372253,0,0,0
9192,0.3544190526008606,0.3544190526008606,0,0,0
9193,0.3143376410007477,0.3143376410007477,0,0,0
9194,0.3165917694568634,0.3165917694568634,0,0,0
9195,0.3201960027217865,0.3201960027217865,0,0,0
9196,0.3179207742214203,0.3179207742214203,0,0,0
9197,0.32335203886032104,0.32335203886032104,0,0,0
9198,0.31539034843444824,0.31539034843444824,0,0,0
9199,0.3232283294200897,0.3232283294200897,0,0,0
9200,0.32792648673057556,0.32792648673057556,0,0,0
9201,0.33050259947776794,0.33050259947776794,0,0,0
9202,0.32463711500167847,0.32463711500167847,0,0,0
9203,0.3237762153148651,0.3237762153148651,0,0,0
9204,0.31169483065605164,0.31169483065605164,0,0,0
9205,0.382737934589386,0.382737934589386,0,0,0
9206,0.3496609330177307,0.3496609330177307,0,0,0
9207,0.3524591624736786,0.3524591624736786,0,0,0
9208,0.3284865915775299,0.3284865915775299,0,0,0
9209,0.31317728757858276,0.31317728757858276,0,0,0
9210,0.5290845632553101,0.5290845632553101,0,0,0
9211,0.3232816457748413,0.3232816457748413,0,0,0
9212,0.4284212291240692,0.4284212291240692,0,0,0
9213,0.4357590973377228,0.4357590973377228,0,0,0
9214,0.34459012746810913,0.34459012746810913,0,0,0
9215,0.40256738662719727,0.40256738662719727,0,0,0
9216,0.33880120515823364,0.33880120515823364,0,0,0
9217,0.3276941776275635,0.3276941776275635,0,0,0
9218,0.3373711407184601,0.3373711407184601,0,0,0
9219,0.33176979422569275,0.33176979422569275,0,0,0
9220,0.36003535985946655,0.36003535985946655,0,0,0
9221,0.31770503520965576,0.31770503520965576,0,0,0
9222,0.37805595993995667,0.37805595993995667,0,0,0
9223,0.4044323265552521,0.4044323265552521,0,0,0
9224,0.3650527894496918,0.3650527894496918,0,0,0
9225,0.3261028528213501,0.3261028528213501,0,0,0
9226,0.3208172023296356,0.3208172023296356,0,0,0
9227,0.35905203223228455,0.35905203223228455,0,0,0
9228,0.35773834586143494,0.35773834586143494,0,0,0
9229,0.33563947677612305,0.33563947677612305,0,0,0
9230,0.3680415153503418,0.3680415153503418,0,0,0
9231,0.33118417859077454,0.33118417859077454,0,0,0
9232,0.33065181970596313,0.33065181970596313,0,0,0
9233,0.3556656837463379,0.3556656837463379,0,0,0
9234,0.32453641295433044,0.32453641295433044,0,0,0
9235,0.3362564146518707,0.3362564146518707,0,0,0
9236,0.3302266299724579,0.3302266299724579,0,0,0
9237,0.33113059401512146,0.33113059401512146,0,0,0
9238,0.33069223165512085,0.33069223165512085,0,0,0
9239,0.3542708456516266,0.3542708456516266,0,0,0
9240,0.3534654378890991,0.3534654378890991,0,0,0
9241,0.32334190607070923,0.32334190607070923,0,0,0
9242,0.34081125259399414,0.34081125259399414,0,0,0
9243,0.3311784565448761,0.3311784565448761,0,0,0
9244,0.3292659819126129,0.3292659819126129,0,0,0
9245,0.32559436559677124,0.32559436559677124,0,0,0
9246,0.334119588136673,0.334119588136673,0,0,0
9247,0.3247283399105072,0.3247283399105072,0,0,0
9248,0.34361788630485535,0.34361788630485535,0,0,0
9249,0.3494723439216614,0.3494723439216614,0,0,0
9250,0.3221052289009094,0.3221052289009094,0,0,0
9251,0.32524845004081726,0.32524845004081726,0,0,0
9252,0.31588879227638245,0.31588879227638245,0,0,0
9253,0.3995644748210907,0.3995644748210907,0,0,0
9254,0.3474903106689453,0.3474903106689453,0,0,0
9255,0.3628683090209961,0.3628683090209961,0,0,0
9256,0.3090858459472656,0.3090858459472656,0,0,0
9257,0.3351896405220032,0.3351896405220032,0,0,0
9258,0.32207679748535156,0.32207679748535156,0,0,0
9259,0.31172654032707214,0.31172654032707214,0,0,0
9260,0.327419251203537,0.327419251203537,0,0,0
9261,0.32660624384880066,0.32660624384880066,0,0,0
9262,0.32176753878593445,0.32176753878593445,0,0,0
9263,0.3442279100418091,0.3442279100418091,0,0,0
9264,0.3174535036087036,0.3174535036087036,0,0,0
9265,0.4100067615509033,0.4100067615509033,0,0,0
9266,0.34952929615974426,0.34952929615974426,0,0,0
9267,0.35820144414901733,0.35820144414901733,0,0,0
9268,0.3517609238624573,0.3517609238624573,0,0,0
9269,0.3188224732875824,0.3188224732875824,0,0,0
9270,0.3647231459617615,0.3647231459617615,0,0,0
9271,0.3857935667037964,0.3857935667037964,0,0,0
9272,0.32094088196754456,0.32094088196754456,0,0,0
9273,0.3219371736049652,0.3219371736049652,0,0,0
9274,0.39278727769851685,0.39278727769851685,0,0,0
9275,0.32246720790863037,0.32246720790863037,0,0,0
9276,0.3248858153820038,0.3248858153820038,0,0,0
9277,0.35781264305114746,0.35781264305114746,0,0,0
9278,0.40061330795288086,0.40061330795288086,0,0,0
9279,0.3410845100879669,0.3410845100879669,0,0,0
9280,0.3321152627468109,0.3321152627468109,0,0,0
9281,0.3492940068244934,0.3492940068244934,0,0,0
9282,0.3386940062046051,0.3386940062046051,0,0,0
9283,0.3244774043560028,0.3244774043560028,0,0,0
9284,0.38843315839767456,0.38843315839767456,0,0,0
9285,0.3437885046005249,0.3437885046005249,0,0,0
9286,0.4077965021133423,0.4077965021133423,0,0,0
9287,0.33236077427864075,0.33236077427864075,0,0,0
9288,0.4075583219528198,0.4075583219528198,0,0,0
9289,0.3210316002368927,0.3210316002368927,0,0,0
9290,0.31980156898498535,0.31980156898498535,0,0,0
9291,0.35942408442497253,0.35942408442497253,0,0,0
9292,0.3563237488269806,0.3563237488269806,0,0,0
9293,0.3177589774131775,0.3177589774131775,0,0,0
9294,0.31606441736221313,0.31606441736221313,0,0,0
9295,0.3247941732406616,0.3247941732406616,0,0,0
9296,0.3391694128513336,0.3391694128513336,0,0,0
9297,0.34061381220817566,0.34061381220817566,0,0,0
9298,0.3415105938911438,0.3415105938911438,0,0,0
9299,0.31593552231788635,0.31593552231788635,0,0,0
9300,0.31423622369766235,0.31423622369766235,0,0,0
9301,0.34062808752059937,0.34062808752059937,0,0,0
9302,0.3257995843887329,0.3257995843887329,0,0,0
9303,0.3369929790496826,0.3369929790496826,0,0,0
9304,0.32252809405326843,0.32252809405326843,0,0,0
9305,0.3316270709037781,0.3316270709037781,0,0,0
9306,0.31917181611061096,0.31917181611061096,0,0,0
9307,0.3461659848690033,0.3461659848690033,0,0,0
9308,0.32648977637290955,0.32648977637290955,0,0,0
9309,0.31903308629989624,0.31903308629989624,0,0,0
9310,0.3340364098548889,0.3340364098548889,0,0,0
9311,0.3076237738132477,0.3076237738132477,0,0,0
9312,0.3087257146835327,0.3087257146835327,0,0,0
9313,0.3487047851085663,0.3487047851085663,0,0,0
9314,0.3273516595363617,0.3273516595363617,0,0,0
9315,0.3319675028324127,0.3319675028324127,0,0,0
9316,0.3784632980823517,0.3784632980823517,0,0,0
9317,0.32862141728401184,0.32862141728401184,0,0,0
9318,0.36569944024086,0.36569944024086,0,0,0
9319,0.3287411034107208,0.3287411034107208,0,0,0
9320,0.3214145004749298,0.3214145004749298,0,0,0
9321,0.34073954820632935,0.34073954820632935,0,0,0
9322,0.32664185762405396,0.32664185762405396,0,0,0
9323,0.3245829641819,0.3245829641819,0,0,0
9324,0.3698321282863617,0.3698321282863617,0,0,0
9325,0.43765538930892944,0.43765538930892944,0,0,0
9326,0.33037516474723816,0.33037516474723816,0,0,0
9327,0.32523688673973083,0.32523688673973083,0,0,0
9328,0.3504886031150818,0.3504886031150818,0,0,0
9329,0.37306636571884155,0.37306636571884155,0,0,0
9330,0.41177570819854736,0.41177570819854736,0,0,0
9331,0.3170037567615509,0.3170037567615509,0,0,0
9332,0.338321715593338,0.338321715593338,0,0,0
9333,0.3284170925617218,0.3284170925617218,0,0,0
9334,0.34030410647392273,0.34030410647392273,0,0,0
9335,0.3106525242328644,0.3106525242328644,0,0,0
9336,0.3180411458015442,0.3180411458015442,0,0,0
9337,0.3318026065826416,0.3318026065826416,0,0,0
9338,0.3294907212257385,0.3294907212257385,0,0,0
9339,0.31458306312561035,0.31458306312561035,0,0,0
9340,0.34121450781822205,0.34121450781822205,0,0,0
9341,0.3344474136829376,0.3344474136829376,0,0,0
9342,0.6580812335014343,0.6580812335014343,0,0,0
9343,0.34148332476615906,0.34148332476615906,0,0,0
9344,0.3171006739139557,0.3171006739139557,0,0,0
9345,0.3169246315956116,0.3169246315956116,0,0,0
9346,0.3388803005218506,0.3388803005218506,0,0,0
9347,0.3260895907878876,0.3260895907878876,0,0,0
9348,0.3652373254299164,0.3652373254299164,0,0,0
9349,0.32207998633384705,0.32207998633384705,0,0,0
9350,0.3437741696834564,0.3437741696834564,0,0,0
9351,0.3175272047519684,0.3175272047519684,0,0,0
9352,0.3365899324417114,0.3365899324417114,0,0,0
9353,0.3708465099334717,0.3708465099334717,0,0,0
9354,0.33142411708831787,0.33142411708831787,0,0,0
9355,0.33889803290367126,0.33889803290367126,0,0,0
9356,0.3638840913772583,0.3638840913772583,0,0,0
9357,0.31424862146377563,0.31424862146377563,0,0,0
9358,0.3257185220718384,0.3257185220718384,0,0,0
9359,0.34447503089904785,0.34447503089904785,0,0,0
9360,0.31862783432006836,0.31862783432006836,0,0,0
9361,0.3070699870586395,0.3070699870586395,0,0,0
9362,0.3609890341758728,0.3609890341758728,0,0,0
9363,0.34373384714126587,0.34373384714126587,0,0,0
9364,0.3383856415748596,0.3383856415748596,0,0,0
9365,0.31409841775894165,0.31409841775894165,0,0,0
9366,0.32765328884124756,0.32765328884124756,0,0,0
9367,0.3198508322238922,0.3198508322238922,0,0,0
9368,0.40029969811439514,0.40029969811439514,0,0,0
9369,0.32014673948287964,0.32014673948287964,0,0,0
9370,0.3391309976577759,0.3391309976577759,0,0,0
9371,0.33238399028778076,0.33238399028778076,0,0,0
9372,0.3390141725540161,0.3390141725540161,0,0,0
9373,0.3376164138317108,0.3376164138317108,0,0,0
9374,0.3134925365447998,0.3134925365447998,0,0,0
9375,0.32664814591407776,0.32664814591407776,0,0,0
9376,0.3254799246788025,0.3254799246788025,0,0,0
9377,0.363147497177124,0.363147497177124,0,0,0
9378,0.38852497935295105,0.38852497935295105,0,0,0
9379,0.3799395263195038,0.3799395263195038,0,0,0
9380,0.3511635661125183,0.3511635661125183,0,0,0
9381,0.3136107921600342,0.3136107921600342,0,0,0
9382,0.31129300594329834,0.31129300594329834,0,0,0
9383,0.3246380090713501,0.3246380090713501,0,0,0
9384,0.3410913050174713,0.3410913050174713,0,0,0
9385,0.3461308777332306,0.3461308777332306,0,0,0
9386,0.32728710770606995,0.32728710770606995,0,0,0
9387,0.33000779151916504,0.33000779151916504,0,0,0
9388,0.32531630992889404,0.32531630992889404,0,0,0
9389,0.3314189910888672,0.3314189910888672,0,0,0
9390,0.32804667949676514,0.32804667949676514,0,0,0
9391,0.3170543611049652,0.3170543611049652,0,0,0
9392,0.31626173853874207,0.31626173853874207,0,0,0
9393,0.3237021863460541,0.3237021863460541,0,0,0
9394,0.3747468888759613,0.3747468888759613,0,0,0
9395,0.3342359662055969,0.3342359662055969,0,0,0
9396,0.3249393105506897,0.3249393105506897,0,0,0
9397,0.3117321729660034,0.3117321729660034,0,0,0
9398,0.3419867157936096,0.3419867157936096,0,0,0
9399,0.3480689823627472,0.3480689823627472,0,0,0
9400,0.32100364565849304,0.32100364565849304,0,0,0
9401,0.3360668122768402,0.3360668122768402,0,0,0
9402,0.3303431570529938,0.3303431570529938,0,0,0
9403,0.32540363073349,0.32540363073349,0,0,0
9404,0.3499252498149872,0.3499252498149872,0,0,0
9405,0.349631130695343,0.349631130695343,0,0,0
9406,0.33152469992637634,0.33152469992637634,0,0,0
9407,0.3134726881980896,0.3134726881980896,0,0,0
9408,0.3814791142940521,0.3814791142940521,0,0,0
9409,0.35752421617507935,0.35752421617507935,0,0,0
9410,0.3338170349597931,0.3338170349597931,0,0,0
9411,0.35442566871643066,0.35442566871643066,0,0,0
9412,0.3240965008735657,0.3240965008735657,0,0,0
9413,0.3329612612724304,0.3329612612724304,0,0,0
9414,0.31112992763519287,0.31112992763519287,0,0,0
9415,0.3836405873298645,0.3836405873298645,0,0,0
9416,0.3493933379650116,0.3493933379650116,0,0,0
9417,0.3676125407218933,0.3676125407218933,0,0,0
9418,0.6516542434692383,0.6516542434692383,0,0,0
9419,0.3051886558532715,0.3051886558532715,0,0,0
9420,0.319942831993103,0.319942831993103,0,0,0
9421,0.32149720191955566,0.32149720191955566,0,0,0
9422,0.3240157663822174,0.3240157663822174,0,0,0
9423,0.3548555076122284,0.3548555076122284,0,0,0
9424,0.3126557171344757,0.3126557171344757,0,0,0
9425,0.33269044756889343,0.33269044756889343,0,0,0
9426,0.32491615414619446,0.32491615414619446,0,0,0
9427,0.33355462551116943,0.33355462551116943,0,0,0
9428,0.3241366744041443,0.3241366744041443,0,0,0
9429,0.3275233209133148,0.3275233209133148,0,0,0
9430,0.3161024749279022,0.3161024749279022,0,0,0
9431,0.3359512686729431,0.3359512686729431,0,0,0
9432,0.3287859261035919,0.3287859261035919,0,0,0
9433,0.3341406285762787,0.3341406285762787,0,0,0
9434,0.377384215593338,0.377384215593338,0,0,0
9435,0.3265571594238281,0.3265571594238281,0,0,0
9436,0.326507031917572,0.326507031917572,0,0,0
9437,0.35106536746025085,0.35106536746025085,0,0,0
9438,0.32460668683052063,0.32460668683052063,0,0,0
9439,0.323862224817276,0.323862224817276,0,0,0
9440,0.3276940882205963,0.3276940882205963,0,0,0
9441,0.3171508014202118,0.3171508014202118,0,0,0
9442,0.3407977223396301,0.3407977223396301,0,0,0
9443,0.3139130175113678,0.3139130175113678,0,0,0
9444,0.3417010009288788,0.3417010009288788,0,0,0
9445,0.36567422747612,0.36567422747612,0,0,0
9446,0.34785565733909607,0.34785565733909607,0,0,0
9447,0.3267616927623749,0.3267616927623749,0,0,0
9448,0.38311439752578735,0.38311439752578735,0,0,0
9449,0.3337150514125824,0.3337150514125824,0,0,0
9450,0.4060962498188019,0.4060962498188019,0,0,0
9451,0.32365331053733826,0.32365331053733826,0,0,0
9452,0.33976686000823975,0.33976686000823975,0,0,0
9453,0.3317766785621643,0.3317766785621643,0,0,0
9454,0.3156522810459137,0.3156522810459137,0,0,0
9455,0.36845916509628296,0.36845916509628296,0,0,0
9456,0.3507099151611328,0.3507099151611328,0,0,0
9457,0.35656294226646423,0.35656294226646423,0,0,0
9458,0.3339313566684723,0.3339313566684723,0,0,0
9459,0.3193018138408661,0.3193018138408661,0,0,0
9460,0.3115045726299286,0.3115045726299286,0,0,0
9461,0.3162846863269806,0.3162846863269806,0,0,0
9462,0.31506413221359253,0.31506413221359253,0,0,0
9463,0.317205548286438,0.317205548286438,0,0,0
9464,0.30833545327186584,0.30833545327186584,0,0,0
9465,0.328171044588089,0.328171044588089,0,0,0
9466,0.34539321064949036,0.34539321064949036,0,0,0
9467,0.3538784086704254,0.3538784086704254,0,0,0
9468,0.30449801683425903,0.30449801683425903,0,0,0
9469,0.3496611714363098,0.3496611714363098,0,0,0
9470,0.33723074197769165,0.33723074197769165,0,0,0
9471,0.3065115809440613,0.3065115809440613,0,0,0
9472,0.331689715385437,0.331689715385437,0,0,0
9473,0.3208480477333069,0.3208480477333069,0,0,0
9474,0.3223670721054077,0.3223670721054077,0,0,0
9475,0.32720082998275757,0.32720082998275757,0,0,0
9476,0.31231117248535156,0.31231117248535156,0,0,0
9477,0.34084996581077576,0.34084996581077576,0,0,0
9478,0.3267803490161896,0.3267803490161896,0,0,0
9479,0.33177876472473145,0.33177876472473145,0,0,0
9480,0.38879817724227905,0.38879817724227905,0,0,0
9481,0.34667274355888367,0.34667274355888367,0,0,0
9482,0.3407038748264313,0.3407038748264313,0,0,0
9483,0.36936140060424805,0.36936140060424805,0,0,0
9484,0.317860871553421,0.317860871553421,0,0,0
9485,0.32774293422698975,0.32774293422698975,0,0,0
9486,0.32092800736427307,0.32092800736427307,0,0,0
9487,0.3187882602214813,0.3187882602214813,0,0,0
9488,0.3794325292110443,0.3794325292110443,0,0,0
9489,0.35459432005882263,0.35459432005882263,0,0,0
9490,0.35281866788864136,0.35281866788864136,0,0,0
9491,0.42106691002845764,0.42106691002845764,0,0,0
9492,0.32578402757644653,0.32578402757644653,0,0,0
9493,0.352338045835495,0.352338045835495,0,0,0
9494,0.3398757576942444,0.3398757576942444,0,0,0
9495,0.31528186798095703,0.31528186798095703,0,0,0
9496,0.3249379098415375,0.3249379098415375,0,0,0
9497,0.34852883219718933,0.34852883219718933,0,0,0
9498,0.4336988925933838,0.4336988925933838,0,0,0
9499,0.33686140179634094,0.33686140179634094,0,0,0
9500,0.3487468361854553,0.3487468361854553,0,0,0
9501,0.33288756012916565,0.33288756012916565,0,0,0
9502,0.33810266852378845,0.33810266852378845,0,0,0
9503,0.33539703488349915,0.33539703488349915,0,0,0
9504,0.39021140336990356,0.39021140336990356,0,0,0
9505,0.3172149956226349,0.3172149956226349,0,0,0
9506,0.33711719512939453,0.33711719512939453,0,0,0
9507,0.33980005979537964,0.33980005979537964,0,0,0
9508,0.3213711678981781,0.3213711678981781,0,0,0
9509,0.42226117849349976,0.42226117849349976,0,0,0
9510,0.34686020016670227,0.34686020016670227,0,0,0
9511,0.32084476947784424,0.32084476947784424,0,0,0
9512,0.35897067189216614,0.35897067189216614,0,0,0
9513,0.33884912729263306,0.33884912729263306,0,0,0
9514,0.3123461902141571,0.3123461902141571,0,0,0
9515,0.3284028470516205,0.3284028470516205,0,0,0
9516,0.32234540581703186,0.32234540581703186,0,0,0
9517,0.327647864818573,0.327647864818573,0,0,0
9518,0.3346104323863983,0.3346104323863983,0,0,0
9519,0.32061296701431274,0.32061296701431274,0,0,0
9520,0.3235381245613098,0.3235381245613098,0,0,0
9521,0.3406516909599304,0.3406516909599304,0,0,0
9522,0.42671671509742737,0.42671671509742737,0,0,0
9523,0.333702951669693,0.333702951669693,0,0,0
9524,0.305466890335083,0.305466890335083,0,0,0
9525,0.3262846767902374,0.3262846767902374,0,0,0
9526,0.31322649121284485,0.31322649121284485,0,0,0
9527,0.4039801359176636,0.4039801359176636,0,0,0
9528,0.32135555148124695,0.32135555148124695,0,0,0
9529,0.31330570578575134,0.31330570578575134,0,0,0
9530,0.3252210319042206,0.3252210319042206,0,0,0
9531,0.36195874214172363,0.36195874214172363,0,0,0
9532,0.332200825214386,0.332200825214386,0,0,0
9533,0.3143196702003479,0.3143196702003479,0,0,0
9534,0.32511329650878906,0.32511329650878906,0,0,0
9535,0.3670889735221863,0.3670889735221863,0,0,0
9536,0.39537283778190613,0.39537283778190613,0,0,0
9537,0.3543674945831299,0.3543674945831299,0,0,0
9538,0.3322882652282715,0.3322882652282715,0,0,0
9539,0.3111377954483032,0.3111377954483032,0,0,0
9540,0.321909099817276,0.321909099817276,0,0,0
9541,0.3480193614959717,0.3480193614959717,0,0,0
9542,0.36921226978302,0.36921226978302,0,0,0
9543,0.3223055899143219,0.3223055899143219,0,0,0
9544,0.33617687225341797,0.33617687225341797,0,0,0
9545,0.37373965978622437,0.37373965978622437,0,0,0
9546,0.3366096317768097,0.3366096317768097,0,0,0
9547,0.32504886388778687,0.32504886388778687,0,0,0
9548,0.3763999044895172,0.3763999044895172,0,0,0
9549,0.3225325047969818,0.3225325047969818,0,0,0
9550,0.31240901350975037,0.31240901350975037,0,0,0
9551,0.4057212471961975,0.4057212471961975,0,0,0
9552,0.3306983411312103,0.3306983411312103,0,0,0
9553,0.3432754874229431,0.3432754874229431,0,0,0
9554,0.3520747125148773,0.3520747125148773,0,0,0
9555,0.32833266258239746,0.32833266258239746,0,0,0
9556,0.31523481011390686,0.31523481011390686,0,0,0
9557,0.3170923888683319,0.3170923888683319,0,0,0
9558,0.3256843090057373,0.3256843090057373,0,0,0
9559,0.33877918124198914,0.33877918124198914,0,0,0
9560,0.3434107005596161,0.3434107005596161,0,0,0
9561,0.3339329957962036,0.3339329957962036,0,0,0
9562,0.3292105197906494,0.3292105197906494,0,0,0
9563,0.33241283893585205,0.33241283893585205,0,0,0
9564,0.3185005784034729,0.3185005784034729,0,0,0
9565,0.39364856481552124,0.39364856481552124,0,0,0
9566,0.3290500044822693,0.3290500044822693,0,0,0
9567,0.3216519355773926,0.3216519355773926,0,0,0
9568,0.3383480906486511,0.3383480906486511,0,0,0
9569,0.3480694591999054,0.3480694591999054,0,0,0
9570,0.4384477734565735,0.4384477734565735,0,0,0
9571,0.3267980217933655,0.3267980217933655,0,0,0
9572,0.34449657797813416,0.34449657797813416,0,0,0
9573,0.34807348251342773,0.34807348251342773,0,0,0
9574,0.32330137491226196,0.32330137491226196,0,0,0
9575,0.3224319815635681,0.3224319815635681,0,0,0
9576,0.34379899501800537,0.34379899501800537,0,0,0
9577,0.3504439890384674,0.3504439890384674,0,0,0
9578,0.3247481882572174,0.3247481882572174,0,0,0
9579,0.3150230944156647,0.3150230944156647,0,0,0
9580,0.3831831216812134,0.3831831216812134,0,0,0
9581,0.3554023504257202,0.3554023504257202,0,0,0
9582,0.3477415144443512,0.3477415144443512,0,0,0
9583,0.3443574607372284,0.3443574607372284,0,0,0
9584,0.32160770893096924,0.32160770893096924,0,0,0
9585,0.35497796535491943,0.35497796535491943,0,0,0
9586,0.35879260301589966,0.35879260301589966,0,0,0
9587,0.3381805717945099,0.3381805717945099,0,0,0
9588,0.31545141339302063,0.31545141339302063,0,0,0
9589,0.32866716384887695,0.32866716384887695,0,0,0
9590,0.33292296528816223,0.33292296528816223,0,0,0
9591,0.337249755859375,0.337249755859375,0,0,0
9592,0.3210065960884094,0.3210065960884094,0,0,0
9593,0.3389705419540405,0.3389705419540405,0,0,0
9594,0.33495160937309265,0.33495160937309265,0,0,0
9595,0.371267169713974,0.371267169713974,0,0,0
9596,0.7600579857826233,0.7600579857826233,0,0,0
9597,0.3297185003757477,0.3297185003757477,0,0,0
9598,0.322232186794281,0.322232186794281,0,0,0
9599,0.32227230072021484,0.32227230072021484,0,0,0
9600,0.374950647354126,0.374950647354126,0,0,0
9601,0.3337864577770233,0.3337864577770233,0,0,0
9602,0.35799822211265564,0.35799822211265564,0,0,0
9603,0.3146588206291199,0.3146588206291199,0,0,0
9604,0.3535117506980896,0.3535117506980896,0,0,0
9605,0.744935154914856,0.744935154914856,0,0,0
9606,0.3310963809490204,0.3310963809490204,0,0,0
9607,0.31793275475502014,0.31793275475502014,0,0,0
9608,0.3327849209308624,0.3327849209308624,0,0,0
9609,0.304531991481781,0.304531991481781,0,0,0
9610,0.32213708758354187,0.32213708758354187,0,0,0
9611,0.3202575445175171,0.3202575445175171,0,0,0
9612,0.3494044542312622,0.3494044542312622,0,0,0
9613,0.33002856373786926,0.33002856373786926,0,0,0
9614,0.3623736798763275,0.3623736798763275,0,0,0
9615,0.32525092363357544,0.32525092363357544,0,0,0
9616,0.3402960002422333,0.3402960002422333,0,0,0
9617,0.321479856967926,0.321479856967926,0,0,0
9618,0.37930935621261597,0.37930935621261597,0,0,0
9619,0.3634786605834961,0.3634786605834961,0,0,0
9620,0.3403702974319458,0.3403702974319458,0,0,0
9621,0.333895742893219,0.333895742893219,0,0,0
9622,0.3259703814983368,0.3259703814983368,0,0,0
9623,0.38943544030189514,0.38943544030189514,0,0,0
9624,0.3200657069683075,0.3200657069683075,0,0,0
9625,0.3260447084903717,0.3260447084903717,0,0,0
9626,0.3122246265411377,0.3122246265411377,0,0,0
9627,0.3175634443759918,0.3175634443759918,0,0,0
9628,0.3330654799938202,0.3330654799938202,0,0,0
9629,0.3159703016281128,0.3159703016281128,0,0,0
9630,0.3445088565349579,0.3445088565349579,0,0,0
9631,0.40405580401420593,0.40405580401420593,0,0,0
9632,0.3723284900188446,0.3723284900188446,0,0,0
9633,0.3229941129684448,0.3229941129684448,0,0,0
9634,0.32122164964675903,0.32122164964675903,0,0,0
9635,0.35154229402542114,0.35154229402542114,0,0,0
9636,0.32243502140045166,0.32243502140045166,0,0,0
9637,0.3293091654777527,0.3293091654777527,0,0,0
9638,0.31362974643707275,0.31362974643707275,0,0,0
9639,0.35089659690856934,0.35089659690856934,0,0,0
9640,0.3230184316635132,0.3230184316635132,0,0,0
9641,0.502755880355835,0.502755880355835,0,0,0
9642,0.41356605291366577,0.41356605291366577,0,0,0
9643,0.3202068507671356,0.3202068507671356,0,0,0
9644,0.30461353063583374,0.30461353063583374,0,0,0
9645,0.40398895740509033,0.40398895740509033,0,0,0
9646,0.3341538608074188,0.3341538608074188,0,0,0
9647,0.40681713819503784,0.40681713819503784,0,0,0
9648,0.33997809886932373,0.33997809886932373,0,0,0
9649,0.34022364020347595,0.34022364020347595,0,0,0
9650,0.3264947533607483,0.3264947533607483,0,0,0
9651,0.3183358609676361,0.3183358609676361,0,0,0
9652,0.3589203357696533,0.3589203357696533,0,0,0
9653,0.3853774666786194,0.3853774666786194,0,0,0
9654,0.3367091715335846,0.3367091715335846,0,0,0
9655,0.34269148111343384,0.34269148111343384,0,0,0
9656,0.3345300853252411,0.3345300853252411,0,0,0
9657,0.338339239358902,0.338339239358902,0,0,0
9658,0.31379055976867676,0.31379055976867676,0,0,0
9659,0.3407635986804962,0.3407635986804962,0,0,0
9660,0.32103973627090454,0.32103973627090454,0,0,0
9661,0.3332156538963318,0.3332156538963318,0,0,0
9662,0.3241609036922455,0.3241609036922455,0,0,0
9663,0.3257721960544586,0.3257721960544586,0,0,0
9664,0.3065391778945923,0.3065391778945923,0,0,0
9665,0.3183668553829193,0.3183668553829193,0,0,0
9666,0.3734559714794159,0.3734559714794159,0,0,0
9667,0.31264495849609375,0.31264495849609375,0,0,0
9668,0.3610546290874481,0.3610546290874481,0,0,0
9669,0.3081018924713135,0.3081018924713135,0,0,0
9670,0.3494408130645752,0.3494408130645752,0,0,0
9671,0.38978245854377747,0.38978245854377747,0,0,0
9672,0.3336460590362549,0.3336460590362549,0,0,0
9673,0.3932817578315735,0.3932817578315735,0,0,0
9674,0.3281252980232239,0.3281252980232239,0,0,0
9675,0.33321309089660645,0.33321309089660645,0,0,0
9676,0.37769824266433716,0.37769824266433716,0,0,0
9677,0.3431078791618347,0.3431078791618347,0,0,0
9678,0.32486164569854736,0.32486164569854736,0,0,0
9679,0.3213029205799103,0.3213029205799103,0,0,0
9680,0.31508010625839233,0.31508010625839233,0,0,0
9681,0.34571361541748047,0.34571361541748047,0,0,0
9682,0.3553408086299896,0.3553408086299896,0,0,0
9683,0.3354231119155884,0.3354231119155884,0,0,0
9684,0.32950225472450256,0.32950225472450256,0,0,0
9685,0.3238421082496643,0.3238421082496643,0,0,0
9686,0.36781227588653564,0.36781227588653564,0,0,0
9687,0.33302050828933716,0.33302050828933716,0,0,0
9688,0.3214194178581238,0.3214194178581238,0,0,0
9689,0.34291812777519226,0.34291812777519226,0,0,0
9690,0.3138154149055481,0.3138154149055481,0,0,0
9691,0.32767847180366516,0.32767847180366516,0,0,0
9692,0.32577964663505554,0.32577964663505554,0,0,0
9693,0.32578858733177185,0.32578858733177185,0,0,0
9694,0.32298073172569275,0.32298073172569275,0,0,0
9695,0.3419077396392822,0.3419077396392822,0,0,0
9696,0.32635778188705444,0.32635778188705444,0,0,0
9697,0.30860692262649536,0.30860692262649536,0,0,0
9698,0.3208741247653961,0.3208741247653961,0,0,0
9699,0.3521400988101959,0.3521400988101959,0,0,0
9700,0.3758332431316376,0.3758332431316376,0,0,0
9701,0.3400455713272095,0.3400455713272095,0,0,0
9702,0.3223680555820465,0.3223680555820465,0,0,0
9703,0.312337726354599,0.312337726354599,0,0,0
9704,0.31457823514938354,0.31457823514938354,0,0,0
9705,0.3180336058139801,0.3180336058139801,0,0,0
9706,0.34199580550193787,0.34199580550193787,0,0,0
9707,0.32071611285209656,0.32071611285209656,0,0,0
9708,0.322422057390213,0.322422057390213,0,0,0
9709,0.3324261009693146,0.3324261009693146,0,0,0
9710,0.38219472765922546,0.38219472765922546,0,0,0
9711,0.34970173239707947,0.34970173239707947,0,0,0
9712,0.31671932339668274,0.31671932339668274,0,0,0
9713,0.3248242139816284,0.3248242139816284,0,0,0
9714,0.3402416706085205,0.3402416706085205,0,0,0
9715,0.33494633436203003,0.33494633436203003,0,0,0
9716,0.3108055889606476,0.3108055889606476,0,0,0
9717,0.31290990114212036,0.31290990114212036,0,0,0
9718,0.3644399046897888,0.3644399046897888,0,0,0
9719,0.33465439081192017,0.33465439081192017,0,0,0
9720,0.3457379937171936,0.3457379937171936,0,0,0
9721,0.3818279504776001,0.3818279504776001,0,0,0
9722,0.36302870512008667,0.36302870512008667,0,0,0
9723,0.30906417965888977,0.30906417965888977,0,0,0
9724,0.3357420265674591,0.3357420265674591,0,0,0
9725,0.3328976333141327,0.3328976333141327,0,0,0
9726,0.37780600786209106,0.37780600786209106,0,0,0
9727,0.32401612401008606,0.32401612401008606,0,0,0
9728,0.3672177493572235,0.3672177493572235,0,0,0
9729,0.32173818349838257,0.32173818349838257,0,0,0
9730,0.32725971937179565,0.32725971937179565,0,0,0
9731,0.34048545360565186,0.34048545360565186,0,0,0
9732,0.3116593062877655,0.3116593062877655,0,0,0
9733,0.3214481472969055,0.3214481472969055,0,0,0
9734,0.3332339823246002,0.3332339823246002,0,0,0
9735,0.31035810708999634,0.31035810708999634,0,0,0
9736,0.31957536935806274,0.31957536935806274,0,0,0
9737,0.3171164393424988,0.3171164393424988,0,0,0
9738,0.33700019121170044,0.33700019121170044,0,0,0
9739,0.33082348108291626,0.33082348108291626,0,0,0
9740,0.4463266134262085,0.4463266134262085,0,0,0
9741,0.31542345881462097,0.31542345881462097,0,0,0
9742,0.32901033759117126,0.32901033759117126,0,0,0
9743,0.348438560962677,0.348438560962677,0,0,0
9744,0.5193603038787842,0.5193603038787842,0,0,0
9745,0.33498868346214294,0.33498868346214294,0,0,0
9746,0.3290655314922333,0.3290655314922333,0,0,0
9747,0.3299764394760132,0.3299764394760132,0,0,0
9748,0.3497632145881653,0.3497632145881653,0,0,0
9749,0.3266344964504242,0.3266344964504242,0,0,0
9750,0.32085251808166504,0.32085251808166504,0,0,0
9751,0.32013094425201416,0.32013094425201416,0,0,0
9752,0.36461779475212097,0.36461779475212097,0,0,0
9753,0.3446441888809204,0.3446441888809204,0,0,0
9754,0.32143649458885193,0.32143649458885193,0,0,0
9755,0.3255655765533447,0.3255655765533447,0,0,0
9756,0.3567190170288086,0.3567190170288086,0,0,0
9757,0.4000926911830902,0.4000926911830902,0,0,0
9758,0.3278348445892334,0.3278348445892334,0,0,0
9759,0.354641854763031,0.354641854763031,0,0,0
9760,0.33229824900627136,0.33229824900627136,0,0,0
9761,0.3353686034679413,0.3353686034679413,0,0,0
9762,0.32010525465011597,0.32010525465011597,0,0,0
9763,0.3380383849143982,0.3380383849143982,0,0,0
9764,0.41068053245544434,0.41068053245544434,0,0,0
9765,0.363278329372406,0.363278329372406,0,0,0
9766,0.338067889213562,0.338067889213562,0,0,0
9767,0.3418751060962677,0.3418751060962677,0,0,0
9768,0.324190229177475,0.324190229177475,0,0,0
9769,0.33575570583343506,0.33575570583343506,0,0,0
9770,0.3118124306201935,0.3118124306201935,0,0,0
9771,0.3399818539619446,0.3399818539619446,0,0,0
9772,0.32758939266204834,0.32758939266204834,0,0,0
9773,0.31364700198173523,0.31364700198173523,0,0,0
9774,0.3164955973625183,0.3164955973625183,0,0,0
9775,0.33795902132987976,0.33795902132987976,0,0,0
9776,0.322602242231369,0.322602242231369,0,0,0
9777,0.32750385999679565,0.32750385999679565,0,0,0
9778,0.35798656940460205,0.35798656940460205,0,0,0
9779,0.3833340108394623,0.3833340108394623,0,0,0
9780,0.3497999608516693,0.3497999608516693,0,0,0
9781,0.31767719984054565,0.31767719984054565,0,0,0
9782,0.325411319732666,0.325411319732666,0,0,0
9783,0.3212794363498688,0.3212794363498688,0,0,0
9784,0.31529614329338074,0.31529614329338074,0,0,0
9785,0.33535656332969666,0.33535656332969666,0,0,0
9786,0.3059456944465637,0.3059456944465637,0,0,0
9787,0.32419532537460327,0.32419532537460327,0,0,0
9788,0.33797988295555115,0.33797988295555115,0,0,0
9789,0.4233711063861847,0.4233711063861847,0,0,0
9790,0.32217100262641907,0.32217100262641907,0,0,0
9791,0.3192293643951416,0.3192293643951416,0,0,0
9792,0.3545014560222626,0.3545014560222626,0,0,0
9793,0.3192676603794098,0.3192676603794098,0,0,0
9794,0.33344796299934387,0.33344796299934387,0,0,0
9795,0.3530007600784302,0.3530007600784302,0,0,0
9796,0.3491351008415222,0.3491351008415222,0,0,0
9797,0.30505260825157166,0.30505260825157166,0,0,0
9798,0.3192838728427887,0.3192838728427887,0,0,0
9799,0.3119025230407715,0.3119025230407715,0,0,0
9800,0.3545677661895752,0.3545677661895752,0,0,0
9801,0.3390261232852936,0.3390261232852936,0,0,0
9802,0.33786526322364807,0.33786526322364807,0,0,0
9803,0.35496798157691956,0.35496798157691956,0,0,0
9804,0.3047044575214386,0.3047044575214386,0,0,0
9805,0.33003443479537964,0.33003443479537964,0,0,0
9806,0.3137843608856201,0.3137843608856201,0,0,0
9807,0.3077763020992279,0.3077763020992279,0,0,0
9808,0.3351357579231262,0.3351357579231262,0,0,0
9809,0.3686358630657196,0.3686358630657196,0,0,0
9810,0.323194682598114,0.323194682598114,0,0,0
9811,0.3312968313694,0.3312968313694,0,0,0
9812,0.33220142126083374,0.33220142126083374,0,0,0
9813,0.3290887475013733,0.3290887475013733,0,0,0
9814,0.34410542249679565,0.34410542249679565,0,0,0
9815,0.3289912939071655,0.3289912939071655,0,0,0
9816,0.3909544348716736,0.3909544348716736,0,0,0
9817,0.34208449721336365,0.34208449721336365,0,0,0
9818,0.3457368314266205,0.3457368314266205,0,0,0
9819,0.32144472002983093,0.32144472002983093,0,0,0
9820,0.3238237500190735,0.3238237500190735,0,0,0
9821,0.3267989754676819,0.3267989754676819,0,0,0
9822,0.34396788477897644,0.34396788477897644,0,0,0
9823,0.32943037152290344,0.32943037152290344,0,0,0
9824,0.31352707743644714,0.31352707743644714,0,0,0
9825,0.3247756361961365,0.3247756361961365,0,0,0
9826,0.31112140417099,0.31112140417099,0,0,0
9827,0.3260401785373688,0.3260401785373688,0,0,0
9828,0.32140523195266724,0.32140523195266724,0,0,0
9829,0.34160593152046204,0.34160593152046204,0,0,0
9830,0.31041499972343445,0.31041499972343445,0,0,0
9831,0.32200178503990173,0.32200178503990173,0,0,0
9832,0.3134782314300537,0.3134782314300537,0,0,0
9833,0.3171127140522003,0.3171127140522003,0,0,0
9834,0.30338943004608154,0.30338943004608154,0,0,0
9835,0.33322635293006897,0.33322635293006897,0,0,0
9836,0.3183153569698334,0.3183153569698334,0,0,0
9837,0.31576988101005554,0.31576988101005554,0,0,0
9838,0.3316625952720642,0.3316625952720642,0,0,0
9839,0.3144747316837311,0.3144747316837311,0,0,0
9840,0.32970237731933594,0.32970237731933594,0,0,0
9841,0.36901816725730896,0.36901816725730896,0,0,0
9842,0.3136567175388336,0.3136567175388336,0,0,0
9843,0.31513822078704834,0.31513822078704834,0,0,0
9844,0.324639230966568,0.324639230966568,0,0,0
9845,0.31500443816185,0.31500443816185,0,0,0
9846,0.330068975687027,0.330068975687027,0,0,0
9847,0.3094305694103241,0.3094305694103241,0,0,0
9848,0.31975534558296204,0.31975534558296204,0,0,0
9849,0.3418249487876892,0.3418249487876892,0,0,0
9850,0.36810779571533203,0.36810779571533203,0,0,0
9851,0.30336105823516846,0.30336105823516846,0,0,0
9852,0.3198299705982208,0.3198299705982208,0,0,0
9853,0.30332356691360474,0.30332356691360474,0,0,0
9854,0.30880436301231384,0.30880436301231384,0,0,0
9855,0.31177446246147156,0.31177446246147156,0,0,0
9856,0.3142779469490051,0.3142779469490051,0,0,0
9857,0.309982031583786,0.309982031583786,0,0,0
9858,0.3099451959133148,0.3099451959133148,0,0,0
9859,0.304121732711792,0.304121732711792,0,0,0
9860,0.3310953378677368,0.3310953378677368,0,0,0
9861,0.35176169872283936,0.35176169872283936,0,0,0
9862,0.31322699785232544,0.31322699785232544,0,0,0
9863,0.3203054964542389,0.3203054964542389,0,0,0
9864,0.35284391045570374,0.35284391045570374,0,0,0
9865,0.32520025968551636,0.32520025968551636,0,0,0
9866,0.3276869058609009,0.3276869058609009,0,0,0
9867,0.3194562494754791,0.3194562494754791,0,0,0
9868,0.3352031409740448,0.3352031409740448,0,0,0
9869,0.3276781141757965,0.3276781141757965,0,0,0
9870,0.3231549859046936,0.3231549859046936,0,0,0
9871,0.34036320447921753,0.34036320447921753,0,0,0
9872,0.3244863450527191,0.3244863450527191,0,0,0
9873,0.3110627830028534,0.3110627830028534,0,0,0
9874,0.5511209964752197,0.5511209964752197,0,0,0
9875,0.3172345757484436,0.3172345757484436,0,0,0
9876,0.31905922293663025,0.31905922293663025,0,0,0
9877,0.3354555070400238,0.3354555070400238,0,0,0
9878,0.3332241177558899,0.3332241177558899,0,0,0
9879,0.3279859721660614,0.3279859721660614,0,0,0
9880,0.31569913029670715,0.31569913029670715,0,0,0
9881,0.35578998923301697,0.35578998923301697,0,0,0
9882,0.372707337141037,0.372707337141037,0,0,0
9883,0.3236747682094574,0.3236747682094574,0,0,0
9884,0.3079669773578644,0.3079669773578644,0,0,0
9885,0.3179510235786438,0.3179510235786438,0,0,0
9886,0.3230881690979004,0.3230881690979004,0,0,0
9887,0.32745447754859924,0.32745447754859924,0,0,0
9888,0.3311339318752289,0.3311339318752289,0,0,0
9889,0.31052321195602417,0.31052321195602417,0,0,0
9890,0.3658182919025421,0.3658182919025421,0,0,0
9891,0.33546802401542664,0.33546802401542664,0,0,0
9892,0.3103956878185272,0.3103956878185272,0,0,0
9893,0.314401239156723,0.314401239156723,0,0,0
9894,0.33589810132980347,0.33589810132980347,0,0,0
9895,0.321137011051178,0.321137011051178,0,0,0
9896,0.3226219415664673,0.3226219415664673,0,0,0
9897,0.3294782340526581,0.3294782340526581,0,0,0
9898,0.3426355719566345,0.3426355719566345,0,0,0
9899,0.3273266553878784,0.3273266553878784,0,0,0
9900,0.30728963017463684,0.30728963017463684,0,0,0
9901,0.3138561546802521,0.3138561546802521,0,0,0
9902,0.34152641892433167,0.34152641892433167,0,0,0
9903,0.3273778557777405,0.3273778557777405,0,0,0
9904,0.33683308959007263,0.33683308959007263,0,0,0
9905,0.3721327781677246,0.3721327781677246,0,0,0
9906,0.33325690031051636,0.33325690031051636,0,0,0
9907,0.3169768452644348,0.3169768452644348,0,0,0
9908,0.3837747573852539,0.3837747573852539,0,0,0
9909,0.3283977210521698,0.3283977210521698,0,0,0
9910,0.3142147958278656,0.3142147958278656,0,0,0
9911,0.320773720741272,0.320773720741272,0,0,0
9912,0.3608812987804413,0.3608812987804413,0,0,0
9913,0.34061887860298157,0.34061887860298157,0,0,0
9914,0.3309985101222992,0.3309985101222992,0,0,0
9915,0.3187744915485382,0.3187744915485382,0,0,0
9916,0.3242821991443634,0.3242821991443634,0,0,0
9917,0.31358805298805237,0.31358805298805237,0,0,0
9918,0.3616257905960083,0.3616257905960083,0,0,0
9919,0.3237036466598511,0.3237036466598511,0,0,0
9920,0.3223932981491089,0.3223932981491089,0,0,0
9921,0.37157779932022095,0.37157779932022095,0,0,0
9922,0.3388441801071167,0.3388441801071167,0,0,0
9923,0.32613617181777954,0.32613617181777954,0,0,0
9924,0.3113885819911957,0.3113885819911957,0,0,0
9925,0.33844366669654846,0.33844366669654846,0,0,0
9926,0.33163246512413025,0.33163246512413025,0,0,0
9927,0.3207705318927765,0.3207705318927765,0,0,0
9928,0.3139670193195343,0.3139670193195343,0,0,0
9929,0.3063175082206726,0.3063175082206726,0,0,0
9930,0.3288991451263428,0.3288991451263428,0,0,0
9931,0.40915560722351074,0.40915560722351074,0,0,0
9932,0.32129940390586853,0.32129940390586853,0,0,0
9933,0.3293144106864929,0.3293144106864929,0,0,0
9934,0.3270284831523895,0.3270284831523895,0,0,0
9935,0.3584468960762024,0.3584468960762024,0,0,0
9936,0.33379262685775757,0.33379262685775757,0,0,0
9937,0.3425672650337219,0.3425672650337219,0,0,0
9938,0.32539695501327515,0.32539695501327515,0,0,0
9939,0.3715395927429199,0.3715395927429199,0,0,0
9940,0.30457642674446106,0.30457642674446106,0,0,0
9941,0.3501831591129303,0.3501831591129303,0,0,0
9942,0.30653828382492065,0.30653828382492065,0,0,0
9943,0.3515487611293793,0.3515487611293793,0,0,0
9944,0.3216993808746338,0.3216993808746338,0,0,0
9945,0.3062627911567688,0.3062627911567688,0,0,0
9946,0.3245267868041992,0.3245267868041992,0,0,0
9947,0.31550174951553345,0.31550174951553345,0,0,0
9948,0.31726714968681335,0.31726714968681335,0,0,0
9949,0.33970320224761963,0.33970320224761963,0,0,0
9950,0.30629709362983704,0.30629709362983704,0,0,0
9951,0.3162498474121094,0.3162498474121094,0,0,0
9952,0.3291179835796356,0.3291179835796356,0,0,0
9953,0.3274390399456024,0.3274390399456024,0,0,0
9954,0.345841646194458,0.345841646194458,0,0,0
9955,0.3128521144390106,0.3128521144390106,0,0,0
9956,0.31632375717163086,0.31632375717163086,0,0,0
9957,0.3114333748817444,0.3114333748817444,0,0,0
9958,0.31386643648147583,0.31386643648147583,0,0,0
9959,0.332388311624527,0.332388311624527,0,0,0
9960,0.3631601929664612,0.3631601929664612,0,0,0
9961,0.3356598913669586,0.3356598913669586,0,0,0
9962,0.3306298851966858,0.3306298851966858,0,0,0
9963,0.35656774044036865,0.35656774044036865,0,0,0
9964,0.3136948049068451,0.3136948049068451,0,0,0
9965,0.3358617126941681,0.3358617126941681,0,0,0
9966,0.317307710647583,0.317307710647583,0,0,0
9967,0.33824023604393005,0.33824023604393005,0,0,0
9968,0.33185622096061707,0.33185622096061707,0,0,0
9969,0.32383087277412415,0.32383087277412415,0,0,0
9970,0.31172508001327515,0.31172508001327515,0,0,0
9971,0.31796687841415405,0.31796687841415405,0,0,0
9972,0.31394025683403015,0.31394025683403015,0,0,0
9973,0.3315924406051636,0.3315924406051636,0,0,0
9974,0.33038198947906494,0.33038198947906494,0,0,0
9975,0.31351155042648315,0.31351155042648315,0,0,0
9976,0.3112621605396271,0.3112621605396271,0,0,0
9977,0.37807294726371765,0.37807294726371765,0,0,0
9978,0.32560425996780396,0.32560425996780396,0,0,0
9979,0.31487777829170227,0.31487777829170227,0,0,0
9980,0.3094905912876129,0.3094905912876129,0,0,0
9981,0.3261879086494446,0.3261879086494446,0,0,0
9982,0.3199447989463806,0.3199447989463806,0,0,0
9983,0.3394673764705658,0.3394673764705658,0,0,0
9984,0.3372136354446411,0.3372136354446411,0,0,0
9985,0.3373654782772064,0.3373654782772064,0,0,0
9986,0.3407735824584961,0.3407735824584961,0,0,0
9987,0.30118611454963684,0.30118611454963684,0,0,0
9988,0.3221246302127838,0.3221246302127838,0,0,0
9989,0.3087224066257477,0.3087224066257477,0,0,0
9990,0.3058262765407562,0.3058262765407562,0,0,0
9991,0.31109490990638733,0.31109490990638733,0,0,0
9992,0.34666019678115845,0.34666019678115845,0,0,0
9993,0.3394594192504883,0.3394594192504883,0,0,0
9994,0.3351854979991913,0.3351854979991913,0,0,0
9995,0.33129826188087463,0.33129826188087463,0,0,0
9996,0.33355653285980225,0.33355653285980225,0,0,0
9997,0.32855841517448425,0.32855841517448425,0,0,0
9998,0.3178156018257141,0.3178156018257141,0,0,0
9999,0.3102877140045166,0.3102877140045166,0,0,0
