epoch,total_loss,l1_param,l2_perf_db,l3_perf_gen,sim_calls_per_epoch
0,6201.104452835886,6201.104452835886,0,0,0
1,6089.598375822368,6089.598375822368,0,0,0
2,5902.438517520302,5902.438517520302,0,0,0
3,5699.820195248252,5699.820195248252,0,0,0
4,5682.223746851871,5682.223746851871,0,0,0
5,5575.12421055844,5575.12421055844,0,0,0
6,5546.2534661544,5546.2534661544,0,0,0
7,5393.357896102102,5393.357896102102,0,0,0
8,5177.445314106189,5177.445314106189,0,0,0
9,5292.267857601768,5292.267857601768,0,0,0
10,4944.074828298469,4944.074828298469,0,0,0
11,4861.910162674753,4861.910162674753,0,0,0
12,4692.024234570955,4692.024234570955,0,0,0
13,4657.6085152877,4657.6085152877,0,0,0
14,4431.528432745683,4431.528432745683,0,0,0
15,4271.63637562802,4271.63637562802,0,0,0
16,4189.831678691663,4189.831678691663,0,0,0
17,4076.324317530582,4076.324317530582,0,0,0
18,3949.492398312217,3949.492398312217,0,0,0
19,3758.2823823627673,3758.2823823627673,0,0,0
20,3588.490562037418,3588.490562037418,0,0,0
21,3515.341617785002,3515.341617785002,0,0,0
22,3433.721619455438,3433.721619455438,0,0,0
23,3178.7113149542556,3178.7113149542556,0,0,0
24,3051.9789316277756,3051.9789316277756,0,0,0
25,2959.1343002319336,2959.1343002319336,0,0,0
26,2923.06371588456,2923.06371588456,0,0,0
27,2732.799270629883,2732.799270629883,0,0,0
28,2625.76085502223,2625.76085502223,0,0,0
29,2472.9254347148694,2472.9254347148694,0,0,0
30,2516.5869606419615,2516.5869606419615,0,0,0
31,2298.241375170256,2298.241375170256,0,0,0
32,1982.655474813361,1982.655474813361,0,0,0
33,2096.899298015394,2096.899298015394,0,0,0
34,1928.7969412552684,1928.7969412552684,0,0,0
35,1917.0204118427478,1917.0204118427478,0,0,0
36,1664.4894842850535,1664.4894842850535,0,0,0
37,1690.5740378530402,1690.5740378530402,0,0,0
38,1497.1778901250739,1497.1778901250739,0,0,0
39,1500.437476258529,1500.437476258529,0,0,0
40,1331.2761936187744,1331.2761936187744,0,0,0
41,1232.6083100971423,1232.6083100971423,0,0,0
42,1221.241323169909,1221.241323169909,0,0,0
43,1381.772135985525,1381.772135985525,0,0,0
44,1101.5821896603234,1101.5821896603234,0,0,0
45,1017.2368714182,1017.2368714182,0,0,0
46,1091.311946266576,1091.311946266576,0,0,0
47,871.0613707492226,871.0613707492226,0,0,0
48,828.5793697959498,828.5793697959498,0,0,0
49,771.2861593146073,771.2861593146073,0,0,0
50,877.0196870502673,877.0196870502673,0,0,0
51,712.8187396400854,712.8187396400854,0,0,0
52,712.4107929530896,712.4107929530896,0,0,0
53,682.1420489863345,682.1420489863345,0,0,0
54,609.8328541956449,609.8328541956449,0,0,0
55,506.432640778391,506.432640778391,0,0,0
56,496.0546275690982,496.0546275690982,0,0,0
57,553.2634612133628,553.2634612133628,0,0,0
58,387.98895740509033,387.98895740509033,0,0,0
59,466.39130411650007,466.39130411650007,0,0,0
60,522.692121204577,522.692121204577,0,0,0
61,380.80237642087434,380.80237642087434,0,0,0
62,400.1989260221782,400.1989260221782,0,0,0
63,315.08827989979795,315.08827989979795,0,0,0
64,416.3101124763489,416.3101124763489,0,0,0
65,303.5467724047209,303.5467724047209,0,0,0
66,286.9194918682701,286.9194918682701,0,0,0
67,288.17222795988386,288.17222795988386,0,0,0
68,290.8226330907721,290.8226330907721,0,0,0
69,286.4429091654326,286.4429091654326,0,0,0
70,307.5979201919154,307.5979201919154,0,0,0
71,241.3132604674289,241.3132604674289,0,0,0
72,213.56225176861412,213.56225176861412,0,0,0
73,253.8102869736521,253.8102869736521,0,0,0
74,188.09400174492285,188.09400174492285,0,0,0
75,176.95366899590744,176.95366899590744,0,0,0
76,207.12017849871987,207.12017849871987,0,0,0
77,156.29008510238245,156.29008510238245,0,0,0
78,200.2793652321163,200.2793652321163,0,0,0
79,161.55717410539327,161.55717410539327,0,0,0
80,144.770427616019,144.770427616019,0,0,0
81,136.88325648558768,136.88325648558768,0,0,0
82,157.74629635559884,157.74629635559884,0,0,0
83,109.7854343213533,109.7854343213533,0,0,0
84,126.94273883418033,126.94273883418033,0,0,0
85,115.21724566033012,115.21724566033012,0,0,0
86,137.1392478315454,137.1392478315454,0,0,0
87,113.60072487906406,113.60072487906406,0,0,0
88,112.43601235590484,112.43601235590484,0,0,0
89,121.5480336515527,121.5480336515527,0,0,0
90,98.91419452742527,98.91419452742527,0,0,0
91,91.35609034488076,91.35609034488076,0,0,0
92,85.9375572141848,85.9375572141848,0,0,0
93,83.64662351106342,83.64662351106342,0,0,0
94,93.46012697721783,93.46012697721783,0,0,0
95,80.40740585327148,80.40740585327148,0,0,0
96,68.68867444992065,68.68867444992065,0,0,0
97,70.11306392205388,70.11306392205388,0,0,0
98,94.96189245424773,94.96189245424773,0,0,0
99,69.098141704735,69.098141704735,0,0,0
100,77.9348853104993,77.9348853104993,0,0,0
101,99.16602994736873,99.16602994736873,0,0,0
102,52.58698480380209,52.58698480380209,0,0,0
103,75.50881341256593,75.50881341256593,0,0,0
104,47.09360777076922,47.09360777076922,0,0,0
105,56.54296525214848,56.54296525214848,0,0,0
106,38.593611695264514,38.593611695264514,0,0,0
107,54.76949474058653,54.76949474058653,0,0,0
108,41.65625236536327,41.65625236536327,0,0,0
109,63.78922452110993,63.78922452110993,0,0,0
110,49.17026837248551,49.17026837248551,0,0,0
111,56.08797641490635,56.08797641490635,0,0,0
112,43.329974069407115,43.329974069407115,0,0,0
113,36.5079621515776,36.5079621515776,0,0,0
114,37.34686664060543,37.34686664060543,0,0,0
115,52.097767193066446,52.097767193066446,0,0,0
116,47.2449446728355,47.2449446728355,0,0,0
117,34.40919551723882,34.40919551723882,0,0,0
118,33.18881469964981,33.18881469964981,0,0,0
119,48.1922621083887,48.1922621083887,0,0,0
120,31.39447296214731,31.39447296214731,0,0,0
121,30.150306424027995,30.150306424027995,0,0,0
122,27.450506800099422,27.450506800099422,0,0,0
123,32.62288199757275,32.62288199757275,0,0,0
124,40.18142269316473,40.18142269316473,0,0,0
125,25.766589812542264,25.766589812542264,0,0,0
126,26.701490730047226,26.701490730047226,0,0,0
127,33.86435064359715,33.86435064359715,0,0,0
128,36.165467012085415,36.165467012085415,0,0,0
129,21.387437800043507,21.387437800043507,0,0,0
130,24.382634896981088,24.382634896981088,0,0,0
131,23.92226797499155,23.92226797499155,0,0,0
132,23.658833467646648,23.658833467646648,0,0,0
133,17.90307703143672,17.90307703143672,0,0,0
134,22.27394287366616,22.27394287366616,0,0,0
135,23.438620537519455,23.438620537519455,0,0,0
136,14.855561771675161,14.855561771675161,0,0,0
137,17.395762809797336,17.395762809797336,0,0,0
138,16.811128370071714,16.811128370071714,0,0,0
139,14.82151269991147,14.82151269991147,0,0,0
140,14.182520429554739,14.182520429554739,0,0,0
141,13.222027199833017,13.222027199833017,0,0,0
142,16.625508447226725,16.625508447226725,0,0,0
143,13.742776657405653,13.742776657405653,0,0,0
144,12.997866804662504,12.997866804662504,0,0,0
145,33.901999779437716,33.901999779437716,0,0,0
146,13.487377021657792,13.487377021657792,0,0,0
147,25.910890914891894,25.910890914891894,0,0,0
148,9.700415363437251,9.700415363437251,0,0,0
149,14.13045425634635,14.13045425634635,0,0,0
150,11.640658321349244,11.640658321349244,0,0,0
151,10.902431931934858,10.902431931934858,0,0,0
152,9.758817663318233,9.758817663318233,0,0,0
153,11.91315492673924,11.91315492673924,0,0,0
154,12.605973842896914,12.605973842896914,0,0,0
155,11.706815365897981,11.706815365897981,0,0,0
156,16.080382559644548,16.080382559644548,0,0,0
157,9.21099511886898,9.21099511886898,0,0,0
158,7.985584594701466,7.985584594701466,0,0,0
159,8.340236317954565,8.340236317954565,0,0,0
160,8.474452025011965,8.474452025011965,0,0,0
161,19.651551561135996,19.651551561135996,0,0,0
162,10.458819968920006,10.458819968920006,0,0,0
163,5.783565161259551,5.783565161259551,0,0,0
164,7.160868262774066,7.160868262774066,0,0,0
165,11.325583657151775,11.325583657151775,0,0,0
166,8.563492769473477,8.563492769473477,0,0,0
167,7.563270899026017,7.563270899026017,0,0,0
168,10.282974718040542,10.282974718040542,0,0,0
169,9.042926874599958,9.042926874599958,0,0,0
170,10.12708235571259,10.12708235571259,0,0,0
171,11.087176851536098,11.087176851536098,0,0,0
172,8.5700668355352,8.5700668355352,0,0,0
173,5.1767640568708115,5.1767640568708115,0,0,0
174,10.124658098346309,10.124658098346309,0,0,0
175,7.06860047735666,7.06860047735666,0,0,0
176,4.3372549328364824,4.3372549328364824,0,0,0
177,6.700460486506161,6.700460486506161,0,0,0
178,10.235187806581196,10.235187806581196,0,0,0
179,4.130434576225908,4.130434576225908,0,0,0
180,6.863354820562036,6.863354820562036,0,0,0
181,6.429808012749019,6.429808012749019,0,0,0
182,5.699960722342918,5.699960722342918,0,0,0
183,4.228243785077019,4.228243785077019,0,0,0
184,6.146193072984093,6.146193072984093,0,0,0
185,2.4900834505495273,2.4900834505495273,0,0,0
186,5.749483186947672,5.749483186947672,0,0,0
187,3.655129970296433,3.655129970296433,0,0,0
188,6.837286728777383,6.837286728777383,0,0,0
189,4.386482694039219,4.386482694039219,0,0,0
190,3.3363222071999,3.3363222071999,0,0,0
191,5.761147012836055,5.761147012836055,0,0,0
192,3.7784516078076864,3.7784516078076864,0,0,0
193,3.7328003503774343,3.7328003503774343,0,0,0
194,6.317352833324357,6.317352833324357,0,0,0
195,3.4324793584252657,3.4324793584252657,0,0,0
196,2.4794186910516336,2.4794186910516336,0,0,0
197,3.0163743009692743,3.0163743009692743,0,0,0
198,3.975724681427604,3.975724681427604,0,0,0
199,4.5393837380566096,4.5393837380566096,0,0,0
200,4.163303475630911,4.163303475630911,0,0,0
201,4.051330498174617,4.051330498174617,0,0,0
202,3.3278535012351838,3.3278535012351838,0,0,0
203,1.6734885726320117,1.6734885726320117,0,0,0
204,2.895792839558501,2.895792839558501,0,0,0
205,3.5067771084998784,3.5067771084998784,0,0,0
206,2.1317999319810617,2.1317999319810617,0,0,0
207,2.3793444751124633,2.3793444751124633,0,0,0
208,2.383692198678067,2.383692198678067,0,0,0
209,4.106662797692575,4.106662797692575,0,0,0
210,2.1568374343608556,2.1568374343608556,0,0,0
211,2.3266854748914114,2.3266854748914114,0,0,0
212,2.920134985525357,2.920134985525357,0,0,0
213,5.30159687956697,5.30159687956697,0,0,0
214,1.4662956215049092,1.4662956215049092,0,0,0
215,1.6897903743543123,1.6897903743543123,0,0,0
216,1.7836854638237702,1.7836854638237702,0,0,0
217,3.1204425386692347,3.1204425386692347,0,0,0
218,3.695575585490779,3.695575585490779,0,0,0
219,1.972956600549974,1.972956600549974,0,0,0
220,2.266130200342128,2.266130200342128,0,0,0
221,2.586675955668876,2.586675955668876,0,0,0
222,2.455177176155542,2.455177176155542,0,0,0
223,1.5062510226117938,1.5062510226117938,0,0,0
224,2.447462945392257,2.447462945392257,0,0,0
225,2.2356384867116024,2.2356384867116024,0,0,0
226,3.0809341269104102,3.0809341269104102,0,0,0
227,1.470974247706564,1.470974247706564,0,0,0
228,3.2129277947701906,3.2129277947701906,0,0,0
229,1.0292201614693592,1.0292201614693592,0,0,0
230,1.2652252669397153,1.2652252669397153,0,0,0
231,1.4140372911566181,1.4140372911566181,0,0,0
232,1.4770160289971452,1.4770160289971452,0,0,0
233,0.8789570602147203,0.8789570602147203,0,0,0
234,1.533004722312877,1.533004722312877,0,0,0
235,1.3569616008745997,1.3569616008745997,0,0,0
236,1.1221598822035288,1.1221598822035288,0,0,0
237,1.9716977281005759,1.9716977281005759,0,0,0
238,1.274209378973434,1.274209378973434,0,0,0
239,1.687646772908537,1.687646772908537,0,0,0
240,3.746391326581177,3.746391326581177,0,0,0
241,1.057826342159196,1.057826342159196,0,0,0
242,1.5153073488097442,1.5153073488097442,0,0,0
243,1.2033221815761768,1.2033221815761768,0,0,0
244,2.201184746466185,2.201184746466185,0,0,0
245,1.2088663942719762,1.2088663942719762,0,0,0
246,2.6235871813014935,2.6235871813014935,0,0,0
247,1.4260537051840831,1.4260537051840831,0,0,0
248,1.0411808886810352,1.0411808886810352,0,0,0
249,0.8968226423389033,0.8968226423389033,0,0,0
250,1.4596935251825733,1.4596935251825733,0,0,0
251,0.93645197662868,0.93645197662868,0,0,0
252,0.7667107778160196,0.7667107778160196,0,0,0
253,1.2654651999473572,1.2654651999473572,0,0,0
254,1.594516370249422,1.594516370249422,0,0,0
255,0.8700216651747101,0.8700216651747101,0,0,0
256,2.0116689342417216,2.0116689342417216,0,0,0
257,0.7819153313574038,0.7819153313574038,0,0,0
258,0.7016141963632483,0.7016141963632483,0,0,0
259,0.8034556735503046,0.8034556735503046,0,0,0
260,0.9675667709425876,0.9675667709425876,0,0,0
261,0.8118191604551516,0.8118191604551516,0,0,0
262,0.5982905638061071,0.5982905638061071,0,0,0
263,1.1439622899419384,1.1439622899419384,0,0,0
264,0.931058557802125,0.931058557802125,0,0,0
265,0.825811078281779,0.825811078281779,0,0,0
266,0.6542232185602188,0.6542232185602188,0,0,0
267,0.9053070733421728,0.9053070733421728,0,0,0
268,0.7647755879320597,0.7647755879320597,0,0,0
269,0.5885455349558278,0.5885455349558278,0,0,0
270,1.0007288310872882,1.0007288310872882,0,0,0
271,0.6920960874933946,0.6920960874933946,0,0,0
272,0.8424093805645642,0.8424093805645642,0,0,0
273,1.0587649337555234,1.0587649337555234,0,0,0
274,1.0005264337125577,1.0005264337125577,0,0,0
275,0.6379881391399785,0.6379881391399785,0,0,0
276,0.9262647142535761,0.9262647142535761,0,0,0
277,0.714868244764052,0.714868244764052,0,0,0
278,0.7464276458087721,0.7464276458087721,0,0,0
279,1.1937909259607917,1.1937909259607917,0,0,0
280,0.9188460519439295,0.9188460519439295,0,0,0
281,0.7890455314987584,0.7890455314987584,0,0,0
282,0.6005141931144815,0.6005141931144815,0,0,0
283,0.8040792867541313,0.8040792867541313,0,0,0
284,0.7573093583709315,0.7573093583709315,0,0,0
285,0.8674783808620352,0.8674783808620352,0,0,0
286,0.5682560087818849,0.5682560087818849,0,0,0
287,0.4683404266834259,0.4683404266834259,0,0,0
288,0.6174922899196023,0.6174922899196023,0,0,0
289,0.47541984092248113,0.47541984092248113,0,0,0
290,0.5865727670882878,0.5865727670882878,0,0,0
291,0.4857727755841456,0.4857727755841456,0,0,0
292,0.7247020166955496,0.7247020166955496,0,0,0
293,0.5407598387253912,0.5407598387253912,0,0,0
294,0.7562873849743291,0.7562873849743291,0,0,0
295,1.1478295706604655,1.1478295706604655,0,0,0
296,0.46500983442130844,0.46500983442130844,0,0,0
297,1.140538690905822,1.140538690905822,0,0,0
298,0.752625606561962,0.752625606561962,0,0,0
299,0.5762002079894668,0.5762002079894668,0,0,0
300,0.7655818144741812,0.7655818144741812,0,0,0
301,0.876789290261896,0.876789290261896,0,0,0
302,0.6588904151791021,0.6588904151791021,0,0,0
303,0.4744743696953121,0.4744743696953121,0,0,0
304,0.5070269492111708,0.5070269492111708,0,0,0
305,0.6810339987277985,0.6810339987277985,0,0,0
306,0.44684206615937383,0.44684206615937383,0,0,0
307,0.528161949233005,0.528161949233005,0,0,0
308,0.6014409163280537,0.6014409163280537,0,0,0
309,0.6048678963592178,0.6048678963592178,0,0,0
310,0.5232451652225695,0.5232451652225695,0,0,0
311,0.42278924035398585,0.42278924035398585,0,0,0
312,0.48385362640807505,0.48385362640807505,0,0,0
313,0.4080725551435822,0.4080725551435822,0,0,0
314,0.44398560571043116,0.44398560571043116,0,0,0
315,0.43201766045469986,0.43201766045469986,0,0,0
316,0.8663796402121845,0.8663796402121845,0,0,0
317,0.7401523095996756,0.7401523095996756,0,0,0
318,0.47060009837150574,0.47060009837150574,0,0,0
319,0.5837050856728303,0.5837050856728303,0,0,0
320,0.4017940061657052,0.4017940061657052,0,0,0
321,0.39289523974845286,0.39289523974845286,0,0,0
322,0.6632543990486547,0.6632543990486547,0,0,0
323,0.5280690365716031,0.5280690365716031,0,0,0
324,0.5348991194837972,0.5348991194837972,0,0,0
325,0.4809595934654537,0.4809595934654537,0,0,0
326,0.48233634900105626,0.48233634900105626,0,0,0
327,0.4675325476809552,0.4675325476809552,0,0,0
328,0.49003218428084727,0.49003218428084727,0,0,0
329,0.6027192316557232,0.6027192316557232,0,0,0
330,0.4761260465571755,0.4761260465571755,0,0,0
331,0.3785679418789713,0.3785679418789713,0,0,0
332,0.378055560745691,0.378055560745691,0,0,0
333,0.6738220598352583,0.6738220598352583,0,0,0
334,0.3720741938603552,0.3720741938603552,0,0,0
335,0.8239668780251553,0.8239668780251553,0,0,0
336,0.4399224739325674,0.4399224739325674,0,0,0
337,0.4356634142367463,0.4356634142367463,0,0,0
338,0.41418227945503433,0.41418227945503433,0,0,0
339,0.3822733069721021,0.3822733069721021,0,0,0
340,0.36728884436582265,0.36728884436582265,0,0,0
341,0.6895585405199152,0.6895585405199152,0,0,0
342,0.6641789533590016,0.6641789533590016,0,0,0
343,0.4145114845351169,0.4145114845351169,0,0,0
344,0.36917160372985036,0.36917160372985036,0,0,0
345,0.3857471997800626,0.3857471997800626,0,0,0
346,0.354639965452646,0.354639965452646,0,0,0
347,0.47675618999882746,0.47675618999882746,0,0,0
348,0.4156073974935632,0.4156073974935632,0,0,0
349,0.38208666522251933,0.38208666522251933,0,0,0
350,0.3466522874016511,0.3466522874016511,0,0,0
351,0.4600217138466082,0.4600217138466082,0,0,0
352,0.3589804697977869,0.3589804697977869,0,0,0
353,0.3477906490627088,0.3477906490627088,0,0,0
354,0.39226819966968735,0.39226819966968735,0,0,0
355,0.5310073353742298,0.5310073353742298,0,0,0
356,0.4429958235276373,0.4429958235276373,0,0,0
357,0.36762619410690506,0.36762619410690506,0,0,0
358,0.346139268655526,0.346139268655526,0,0,0
359,0.42883624528583725,0.42883624528583725,0,0,0
360,0.35929991775437403,0.35929991775437403,0,0,0
361,0.5405787849112561,0.5405787849112561,0,0,0
362,0.3484502854315858,0.3484502854315858,0,0,0
363,0.3507147666655089,0.3507147666655089,0,0,0
364,0.35383627485287816,0.35383627485287816,0,0,0
365,0.3583168167816965,0.3583168167816965,0,0,0
366,0.32157840148398753,0.32157840148398753,0,0,0
367,0.3762828793964888,0.3762828793964888,0,0,0
368,0.38587234286885513,0.38587234286885513,0,0,0
369,0.3562667260044499,0.3562667260044499,0,0,0
370,0.3483275692713888,0.3483275692713888,0,0,0
371,0.4535554992525201,0.4535554992525201,0,0,0
372,0.34623243228385325,0.34623243228385325,0,0,0
373,0.3856698125600815,0.3856698125600815,0,0,0
374,0.3427695106518896,0.3427695106518896,0,0,0
375,0.3646830571325202,0.3646830571325202,0,0,0
376,0.36454391008929204,0.36454391008929204,0,0,0
377,0.4506544988406332,0.4506544988406332,0,0,0
378,0.37758570595791463,0.37758570595791463,0,0,0
379,0.3490759918564244,0.3490759918564244,0,0,0
380,0.43415921220653936,0.43415921220653936,0,0,0
381,0.3527023917750308,0.3527023917750308,0,0,0
382,0.34693747758865356,0.34693747758865356,0,0,0
383,0.3748985034854789,0.3748985034854789,0,0,0
384,0.43986569344997406,0.43986569344997406,0,0,0
385,0.3652829567068501,0.3652829567068501,0,0,0
386,0.34259342833569173,0.34259342833569173,0,0,0
387,0.32540636627297653,0.32540636627297653,0,0,0
388,0.35310126213650955,0.35310126213650955,0,0,0
389,0.37627117022087697,0.37627117022087697,0,0,0
390,0.3548781338490938,0.3548781338490938,0,0,0
391,0.3325893377002917,0.3325893377002917,0,0,0
392,0.39116741167871577,0.39116741167871577,0,0,0
393,0.3538214650593306,0.3538214650593306,0,0,0
394,0.38217034779096903,0.38217034779096903,0,0,0
395,0.3190406804022036,0.3190406804022036,0,0,0
396,0.355365052819252,0.355365052819252,0,0,0
397,0.36216422837031514,0.36216422837031514,0,0,0
398,0.3720929763819042,0.3720929763819042,0,0,0
399,0.3392584033702549,0.3392584033702549,0,0,0
400,0.3342701604491786,0.3342701604491786,0,0,0
401,0.37054315836806045,0.37054315836806045,0,0,0
402,0.3428501949498528,0.3428501949498528,0,0,0
403,0.37128796938218567,0.37128796938218567,0,0,0
404,0.3720720128009194,0.3720720128009194,0,0,0
405,0.31130465159290716,0.31130465159290716,0,0,0
406,0.3765275815599843,0.3765275815599843,0,0,0
407,0.3476531897720538,0.3476531897720538,0,0,0
408,0.35003880921163055,0.35003880921163055,0,0,0
409,0.3608264828983106,0.3608264828983106,0,0,0
410,0.31340826969397695,0.31340826969397695,0,0,0
411,0.3201559907511661,0.3201559907511661,0,0,0
412,0.3390710965583199,0.3390710965583199,0,0,0
413,0.39471304181375,0.39471304181375,0,0,0
414,0.3133975785029562,0.3133975785029562,0,0,0
415,0.34319117900572327,0.34319117900572327,0,0,0
416,0.3284197630066621,0.3284197630066621,0,0,0
417,0.3372780437532224,0.3372780437532224,0,0,0
418,0.32575306217921407,0.32575306217921407,0,0,0
419,0.30771297608551224,0.30771297608551224,0,0,0
420,0.3569574634495534,0.3569574634495534,0,0,0
421,0.33206959382483836,0.33206959382483836,0,0,0
422,0.32463188077274124,0.32463188077274124,0,0,0
423,0.3083453499957135,0.3083453499957135,0,0,0
424,0.3274430844344591,0.3274430844344591,0,0,0
425,0.3120109105580731,0.3120109105580731,0,0,0
426,0.32164138555526733,0.32164138555526733,0,0,0
427,0.3318168591511877,0.3318168591511877,0,0,0
428,0.3139627473919015,0.3139627473919015,0,0,0
429,0.3208134703730282,0.3208134703730282,0,0,0
430,0.31500126343024404,0.31500126343024404,0,0,0
431,0.3328652460324137,0.3328652460324137,0,0,0
432,0.31685995585040044,0.31685995585040044,0,0,0
433,0.3264576643705368,0.3264576643705368,0,0,0
434,0.36507608310172435,0.36507608310172435,0,0,0
435,0.305379556590005,0.305379556590005,0,0,0
436,0.321168485440706,0.321168485440706,0,0,0
437,0.3266839667370445,0.3266839667370445,0,0,0
438,0.30972658215384735,0.30972658215384735,0,0,0
439,0.29943672175470154,0.29943672175470154,0,0,0
440,0.3070801794528961,0.3070801794528961,0,0,0
441,0.30251645571307134,0.30251645571307134,0,0,0
442,0.309964214500628,0.309964214500628,0,0,0
443,0.3141967269935106,0.3141967269935106,0,0,0
444,0.3724472287454103,0.3724472287454103,0,0,0
445,0.31496146791859675,0.31496146791859675,0,0,0
446,0.3010473321927221,0.3010473321927221,0,0,0
447,0.30513850403459447,0.30513850403459447,0,0,0
448,0.30832521931121226,0.30832521931121226,0,0,0
449,0.29820551723241806,0.29820551723241806,0,0,0
450,0.29215664142056513,0.29215664142056513,0,0,0
451,0.33550934885677536,0.33550934885677536,0,0,0
452,0.29991440553414195,0.29991440553414195,0,0,0
453,0.33292156536328166,0.33292156536328166,0,0,0
454,0.3002851523066822,0.3002851523066822,0,0,0
455,0.3108097091317177,0.3108097091317177,0,0,0
456,0.2999718550004457,0.2999718550004457,0,0,0
457,0.29838878426112625,0.29838878426112625,0,0,0
458,0.31019024394060435,0.31019024394060435,0,0,0
459,0.295002003641505,0.295002003641505,0,0,0
460,0.2949382764728446,0.2949382764728446,0,0,0
461,0.30613471332349274,0.30613471332349274,0,0,0
462,0.28752687926355164,0.28752687926355164,0,0,0
463,0.29962572220124695,0.29962572220124695,0,0,0
464,0.29734002720368535,0.29734002720368535,0,0,0
465,0.3226365125492999,0.3226365125492999,0,0,0
466,0.28887208590382024,0.28887208590382024,0,0,0
467,0.2937316463181847,0.2937316463181847,0,0,0
468,0.3442308553739598,0.3442308553739598,0,0,0
469,0.2989458665251732,0.2989458665251732,0,0,0
470,0.36652044402925593,0.36652044402925593,0,0,0
471,0.30271219030806895,0.30271219030806895,0,0,0
472,0.29475952292743485,0.29475952292743485,0,0,0
473,0.314139172042671,0.314139172042671,0,0,0
474,0.29055438935756683,0.29055438935756683,0,0,0
475,0.2869207564937441,0.2869207564937441,0,0,0
476,0.28357305769857605,0.28357305769857605,0,0,0
477,0.30336703909070867,0.30336703909070867,0,0,0
478,0.2978861100579563,0.2978861100579563,0,0,0
479,0.3088560571011744,0.3088560571011744,0,0,0
480,0.28973749789752457,0.28973749789752457,0,0,0
481,0.2920342711241622,0.2920342711241622,0,0,0
482,0.2856712400128967,0.2856712400128967,0,0,0
483,0.2933218961483554,0.2933218961483554,0,0,0
484,0.2922943991265799,0.2922943991265799,0,0,0
485,0.2825476915428513,0.2825476915428513,0,0,0
486,0.29114507099515513,0.29114507099515513,0,0,0
487,0.29273448217856257,0.29273448217856257,0,0,0
488,0.3097792318777034,0.3097792318777034,0,0,0
489,0.29587311689790924,0.29587311689790924,0,0,0
490,0.30498357862234116,0.30498357862234116,0,0,0
491,0.28481937160617427,0.28481937160617427,0,0,0
492,0.2810350033013444,0.2810350033013444,0,0,0
493,0.2932281600017297,0.2932281600017297,0,0,0
494,0.3027111605594033,0.3027111605594033,0,0,0
495,0.2855050912813136,0.2855050912813136,0,0,0
496,0.2867822898061652,0.2867822898061652,0,0,0
497,0.30829156150943354,0.30829156150943354,0,0,0
498,0.3040522905556779,0.3040522905556779,0,0,0
499,0.28668587262693207,0.28668587262693207,0,0,0
500,0.29849908500909805,0.29849908500909805,0,0,0
501,0.2766251007193013,0.2766251007193013,0,0,0
502,0.2995223575516751,0.2995223575516751,0,0,0
503,0.2927201378502344,0.2927201378502344,0,0,0
504,0.2813217722271618,0.2813217722271618,0,0,0
505,0.277313889249375,0.277313889249375,0,0,0
506,0.2828184032910748,0.2828184032910748,0,0,0
507,0.4453196572630029,0.4453196572630029,0,0,0
508,0.2776058049578416,0.2776058049578416,0,0,0
509,0.2833238098966448,0.2833238098966448,0,0,0
510,0.28447212121988597,0.28447212121988597,0,0,0
511,0.2862765408660236,0.2862765408660236,0,0,0
512,0.2766170027224641,0.2766170027224641,0,0,0
513,0.2806188526906465,0.2806188526906465,0,0,0
514,0.28511659369656916,0.28511659369656916,0,0,0
515,0.2838149309942597,0.2838149309942597,0,0,0
516,0.27857466120468943,0.27857466120468943,0,0,0
517,0.2821693487073246,0.2821693487073246,0,0,0
518,0.2728742710069606,0.2728742710069606,0,0,0
519,0.2746703291409894,0.2746703291409894,0,0,0
520,0.29421569250131907,0.29421569250131907,0,0,0
521,0.27350766839165436,0.27350766839165436,0,0,0
522,0.2849147845255701,0.2849147845255701,0,0,0
523,0.2829461666314225,0.2829461666314225,0,0,0
524,0.2734193503856659,0.2734193503856659,0,0,0
525,0.27579404021564285,0.27579404021564285,0,0,0
526,0.2716234945937207,0.2716234945937207,0,0,0
527,0.2813333947407572,0.2813333947407572,0,0,0
528,0.27405113883708654,0.27405113883708654,0,0,0
529,0.2779738087403147,0.2779738087403147,0,0,0
530,0.2792152385962637,0.2792152385962637,0,0,0
531,0.28346139937639236,0.28346139937639236,0,0,0
532,0.2777270113951282,0.2777270113951282,0,0,0
533,0.26689613414438146,0.26689613414438146,0,0,0
534,0.2650885566284782,0.2650885566284782,0,0,0
535,0.29031807693995926,0.29031807693995926,0,0,0
536,0.27498146930807515,0.27498146930807515,0,0,0
537,0.2737746822990869,0.2737746822990869,0,0,0
538,0.26666353368445445,0.26666353368445445,0,0,0
539,0.27394387596531916,0.27394387596531916,0,0,0
540,0.27859057250775787,0.27859057250775787,0,0,0
541,0.2668564190205775,0.2668564190205775,0,0,0
542,0.26724997241246073,0.26724997241246073,0,0,0
543,0.2610449630178903,0.2610449630178903,0,0,0
544,0.2619606891745015,0.2619606891745015,0,0,0
545,0.25999458683164495,0.25999458683164495,0,0,0
546,0.2585760892221802,0.2585760892221802,0,0,0
547,0.27877750286930486,0.27877750286930486,0,0,0
548,0.25659124984552983,0.25659124984552983,0,0,0
549,0.2647745511249492,0.2647745511249492,0,0,0
550,0.27388734527324377,0.27388734527324377,0,0,0
551,0.2516870357488331,0.2516870357488331,0,0,0
552,0.25843111229570287,0.25843111229570287,0,0,0
553,0.2662521275250535,0.2662521275250535,0,0,0
554,0.25766020581910487,0.25766020581910487,0,0,0
555,0.27049397912464646,0.27049397912464646,0,0,0
556,0.26463152428990916,0.26463152428990916,0,0,0
557,0.2574649037499177,0.2574649037499177,0,0,0
558,0.24968059753116809,0.24968059753116809,0,0,0
559,0.2529199288079613,0.2529199288079613,0,0,0
560,0.25969171759329346,0.25969171759329346,0,0,0
561,0.25499742791840907,0.25499742791840907,0,0,0
562,0.27316409271014364,0.27316409271014364,0,0,0
563,0.27822298478139074,0.27822298478139074,0,0,0
564,0.24924544519499728,0.24924544519499728,0,0,0
565,0.27676151653653697,0.27676151653653697,0,0,0
566,0.2561902368539258,0.2561902368539258,0,0,0
567,0.25665240538747686,0.25665240538747686,0,0,0
568,0.251080150274854,0.251080150274854,0,0,0
569,0.2871839070790692,0.2871839070790692,0,0,0
570,0.2616329698970443,0.2616329698970443,0,0,0
571,0.2581905589291924,0.2581905589291924,0,0,0
572,0.24350968865971817,0.24350968865971817,0,0,0
573,0.2574737671958773,0.2574737671958773,0,0,0
574,0.2467205465624207,0.2467205465624207,0,0,0
575,0.264644514181112,0.264644514181112,0,0,0
576,0.24725166198454404,0.24725166198454404,0,0,0
577,0.2881841443871197,0.2881841443871197,0,0,0
578,0.2573226623629269,0.2573226623629269,0,0,0
579,0.2517726550761022,0.2517726550761022,0,0,0
580,0.24655522876664213,0.24655522876664213,0,0,0
581,0.25849950470422445,0.25849950470422445,0,0,0
582,0.2493890218044582,0.2493890218044582,0,0,0
583,0.2408276039518808,0.2408276039518808,0,0,0
584,0.2637040442542026,0.2637040442542026,0,0,0
585,0.2409130825023902,0.2409130825023902,0,0,0
586,0.2461383060405129,0.2461383060405129,0,0,0
587,0.25609895704608215,0.25609895704608215,0,0,0
588,0.2506441615129772,0.2506441615129772,0,0,0
589,0.23857170813962034,0.23857170813962034,0,0,0
590,0.24023484870007164,0.24023484870007164,0,0,0
591,0.2425263359358436,0.2425263359358436,0,0,0
592,0.23889059494984777,0.23889059494984777,0,0,0
593,0.24493439966126493,0.24493439966126493,0,0,0
594,0.25806249207571935,0.25806249207571935,0,0,0
595,0.24091485534843646,0.24091485534843646,0,0,0
596,0.24832441148005033,0.24832441148005033,0,0,0
597,0.24745033720606252,0.24745033720606252,0,0,0
598,0.25006990918987676,0.25006990918987676,0,0,0
599,0.251033400626559,0.251033400626559,0,0,0
600,0.2693102610738654,0.2693102610738654,0,0,0
601,0.24792969344477905,0.24792969344477905,0,0,0
602,0.22971269213839582,0.22971269213839582,0,0,0
603,0.25180647522211075,0.25180647522211075,0,0,0
604,0.23821937332027837,0.23821937332027837,0,0,0
605,0.2530905325946055,0.2530905325946055,0,0,0
606,0.2332665857515837,0.2332665857515837,0,0,0
607,0.24513418345074905,0.24513418345074905,0,0,0
608,0.26307923621252965,0.26307923621252965,0,0,0
609,0.23690859032304665,0.23690859032304665,0,0,0
610,0.24186454713344574,0.24186454713344574,0,0,0
611,0.2428735918120334,0.2428735918120334,0,0,0
612,0.22575840040257103,0.22575840040257103,0,0,0
613,0.250867617365561,0.250867617365561,0,0,0
614,0.24170798376986855,0.24170798376986855,0,0,0
615,0.2473567959509398,0.2473567959509398,0,0,0
616,0.24013988477619072,0.24013988477619072,0,0,0
617,0.2321497676403899,0.2321497676403899,0,0,0
618,0.25189103342984853,0.25189103342984853,0,0,0
619,0.2433034848225744,0.2433034848225744,0,0,0
620,0.2391802417604547,0.2391802417604547,0,0,0
621,0.23678793052309438,0.23678793052309438,0,0,0
622,0.23069223212568382,0.23069223212568382,0,0,0
623,0.23561507894804604,0.23561507894804604,0,0,0
624,0.22600748742881574,0.22600748742881574,0,0,0
625,0.22098977157944127,0.22098977157944127,0,0,0
626,0.23226441913529447,0.23226441913529447,0,0,0
627,0.23300750200685702,0.23300750200685702,0,0,0
628,0.2301824598720199,0.2301824598720199,0,0,0
629,0.22859354591683337,0.22859354591683337,0,0,0
630,0.22000516519734734,0.22000516519734734,0,0,0
631,0.267283145142229,0.267283145142229,0,0,0
632,0.22823880181500786,0.22823880181500786,0,0,0
633,0.2342521297304254,0.2342521297304254,0,0,0
634,0.21993342983095268,0.21993342983095268,0,0,0
635,0.24500160664319992,0.24500160664319992,0,0,0
636,0.2426413332945422,0.2426413332945422,0,0,0
637,0.24922249858316622,0.24922249858316622,0,0,0
638,0.2245323073707129,0.2245323073707129,0,0,0
639,0.2274034846770136,0.2274034846770136,0,0,0
640,0.22249141806050352,0.22249141806050352,0,0,0
641,0.22874692709822403,0.22874692709822403,0,0,0
642,0.24142869483483465,0.24142869483483465,0,0,0
643,0.21942139299292313,0.21942139299292313,0,0,0
644,0.24724940014512917,0.24724940014512917,0,0,0
645,0.2268190972114864,0.2268190972114864,0,0,0
646,0.23534085876063296,0.23534085876063296,0,0,0
647,0.2230091894927778,0.2230091894927778,0,0,0
648,0.23948100013168236,0.23948100013168236,0,0,0
649,0.23272928595542908,0.23272928595542908,0,0,0
650,0.2173868888302853,0.2173868888302853,0,0,0
651,0.2248623100550551,0.2248623100550551,0,0,0
652,0.22843653277346962,0.22843653277346962,0,0,0
653,0.22020176562823748,0.22020176562823748,0,0,0
654,0.2249812150472089,0.2249812150472089,0,0,0
655,0.22648853338078448,0.22648853338078448,0,0,0
656,0.22762327327540047,0.22762327327540047,0,0,0
657,0.22652165513289602,0.22652165513289602,0,0,0
658,0.22855409234762192,0.22855409234762192,0,0,0
659,0.2268601581454277,0.2268601581454277,0,0,0
660,0.23456712223981557,0.23456712223981557,0,0,0
661,0.22190607927347483,0.22190607927347483,0,0,0
662,0.2186575288835325,0.2186575288835325,0,0,0
663,0.23094993084669113,0.23094993084669113,0,0,0
664,0.21804070276649376,0.21804070276649376,0,0,0
665,0.27206772212919433,0.27206772212919433,0,0,0
666,0.21644598755397296,0.21644598755397296,0,0,0
667,0.23161901808098742,0.23161901808098742,0,0,0
668,0.23220394826249072,0.23220394826249072,0,0,0
669,0.2213116370533642,0.2213116370533642,0,0,0
670,0.2250541887785259,0.2250541887785259,0,0,0
671,0.2363148543395494,0.2363148543395494,0,0,0
672,0.22352844515913411,0.22352844515913411,0,0,0
673,0.22434020238487343,0.22434020238487343,0,0,0
674,0.22371040441487966,0.22371040441487966,0,0,0
675,0.21423728842484324,0.21423728842484324,0,0,0
676,0.21860167972351374,0.21860167972351374,0,0,0
677,0.21492945794996463,0.21492945794996463,0,0,0
678,0.22671891984186673,0.22671891984186673,0,0,0
679,0.21352242168627286,0.21352242168627286,0,0,0
680,0.2059065879959809,0.2059065879959809,0,0,0
681,0.21076791615862595,0.21076791615862595,0,0,0
682,0.24878856657367004,0.24878856657367004,0,0,0
683,0.2245557539557156,0.2245557539557156,0,0,0
684,0.21423993142027603,0.21423993142027603,0,0,0
685,0.21311916058000765,0.21311916058000765,0,0,0
686,0.21158347631755628,0.21158347631755628,0,0,0
687,0.20949609460015045,0.20949609460015045,0,0,0
688,0.23734989448597557,0.23734989448597557,0,0,0
689,0.21718616234628776,0.21718616234628776,0,0,0
690,0.2094336297166975,0.2094336297166975,0,0,0
691,0.2116211437081036,0.2116211437081036,0,0,0
692,0.21697613322421125,0.21697613322421125,0,0,0
693,0.21064632934959313,0.21064632934959313,0,0,0
694,0.20889028397045636,0.20889028397045636,0,0,0
695,0.22886177740598979,0.22886177740598979,0,0,0
696,0.2178622515578019,0.2178622515578019,0,0,0
697,0.21626582702523783,0.21626582702523783,0,0,0
698,0.21828932275897578,0.21828932275897578,0,0,0
699,0.2184008422650789,0.2184008422650789,0,0,0
700,0.21704667532130292,0.21704667532130292,0,0,0
701,0.20835202344154058,0.20835202344154058,0,0,0
702,0.2163716597776664,0.2163716597776664,0,0,0
703,0.21285103026189303,0.21285103026189303,0,0,0
704,0.20715805025477158,0.20715805025477158,0,0,0
705,0.21352495566794746,0.21352495566794746,0,0,0
706,0.21509439576613276,0.21509439576613276,0,0,0
707,0.21254715362661764,0.21254715362661764,0,0,0
708,0.21405322457614698,0.21405322457614698,0,0,0
709,0.22501030721162496,0.22501030721162496,0,0,0
710,0.2110730421386267,0.2110730421386267,0,0,0
711,0.20594991233788038,0.20594991233788038,0,0,0
712,0.22380522167996356,0.22380522167996356,0,0,0
713,0.21435477466959701,0.21435477466959701,0,0,0
714,0.20134433084412626,0.20134433084412626,0,0,0
715,0.2010000583372618,0.2010000583372618,0,0,0
716,0.20394707784840935,0.20394707784840935,0,0,0
717,0.20472926528830276,0.20472926528830276,0,0,0
718,0.20944005368571533,0.20944005368571533,0,0,0
719,0.20054015674089132,0.20054015674089132,0,0,0
720,0.21628428132910477,0.21628428132910477,0,0,0
721,0.21403024816199354,0.21403024816199354,0,0,0
722,0.22244845722851,0.22244845722851,0,0,0
723,0.20582251093889536,0.20582251093889536,0,0,0
724,0.2133376121913132,0.2133376121913132,0,0,0
725,0.20099688909555735,0.20099688909555735,0,0,0
726,0.221205383147064,0.221205383147064,0,0,0
727,0.21829967436037565,0.21829967436037565,0,0,0
728,0.22390015697792956,0.22390015697792956,0,0,0
729,0.21215339279488513,0.21215339279488513,0,0,0
730,0.21584965759202054,0.21584965759202054,0,0,0
731,0.2050921897354879,0.2050921897354879,0,0,0
732,0.2040874942352897,0.2040874942352897,0,0,0
733,0.19907742581869425,0.19907742581869425,0,0,0
734,0.21062690999947095,0.21062690999947095,0,0,0
735,0.2153473088615819,0.2153473088615819,0,0,0
736,0.1980567245106948,0.1980567245106948,0,0,0
737,0.20426207271061445,0.20426207271061445,0,0,0
738,0.20261990553454348,0.20261990553454348,0,0,0
739,0.19887261563225797,0.19887261563225797,0,0,0
740,0.20675833287991977,0.20675833287991977,0,0,0
741,0.20235118348347514,0.20235118348347514,0,0,0
742,0.21676258468314222,0.21676258468314222,0,0,0
743,0.20640496909618378,0.20640496909618378,0,0,0
744,0.20049867033958435,0.20049867033958435,0,0,0
745,0.2168224277464967,0.2168224277464967,0,0,0
746,0.20438453476679952,0.20438453476679952,0,0,0
747,0.20500477599470238,0.20500477599470238,0,0,0
748,0.20368016236706785,0.20368016236706785,0,0,0
749,0.214959990037115,0.214959990037115,0,0,0
750,0.1998497777079281,0.1998497777079281,0,0,0
751,0.2095400883178962,0.2095400883178962,0,0,0
752,0.21759351656625145,0.21759351656625145,0,0,0
753,0.21575123306952024,0.21575123306952024,0,0,0
754,0.19282787685331546,0.19282787685331546,0,0,0
755,0.19976146166261874,0.19976146166261874,0,0,0
756,0.21191697646128504,0.21191697646128504,0,0,0
757,0.1958613791748097,0.1958613791748097,0,0,0
758,0.20764633621040143,0.20764633621040143,0,0,0
759,0.21581179217288368,0.21581179217288368,0,0,0
760,0.20966766382518567,0.20966766382518567,0,0,0
761,0.20040378994063326,0.20040378994063326,0,0,0
762,0.19985457980319074,0.19985457980319074,0,0,0
763,0.1949080664076303,0.1949080664076303,0,0,0
764,0.2047977173014691,0.2047977173014691,0,0,0
765,0.19322709739208221,0.19322709739208221,0,0,0
766,0.20259001302091698,0.20259001302091698,0,0,0
767,0.2091803401708603,0.2091803401708603,0,0,0
768,0.2121742857914222,0.2121742857914222,0,0,0
769,0.21950065540639976,0.21950065540639976,0,0,0
770,0.2035700725881677,0.2035700725881677,0,0,0
771,0.21315019185605802,0.21315019185605802,0,0,0
772,0.20710172464973048,0.20710172464973048,0,0,0
773,0.20351732365394892,0.20351732365394892,0,0,0
774,0.19201792580516716,0.19201792580516716,0,0,0
775,0.19702380425051638,0.19702380425051638,0,0,0
776,0.1902785579624929,0.1902785579624929,0,0,0
777,0.20277935580203407,0.20277935580203407,0,0,0
778,0.20057042374422676,0.20057042374422676,0,0,0
779,0.20042173878142708,0.20042173878142708,0,0,0
780,0.20247833940543628,0.20247833940543628,0,0,0
781,0.20768281974290548,0.20768281974290548,0,0,0
782,0.19575941013662437,0.19575941013662437,0,0,0
783,0.19668121204564445,0.19668121204564445,0,0,0
784,0.19135044789627978,0.19135044789627978,0,0,0
785,0.19431795022989573,0.19431795022989573,0,0,0
786,0.19080935418605804,0.19080935418605804,0,0,0
787,0.19609877780864113,0.19609877780864113,0,0,0
788,0.21543049420181073,0.21543049420181073,0,0,0
789,0.20108050637339292,0.20108050637339292,0,0,0
790,0.19238703344997607,0.19238703344997607,0,0,0
791,0.19204088065185046,0.19204088065185046,0,0,0
792,0.20123710973482384,0.20123710973482384,0,0,0
793,0.19456267435299723,0.19456267435299723,0,0,0
794,0.19006151509912392,0.19006151509912392,0,0,0
795,0.1888415044859836,0.1888415044859836,0,0,0
796,0.20141125254725156,0.20141125254725156,0,0,0
797,0.1987331340971746,0.1987331340971746,0,0,0
798,0.19081631498901466,0.19081631498901466,0,0,0
799,0.2087157796088018,0.2087157796088018,0,0,0
800,0.19307476517401242,0.19307476517401242,0,0,0
801,0.19744070462490382,0.19744070462490382,0,0,0
802,0.1956343890020722,0.1956343890020722,0,0,0
803,0.19505694822261208,0.19505694822261208,0,0,0
804,0.18831013574411995,0.18831013574411995,0,0,0
805,0.19813699824245354,0.19813699824245354,0,0,0
806,0.20719646740900843,0.20719646740900843,0,0,0
807,0.2041469071256487,0.2041469071256487,0,0,0
808,0.19304972690971275,0.19304972690971275,0,0,0
809,0.18695156786002612,0.18695156786002612,0,0,0
810,0.19276737617818931,0.19276737617818931,0,0,0
811,0.19095685725149356,0.19095685725149356,0,0,0
812,0.20074486026638433,0.20074486026638433,0,0,0
813,0.1912877293009507,0.1912877293009507,0,0,0
814,0.19446045140686788,0.19446045140686788,0,0,0
815,0.2056099792060099,0.2056099792060099,0,0,0
816,0.19848423215903735,0.19848423215903735,0,0,0
817,0.1904206436715628,0.1904206436715628,0,0,0
818,0.197880688074388,0.197880688074388,0,0,0
819,0.18640140424433507,0.18640140424433507,0,0,0
820,0.19427691635332608,0.19427691635332608,0,0,0
821,0.19425447442029653,0.19425447442029653,0,0,0
822,0.193670394193185,0.193670394193185,0,0,0
823,0.19125359309347054,0.19125359309347054,0,0,0
824,0.1972621712637575,0.1972621712637575,0,0,0
825,0.18006594341836477,0.18006594341836477,0,0,0
826,0.19507775455713272,0.19507775455713272,0,0,0
827,0.18612185944067805,0.18612185944067805,0,0,0
828,0.18666117050145803,0.18666117050145803,0,0,0
829,0.19132591862427561,0.19132591862427561,0,0,0
830,0.18899111018369072,0.18899111018369072,0,0,0
831,0.187819216204317,0.187819216204317,0,0,0
832,0.20193134679606087,0.20193134679606087,0,0,0
833,0.18997844230187566,0.18997844230187566,0,0,0
834,0.1905964079656099,0.1905964079656099,0,0,0
835,0.19210371218229594,0.19210371218229594,0,0,0
836,0.1952730154520587,0.1952730154520587,0,0,0
837,0.18695353991106936,0.18695353991106936,0,0,0
838,0.19118374193969526,0.19118374193969526,0,0,0
839,0.18993330864529862,0.18993330864529862,0,0,0
840,0.18659859385929609,0.18659859385929609,0,0,0
841,0.18920903241163806,0.18920903241163806,0,0,0
842,0.18627919256687164,0.18627919256687164,0,0,0
843,0.18108885245103584,0.18108885245103584,0,0,0
844,0.2015052167208571,0.2015052167208571,0,0,0
845,0.1869437349470038,0.1869437349470038,0,0,0
846,0.18396133204039775,0.18396133204039775,0,0,0
847,0.18722915727841227,0.18722915727841227,0,0,0
848,0.1797180662029668,0.1797180662029668,0,0,0
849,0.1831863595074729,0.1831863595074729,0,0,0
850,0.1799743089236711,0.1799743089236711,0,0,0
851,0.18400407543307856,0.18400407543307856,0,0,0
852,0.18484569615439364,0.18484569615439364,0,0,0
853,0.19428912393356623,0.19428912393356623,0,0,0
854,0.18393594457914955,0.18393594457914955,0,0,0
855,0.1837597440340017,0.1837597440340017,0,0,0
856,0.189258374273777,0.189258374273777,0,0,0
857,0.18267548672462763,0.18267548672462763,0,0,0
858,0.17721319159394816,0.17721319159394816,0,0,0
859,0.18518663335003352,0.18518663335003352,0,0,0
860,0.19178275607134165,0.19178275607134165,0,0,0
861,0.1753007046094066,0.1753007046094066,0,0,0
862,0.17717911342256948,0.17717911342256948,0,0,0
863,0.1851129449511829,0.1851129449511829,0,0,0
864,0.19177099964336344,0.19177099964336344,0,0,0
865,0.18345744868642405,0.18345744868642405,0,0,0
866,0.19017454275959417,0.19017454275959417,0,0,0
867,0.18111243412682884,0.18111243412682884,0,0,0
868,0.18877482531886353,0.18877482531886353,0,0,0
869,0.17713465227892525,0.17713465227892525,0,0,0
870,0.19038345566705653,0.19038345566705653,0,0,0
871,0.1881043507080329,0.1881043507080329,0,0,0
872,0.18072272445026197,0.18072272445026197,0,0,0
873,0.17588924146012255,0.17588924146012255,0,0,0
874,0.1911281415898549,0.1911281415898549,0,0,0
875,0.18211041175221143,0.18211041175221143,0,0,0
876,0.17501461701957802,0.17501461701957802,0,0,0
877,0.18232135455075063,0.18232135455075063,0,0,0
878,0.1929124570206592,0.1929124570206592,0,0,0
879,0.18831522135358109,0.18831522135358109,0,0,0
880,0.18546068433083987,0.18546068433083987,0,0,0
881,0.17622464209010727,0.17622464209010727,0,0,0
882,0.19996602950911774,0.19996602950911774,0,0,0
883,0.1897593615086455,0.1897593615086455,0,0,0
884,0.1848293964407946,0.1848293964407946,0,0,0
885,0.18289564197000704,0.18289564197000704,0,0,0
886,0.17295340115302488,0.17295340115302488,0,0,0
887,0.19395236749398082,0.19395236749398082,0,0,0
888,0.18484941830760554,0.18484941830760554,0,0,0
889,0.21305397329361817,0.21305397329361817,0,0,0
890,0.18345510253780767,0.18345510253780767,0,0,0
891,0.1871626247700892,0.1871626247700892,0,0,0
892,0.1756009639878022,0.1756009639878022,0,0,0
893,0.17810365204748355,0.17810365204748355,0,0,0
894,0.18145755972517164,0.18145755972517164,0,0,0
895,0.18794564981209605,0.18794564981209605,0,0,0
896,0.18269992894247958,0.18269992894247958,0,0,0
897,0.17779277147431122,0.17779277147431122,0,0,0
898,0.17644232099777774,0.17644232099777774,0,0,0
899,0.17329915848217511,0.17329915848217511,0,0,0
900,0.1724440314267811,0.1724440314267811,0,0,0
901,0.17805516543356995,0.17805516543356995,0,0,0
902,0.18889725384743591,0.18889725384743591,0,0,0
903,0.17689517454097145,0.17689517454097145,0,0,0
904,0.17371860558265134,0.17371860558265134,0,0,0
905,0.17499886276690582,0.17499886276690582,0,0,0
906,0.18261203542351723,0.18261203542351723,0,0,0
907,0.1994898097687646,0.1994898097687646,0,0,0
908,0.1754844120066417,0.1754844120066417,0,0,0
909,0.18110643052741102,0.18110643052741102,0,0,0
910,0.18878949688453422,0.18878949688453422,0,0,0
911,0.18275243906598343,0.18275243906598343,0,0,0
912,0.19347595894022993,0.19347595894022993,0,0,0
913,0.18193983423866725,0.18193983423866725,0,0,0
914,0.17669856901231565,0.17669856901231565,0,0,0
915,0.17880873421305105,0.17880873421305105,0,0,0
916,0.17438163314210742,0.17438163314210742,0,0,0
917,0.1736290027436457,0.1736290027436457,0,0,0
918,0.18095469788501137,0.18095469788501137,0,0,0
919,0.1884347053342744,0.1884347053342744,0,0,0
920,0.17514182156638095,0.17514182156638095,0,0,0
921,0.18486905803805903,0.18486905803805903,0,0,0
922,0.18360877840926773,0.18360877840926773,0,0,0
923,0.18083297618125616,0.18083297618125616,0,0,0
924,0.1759161484476767,0.1759161484476767,0,0,0
925,0.19922920983088643,0.19922920983088643,0,0,0
926,0.18739798547405945,0.18739798547405945,0,0,0
927,0.1757763981034881,0.1757763981034881,0,0,0
928,0.18480203124253372,0.18480203124253372,0,0,0
929,0.18316445734940076,0.18316445734940076,0,0,0
930,0.17608573444579778,0.17608573444579778,0,0,0
931,0.18545102465309596,0.18545102465309596,0,0,0
932,0.1712318313749213,0.1712318313749213,0,0,0
933,0.17668985144088142,0.17668985144088142,0,0,0
934,0.18033764687807938,0.18033764687807938,0,0,0
935,0.1735186035695829,0.1735186035695829,0,0,0
936,0.17571302424920232,0.17571302424920232,0,0,0
937,0.18536757834647832,0.18536757834647832,0,0,0
938,0.18334475277285828,0.18334475277285828,0,0,0
939,0.1750855028237167,0.1750855028237167,0,0,0
940,0.1784524352926957,0.1784524352926957,0,0,0
941,0.17340046383048358,0.17340046383048358,0,0,0
942,0.17897330322547964,0.17897330322547964,0,0,0
943,0.170988015438381,0.170988015438381,0,0,0
944,0.1803525176487471,0.1803525176487471,0,0,0
945,0.18012706876585358,0.18012706876585358,0,0,0
946,0.171670946635698,0.171670946635698,0,0,0
947,0.1733685929916407,0.1733685929916407,0,0,0
948,0.1821139929325957,0.1821139929325957,0,0,0
949,0.1780894061452464,0.1780894061452464,0,0,0
950,0.18189454274742226,0.18189454274742226,0,0,0
951,0.17426257247203275,0.17426257247203275,0,0,0
952,0.1704294865852908,0.1704294865852908,0,0,0
953,0.16995568259766228,0.16995568259766228,0,0,0
954,0.166485309796898,0.166485309796898,0,0,0
955,0.17369053238316587,0.17369053238316587,0,0,0
956,0.17329941062550797,0.17329941062550797,0,0,0
957,0.16948460767927923,0.16948460767927923,0,0,0
958,0.18160900414774292,0.18160900414774292,0,0,0
959,0.17579002678394318,0.17579002678394318,0,0,0
960,0.1766970214482985,0.1766970214482985,0,0,0
961,0.17358627895775594,0.17358627895775594,0,0,0
962,0.1775026850794491,0.1775026850794491,0,0,0
963,0.16796489334420153,0.16796489334420153,0,0,0
964,0.17200711506762004,0.17200711506762004,0,0,0
965,0.17308339672653297,0.17308339672653297,0,0,0
966,0.17801952165992638,0.17801952165992638,0,0,0
967,0.1774005378155332,0.1774005378155332,0,0,0
968,0.17729095565645317,0.17729095565645317,0,0,0
969,0.17024048731515282,0.17024048731515282,0,0,0
970,0.16891307109280637,0.16891307109280637,0,0,0
971,0.1711583345344192,0.1711583345344192,0,0,0
972,0.17489754643879438,0.17489754643879438,0,0,0
973,0.17937924261940152,0.17937924261940152,0,0,0
974,0.1704080444025366,0.1704080444025366,0,0,0
975,0.18316618588409925,0.18316618588409925,0,0,0
976,0.1766412158153559,0.1766412158153559,0,0,0
977,0.21528427204803416,0.21528427204803416,0,0,0
978,0.17596085898970304,0.17596085898970304,0,0,0
979,0.1654551721325046,0.1654551721325046,0,0,0
980,0.17162944474502614,0.17162944474502614,0,0,0
981,0.17040779559235825,0.17040779559235825,0,0,0
982,0.17144981046256266,0.17144981046256266,0,0,0
983,0.16647079018385788,0.16647079018385788,0,0,0
984,0.16690652052822866,0.16690652052822866,0,0,0
985,0.19211679853891073,0.19211679853891073,0,0,0
986,0.1649133000326784,0.1649133000326784,0,0,0
987,0.16765904034438886,0.16765904034438886,0,0,0
988,0.17156734513609032,0.17156734513609032,0,0,0
989,0.17052948298422912,0.17052948298422912,0,0,0
990,0.17650705987685605,0.17650705987685605,0,0,0
991,0.167631491234428,0.167631491234428,0,0,0
992,0.18501279620747818,0.18501279620747818,0,0,0
993,0.17906814009735458,0.17906814009735458,0,0,0
994,0.16295366989154564,0.16295366989154564,0,0,0
995,0.17094019251434425,0.17094019251434425,0,0,0
996,0.16860722671998174,0.16860722671998174,0,0,0
997,0.16968248470833427,0.16968248470833427,0,0,0
998,0.1702177120666755,0.1702177120666755,0,0,0
999,0.17920884725294614,0.17920884725294614,0,0,0
1000,0.16658614477828929,0.16658614477828929,0,0,0
1001,0.16620050155018506,0.16620050155018506,0,0,0
1002,0.1636331210795202,0.1636331210795202,0,0,0
1003,0.17071204965836123,0.17071204965836123,0,0,0
1004,0.16631761585411273,0.16631761585411273,0,0,0
1005,0.19049159437417984,0.19049159437417984,0,0,0
1006,0.16848386314354444,0.16848386314354444,0,0,0
1007,0.19963479081266805,0.19963479081266805,0,0,0
1008,0.16650617612819923,0.16650617612819923,0,0,0
1009,0.17474606554759176,0.17474606554759176,0,0,0
1010,0.1715464060635943,0.1715464060635943,0,0,0
1011,0.17765499102441887,0.17765499102441887,0,0,0
1012,0.16028138112864995,0.16028138112864995,0,0,0
1013,0.18465972966269442,0.18465972966269442,0,0,0
1014,0.17005665227770805,0.17005665227770805,0,0,0
1015,0.1683159105871853,0.1683159105871853,0,0,0
1016,0.16498659296255364,0.16498659296255364,0,0,0
1017,0.16852713219429316,0.16852713219429316,0,0,0
1018,0.16325528174638748,0.16325528174638748,0,0,0
1019,0.17194014748460368,0.17194014748460368,0,0,0
1020,0.17008864330618004,0.17008864330618004,0,0,0
1021,0.17461415184171578,0.17461415184171578,0,0,0
1022,0.16755117946549467,0.16755117946549467,0,0,0
1023,0.1591295468571939,0.1591295468571939,0,0,0
1024,0.1615869459745131,0.1615869459745131,0,0,0
1025,0.17549753169480123,0.17549753169480123,0,0,0
1026,0.1685260197049693,0.1685260197049693,0,0,0
1027,0.17285513936689026,0.17285513936689026,0,0,0
1028,0.15974760349643857,0.15974760349643857,0,0,0
1029,0.16568465138736524,0.16568465138736524,0,0,0
1030,0.16412125743533434,0.16412125743533434,0,0,0
1031,0.1645651673407931,0.1645651673407931,0,0,0
1032,0.16072000543537893,0.16072000543537893,0,0,0
1033,0.1662975851642458,0.1662975851642458,0,0,0
1034,0.16866316979652957,0.16866316979652957,0,0,0
1035,0.1856556709267591,0.1856556709267591,0,0,0
1036,0.16673079799664647,0.16673079799664647,0,0,0
1037,0.16319361701607704,0.16319361701607704,0,0,0
1038,0.17417220653671966,0.17417220653671966,0,0,0
1039,0.16502929106354713,0.16502929106354713,0,0,0
1040,0.16645887847009458,0.16645887847009458,0,0,0
1041,0.16213652373928772,0.16213652373928772,0,0,0
1042,0.1658038696960399,0.1658038696960399,0,0,0
1043,0.15912135984552533,0.15912135984552533,0,0,0
1044,0.1670804404114422,0.1670804404114422,0,0,0
1045,0.17051528531469798,0.17051528531469798,0,0,0
1046,0.16262805461883545,0.16262805461883545,0,0,0
1047,0.1715414502510899,0.1715414502510899,0,0,0
1048,0.16872687147636162,0.16872687147636162,0,0,0
1049,0.16694020028961332,0.16694020028961332,0,0,0
1050,0.16060964704344147,0.16060964704344147,0,0,0
1051,0.15550003338016963,0.15550003338016963,0,0,0
1052,0.16188060727558637,0.16188060727558637,0,0,0
1053,0.16039583165394633,0.16039583165394633,0,0,0
1054,0.17126351967453957,0.17126351967453957,0,0,0
1055,0.1580448780012758,0.1580448780012758,0,0,0
1056,0.1659872473070496,0.1659872473070496,0,0,0
1057,0.1731876015271011,0.1731876015271011,0,0,0
1058,0.16932155054650808,0.16932155054650808,0,0,0
1059,0.17593655637220332,0.17593655637220332,0,0,0
1060,0.17195196979139982,0.17195196979139982,0,0,0
1061,0.16013770491669052,0.16013770491669052,0,0,0
1062,0.15766127113448947,0.15766127113448947,0,0,0
1063,0.166591275091234,0.166591275091234,0,0,0
1064,0.1626904779358914,0.1626904779358914,0,0,0
1065,0.16419128955979095,0.16419128955979095,0,0,0
1066,0.16706268430540436,0.16706268430540436,0,0,0
1067,0.1628183746024182,0.1628183746024182,0,0,0
1068,0.155198611515133,0.155198611515133,0,0,0
1069,0.17245763677515483,0.17245763677515483,0,0,0
1070,0.16275262264044663,0.16275262264044663,0,0,0
1071,0.1710921163229566,0.1710921163229566,0,0,0
1072,0.15268821033992266,0.15268821033992266,0,0,0
1073,0.1719017767984616,0.1719017767984616,0,0,0
1074,0.16791928755609611,0.16791928755609611,0,0,0
1075,0.16050760800901212,0.16050760800901212,0,0,0
1076,0.1554373275292547,0.1554373275292547,0,0,0
1077,0.18201370654921784,0.18201370654921784,0,0,0
1078,0.1619935780763626,0.1619935780763626,0,0,0
1079,0.1655985524779872,0.1655985524779872,0,0,0
1080,0.16804070927594839,0.16804070927594839,0,0,0
1081,0.1638343581243565,0.1638343581243565,0,0,0
1082,0.15454223653987834,0.15454223653987834,0,0,0
1083,0.15720751999240173,0.15720751999240173,0,0,0
1084,0.15975723297972427,0.15975723297972427,0,0,0
1085,0.15565428843623713,0.15565428843623713,0,0,0
1086,0.15976118570879885,0.15976118570879885,0,0,0
1087,0.15560019839751094,0.15560019839751094,0,0,0
1088,0.16384896185053022,0.16384896185053022,0,0,0
1089,0.1567569059368811,0.1567569059368811,0,0,0
1090,0.16025101020932198,0.16025101020932198,0,0,0
1091,0.15651875910790344,0.15651875910790344,0,0,0
1092,0.15887451975753433,0.15887451975753433,0,0,0
1093,0.16125659997525968,0.16125659997525968,0,0,0
1094,0.17107132626207253,0.17107132626207253,0,0,0
1095,0.16422580868790024,0.16422580868790024,0,0,0
1096,0.16102762951662666,0.16102762951662666,0,0,0
1097,0.15381474753743724,0.15381474753743724,0,0,0
1098,0.16567281084625343,0.16567281084625343,0,0,0
1099,0.16004174712457156,0.16004174712457156,0,0,0
1100,0.16430241085196795,0.16430241085196795,0,0,0
1101,0.15602015037285655,0.15602015037285655,0,0,0
1102,0.1640729270875454,0.1640729270875454,0,0,0
1103,0.15350019225948736,0.15350019225948736,0,0,0
1104,0.1696744118081896,0.1696744118081896,0,0,0
1105,0.15855129200376963,0.15855129200376963,0,0,0
1106,0.15736772884663783,0.15736772884663783,0,0,0
1107,0.1514100318676547,0.1514100318676547,0,0,0
1108,0.1684524267911911,0.1684524267911911,0,0,0
1109,0.15964929426186963,0.15964929426186963,0,0,0
1110,0.1602068676760322,0.1602068676760322,0,0,0
1111,0.15926148585583033,0.15926148585583033,0,0,0
1112,0.16144735581780734,0.16144735581780734,0,0,0
1113,0.16131364828661868,0.16131364828661868,0,0,0
1114,0.1580684804602673,0.1580684804602673,0,0,0
1115,0.1542888540578516,0.1542888540578516,0,0,0
1116,0.15983621109473078,0.15983621109473078,0,0,0
1117,0.1576697391114737,0.1576697391114737,0,0,0
1118,0.1566755412832687,0.1566755412832687,0,0,0
1119,0.1655093029533562,0.1655093029533562,0,0,0
1120,0.16432542353868484,0.16432542353868484,0,0,0
1121,0.16099069424365697,0.16099069424365697,0,0,0
1122,0.16000929572864583,0.16000929572864583,0,0,0
1123,0.16246995898453812,0.16246995898453812,0,0,0
1124,0.15914050254382586,0.15914050254382586,0,0,0
1125,0.15500233734124585,0.15500233734124585,0,0,0
1126,0.1561066696518346,0.1561066696518346,0,0,0
1127,0.15002851364643952,0.15002851364643952,0,0,0
1128,0.1552198431209514,0.1552198431209514,0,0,0
1129,0.16220057226325335,0.16220057226325335,0,0,0
1130,0.15532659386333666,0.15532659386333666,0,0,0
1131,0.16473153900159032,0.16473153900159032,0,0,0
1132,0.1703415338538195,0.1703415338538195,0,0,0
1133,0.16120104491710663,0.16120104491710663,0,0,0
1134,0.15945967404465927,0.15945967404465927,0,0,0
1135,0.15554427571202578,0.15554427571202578,0,0,0
1136,0.16943012413225675,0.16943012413225675,0,0,0
1137,0.1525772249228076,0.1525772249228076,0,0,0
1138,0.15038533998947395,0.15038533998947395,0,0,0
1139,0.15811114170049367,0.15811114170049367,0,0,0
1140,0.16007140474884132,0.16007140474884132,0,0,0
1141,0.16454182898527697,0.16454182898527697,0,0,0
1142,0.16432056399552444,0.16432056399552444,0,0,0
1143,0.1527793225097029,0.1527793225097029,0,0,0
1144,0.1660505294015533,0.1660505294015533,0,0,0
1145,0.15398099175409266,0.15398099175409266,0,0,0
1146,0.17017083869952904,0.17017083869952904,0,0,0
1147,0.1588401498371049,0.1588401498371049,0,0,0
1148,0.1651023314579537,0.1651023314579537,0,0,0
1149,0.17522742187506274,0.17522742187506274,0,0,0
1150,0.1663527035791623,0.1663527035791623,0,0,0
1151,0.15789708338285746,0.15789708338285746,0,0,0
1152,0.1558582570992018,0.1558582570992018,0,0,0
1153,0.15518364447512126,0.15518364447512126,0,0,0
1154,0.15008496198999255,0.15008496198999255,0,0,0
1155,0.15691200035967326,0.15691200035967326,0,0,0
1156,0.14761453121900558,0.14761453121900558,0,0,0
1157,0.15005912827818016,0.15005912827818016,0,0,0
1158,0.1534813867979928,0.1534813867979928,0,0,0
1159,0.16165946051478386,0.16165946051478386,0,0,0
1160,0.15530891226310478,0.15530891226310478,0,0,0
1161,0.1490850252540488,0.1490850252540488,0,0,0
1162,0.15800666318912254,0.15800666318912254,0,0,0
1163,0.16332364925428441,0.16332364925428441,0,0,0
1164,0.16196369517006373,0.16196369517006373,0,0,0
1165,0.1555594068608786,0.1555594068608786,0,0,0
1166,0.16010702185724912,0.16010702185724912,0,0,0
1167,0.15701289788672798,0.15701289788672798,0,0,0
1168,0.15131092855804845,0.15131092855804845,0,0,0
1169,0.15869246599705597,0.15869246599705597,0,0,0
1170,0.15419593257339378,0.15419593257339378,0,0,0
1171,0.15510688369211398,0.15510688369211398,0,0,0
1172,0.18816788357339406,0.18816788357339406,0,0,0
1173,0.17726104961414085,0.17726104961414085,0,0,0
1174,0.15785094154508492,0.15785094154508492,0,0,0
1175,0.15795445932369484,0.15795445932369484,0,0,0
1176,0.15711024501606038,0.15711024501606038,0,0,0
1177,0.15075186012606873,0.15075186012606873,0,0,0
1178,0.15760847200688563,0.15760847200688563,0,0,0
1179,0.15532462083195386,0.15532462083195386,0,0,0
1180,0.15513178157178978,0.15513178157178978,0,0,0
1181,0.14538199611400304,0.14538199611400304,0,0,0
1182,0.1524017817879978,0.1524017817879978,0,0,0
1183,0.15245629317666354,0.15245629317666354,0,0,0
1184,0.15051842167189247,0.15051842167189247,0,0,0
1185,0.15066511713360486,0.15066511713360486,0,0,0
1186,0.16725909239367434,0.16725909239367434,0,0,0
1187,0.1484648622572422,0.1484648622572422,0,0,0
1188,0.15029287926460566,0.15029287926460566,0,0,0
1189,0.15444632364731087,0.15444632364731087,0,0,0
1190,0.15989671235806063,0.15989671235806063,0,0,0
1191,0.16467460970345296,0.16467460970345296,0,0,0
1192,0.15810657625919894,0.15810657625919894,0,0,0
1193,0.15688329346870122,0.15688329346870122,0,0,0
1194,0.15523890758815564,0.15523890758815564,0,0,0
1195,0.15027330717758128,0.15027330717758128,0,0,0
1196,0.14888348822530947,0.14888348822530947,0,0,0
1197,0.157006362551137,0.157006362551137,0,0,0
1198,0.15214960414328074,0.15214960414328074,0,0,0
1199,0.14509585225268415,0.14509585225268415,0,0,0
1200,0.15604694815058456,0.15604694815058456,0,0,0
1201,0.14470769308115305,0.14470769308115305,0,0,0
1202,0.1642222657407585,0.1642222657407585,0,0,0
1203,0.16777953780011126,0.16777953780011126,0,0,0
1204,0.15370245434735952,0.15370245434735952,0,0,0
1205,0.14994107971065923,0.14994107971065923,0,0,0
1206,0.16675568921001335,0.16675568921001335,0,0,0
1207,0.15152322657798467,0.15152322657798467,0,0,0
1208,0.1583761863018337,0.1583761863018337,0,0,0
1209,0.149604786971682,0.149604786971682,0,0,0
1210,0.14786702649373756,0.14786702649373756,0,0,0
1211,0.1507750812329744,0.1507750812329744,0,0,0
1212,0.15282371875486875,0.15282371875486875,0,0,0
1213,0.1482109323536095,0.1482109323536095,0,0,0
1214,0.16586604126189886,0.16586604126189886,0,0,0
1215,0.15064959816242518,0.15064959816242518,0,0,0
1216,0.14427061771091662,0.14427061771091662,0,0,0
1217,0.15245931713204636,0.15245931713204636,0,0,0
1218,0.1531590389970102,0.1531590389970102,0,0,0
1219,0.14735588450965129,0.14735588450965129,0,0,0
1220,0.14343048632144928,0.14343048632144928,0,0,0
1221,0.15654665702267698,0.15654665702267698,0,0,0
1222,0.1570868682312338,0.1570868682312338,0,0,0
1223,0.15348625104678304,0.15348625104678304,0,0,0
1224,0.1484610965769542,0.1484610965769542,0,0,0
1225,0.14701664330143677,0.14701664330143677,0,0,0
1226,0.14979080071574763,0.14979080071574763,0,0,0
1227,0.1421539195274052,0.1421539195274052,0,0,0
1228,0.16116657794306152,0.16116657794306152,0,0,0
1229,0.14903532537190536,0.14903532537190536,0,0,0
1230,0.1463341334540593,0.1463341334540593,0,0,0
1231,0.1529418612389188,0.1529418612389188,0,0,0
1232,0.1625058764689847,0.1625058764689847,0,0,0
1233,0.1467040314486152,0.1467040314486152,0,0,0
1234,0.15891801330604052,0.15891801330604052,0,0,0
1235,0.15836217646536074,0.15836217646536074,0,0,0
1236,0.1461872011423111,0.1461872011423111,0,0,0
1237,0.1479522842717798,0.1479522842717798,0,0,0
1238,0.14514930212968274,0.14514930212968274,0,0,0
1239,0.16501569571463684,0.16501569571463684,0,0,0
1240,0.148506324934332,0.148506324934332,0,0,0
1241,0.1776277471921946,0.1776277471921946,0,0,0
1242,0.15591648730792498,0.15591648730792498,0,0,0
1243,0.15245966495651947,0.15245966495651947,0,0,0
1244,0.1455909937228027,0.1455909937228027,0,0,0
1245,0.1514027640223503,0.1514027640223503,0,0,0
1246,0.15208076038642934,0.15208076038642934,0,0,0
1247,0.14987501658891378,0.14987501658891378,0,0,0
1248,0.14828194207266757,0.14828194207266757,0,0,0
1249,0.1657022163271904,0.1657022163271904,0,0,0
1250,0.1489537799436795,0.1489537799436795,0,0,0
1251,0.1487043476418445,0.1487043476418445,0,0,0
1252,0.15385425051576213,0.15385425051576213,0,0,0
1253,0.14743570179531448,0.14743570179531448,0,0,0
1254,0.14468914740963987,0.14468914740963987,0,0,0
1255,0.14875841611310056,0.14875841611310056,0,0,0
1256,0.14667987882306702,0.14667987882306702,0,0,0
1257,0.14274039139088832,0.14274039139088832,0,0,0
1258,0.16922446771671898,0.16922446771671898,0,0,0
1259,0.14859401493480331,0.14859401493480331,0,0,0
1260,0.15316143945643776,0.15316143945643776,0,0,0
1261,0.1505521514305943,0.1505521514305943,0,0,0
1262,0.14657306063332057,0.14657306063332057,0,0,0
1263,0.14900922422346316,0.14900922422346316,0,0,0
1264,0.14613555450188487,0.14613555450188487,0,0,0
1265,0.1490361123884979,0.1490361123884979,0,0,0
1266,0.15352998203352877,0.15352998203352877,0,0,0
1267,0.14897369848270164,0.14897369848270164,0,0,0
1268,0.14911592712527827,0.14911592712527827,0,0,0
1269,0.13982014083548597,0.13982014083548597,0,0,0
1270,0.16961680862464404,0.16961680862464404,0,0,0
1271,0.1453823349193523,0.1453823349193523,0,0,0
1272,0.14763956144452095,0.14763956144452095,0,0,0
1273,0.14874564699436488,0.14874564699436488,0,0,0
1274,0.15678702039938225,0.15678702039938225,0,0,0
1275,0.15149871887345062,0.15149871887345062,0,0,0
1276,0.14364729958929515,0.14364729958929515,0,0,0
1277,0.14435851887652748,0.14435851887652748,0,0,0
1278,0.1521542323263068,0.1521542323263068,0,0,0
1279,0.13995364406391195,0.13995364406391195,0,0,0
1280,0.1655961371173984,0.1655961371173984,0,0,0
1281,0.14944528533439888,0.14944528533439888,0,0,0
1282,0.14760471311839005,0.14760471311839005,0,0,0
1283,0.14234470379979988,0.14234470379979988,0,0,0
1284,0.14432491283667714,0.14432491283667714,0,0,0
1285,0.1463439525350144,0.1463439525350144,0,0,0
1286,0.14440203967847323,0.14440203967847323,0,0,0
1287,0.14949827915743777,0.14949827915743777,0,0,0
1288,0.14235678746512062,0.14235678746512062,0,0,0
1289,0.16501450793523537,0.16501450793523537,0,0,0
1290,0.1628539152443409,0.1628539152443409,0,0,0
1291,0.16584096692110362,0.16584096692110362,0,0,0
1292,0.14407589345386154,0.14407589345386154,0,0,0
1293,0.148544676013683,0.148544676013683,0,0,0
1294,0.15080349598275988,0.15080349598275988,0,0,0
1295,0.15098835469076508,0.15098835469076508,0,0,0
1296,0.14638915501142802,0.14638915501142802,0,0,0
1297,0.15905647273910672,0.15905647273910672,0,0,0
1298,0.14326830816112066,0.14326830816112066,0,0,0
1299,0.14591966294928602,0.14591966294928602,0,0,0
1300,0.14990112126657837,0.14990112126657837,0,0,0
1301,0.14769860553114036,0.14769860553114036,0,0,0
1302,0.14619719452763857,0.14619719452763857,0,0,0
1303,0.14197272297583127,0.14197272297583127,0,0,0
1304,0.144188239778343,0.144188239778343,0,0,0
1305,0.14583994565825714,0.14583994565825714,0,0,0
1306,0.14471694670225443,0.14471694670225443,0,0,0
1307,0.14756680319183751,0.14756680319183751,0,0,0
1308,0.1469008969633203,0.1469008969633203,0,0,0
1309,0.14750451535770767,0.14750451535770767,0,0,0
1310,0.14856771242461705,0.14856771242461705,0,0,0
1311,0.13924287985029973,0.13924287985029973,0,0,0
1312,0.1493462022197874,0.1493462022197874,0,0,0
1313,0.1528323053529388,0.1528323053529388,0,0,0
1314,0.14578391160619886,0.14578391160619886,0,0,0
1315,0.15160490395991424,0.15160490395991424,0,0,0
1316,0.14433936774730682,0.14433936774730682,0,0,0
1317,0.15273983796176158,0.15273983796176158,0,0,0
1318,0.14680973558049454,0.14680973558049454,0,0,0
1319,0.14506821961779343,0.14506821961779343,0,0,0
1320,0.1401650044871004,0.1401650044871004,0,0,0
1321,0.14194107134091227,0.14194107134091227,0,0,0
1322,0.14346582560162796,0.14346582560162796,0,0,0
1323,0.145666758284757,0.145666758284757,0,0,0
1324,0.13956727165924876,0.13956727165924876,0,0,0
1325,0.14773245038170563,0.14773245038170563,0,0,0
1326,0.13942807108948105,0.13942807108948105,0,0,0
1327,0.1419526256228748,0.1419526256228748,0,0,0
1328,0.16182824145806463,0.16182824145806463,0,0,0
1329,0.15307624579260223,0.15307624579260223,0,0,0
1330,0.14983778290058436,0.14983778290058436,0,0,0
1331,0.1465545720175693,0.1465545720175693,0,0,0
1332,0.1407952306694106,0.1407952306694106,0,0,0
1333,0.14145941640201368,0.14145941640201368,0,0,0
1334,0.14241214469075203,0.14241214469075203,0,0,0
1335,0.14669999264572797,0.14669999264572797,0,0,0
1336,0.15309903515796913,0.15309903515796913,0,0,0
1337,0.16126275474303647,0.16126275474303647,0,0,0
1338,0.1492429779548394,0.1492429779548394,0,0,0
1339,0.14348028619822703,0.14348028619822703,0,0,0
1340,0.14110414468144117,0.14110414468144117,0,0,0
1341,0.15456712657683774,0.15456712657683774,0,0,0
1342,0.14116142376473076,0.14116142376473076,0,0,0
1343,0.14357519679163633,0.14357519679163633,0,0,0
1344,0.14009703519312958,0.14009703519312958,0,0,0
1345,0.1434353011611261,0.1434353011611261,0,0,0
1346,0.14169440928258395,0.14169440928258395,0,0,0
1347,0.14768664205544874,0.14768664205544874,0,0,0
1348,0.14161700186760803,0.14161700186760803,0,0,0
1349,0.13899917331965347,0.13899917331965347,0,0,0
1350,0.144930673665122,0.144930673665122,0,0,0
1351,0.14411576700053716,0.14411576700053716,0,0,0
1352,0.143261831253767,0.143261831253767,0,0,0
1353,0.14160601931967234,0.14160601931967234,0,0,0
1354,0.142716948335108,0.142716948335108,0,0,0
1355,0.1447602279092136,0.1447602279092136,0,0,0
1356,0.13536880890789785,0.13536880890789785,0,0,0
1357,0.1457683026398483,0.1457683026398483,0,0,0
1358,0.14315425447727503,0.14315425447727503,0,0,0
1359,0.1496355953185182,0.1496355953185182,0,0,0
1360,0.15017921595196976,0.15017921595196976,0,0,0
1361,0.1420354215722335,0.1420354215722335,0,0,0
1362,0.14847260066553167,0.14847260066553167,0,0,0
1363,0.14663615509083397,0.14663615509083397,0,0,0
1364,0.1452128912665342,0.1452128912665342,0,0,0
1365,0.14554336745488017,0.14554336745488017,0,0,0
1366,0.13966724707892067,0.13966724707892067,0,0,0
1367,0.14519805931731275,0.14519805931731275,0,0,0
1368,0.14709643176511714,0.14709643176511714,0,0,0
1369,0.17250877481542135,0.17250877481542135,0,0,0
1370,0.13915710896253586,0.13915710896253586,0,0,0
1371,0.14693935999744817,0.14693935999744817,0,0,0
1372,0.14650625010070048,0.14650625010070048,0,0,0
1373,0.14707823176133006,0.14707823176133006,0,0,0
1374,0.14323174424077334,0.14323174424077334,0,0,0
1375,0.15166448840969488,0.15166448840969488,0,0,0
1376,0.14401302878793917,0.14401302878793917,0,0,0
1377,0.13860287811411054,0.13860287811411054,0,0,0
1378,0.1493872182541772,0.1493872182541772,0,0,0
1379,0.14661477231665662,0.14661477231665662,0,0,0
1380,0.14337728015686335,0.14337728015686335,0,0,0
1381,0.13876331048576454,0.13876331048576454,0,0,0
1382,0.14359979919697108,0.14359979919697108,0,0,0
1383,0.15483871043512695,0.15483871043512695,0,0,0
1384,0.14166198494402985,0.14166198494402985,0,0,0
1385,0.1402878671100265,0.1402878671100265,0,0,0
1386,0.14095989261802874,0.14095989261802874,0,0,0
1387,0.13658360136966957,0.13658360136966957,0,0,0
1388,0.15020276978611946,0.15020276978611946,0,0,0
1389,0.13763479437482984,0.13763479437482984,0,0,0
1390,0.14065110546193624,0.14065110546193624,0,0,0
1391,0.1416021367829097,0.1416021367829097,0,0,0
1392,0.13982029808195015,0.13982029808195015,0,0,0
1393,0.14513629125921348,0.14513629125921348,0,0,0
1394,0.14637727525673414,0.14637727525673414,0,0,0
1395,0.14330569615489558,0.14330569615489558,0,0,0
1396,0.14049399840204338,0.14049399840204338,0,0,0
1397,0.13912120833992958,0.13912120833992958,0,0,0
1398,0.14067272724289642,0.14067272724289642,0,0,0
1399,0.1400338279965677,0.1400338279965677,0,0,0
1400,0.15671935148145022,0.15671935148145022,0,0,0
1401,0.14374496983854393,0.14374496983854393,0,0,0
1402,0.13448395540839747,0.13448395540839747,0,0,0
1403,0.14178459503148733,0.14178459503148733,0,0,0
1404,0.14033954923874453,0.14033954923874453,0,0,0
1405,0.16988229241810346,0.16988229241810346,0,0,0
1406,0.1343997838465791,0.1343997838465791,0,0,0
1407,0.15029242830841164,0.15029242830841164,0,0,0
1408,0.1383693875058701,0.1383693875058701,0,0,0
1409,0.13712714690911143,0.13712714690911143,0,0,0
1410,0.14010278194358475,0.14010278194358475,0,0,0
1411,0.14098045386766134,0.14098045386766134,0,0,0
1412,0.1450524267397429,0.1450524267397429,0,0,0
1413,0.1402027677548559,0.1402027677548559,0,0,0
1414,0.15085516575919955,0.15085516575919955,0,0,0
1415,0.13665760132042984,0.13665760132042984,0,0,0
1416,0.1445731463793077,0.1445731463793077,0,0,0
1417,0.14702401721948072,0.14702401721948072,0,0,0
1418,0.14799929233758072,0.14799929233758072,0,0,0
1419,0.13984233572294838,0.13984233572294838,0,0,0
1420,0.14175457801473768,0.14175457801473768,0,0,0
1421,0.14235413721517512,0.14235413721517512,0,0,0
1422,0.14756276615356145,0.14756276615356145,0,0,0
1423,0.14330653669802765,0.14330653669802765,0,0,0
1424,0.1395586962370496,0.1395586962370496,0,0,0
1425,0.1362522652274684,0.1362522652274684,0,0,0
1426,0.14398482343868205,0.14398482343868205,0,0,0
1427,0.14141704338161568,0.14141704338161568,0,0,0
1428,0.1423641660887944,0.1423641660887944,0,0,0
1429,0.1406110570226845,0.1406110570226845,0,0,0
1430,0.14502971286052152,0.14502971286052152,0,0,0
1431,0.1540615301775305,0.1540615301775305,0,0,0
1432,0.14151753387168833,0.14151753387168833,0,0,0
1433,0.1409018657317287,0.1409018657317287,0,0,0
1434,0.14569692392098277,0.14569692392098277,0,0,0
1435,0.15516467627726102,0.15516467627726102,0,0,0
1436,0.14151864636101222,0.14151864636101222,0,0,0
1437,0.15043587845407033,0.15043587845407033,0,0,0
1438,0.1402750260343677,0.1402750260343677,0,0,0
1439,0.14448944087091245,0.14448944087091245,0,0,0
1440,0.14245831397803208,0.14245831397803208,0,0,0
1441,0.14319112916526042,0.14319112916526042,0,0,0
1442,0.13706763069096364,0.13706763069096364,0,0,0
1443,0.13950163733802343,0.13950163733802343,0,0,0
1444,0.13730467561828463,0.13730467561828463,0,0,0
1445,0.14566108760865112,0.14566108760865112,0,0,0
1446,0.13883436177121966,0.13883436177121966,0,0,0
1447,0.14873107640366806,0.14873107640366806,0,0,0
1448,0.14293816842530904,0.14293816842530904,0,0,0
1449,0.1377215465824855,0.1377215465824855,0,0,0
1450,0.13758739985917745,0.13758739985917745,0,0,0
1451,0.13562361170586787,0.13562361170586787,0,0,0
1452,0.14406967241513102,0.14406967241513102,0,0,0
1453,0.14670080064158691,0.14670080064158691,0,0,0
1454,0.15069970959111265,0.15069970959111265,0,0,0
1455,0.1358672421621649,0.1358672421621649,0,0,0
1456,0.14202370416176946,0.14202370416176946,0,0,0
1457,0.14067831184518964,0.14067831184518964,0,0,0
1458,0.13776357648404022,0.13776357648404022,0,0,0
1459,0.14286619797348976,0.14286619797348976,0,0,0
1460,0.1398780269450263,0.1398780269450263,0,0,0
1461,0.1399870216846466,0.1399870216846466,0,0,0
1462,0.1361451817578391,0.1361451817578391,0,0,0
1463,0.13284146256352725,0.13284146256352725,0,0,0
1464,0.146627607706346,0.146627607706346,0,0,0
1465,0.13913627870773015,0.13913627870773015,0,0,0
1466,0.14290130805028112,0.14290130805028112,0,0,0
1467,0.14633451578648468,0.14633451578648468,0,0,0
1468,0.14824395685603745,0.14824395685603745,0,0,0
1469,0.13937875628471375,0.13937875628471375,0,0,0
1470,0.159652400173639,0.159652400173639,0,0,0
1471,0.15329034783338247,0.15329034783338247,0,0,0
1472,0.1403279484886872,0.1403279484886872,0,0,0
1473,0.14705958138955266,0.14705958138955266,0,0,0
1474,0.13757286750172315,0.13757286750172315,0,0,0
1475,0.13950975807873825,0.13950975807873825,0,0,0
1476,0.13348462863972313,0.13348462863972313,0,0,0
1477,0.15484328156239108,0.15484328156239108,0,0,0
1478,0.14181871398499138,0.14181871398499138,0,0,0
1479,0.14303154184630043,0.14303154184630043,0,0,0
1480,0.135775680408666,0.135775680408666,0,0,0
1481,0.15004373165337662,0.15004373165337662,0,0,0
1482,0.13601010430016017,0.13601010430016017,0,0,0
1483,0.14704381243178719,0.14704381243178719,0,0,0
1484,0.13351097016742355,0.13351097016742355,0,0,0
1485,0.14029538729473165,0.14029538729473165,0,0,0
1486,0.1531133810548406,0.1531133810548406,0,0,0
1487,0.1411196071850626,0.1411196071850626,0,0,0
1488,0.13827152648254445,0.13827152648254445,0,0,0
1489,0.1306108981370926,0.1306108981370926,0,0,0
1490,0.13655844860171018,0.13655844860171018,0,0,0
1491,0.14095020588291318,0.14095020588291318,0,0,0
1492,0.13558402147732282,0.13558402147732282,0,0,0
1493,0.14080365923674484,0.14080365923674484,0,0,0
1494,0.14570329769661552,0.14570329769661552,0,0,0
1495,0.13550629055029467,0.13550629055029467,0,0,0
1496,0.13435043453385956,0.13435043453385956,0,0,0
1497,0.1362441621328655,0.1362441621328655,0,0,0
1498,0.13712144152898537,0.13712144152898537,0,0,0
1499,0.14108855689042493,0.14108855689042493,0,0,0
1500,0.13893290020917592,0.13893290020917592,0,0,0
1501,0.14576856615511993,0.14576856615511993,0,0,0
1502,0.14451134949922562,0.14451134949922562,0,0,0
1503,0.14107165583654455,0.14107165583654455,0,0,0
1504,0.1445913863809485,0.1445913863809485,0,0,0
1505,0.13582560263181986,0.13582560263181986,0,0,0
1506,0.14468657578292646,0.14468657578292646,0,0,0
1507,0.15422159394151286,0.15422159394151286,0,0,0
1508,0.13752313095488047,0.13752313095488047,0,0,0
1509,0.13484938717202136,0.13484938717202136,0,0,0
1510,0.14044871318497157,0.14044871318497157,0,0,0
1511,0.13923196102443494,0.13923196102443494,0,0,0
1512,0.13729914120937647,0.13729914120937647,0,0,0
1513,0.1409504839072102,0.1409504839072102,0,0,0
1514,0.1345963456520909,0.1345963456520909,0,0,0
1515,0.1422839190222715,0.1422839190222715,0,0,0
1516,0.14147185338170906,0.14147185338170906,0,0,0
1517,0.13621528152572482,0.13621528152572482,0,0,0
1518,0.13825842385229312,0.13825842385229312,0,0,0
1519,0.13392059426558645,0.13392059426558645,0,0,0
1520,0.13940983520526634,0.13940983520526634,0,0,0
1521,0.14032422339445666,0.14032422339445666,0,0,0
1522,0.1489729032312569,0.1489729032312569,0,0,0
1523,0.13969921105002103,0.13969921105002103,0,0,0
1524,0.13207619735284856,0.13207619735284856,0,0,0
1525,0.14027125604058566,0.14027125604058566,0,0,0
1526,0.13150739277663984,0.13150739277663984,0,0,0
1527,0.13724744202275024,0.13724744202275024,0,0,0
1528,0.14418760138122658,0.14418760138122658,0,0,0
1529,0.1404922624167643,0.1404922624167643,0,0,0
1530,0.13913298241401972,0.13913298241401972,0,0,0
1531,0.14119618582098106,0.14119618582098106,0,0,0
1532,0.14354547387675234,0.14354547387675234,0,0,0
1533,0.14045158832481033,0.14045158832481033,0,0,0
1534,0.13387470594362208,0.13387470594362208,0,0,0
1535,0.14696351909323743,0.14696351909323743,0,0,0
1536,0.13681311297573542,0.13681311297573542,0,0,0
1537,0.13536557163062848,0.13536557163062848,0,0,0
1538,0.14169862493872643,0.14169862493872643,0,0,0
1539,0.13510037095923172,0.13510037095923172,0,0,0
1540,0.13846358186320254,0.13846358186320254,0,0,0
1541,0.1284222728327701,0.1284222728327701,0,0,0
1542,0.1342448462781153,0.1342448462781153,0,0,0
1543,0.13835328513462292,0.13835328513462292,0,0,0
1544,0.13333985915309504,0.13333985915309504,0,0,0
1545,0.1451768045754809,0.1451768045754809,0,0,0
1546,0.13941924313181325,0.13941924313181325,0,0,0
1547,0.13659330575089706,0.13659330575089706,0,0,0
1548,0.13365463069395014,0.13365463069395014,0,0,0
1549,0.14014753111098943,0.14014753111098943,0,0,0
1550,0.1382734987296556,0.1382734987296556,0,0,0
1551,0.1388837826487265,0.1388837826487265,0,0,0
1552,0.1369264733634497,0.1369264733634497,0,0,0
1553,0.1482966210889189,0.1482966210889189,0,0,0
1554,0.1408437041467742,0.1408437041467742,0,0,0
1555,0.13368818869716242,0.13368818869716242,0,0,0
1556,0.14336476729888664,0.14336476729888664,0,0,0
1557,0.1361874308633177,0.1361874308633177,0,0,0
1558,0.1316517773819597,0.1316517773819597,0,0,0
1559,0.13698822122655416,0.13698822122655416,0,0,0
1560,0.13550845572822973,0.13550845572822973,0,0,0
1561,0.13248777722841815,0.13248777722841815,0,0,0
1562,0.13918703500377505,0.13918703500377505,0,0,0
1563,0.1348416056287916,0.1348416056287916,0,0,0
1564,0.13410519749710434,0.13410519749710434,0,0,0
1565,0.1337057065806891,0.1337057065806891,0,0,0
1566,0.1362271748091045,0.1362271748091045,0,0,0
1567,0.14202434177461423,0.14202434177461423,0,0,0
1568,0.14476852511104785,0.14476852511104785,0,0,0
1569,0.13220051068224406,0.13220051068224406,0,0,0
1570,0.1336867166192908,0.1336867166192908,0,0,0
1571,0.1364907785073707,0.1364907785073707,0,0,0
1572,0.136820132991201,0.136820132991201,0,0,0
1573,0.14364884460442945,0.14364884460442945,0,0,0
1574,0.1426005522279363,0.1426005522279363,0,0,0
1575,0.1281601947389151,0.1281601947389151,0,0,0
1576,0.13482915433613876,0.13482915433613876,0,0,0
1577,0.13432007263365545,0.13432007263365545,0,0,0
1578,0.14648082617082095,0.14648082617082095,0,0,0
1579,0.134853324411731,0.134853324411731,0,0,0
1580,0.1352022076515775,0.1352022076515775,0,0,0
1581,0.14207845043979192,0.14207845043979192,0,0,0
1582,0.13008353133734904,0.13008353133734904,0,0,0
1583,0.1305282504150742,0.1305282504150742,0,0,0
1584,0.144975811831261,0.144975811831261,0,0,0
1585,0.13990792945811623,0.13990792945811623,0,0,0
1586,0.13922257231254326,0.13922257231254326,0,0,0
1587,0.13204375399570717,0.13204375399570717,0,0,0
1588,0.14162088969820424,0.14162088969820424,0,0,0
1589,0.14021951371901914,0.14021951371901914,0,0,0
1590,0.1304878033697605,0.1304878033697605,0,0,0
1591,0.14897229620500615,0.14897229620500615,0,0,0
1592,0.15381981001088493,0.15381981001088493,0,0,0
1593,0.1417001358380443,0.1417001358380443,0,0,0
1594,0.1368307290892852,0.1368307290892852,0,0,0
1595,0.13264680202854306,0.13264680202854306,0,0,0
1596,0.1337403655052185,0.1337403655052185,0,0,0
1597,0.13807239834415286,0.13807239834415286,0,0,0
1598,0.13316662315475314,0.13316662315475314,0,0,0
1599,0.1362359157126201,0.1362359157126201,0,0,0
1600,0.13568701536247604,0.13568701536247604,0,0,0
1601,0.13549440236468063,0.13549440236468063,0,0,0
1602,0.13666345708464323,0.13666345708464323,0,0,0
1603,0.1310739799549705,0.1310739799549705,0,0,0
1604,0.12900448355235553,0.12900448355235553,0,0,0
1605,0.12734072831900498,0.12734072831900498,0,0,0
1606,0.14062892802451787,0.14062892802451787,0,0,0
1607,0.1338118163770751,0.1338118163770751,0,0,0
1608,0.13415418408418955,0.13415418408418955,0,0,0
1609,0.13104905756680588,0.13104905756680588,0,0,0
1610,0.1365112291747018,0.1365112291747018,0,0,0
1611,0.13202840697608495,0.13202840697608495,0,0,0
1612,0.14595062462122818,0.14595062462122818,0,0,0
1613,0.14352789913353167,0.14352789913353167,0,0,0
1614,0.1336364706880168,0.1336364706880168,0,0,0
1615,0.12966428736322805,0.12966428736322805,0,0,0
1616,0.12828880587690755,0.12828880587690755,0,0,0
1617,0.13869292190984675,0.13869292190984675,0,0,0
1618,0.15598258219267191,0.15598258219267191,0,0,0
1619,0.12972358084822955,0.12972358084822955,0,0,0
1620,0.14059405244494738,0.14059405244494738,0,0,0
1621,0.13569008853090436,0.13569008853090436,0,0,0
1622,0.138209662547237,0.138209662547237,0,0,0
1623,0.13088929535526977,0.13088929535526977,0,0,0
1624,0.1388154937640617,0.1388154937640617,0,0,0
1625,0.1362726482513704,0.1362726482513704,0,0,0
1626,0.1362816154172546,0.1362816154172546,0,0,0
1627,0.13720384083296122,0.13720384083296122,0,0,0
1628,0.13258618292839905,0.13258618292839905,0,0,0
1629,0.13571936950871819,0.13571936950871819,0,0,0
1630,0.1338356290208666,0.1338356290208666,0,0,0
1631,0.1404247905470823,0.1404247905470823,0,0,0
1632,0.13157060369849205,0.13157060369849205,0,0,0
1633,0.1428652074384062,0.1428652074384062,0,0,0
1634,0.12402419883169626,0.12402419883169626,0,0,0
1635,0.1441558658292419,0.1441558658292419,0,0,0
1636,0.13772718196636752,0.13772718196636752,0,0,0
1637,0.13241593735782722,0.13241593735782722,0,0,0
1638,0.13694343127702413,0.13694343127702413,0,0,0
1639,0.16190382446113386,0.16190382446113386,0,0,0
1640,0.12957243288033887,0.12957243288033887,0,0,0
1641,0.13735576424943774,0.13735576424943774,0,0,0
1642,0.13015625586635188,0.13015625586635188,0,0,0
1643,0.12763533917696854,0.12763533917696854,0,0,0
1644,0.13104511660180593,0.13104511660180593,0,0,0
1645,0.14195022320276812,0.14195022320276812,0,0,0
1646,0.13483352174884394,0.13483352174884394,0,0,0
1647,0.13652647247439936,0.13652647247439936,0,0,0
1648,0.14146065339446068,0.14146065339446068,0,0,0
1649,0.13760274001642278,0.13760274001642278,0,0,0
1650,0.13285381974358307,0.13285381974358307,0,0,0
1651,0.14434664363139554,0.14434664363139554,0,0,0
1652,0.13147753222208275,0.13147753222208275,0,0,0
1653,0.12618067919423706,0.12618067919423706,0,0,0
1654,0.13119893266182198,0.13119893266182198,0,0,0
1655,0.12689051835944778,0.12689051835944778,0,0,0
1656,0.13236679528888903,0.13236679528888903,0,0,0
1657,0.1311310861063631,0.1311310861063631,0,0,0
1658,0.13183733134677536,0.13183733134677536,0,0,0
1659,0.12788455913725652,0.12788455913725652,0,0,0
1660,0.13235461888344666,0.13235461888344666,0,0,0
1661,0.13616584398244558,0.13616584398244558,0,0,0
1662,0.14470183457198896,0.14470183457198896,0,0,0
1663,0.13103211965215833,0.13103211965215833,0,0,0
1664,0.13524015345855764,0.13524015345855764,0,0,0
1665,0.13125740089698842,0.13125740089698842,0,0,0
1666,0.14642974146102605,0.14642974146102605,0,0,0
1667,0.13619477576331088,0.13619477576331088,0,0,0
1668,0.14244648088750086,0.14244648088750086,0,0,0
1669,0.14270282968094475,0.14270282968094475,0,0,0
1670,0.12884536071827538,0.12884536071827538,0,0,0
1671,0.12385158593717374,0.12385158593717374,0,0,0
1672,0.12881851039434733,0.12881851039434733,0,0,0
1673,0.13125184668522133,0.13125184668522133,0,0,0
1674,0.13822848487057185,0.13822848487057185,0,0,0
1675,0.12665250956227905,0.12665250956227905,0,0,0
1676,0.1401367507090694,0.1401367507090694,0,0,0
1677,0.1290015209662287,0.1290015209662287,0,0,0
1678,0.13098719774892456,0.13098719774892456,0,0,0
1679,0.1326348230634865,0.1326348230634865,0,0,0
1680,0.13240318666947515,0.13240318666947515,0,0,0
1681,0.12678343959544836,0.12678343959544836,0,0,0
1682,0.13828547357728607,0.13828547357728607,0,0,0
1683,0.13385034078045896,0.13385034078045896,0,0,0
1684,0.1315885270504575,0.1315885270504575,0,0,0
1685,0.12597985938191414,0.12597985938191414,0,0,0
1686,0.13973848051146456,0.13973848051146456,0,0,0
1687,0.1359620860924846,0.1359620860924846,0,0,0
1688,0.13225384429097176,0.13225384429097176,0,0,0
1689,0.13637636719565643,0.13637636719565643,0,0,0
1690,0.1337448125214953,0.1337448125214953,0,0,0
1691,0.13578181164829353,0.13578181164829353,0,0,0
1692,0.1308235114342288,0.1308235114342288,0,0,0
1693,0.12503882830864504,0.12503882830864504,0,0,0
1694,0.13120492390896143,0.13120492390896143,0,0,0
1695,0.1309063230690203,0.1309063230690203,0,0,0
1696,0.130448884085605,0.130448884085605,0,0,0
1697,0.14448283867616402,0.14448283867616402,0,0,0
1698,0.13389892836934641,0.13389892836934641,0,0,0
1699,0.13344515565978854,0.13344515565978854,0,0,0
1700,0.12708097323775291,0.12708097323775291,0,0,0
1701,0.1337340901556768,0.1337340901556768,0,0,0
1702,0.13059385689465622,0.13059385689465622,0,0,0
1703,0.13244862383917758,0.13244862383917758,0,0,0
1704,0.13718531614071444,0.13718531614071444,0,0,0
1705,0.131475950934385,0.131475950934385,0,0,0
1706,0.1362677310642443,0.1362677310642443,0,0,0
1707,0.12761467675629415,0.12761467675629415,0,0,0
1708,0.13053545551864723,0.13053545551864723,0,0,0
1709,0.14100906096006693,0.14100906096006693,0,0,0
1710,0.13380166064751775,0.13380166064751775,0,0,0
1711,0.1320246707059835,0.1320246707059835,0,0,0
1712,0.13994028085940763,0.13994028085940763,0,0,0
1713,0.13031594945411934,0.13031594945411934,0,0,0
1714,0.13649516787968183,0.13649516787968183,0,0,0
1715,0.1367541930001033,0.1367541930001033,0,0,0
1716,0.13199738785624504,0.13199738785624504,0,0,0
1717,0.13814934519560715,0.13814934519560715,0,0,0
1718,0.13054691157058665,0.13054691157058665,0,0,0
1719,0.13173001141924606,0.13173001141924606,0,0,0
1720,0.13449497481710032,0.13449497481710032,0,0,0
1721,0.13327107343234515,0.13327107343234515,0,0,0
1722,0.14017732500245697,0.14017732500245697,0,0,0
1723,0.1268977191495268,0.1268977191495268,0,0,0
1724,0.13285117890489728,0.13285117890489728,0,0,0
1725,0.13517924457004196,0.13517924457004196,0,0,0
1726,0.13059947737737707,0.13059947737737707,0,0,0
1727,0.12772709778264948,0.12772709778264948,0,0,0
1728,0.13348858254520515,0.13348858254520515,0,0,0
1729,0.13369931025724663,0.13369931025724663,0,0,0
1730,0.13593686587716403,0.13593686587716403,0,0,0
1731,0.12723946943879128,0.12723946943879128,0,0,0
1732,0.13414094499067256,0.13414094499067256,0,0,0
1733,0.1325111438177134,0.1325111438177134,0,0,0
1734,0.13200311499990916,0.13200311499990916,0,0,0
1735,0.1308079483477693,0.1308079483477693,0,0,0
1736,0.13044267579128868,0.13044267579128868,0,0,0
1737,0.12486185780481289,0.12486185780481289,0,0,0
1738,0.12993873204839856,0.12993873204839856,0,0,0
1739,0.13539748521227585,0.13539748521227585,0,0,0
1740,0.12688984329763212,0.12688984329763212,0,0,0
1741,0.13671036554794563,0.13671036554794563,0,0,0
1742,0.12843035220315582,0.12843035220315582,0,0,0
1743,0.1343775775871779,0.1343775775871779,0,0,0
1744,0.13652332578050463,0.13652332578050463,0,0,0
1745,0.12774805116810298,0.12774805116810298,0,0,0
1746,0.13345948979258537,0.13345948979258537,0,0,0
1747,0.12991127214933695,0.12991127214933695,0,0,0
1748,0.12824768318157448,0.12824768318157448,0,0,0
1749,0.13972954354003855,0.13972954354003855,0,0,0
1750,0.1360782824064556,0.1360782824064556,0,0,0
1751,0.12410733809596614,0.12410733809596614,0,0,0
1752,0.13097015944750687,0.13097015944750687,0,0,0
1753,0.13348091197641274,0.13348091197641274,0,0,0
1754,0.13601227947755865,0.13601227947755865,0,0,0
1755,0.12988821868049472,0.12988821868049472,0,0,0
1756,0.12946000087418055,0.12946000087418055,0,0,0
1757,0.1324191224810324,0.1324191224810324,0,0,0
1758,0.1290115637606696,0.1290115637606696,0,0,0
1759,0.13161522424534747,0.13161522424534747,0,0,0
1760,0.14076201696144908,0.14076201696144908,0,0,0
1761,0.1313247349309294,0.1313247349309294,0,0,0
1762,0.13479222141598401,0.13479222141598401,0,0,0
1763,0.13174093749962354,0.13174093749962354,0,0,0
1764,0.1304710787769995,0.1304710787769995,0,0,0
1765,0.14078322347057493,0.14078322347057493,0,0,0
1766,0.12793676672797455,0.12793676672797455,0,0,0
1767,0.13001891304003566,0.13001891304003566,0,0,0
1768,0.12900087688314288,0.12900087688314288,0,0,0
1769,0.1352654219065842,0.1352654219065842,0,0,0
1770,0.13227983172002591,0.13227983172002591,0,0,0
1771,0.13070154425344968,0.13070154425344968,0,0,0
1772,0.1274270276097875,0.1274270276097875,0,0,0
1773,0.14089393007912135,0.14089393007912135,0,0,0
1774,0.13080660763539767,0.13080660763539767,0,0,0
1775,0.12514527044013926,0.12514527044013926,0,0,0
1776,0.13918534607479446,0.13918534607479446,0,0,0
1777,0.137097911026917,0.137097911026917,0,0,0
1778,0.1258264958466354,0.1258264958466354,0,0,0
1779,0.14234604000260956,0.14234604000260956,0,0,0
1780,0.13749458836881737,0.13749458836881737,0,0,0
1781,0.1255626252999431,0.1255626252999431,0,0,0
1782,0.13154251853886403,0.13154251853886403,0,0,0
1783,0.1300493396426502,0.1300493396426502,0,0,0
1784,0.1271395510748813,0.1271395510748813,0,0,0
1785,0.1310597011133244,0.1310597011133244,0,0,0
1786,0.12546844466736443,0.12546844466736443,0,0,0
1787,0.13261465493001437,0.13261465493001437,0,0,0
1788,0.13144653055228686,0.13144653055228686,0,0,0
1789,0.12951541574377762,0.12951541574377762,0,0,0
1790,0.14830756579574786,0.14830756579574786,0,0,0
1791,0.1323916868943917,0.1323916868943917,0,0,0
1792,0.1374334406695868,0.1374334406695868,0,0,0
1793,0.13218431037507558,0.13218431037507558,0,0,0
1794,0.12394940970759642,0.12394940970759642,0,0,0
1795,0.13269803476961037,0.13269803476961037,0,0,0
1796,0.13228694388740941,0.13228694388740941,0,0,0
1797,0.12473413759940549,0.12473413759940549,0,0,0
1798,0.12678714174973338,0.12678714174973338,0,0,0
1799,0.1469056035735105,0.1469056035735105,0,0,0
1800,0.13638292841221156,0.13638292841221156,0,0,0
1801,0.1263984365290717,0.1263984365290717,0,0,0
1802,0.12841935436192312,0.12841935436192312,0,0,0
1803,0.13120938778707855,0.13120938778707855,0,0,0
1804,0.12549124030690445,0.12549124030690445,0,0,0
1805,0.1334623831667398,0.1334623831667398,0,0,0
1806,0.13364625663349503,0.13364625663349503,0,0,0
1807,0.13526609853694313,0.13526609853694313,0,0,0
1808,0.12696541375235507,0.12696541375235507,0,0,0
1809,0.12963017487996503,0.12963017487996503,0,0,0
1810,0.12297167648610316,0.12297167648610316,0,0,0
1811,0.13119707609477796,0.13119707609477796,0,0,0
1812,0.13187247024554954,0.13187247024554954,0,0,0
1813,0.12787267585334025,0.12787267585334025,0,0,0
1814,0.12454920654234133,0.12454920654234133,0,0,0
1815,0.13078032786908902,0.13078032786908902,0,0,0
1816,0.12915915348812154,0.12915915348812154,0,0,0
1817,0.13386494313415728,0.13386494313415728,0,0,0
1818,0.12663990494452024,0.12663990494452024,0,0,0
1819,0.1242715763418298,0.1242715763418298,0,0,0
1820,0.13061449794392838,0.13061449794392838,0,0,0
1821,0.13069033603134908,0.13069033603134908,0,0,0
1822,0.13072916826135234,0.13072916826135234,0,0,0
1823,0.1288532259825029,0.1288532259825029,0,0,0
1824,0.12554879564987986,0.12554879564987986,0,0,0
1825,0.13272701537138537,0.13272701537138537,0,0,0
1826,0.12603083350940755,0.12603083350940755,0,0,0
1827,0.12651329899304792,0.12651329899304792,0,0,0
1828,0.13647432135123955,0.13647432135123955,0,0,0
1829,0.12894562533811518,0.12894562533811518,0,0,0
1830,0.1308837525154415,0.1308837525154415,0,0,0
1831,0.12626044354156443,0.12626044354156443,0,0,0
1832,0.12990973497691907,0.12990973497691907,0,0,0
1833,0.1223196789230171,0.1223196789230171,0,0,0
1834,0.12455890249264867,0.12455890249264867,0,0,0
1835,0.12482794217373196,0.12482794217373196,0,0,0
1836,0.13178854141580432,0.13178854141580432,0,0,0
1837,0.1234551570133159,0.1234551570133159,0,0,0
1838,0.13422305980011037,0.13422305980011037,0,0,0
1839,0.12643287056370786,0.12643287056370786,0,0,0
1840,0.12609027306500234,0.12609027306500234,0,0,0
1841,0.13212526197496213,0.13212526197496213,0,0,0
1842,0.14047804866966448,0.14047804866966448,0,0,0
1843,0.12514536514094002,0.12514536514094002,0,0,0
1844,0.12949834175800023,0.12949834175800023,0,0,0
1845,0.1317555404415256,0.1317555404415256,0,0,0
1846,0.12341935109151037,0.12341935109151037,0,0,0
1847,0.12593773909305273,0.12593773909305273,0,0,0
1848,0.12904209506354833,0.12904209506354833,0,0,0
1849,0.1317226894591984,0.1317226894591984,0,0,0
1850,0.12932529947475382,0.12932529947475382,0,0,0
1851,0.13314432023387207,0.13314432023387207,0,0,0
1852,0.1305555660081537,0.1305555660081537,0,0,0
1853,0.12414165919548587,0.12414165919548587,0,0,0
1854,0.12770285829901695,0.12770285829901695,0,0,0
1855,0.12810414843261242,0.12810414843261242,0,0,0
1856,0.12918053038026156,0.12918053038026156,0,0,0
1857,0.126316873258666,0.126316873258666,0,0,0
1858,0.12886966333577507,0.12886966333577507,0,0,0
1859,0.12343254332479678,0.12343254332479678,0,0,0
1860,0.12724790604490982,0.12724790604490982,0,0,0
1861,0.13007517355053047,0.13007517355053047,0,0,0
1862,0.13591967013321424,0.13591967013321424,0,0,0
1863,0.12976499862576785,0.12976499862576785,0,0,0
1864,0.12556490655008115,0.12556490655008115,0,0,0
1865,0.12239427099886693,0.12239427099886693,0,0,0
1866,0.12833072166693837,0.12833072166693837,0,0,0
1867,0.12777442230205788,0.12777442230205788,0,0,0
1868,0.12597598155078135,0.12597598155078135,0,0,0
1869,0.12685721053888924,0.12685721053888924,0,0,0
1870,0.1359997734819588,0.1359997734819588,0,0,0
1871,0.128924463336405,0.128924463336405,0,0,0
1872,0.12246529444267876,0.12246529444267876,0,0,0
1873,0.12588532778777575,0.12588532778777575,0,0,0
1874,0.12843443100389682,0.12843443100389682,0,0,0
1875,0.13059103096786298,0.13059103096786298,0,0,0
1876,0.12821573528804278,0.12821573528804278,0,0,0
1877,0.13161067194060275,0.13161067194060275,0,0,0
1878,0.13099964119886098,0.13099964119886098,0,0,0
1879,0.12406805412549722,0.12406805412549722,0,0,0
1880,0.12511565948003217,0.12511565948003217,0,0,0
1881,0.12336191691850361,0.12336191691850361,0,0,0
1882,0.13333509117364883,0.13333509117364883,0,0,0
1883,0.133441340766455,0.133441340766455,0,0,0
1884,0.1310756877064705,0.1310756877064705,0,0,0
1885,0.12322155405816279,0.12322155405816279,0,0,0
1886,0.1301610969791287,0.1301610969791287,0,0,0
1887,0.12834387900013672,0.12834387900013672,0,0,0
1888,0.129559368679398,0.129559368679398,0,0,0
1889,0.12157698034455902,0.12157698034455902,0,0,0
1890,0.12991561838670782,0.12991561838670782,0,0,0
1891,0.13639258750175176,0.13639258750175176,0,0,0
1892,0.1326008499845078,0.1326008499845078,0,0,0
1893,0.12308119100175406,0.12308119100175406,0,0,0
1894,0.13505439636738678,0.13505439636738678,0,0,0
1895,0.12859220018512324,0.12859220018512324,0,0,0
1896,0.12548650801181793,0.12548650801181793,0,0,0
1897,0.13413260975166372,0.13413260975166372,0,0,0
1898,0.12724135855310842,0.12724135855310842,0,0,0
1899,0.12002007584822805,0.12002007584822805,0,0,0
1900,0.12242937774250381,0.12242937774250381,0,0,0
1901,0.12466105250151534,0.12466105250151534,0,0,0
1902,0.1396198325643414,0.1396198325643414,0,0,0
1903,0.12711821143564425,0.12711821143564425,0,0,0
1904,0.13155453201187284,0.13155453201187284,0,0,0
1905,0.12309099871077035,0.12309099871077035,0,0,0
1906,0.13013171757522382,0.13013171757522382,0,0,0
1907,0.12615685155125042,0.12615685155125042,0,0,0
1908,0.13142003354273343,0.13142003354273343,0,0,0
1909,0.12771465256810188,0.12771465256810188,0,0,0
1910,0.1268129403653898,0.1268129403653898,0,0,0
1911,0.12338456237002422,0.12338456237002422,0,0,0
1912,0.1332383628346418,0.1332383628346418,0,0,0
1913,0.1247126397333647,0.1247126397333647,0,0,0
1914,0.12859417164796277,0.12859417164796277,0,0,0
1915,0.1288065267236609,0.1288065267236609,0,0,0
1916,0.12566334989510083,0.12566334989510083,0,0,0
1917,0.13357650606255783,0.13357650606255783,0,0,0
1918,0.1243338035909753,0.1243338035909753,0,0,0
1919,0.11847600654551857,0.11847600654551857,0,0,0
1920,0.11706355684681942,0.11706355684681942,0,0,0
1921,0.12820053433901385,0.12820053433901385,0,0,0
1922,0.13102058360451146,0.13102058360451146,0,0,0
1923,0.1477013577363993,0.1477013577363993,0,0,0
1924,0.1292341212300878,0.1292341212300878,0,0,0
1925,0.13243733973879562,0.13243733973879562,0,0,0
1926,0.13127880014087023,0.13127880014087023,0,0,0
1927,0.12475791887233131,0.12475791887233131,0,0,0
1928,0.12601747697121218,0.12601747697121218,0,0,0
1929,0.1255439870843762,0.1255439870843762,0,0,0
1930,0.12732732158742452,0.12732732158742452,0,0,0
1931,0.12976000340361343,0.12976000340361343,0,0,0
1932,0.12387489684318241,0.12387489684318241,0,0,0
1933,0.12973909864300176,0.12973909864300176,0,0,0
1934,0.13408648928529338,0.13408648928529338,0,0,0
1935,0.1258986862866502,0.1258986862866502,0,0,0
1936,0.12420008860920605,0.12420008860920605,0,0,0
1937,0.13210840562456533,0.13210840562456533,0,0,0
1938,0.13027458441884895,0.13027458441884895,0,0,0
1939,0.1344195269048214,0.1344195269048214,0,0,0
1940,0.12145682600767989,0.12145682600767989,0,0,0
1941,0.12431753956173595,0.12431753956173595,0,0,0
1942,0.12444246874043816,0.12444246874043816,0,0,0
1943,0.12977150278656105,0.12977150278656105,0,0,0
1944,0.1248095025749583,0.1248095025749583,0,0,0
1945,0.1264845113220968,0.1264845113220968,0,0,0
1946,0.12837398228676697,0.12837398228676697,0,0,0
1947,0.1282100987277533,0.1282100987277533,0,0,0
1948,0.12739398997080953,0.12739398997080953,0,0,0
1949,0.12677886729177676,0.12677886729177676,0,0,0
1950,0.13725675740524343,0.13725675740524343,0,0,0
1951,0.1290838785077396,0.1290838785077396,0,0,0
1952,0.13155945998273397,0.13155945998273397,0,0,0
1953,0.1307649222251616,0.1307649222251616,0,0,0
1954,0.13289427227879824,0.13289427227879824,0,0,0
1955,0.12644180694693014,0.12644180694693014,0,0,0
1956,0.12359922555716414,0.12359922555716414,0,0,0
1957,0.12362575668253396,0.12362575668253396,0,0,0
1958,0.12751356845623568,0.12751356845623568,0,0,0
1959,0.12868039466832815,0.12868039466832815,0,0,0
1960,0.12368823333006156,0.12368823333006156,0,0,0
1961,0.12556716093891546,0.12556716093891546,0,0,0
1962,0.13416083960940964,0.13416083960940964,0,0,0
1963,0.12431723114691283,0.12431723114691283,0,0,0
1964,0.1335148789772862,0.1335148789772862,0,0,0
1965,0.13614321872591972,0.13614321872591972,0,0,0
1966,0.12628948276764468,0.12628948276764468,0,0,0
1967,0.12653203328189097,0.12653203328189097,0,0,0
1968,0.12256669370751631,0.12256669370751631,0,0,0
1969,0.12163810824093066,0.12163810824093066,0,0,0
1970,0.12293725480374537,0.12293725480374537,0,0,0
1971,0.12695792160536112,0.12695792160536112,0,0,0
1972,0.1257069834360951,0.1257069834360951,0,0,0
1973,0.12335068830534031,0.12335068830534031,0,0,0
1974,0.1230727055747258,0.1230727055747258,0,0,0
1975,0.13252399508890353,0.13252399508890353,0,0,0
1976,0.12837641823448634,0.12837641823448634,0,0,0
1977,0.13087596018847666,0.13087596018847666,0,0,0
1978,0.12577703497127482,0.12577703497127482,0,0,0
1979,0.12599961204748406,0.12599961204748406,0,0,0
1980,0.1319514303223083,0.1319514303223083,0,0,0
1981,0.12223205342888832,0.12223205342888832,0,0,0
1982,0.1308856786865937,0.1308856786865937,0,0,0
1983,0.12103957310318947,0.12103957310318947,0,0,0
1984,0.12349318065925648,0.12349318065925648,0,0,0
1985,0.12495688309794978,0.12495688309794978,0,0,0
1986,0.1295459382236004,0.1295459382236004,0,0,0
1987,0.12045908934975925,0.12045908934975925,0,0,0
1988,0.128337143871345,0.128337143871345,0,0,0
1989,0.12370455265045166,0.12370455265045166,0,0,0
1990,0.12040662236119572,0.12040662236119572,0,0,0
1991,0.12449790106007927,0.12449790106007927,0,0,0
1992,0.12200837190213956,0.12200837190213956,0,0,0
1993,0.12503115323029065,0.12503115323029065,0,0,0
1994,0.1252405119961814,0.1252405119961814,0,0,0
1995,0.13415487130221568,0.13415487130221568,0,0,0
1996,0.12253444347726672,0.12253444347726672,0,0,0
1997,0.1260919016050665,0.1260919016050665,0,0,0
1998,0.12054690797077983,0.12054690797077983,0,0,0
1999,0.12189208147557158,0.12189208147557158,0,0,0
