epoch,total_loss,l1_param,l2_perf_db,l3_perf_gen,sim_calls_per_epoch
0,6706.238004985608,6706.238004985608,0,0,0
1,6419.057131315532,6419.057131315532,0,0,0
2,6343.051862214741,6343.051862214741,0,0,0
3,6134.965673346269,6134.965673346269,0,0,0
4,6071.324864437705,6071.324864437705,0,0,0
5,5878.803023488898,5878.803023488898,0,0,0
6,5773.803784019069,5773.803784019069,0,0,0
7,5425.315870586194,5425.315870586194,0,0,0
8,5395.950437846936,5395.950437846936,0,0,0
9,5137.8552109567745,5137.8552109567745,0,0,0
10,5349.486663015266,5349.486663015266,0,0,0
11,4888.877320942126,4888.877320942126,0,0,0
12,4790.278757195723,4790.278757195723,0,0,0
13,4473.903386969316,4473.903386969316,0,0,0
14,4570.168681094521,4570.168681094521,0,0,0
15,4388.395665620503,4388.395665620503,0,0,0
16,4142.835822255988,4142.835822255988,0,0,0
17,4084.216487683748,4084.216487683748,0,0,0
18,3951.8899977834603,3951.8899977834603,0,0,0
19,3754.5475656609788,3754.5475656609788,0,0,0
20,3476.1752210918226,3476.1752210918226,0,0,0
21,3677.1267001503393,3677.1267001503393,0,0,0
22,3304.486726861251,3304.486726861251,0,0,0
23,3029.762678648296,3029.762678648296,0,0,0
24,3101.228471053274,3101.228471053274,0,0,0
25,2949.8620187859788,2949.8620187859788,0,0,0
26,2651.7350160699143,2651.7350160699143,0,0,0
27,2586.7736788297952,2586.7736788297952,0,0,0
28,2594.577144020482,2594.577144020482,0,0,0
29,2426.6100269116855,2426.6100269116855,0,0,0
30,2291.1108388398825,2291.1108388398825,0,0,0
31,1979.9290936118678,1979.9290936118678,0,0,0
32,2059.2801019768967,2059.2801019768967,0,0,0
33,1892.6620650040477,1892.6620650040477,0,0,0
34,1923.849044197484,1923.849044197484,0,0,0
35,1670.6507755078767,1670.6507755078767,0,0,0
36,1625.4955480475176,1625.4955480475176,0,0,0
37,1640.169431385241,1640.169431385241,0,0,0
38,1392.4785344977129,1392.4785344977129,0,0,0
39,1475.046982915778,1475.046982915778,0,0,0
40,1401.8677962453742,1401.8677962453742,0,0,0
41,1218.6276679791902,1218.6276679791902,0,0,0
42,1225.97167316236,1225.97167316236,0,0,0
43,1136.8758004841052,1136.8758004841052,0,0,0
44,1182.550355810868,1182.550355810868,0,0,0
45,943.6227756299471,943.6227756299471,0,0,0
46,1114.4112132223029,1114.4112132223029,0,0,0
47,1085.917392630326,1085.917392630326,0,0,0
48,1022.4412788591886,1022.4412788591886,0,0,0
49,939.3858292228297,939.3858292228297,0,0,0
50,736.6208021515295,736.6208021515295,0,0,0
51,824.1908361033389,824.1908361033389,0,0,0
52,778.2583365440369,778.2583365440369,0,0,0
53,654.7151575590435,654.7151575590435,0,0,0
54,654.521790554649,654.521790554649,0,0,0
55,601.7618063876504,601.7618063876504,0,0,0
56,523.910520377912,523.910520377912,0,0,0
57,513.2132593958002,513.2132593958002,0,0,0
58,596.2535714601215,596.2535714601215,0,0,0
59,524.490471413261,524.490471413261,0,0,0
60,458.2951161484969,458.2951161484969,0,0,0
61,413.45468450847426,413.45468450847426,0,0,0
62,395.34146981490284,395.34146981490284,0,0,0
63,415.32577160785075,415.32577160785075,0,0,0
64,404.28946309340625,404.28946309340625,0,0,0
65,361.435389418351,361.435389418351,0,0,0
66,397.118715110578,397.118715110578,0,0,0
67,393.6153644762541,393.6153644762541,0,0,0
68,384.1617653997321,384.1617653997321,0,0,0
69,421.7274277335719,421.7274277335719,0,0,0
70,344.33429600063124,344.33429600063124,0,0,0
71,301.61525364925984,301.61525364925984,0,0,0
72,255.70998605928924,255.70998605928924,0,0,0
73,261.0560994273738,261.0560994273738,0,0,0
74,248.23418486118317,248.23418486118317,0,0,0
75,176.33955242759302,176.33955242759302,0,0,0
76,194.23745913254587,194.23745913254587,0,0,0
77,174.98132004235921,174.98132004235921,0,0,0
78,246.58646757979142,246.58646757979142,0,0,0
79,226.2871742499502,226.2871742499502,0,0,0
80,187.1852001390959,187.1852001390959,0,0,0
81,162.92598018520758,162.92598018520758,0,0,0
82,178.68709537857458,178.68709537857458,0,0,0
83,155.65714768986953,155.65714768986953,0,0,0
84,166.70924991682955,166.70924991682955,0,0,0
85,156.46208636384262,156.46208636384262,0,0,0
86,134.70661754357187,134.70661754357187,0,0,0
87,208.3364156484604,208.3364156484604,0,0,0
88,157.35159695148468,157.35159695148468,0,0,0
89,138.8970345195971,138.8970345195971,0,0,0
90,89.82012729268325,89.82012729268325,0,0,0
91,191.8257879897168,191.8257879897168,0,0,0
92,89.2985837271339,89.2985837271339,0,0,0
93,106.63632478212055,106.63632478212055,0,0,0
94,94.02768720451154,94.02768720451154,0,0,0
95,119.34212232890881,119.34212232890881,0,0,0
96,84.05185688012524,84.05185688012524,0,0,0
97,105.15590990217109,105.15590990217109,0,0,0
98,97.00344580098202,97.00344580098202,0,0,0
99,106.52456157458455,106.52456157458455,0,0,0
100,69.37290413128703,69.37290413128703,0,0,0
101,74.39265747446763,74.39265747446763,0,0,0
102,94.85572431589428,94.85572431589428,0,0,0
103,74.58847687746349,74.58847687746349,0,0,0
104,85.21782253917895,85.21782253917895,0,0,0
105,99.84647879161332,99.84647879161332,0,0,0
106,92.01696340347591,92.01696340347591,0,0,0
107,55.951246311790065,55.951246311790065,0,0,0
108,64.22050843583911,64.22050843583911,0,0,0
109,63.4173680669383,63.4173680669383,0,0,0
110,43.81129206168024,43.81129206168024,0,0,0
111,46.512196142422525,46.512196142422525,0,0,0
112,61.4814039060944,61.4814039060944,0,0,0
113,54.38968440106041,54.38968440106041,0,0,0
114,46.87661043593758,46.87661043593758,0,0,0
115,39.63382913250672,39.63382913250672,0,0,0
116,39.88585924474817,39.88585924474817,0,0,0
117,38.420043870022425,38.420043870022425,0,0,0
118,62.11992169210785,62.11992169210785,0,0,0
119,46.683404240169025,46.683404240169025,0,0,0
120,45.2709688058025,45.2709688058025,0,0,0
121,33.1245602824186,33.1245602824186,0,0,0
122,45.40330717438146,45.40330717438146,0,0,0
123,36.25903567985485,36.25903567985485,0,0,0
124,31.36011080835995,31.36011080835995,0,0,0
125,41.15830615005995,41.15830615005995,0,0,0
126,37.52939251849526,37.52939251849526,0,0,0
127,50.42828758609922,50.42828758609922,0,0,0
128,30.994279718712757,30.994279718712757,0,0,0
129,25.58445396862532,25.58445396862532,0,0,0
130,23.526959416113403,23.526959416113403,0,0,0
131,36.952491543794935,36.952491543794935,0,0,0
132,18.119270644689863,18.119270644689863,0,0,0
133,22.2186847376196,22.2186847376196,0,0,0
134,22.857329802293528,22.857329802293528,0,0,0
135,28.899690620209043,28.899690620209043,0,0,0
136,29.903316493097105,29.903316493097105,0,0,0
137,31.81780637016422,31.81780637016422,0,0,0
138,24.409590597215452,24.409590597215452,0,0,0
139,20.433405745970575,20.433405745970575,0,0,0
140,22.271342057930795,22.271342057930795,0,0,0
141,14.559741191173854,14.559741191173854,0,0,0
142,27.960768375741807,27.960768375741807,0,0,0
143,13.67501985164065,13.67501985164065,0,0,0
144,34.869181617310176,34.869181617310176,0,0,0
145,31.86317499530943,31.86317499530943,0,0,0
146,17.549725040009147,17.549725040009147,0,0,0
147,13.918535802709428,13.918535802709428,0,0,0
148,13.102250370540117,13.102250370540117,0,0,0
149,12.289269593201185,12.289269593201185,0,0,0
150,14.659390080131983,14.659390080131983,0,0,0
151,13.40324487497932,13.40324487497932,0,0,0
152,10.454984089261607,10.454984089261607,0,0,0
153,33.19862463991893,33.19862463991893,0,0,0
154,12.132050710289102,12.132050710289102,0,0,0
155,19.65744067414811,19.65744067414811,0,0,0
156,12.887761410129698,12.887761410129698,0,0,0
157,14.524414662075671,14.524414662075671,0,0,0
158,15.106319338083267,15.106319338083267,0,0,0
159,10.343470927131804,10.343470927131804,0,0,0
160,11.698526305587668,11.698526305587668,0,0,0
161,9.45917343779614,9.45917343779614,0,0,0
162,7.555106580257416,7.555106580257416,0,0,0
163,11.521012746974042,11.521012746974042,0,0,0
164,6.468144203487196,6.468144203487196,0,0,0
165,9.09444640812121,9.09444640812121,0,0,0
166,9.226831028728109,9.226831028728109,0,0,0
167,6.577944112451453,6.577944112451453,0,0,0
168,8.517084518545552,8.517084518545552,0,0,0
169,8.52311437498582,8.52311437498582,0,0,0
170,10.514448343923217,10.514448343923217,0,0,0
171,13.576683796550098,13.576683796550098,0,0,0
172,8.9069425863655,8.9069425863655,0,0,0
173,11.435876325557107,11.435876325557107,0,0,0
174,5.737081548101024,5.737081548101024,0,0,0
175,5.332952914269347,5.332952914269347,0,0,0
176,9.006223802503786,9.006223802503786,0,0,0
177,4.4611404491098305,4.4611404491098305,0,0,0
178,6.143871413249719,6.143871413249719,0,0,0
179,8.082038053164357,8.082038053164357,0,0,0
180,5.452642669803218,5.452642669803218,0,0,0
181,6.624206094365371,6.624206094365371,0,0,0
182,8.231699234560915,8.231699234560915,0,0,0
183,4.710252443034398,4.710252443034398,0,0,0
184,5.827835573961861,5.827835573961861,0,0,0
185,7.030375785733524,7.030375785733524,0,0,0
186,7.285398387987363,7.285398387987363,0,0,0
187,5.943433157707515,5.943433157707515,0,0,0
188,4.871513922747813,4.871513922747813,0,0,0
189,5.5954568974281615,5.5954568974281615,0,0,0
190,4.752308302411907,4.752308302411907,0,0,0
191,5.636774231336619,5.636774231336619,0,0,0
192,7.140003166308529,7.140003166308529,0,0,0
193,4.0683912336826324,4.0683912336826324,0,0,0
194,5.192675373664028,5.192675373664028,0,0,0
195,6.054551610821171,6.054551610821171,0,0,0
196,5.0946932144855195,5.0946932144855195,0,0,0
197,6.594810757982104,6.594810757982104,0,0,0
198,5.101172615822993,5.101172615822993,0,0,0
199,3.919926058304937,3.919926058304937,0,0,0
200,3.234353756434039,3.234353756434039,0,0,0
201,5.24800203622956,5.24800203622956,0,0,0
202,3.2546220272779465,3.2546220272779465,0,0,0
203,3.6586662977933884,3.6586662977933884,0,0,0
204,4.328254875776015,4.328254875776015,0,0,0
205,6.968468123360684,6.968468123360684,0,0,0
206,6.015836377677164,6.015836377677164,0,0,0
207,2.8283188558722796,2.8283188558722796,0,0,0
208,1.949870925200613,1.949870925200613,0,0,0
209,4.427966614694972,4.427966614694972,0,0,0
210,3.9052282481601366,3.9052282481601366,0,0,0
211,3.3706500232219696,3.3706500232219696,0,0,0
212,2.8475375175476074,2.8475375175476074,0,0,0
213,3.6940593652819333,3.6940593652819333,0,0,0
214,3.8645380386396457,3.8645380386396457,0,0,0
215,3.2040856727644016,3.2040856727644016,0,0,0
216,4.405040163350733,4.405040163350733,0,0,0
217,2.9246182641700695,2.9246182641700695,0,0,0
218,2.582805150825726,2.582805150825726,0,0,0
219,4.760588423986184,4.760588423986184,0,0,0
220,1.6177005818799923,1.6177005818799923,0,0,0
221,2.0517554036096524,2.0517554036096524,0,0,0
222,1.708225256126178,1.708225256126178,0,0,0
223,1.8973854031217725,1.8973854031217725,0,0,0
224,2.414025611783329,2.414025611783329,0,0,0
225,1.7381612411455105,1.7381612411455105,0,0,0
226,1.4023982360959053,1.4023982360959053,0,0,0
227,2.958890816883037,2.958890816883037,0,0,0
228,1.5029350817203522,1.5029350817203522,0,0,0
229,2.1057972041399857,2.1057972041399857,0,0,0
230,2.998207145615628,2.998207145615628,0,0,0
231,2.6152392516010687,2.6152392516010687,0,0,0
232,1.7431152808038812,1.7431152808038812,0,0,0
233,1.7482819925797612,1.7482819925797612,0,0,0
234,1.7207692610590082,1.7207692610590082,0,0,0
235,1.1453684580169226,1.1453684580169226,0,0,0
236,1.9691654984888278,1.9691654984888278,0,0,0
237,1.965770580658787,1.965770580658787,0,0,0
238,1.8960929920798855,1.8960929920798855,0,0,0
239,1.3631957181190189,1.3631957181190189,0,0,0
240,1.7247422466936864,1.7247422466936864,0,0,0
241,1.5278272338603671,1.5278272338603671,0,0,0
242,1.8247611573652218,1.8247611573652218,0,0,0
243,1.5721768176085071,1.5721768176085071,0,0,0
244,3.8383431752261363,3.8383431752261363,0,0,0
245,1.121246557094549,1.121246557094549,0,0,0
246,2.040679116782389,2.040679116782389,0,0,0
247,2.2164349101091685,2.2164349101091685,0,0,0
248,1.2999158901603598,1.2999158901603598,0,0,0
249,2.3313740778126215,2.3313740778126215,0,0,0
250,2.6823291919733347,2.6823291919733347,0,0,0
251,1.044010001969965,1.044010001969965,0,0,0
252,1.7670070607411235,1.7670070607411235,0,0,0
253,1.1008290585718656,1.1008290585718656,0,0,0
254,1.2357859584061723,1.2357859584061723,0,0,0
255,3.7997668299235796,3.7997668299235796,0,0,0
256,1.6724507824370736,1.6724507824370736,0,0,0
257,0.9146663040706986,0.9146663040706986,0,0,0
258,0.956017542826502,0.956017542826502,0,0,0
259,0.9590150976651594,0.9590150976651594,0,0,0
260,1.9684011234264625,1.9684011234264625,0,0,0
261,1.0552116906956623,1.0552116906956623,0,0,0
262,0.7300514461178529,0.7300514461178529,0,0,0
263,1.3317288662257947,1.3317288662257947,0,0,0
264,1.2397613443042104,1.2397613443042104,0,0,0
265,0.7104691145451445,0.7104691145451445,0,0,0
266,0.7883117512652749,0.7883117512652749,0,0,0
267,1.0162164686541808,1.0162164686541808,0,0,0
268,1.2417813076784736,1.2417813076784736,0,0,0
269,1.0380532953299975,1.0380532953299975,0,0,0
270,1.1833477298680104,1.1833477298680104,0,0,0
271,0.7374542735909161,0.7374542735909161,0,0,0
272,1.9879416588105654,1.9879416588105654,0,0,0
273,0.6875474409837472,0.6875474409837472,0,0,0
274,0.9957968341676813,0.9957968341676813,0,0,0
275,0.6166817263553017,0.6166817263553017,0,0,0
276,0.9385601031152826,0.9385601031152826,0,0,0
277,1.0725565933083232,1.0725565933083232,0,0,0
278,0.9235543098888899,0.9235543098888899,0,0,0
279,0.8150804450637416,0.8150804450637416,0,0,0
280,0.6565112326490251,0.6565112326490251,0,0,0
281,0.7837147893089997,0.7837147893089997,0,0,0
282,1.0599786062773906,1.0599786062773906,0,0,0
283,0.6737211817189267,0.6737211817189267,0,0,0
284,0.8650207350912847,0.8650207350912847,0,0,0
285,0.650508879438827,0.650508879438827,0,0,0
286,0.5868123934457177,0.5868123934457177,0,0,0
287,1.4480689564033558,1.4480689564033558,0,0,0
288,0.751915417611599,0.751915417611599,0,0,0
289,1.0396261325007992,1.0396261325007992,0,0,0
290,0.8083118321864229,0.8083118321864229,0,0,0
291,0.489148990104073,0.489148990104073,0,0,0
292,0.8362483613585171,0.8362483613585171,0,0,0
293,0.6613492589247855,0.6613492589247855,0,0,0
294,0.9731353309593702,0.9731353309593702,0,0,0
295,1.3348865838427293,1.3348865838427293,0,0,0
296,0.6341678829569566,0.6341678829569566,0,0,0
297,0.65051967925147,0.65051967925147,0,0,0
298,0.7361622244903916,0.7361622244903916,0,0,0
299,1.4148788456069796,1.4148788456069796,0,0,0
300,0.9043484722313128,0.9043484722313128,0,0,0
301,0.45049911894296346,0.45049911894296346,0,0,0
302,0.5194898620247841,0.5194898620247841,0,0,0
303,0.5831780551295531,0.5831780551295531,0,0,0
304,0.5632492746961745,0.5632492746961745,0,0,0
305,0.5595871108142954,0.5595871108142954,0,0,0
306,0.5343956108156004,0.5343956108156004,0,0,0
307,0.48816913131036255,0.48816913131036255,0,0,0
308,0.5403032945959192,0.5403032945959192,0,0,0
309,0.6395226415050658,0.6395226415050658,0,0,0
310,0.5297684387156838,0.5297684387156838,0,0,0
311,0.5239681468198174,0.5239681468198174,0,0,0
312,0.436362924152299,0.436362924152299,0,0,0
313,0.4879107102751732,0.4879107102751732,0,0,0
314,0.6348824677498717,0.6348824677498717,0,0,0
315,0.5602119494425623,0.5602119494425623,0,0,0
316,0.6855186298489571,0.6855186298489571,0,0,0
317,0.42729399706188004,0.42729399706188004,0,0,0
318,0.7165544652625134,0.7165544652625134,0,0,0
319,0.6865550946248206,0.6865550946248206,0,0,0
320,0.6049727483799583,0.6049727483799583,0,0,0
321,0.4112613883457686,0.4112613883457686,0,0,0
322,0.5645308341634901,0.5645308341634901,0,0,0
323,0.5347653109776346,0.5347653109776346,0,0,0
324,0.43523195072224263,0.43523195072224263,0,0,0
325,0.42757541882364375,0.42757541882364375,0,0,0
326,0.426826033153032,0.426826033153032,0,0,0
327,0.40351863283860057,0.40351863283860057,0,0,0
328,0.5453097247763684,0.5453097247763684,0,0,0
329,0.9445516412195406,0.9445516412195406,0,0,0
330,1.1134522180808217,1.1134522180808217,0,0,0
331,0.4181592174266514,0.4181592174266514,0,0,0
332,0.4510428568250255,0.4510428568250255,0,0,0
333,0.7484227709080044,0.7484227709080044,0,0,0
334,0.4960155957623532,0.4960155957623532,0,0,0
335,0.4683030686880413,0.4683030686880413,0,0,0
336,0.41302256599852916,0.41302256599852916,0,0,0
337,0.5381242813248384,0.5381242813248384,0,0,0
338,0.401167274305695,0.401167274305695,0,0,0
339,0.4238636713278921,0.4238636713278921,0,0,0
340,0.4339600660299,0.4339600660299,0,0,0
341,0.7406071557810432,0.7406071557810432,0,0,0
342,0.42905648209546743,0.42905648209546743,0,0,0
343,0.5993800139740894,0.5993800139740894,0,0,0
344,0.37110625521132823,0.37110625521132823,0,0,0
345,0.3931812181284553,0.3931812181284553,0,0,0
346,0.40088243390384476,0.40088243390384476,0,0,0
347,0.525513012942515,0.525513012942515,0,0,0
348,0.4311032161900872,0.4311032161900872,0,0,0
349,0.5248520374298096,0.5248520374298096,0,0,0
350,0.4670746608784324,0.4670746608784324,0,0,0
351,0.37589509628320994,0.37589509628320994,0,0,0
352,0.5404187080107237,0.5404187080107237,0,0,0
353,0.371468869479079,0.371468869479079,0,0,0
354,0.46140465924614354,0.46140465924614354,0,0,0
355,0.38758396161229985,0.38758396161229985,0,0,0
356,0.3928171137445851,0.3928171137445851,0,0,0
357,0.4238672413324055,0.4238672413324055,0,0,0
358,0.35400129776251943,0.35400129776251943,0,0,0
359,0.3871282762602756,0.3871282762602756,0,0,0
360,0.3770642445275658,0.3770642445275658,0,0,0
361,0.4202236642963008,0.4202236642963008,0,0,0
362,0.3804201271973158,0.3804201271973158,0,0,0
363,0.40033847250436483,0.40033847250436483,0,0,0
364,0.3592742438379087,0.3592742438379087,0,0,0
365,0.598731340546357,0.598731340546357,0,0,0
366,0.5778929528437162,0.5778929528437162,0,0,0
367,0.3868537341293536,0.3868537341293536,0,0,0
368,0.4166089602206883,0.4166089602206883,0,0,0
369,0.3714766086716401,0.3714766086716401,0,0,0
370,0.37667772409163025,0.37667772409163025,0,0,0
371,0.4189503937959671,0.4189503937959671,0,0,0
372,0.3610220198568545,0.3610220198568545,0,0,0
373,0.3740756684227994,0.3740756684227994,0,0,0
374,0.43412096641565623,0.43412096641565623,0,0,0
375,0.5048190849392038,0.5048190849392038,0,0,0
376,0.42841473300206034,0.42841473300206034,0,0,0
377,0.4198899010294362,0.4198899010294362,0,0,0
378,0.4259287942396967,0.4259287942396967,0,0,0
379,0.398615425354556,0.398615425354556,0,0,0
380,0.35396940457193476,0.35396940457193476,0,0,0
381,0.42464794689103175,0.42464794689103175,0,0,0
382,0.36921882550967366,0.36921882550967366,0,0,0
383,0.3608902018321188,0.3608902018321188,0,0,0
384,0.3856395443803386,0.3856395443803386,0,0,0
385,0.4102225240908171,0.4102225240908171,0,0,0
386,0.3491370842645043,0.3491370842645043,0,0,0
387,0.4192083972065072,0.4192083972065072,0,0,0
388,0.33244033079398305,0.33244033079398305,0,0,0
389,0.40579754584713984,0.40579754584713984,0,0,0
390,0.37700477007188293,0.37700477007188293,0,0,0
391,0.3902840049643266,0.3902840049643266,0,0,0
392,0.38581271234311554,0.38581271234311554,0,0,0
393,0.360098292168818,0.360098292168818,0,0,0
394,0.3576555957919673,0.3576555957919673,0,0,0
395,0.3467459451211126,0.3467459451211126,0,0,0
396,0.3675858715647145,0.3675858715647145,0,0,0
397,0.3919948919823295,0.3919948919823295,0,0,0
398,0.4250150707207228,0.4250150707207228,0,0,0
399,0.3386418395920804,0.3386418395920804,0,0,0
400,0.3480719861231352,0.3480719861231352,0,0,0
401,0.34644944808985056,0.34644944808985056,0,0,0
402,0.3666340097000724,0.3666340097000724,0,0,0
403,0.33081197503365967,0.33081197503365967,0,0,0
404,0.3648760310913387,0.3648760310913387,0,0,0
405,0.362648647866751,0.362648647866751,0,0,0
406,0.3587101337156798,0.3587101337156798,0,0,0
407,0.33705267702278335,0.33705267702278335,0,0,0
408,0.3653599463011089,0.3653599463011089,0,0,0
409,0.34945119995819895,0.34945119995819895,0,0,0
410,0.4350549170845433,0.4350549170845433,0,0,0
411,0.35207348042412806,0.35207348042412806,0,0,0
412,0.35685599007104574,0.35685599007104574,0,0,0
413,0.34055632117547485,0.34055632117547485,0,0,0
414,0.338094067416693,0.338094067416693,0,0,0
415,0.3378040288624011,0.3378040288624011,0,0,0
416,0.3489887243823001,0.3489887243823001,0,0,0
417,0.34226986687434346,0.34226986687434346,0,0,0
418,0.3562987556583003,0.3562987556583003,0,0,0
419,0.3411015617220025,0.3411015617220025,0,0,0
420,0.3603423669150001,0.3603423669150001,0,0,0
421,0.34627763456419897,0.34627763456419897,0,0,0
422,0.40732203972967046,0.40732203972967046,0,0,0
423,0.4042665244717347,0.4042665244717347,0,0,0
424,0.33777620682590886,0.33777620682590886,0,0,0
425,0.3281819451796381,0.3281819451796381,0,0,0
426,0.3639531394368724,0.3639531394368724,0,0,0
427,0.3412035648760043,0.3412035648760043,0,0,0
428,0.3192265755251834,0.3192265755251834,0,0,0
429,0.36513806565811757,0.36513806565811757,0,0,0
430,0.3460286934124796,0.3460286934124796,0,0,0
431,0.34464138589407267,0.34464138589407267,0,0,0
432,0.3422313520782872,0.3422313520782872,0,0,0
433,0.34468046301289607,0.34468046301289607,0,0,0
434,0.34001963546401576,0.34001963546401576,0,0,0
435,0.3283819360168357,0.3283819360168357,0,0,0
436,0.35411293020373896,0.35411293020373896,0,0,0
437,0.37615495920181274,0.37615495920181274,0,0,0
438,0.33751665526314784,0.33751665526314784,0,0,0
439,0.3249578993571432,0.3249578993571432,0,0,0
440,0.3135968454574284,0.3135968454574284,0,0,0
441,0.3486049292903197,0.3486049292903197,0,0,0
442,0.3263593747427589,0.3263593747427589,0,0,0
443,0.3043341189622879,0.3043341189622879,0,0,0
444,0.32154903521663264,0.32154903521663264,0,0,0
445,0.3287014122072019,0.3287014122072019,0,0,0
446,0.32166533603479985,0.32166533603479985,0,0,0
447,0.3203992129940736,0.3203992129940736,0,0,0
448,0.3097670721380334,0.3097670721380334,0,0,0
449,0.31613719541775553,0.31613719541775553,0,0,0
450,0.31436799466609955,0.31436799466609955,0,0,0
451,0.3176353103236148,0.3176353103236148,0,0,0
452,0.30031372606754303,0.30031372606754303,0,0,0
453,0.3237128006784539,0.3237128006784539,0,0,0
454,0.31851628501164286,0.31851628501164286,0,0,0
455,0.3164139429205342,0.3164139429205342,0,0,0
456,0.30170646545134094,0.30170646545134094,0,0,0
457,0.30206907815054845,0.30206907815054845,0,0,0
458,0.314777473085805,0.314777473085805,0,0,0
459,0.31783017594563334,0.31783017594563334,0,0,0
460,0.36022390346778066,0.36022390346778066,0,0,0
461,0.3133133461600856,0.3133133461600856,0,0,0
462,0.3176401335942118,0.3176401335942118,0,0,0
463,0.30306258719218404,0.30306258719218404,0,0,0
464,0.30978441865820633,0.30978441865820633,0,0,0
465,0.31235051939361974,0.31235051939361974,0,0,0
466,0.3283660074597911,0.3283660074597911,0,0,0
467,0.3090605653430286,0.3090605653430286,0,0,0
468,0.32573036378935766,0.32573036378935766,0,0,0
469,0.3100462289232957,0.3100462289232957,0,0,0
470,0.30654560656923996,0.30654560656923996,0,0,0
471,0.31872472912073135,0.31872472912073135,0,0,0
472,0.29904590076521825,0.29904590076521825,0,0,0
473,0.29916993293323013,0.29916993293323013,0,0,0
474,0.3092612937877053,0.3092612937877053,0,0,0
475,0.31067245257528203,0.31067245257528203,0,0,0
476,0.3076124512835553,0.3076124512835553,0,0,0
477,0.3340724212558646,0.3340724212558646,0,0,0
478,0.3201353981306678,0.3201353981306678,0,0,0
479,0.3045200811404931,0.3045200811404931,0,0,0
480,0.29594511577957555,0.29594511577957555,0,0,0
481,0.3115390515641162,0.3115390515641162,0,0,0
482,0.32498173807796676,0.32498173807796676,0,0,0
483,0.3410430950553794,0.3410430950553794,0,0,0
484,0.2956896455664384,0.2956896455664384,0,0,0
485,0.30321392495381205,0.30321392495381205,0,0,0
486,0.304820690107973,0.304820690107973,0,0,0
487,0.3269417050637697,0.3269417050637697,0,0,0
488,0.3296735239656348,0.3296735239656348,0,0,0
489,0.30682169959733363,0.30682169959733363,0,0,0
490,0.29733919352293015,0.29733919352293015,0,0,0
491,0.29680540295023666,0.29680540295023666,0,0,0
492,0.30941424714891536,0.30941424714891536,0,0,0
493,0.2912233185611273,0.2912233185611273,0,0,0
494,0.3031371126049443,0.3031371126049443,0,0,0
495,0.3008263938521084,0.3008263938521084,0,0,0
496,0.301313084207083,0.301313084207083,0,0,0
497,0.2972121466147272,0.2972121466147272,0,0,0
498,0.29622878918522283,0.29622878918522283,0,0,0
499,0.29535622698696035,0.29535622698696035,0,0,0
500,0.2869013249874115,0.2869013249874115,0,0,0
501,0.3153785671058454,0.3153785671058454,0,0,0
502,0.2983451767971641,0.2983451767971641,0,0,0
503,0.29550533976994064,0.29550533976994064,0,0,0
504,0.30675173982193593,0.30675173982193593,0,0,0
505,0.2929901261078684,0.2929901261078684,0,0,0
506,0.2937487203039621,0.2937487203039621,0,0,0
507,0.29219886503721537,0.29219886503721537,0,0,0
508,0.2905270139637746,0.2905270139637746,0,0,0
509,0.3156837883748506,0.3156837883748506,0,0,0
510,0.29065863121497004,0.29065863121497004,0,0,0
511,0.30113426203790467,0.30113426203790467,0,0,0
512,0.2885153230867888,0.2885153230867888,0,0,0
513,0.28669915740427215,0.28669915740427215,0,0,0
514,0.28729596851687683,0.28729596851687683,0,0,0
515,0.30141483482561615,0.30141483482561615,0,0,0
516,0.29832871493540314,0.29832871493540314,0,0,0
517,0.2899303032379401,0.2899303032379401,0,0,0
518,0.2804061323404312,0.2804061323404312,0,0,0
519,0.27868500587187317,0.27868500587187317,0,0,0
520,0.2773968000945292,0.2773968000945292,0,0,0
521,0.2814919544677985,0.2814919544677985,0,0,0
522,0.31693676388577413,0.31693676388577413,0,0,0
523,0.2866014050025689,0.2866014050025689,0,0,0
524,0.2871883499779199,0.2871883499779199,0,0,0
525,0.29987374967650365,0.29987374967650365,0,0,0
526,0.3192702974928053,0.3192702974928053,0,0,0
527,0.28374643937537547,0.28374643937537547,0,0,0
528,0.2793264934106877,0.2793264934106877,0,0,0
529,0.28305639718708236,0.28305639718708236,0,0,0
530,0.29701521443693263,0.29701521443693263,0,0,0
531,0.2835499648200838,0.2835499648200838,0,0,0
532,0.2822138616128972,0.2822138616128972,0,0,0
533,0.2893288351203266,0.2893288351203266,0,0,0
534,0.29788948791591746,0.29788948791591746,0,0,0
535,0.29754077996078293,0.29754077996078293,0,0,0
536,0.2900035424452079,0.2900035424452079,0,0,0
537,0.2728493911655326,0.2728493911655326,0,0,0
538,0.2738471035110323,0.2738471035110323,0,0,0
539,0.3552150208699076,0.3552150208699076,0,0,0
540,0.282575786113739,0.282575786113739,0,0,0
541,0.2907892081298326,0.2907892081298326,0,0,0
542,0.3081210063476312,0.3081210063476312,0,0,0
543,0.27522117605334834,0.27522117605334834,0,0,0
544,0.2768772001329221,0.2768772001329221,0,0,0
545,0.28470923594738307,0.28470923594738307,0,0,0
546,0.2747339171014334,0.2747339171014334,0,0,0
547,0.2736280015424678,0.2736280015424678,0,0,0
548,0.28431993056284754,0.28431993056284754,0,0,0
549,0.27294329122493144,0.27294329122493144,0,0,0
550,0.26741461691103485,0.26741461691103485,0,0,0
551,0.2771555553925665,0.2771555553925665,0,0,0
552,0.2675073386022919,0.2675073386022919,0,0,0
553,0.3280790416817916,0.3280790416817916,0,0,0
554,0.2753421291708946,0.2753421291708946,0,0,0
555,0.3040938867550147,0.3040938867550147,0,0,0
556,0.28142218958390386,0.28142218958390386,0,0,0
557,0.2780617597071748,0.2780617597071748,0,0,0
558,0.3046304528650485,0.3046304528650485,0,0,0
559,0.2771239692443295,0.2771239692443295,0,0,0
560,0.2722213409448925,0.2722213409448925,0,0,0
561,0.2856418678635045,0.2856418678635045,0,0,0
562,0.2722971000169453,0.2722971000169453,0,0,0
563,0.2653475874348691,0.2653475874348691,0,0,0
564,0.2858470086204378,0.2858470086204378,0,0,0
565,0.26662282841770274,0.26662282841770274,0,0,0
566,0.28659550100564957,0.28659550100564957,0,0,0
567,0.276542987086271,0.276542987086271,0,0,0
568,0.26236145237558767,0.26236145237558767,0,0,0
569,0.2684657177642772,0.2684657177642772,0,0,0
570,0.2656898208354649,0.2656898208354649,0,0,0
571,0.2607872607676606,0.2607872607676606,0,0,0
572,0.2872899402129023,0.2872899402129023,0,0,0
573,0.2639417969866803,0.2639417969866803,0,0,0
574,0.27713813162163686,0.27713813162163686,0,0,0
575,0.27865333737511383,0.27865333737511383,0,0,0
576,0.2663519311892359,0.2663519311892359,0,0,0
577,0.2916052647327122,0.2916052647327122,0,0,0
578,0.2663555760916911,0.2663555760916911,0,0,0
579,0.25821982559404877,0.25821982559404877,0,0,0
580,0.2559199631214142,0.2559199631214142,0,0,0
581,0.2524252729980569,0.2524252729980569,0,0,0
582,0.25805991535124023,0.25805991535124023,0,0,0
583,0.26522645001348694,0.26522645001348694,0,0,0
584,0.2668044127916035,0.2668044127916035,0,0,0
585,0.32444602211839274,0.32444602211839274,0,0,0
586,0.25548388416829865,0.25548388416829865,0,0,0
587,0.25229218798248393,0.25229218798248393,0,0,0
588,0.26147164874955225,0.26147164874955225,0,0,0
589,0.2598698174482898,0.2598698174482898,0,0,0
590,0.2501610631221219,0.2501610631221219,0,0,0
591,0.2729297558728017,0.2729297558728017,0,0,0
592,0.2705858110597259,0.2705858110597259,0,0,0
593,0.2739191376849225,0.2739191376849225,0,0,0
594,0.2535692316136862,0.2535692316136862,0,0,0
595,0.252072905239306,0.252072905239306,0,0,0
596,0.2625066924252008,0.2625066924252008,0,0,0
597,0.28482984006404877,0.28482984006404877,0,0,0
598,0.2823112348192616,0.2823112348192616,0,0,0
599,0.24920942751984848,0.24920942751984848,0,0,0
600,0.2514835450994341,0.2514835450994341,0,0,0
601,0.2861490096700819,0.2861490096700819,0,0,0
602,0.2517226648173834,0.2517226648173834,0,0,0
603,0.26290921788466604,0.26290921788466604,0,0,0
604,0.2537337925873305,0.2537337925873305,0,0,0
605,0.24269219174196846,0.24269219174196846,0,0,0
606,0.26460113219524684,0.26460113219524684,0,0,0
607,0.25879422379167455,0.25879422379167455,0,0,0
608,0.24236843813406794,0.24236843813406794,0,0,0
609,0.2502005068879378,0.2502005068879378,0,0,0
610,0.24897657844581103,0.24897657844581103,0,0,0
611,0.2736472597247676,0.2736472597247676,0,0,0
612,0.24767520906109558,0.24767520906109558,0,0,0
613,0.25375063403656606,0.25375063403656606,0,0,0
614,0.23843020906573847,0.23843020906573847,0,0,0
615,0.2409084270659246,0.2409084270659246,0,0,0
616,0.25302388989611674,0.25302388989611674,0,0,0
617,0.255487371040018,0.255487371040018,0,0,0
618,0.24636177483357882,0.24636177483357882,0,0,0
619,0.2651655560261325,0.2651655560261325,0,0,0
620,0.24406916334440834,0.24406916334440834,0,0,0
621,0.24650363937804573,0.24650363937804573,0,0,0
622,0.24580033515629016,0.24580033515629016,0,0,0
623,0.2524716650184832,0.2524716650184832,0,0,0
624,0.24192342436627337,0.24192342436627337,0,0,0
625,0.2572338879108429,0.2572338879108429,0,0,0
626,0.24512408987471931,0.24512408987471931,0,0,0
627,0.2334887059895616,0.2334887059895616,0,0,0
628,0.23776500123111824,0.23776500123111824,0,0,0
629,0.2345811936416124,0.2345811936416124,0,0,0
630,0.24629248129694084,0.24629248129694084,0,0,0
631,0.2751086354255676,0.2751086354255676,0,0,0
632,0.24269714402525047,0.24269714402525047,0,0,0
633,0.24008088951048098,0.24008088951048098,0,0,0
634,0.24525740860324158,0.24525740860324158,0,0,0
635,0.2553068771958351,0.2553068771958351,0,0,0
636,0.24967768317774722,0.24967768317774722,0,0,0
637,0.23047091694254623,0.23047091694254623,0,0,0
638,0.2316097766160965,0.2316097766160965,0,0,0
639,0.24596216568821355,0.24596216568821355,0,0,0
640,0.23660666417134435,0.23660666417134435,0,0,0
641,0.24689000452819623,0.24689000452819623,0,0,0
642,0.22694524377584457,0.22694524377584457,0,0,0
643,0.2383903872809912,0.2383903872809912,0,0,0
644,0.24187661472119784,0.24187661472119784,0,0,0
645,0.23418576701691277,0.23418576701691277,0,0,0
646,0.23892106194245188,0.23892106194245188,0,0,0
647,0.2569568698343478,0.2569568698343478,0,0,0
648,0.24035698175430298,0.24035698175430298,0,0,0
649,0.2409547124254076,0.2409547124254076,0,0,0
650,0.2338746319475927,0.2338746319475927,0,0,0
651,0.23381213804608897,0.23381213804608897,0,0,0
652,0.24276129587700493,0.24276129587700493,0,0,0
653,0.24688551300450376,0.24688551300450376,0,0,0
654,0.23477592123182198,0.23477592123182198,0,0,0
655,0.228488321367063,0.228488321367063,0,0,0
656,0.24395844654033058,0.24395844654033058,0,0,0
657,0.24559198672834195,0.24559198672834195,0,0,0
658,0.2303682546082296,0.2303682546082296,0,0,0
659,0.23109261495502373,0.23109261495502373,0,0,0
660,0.23576013273314425,0.23576013273314425,0,0,0
661,0.2707651175166431,0.2707651175166431,0,0,0
662,0.22931656908047826,0.22931656908047826,0,0,0
663,0.24490266999131755,0.24490266999131755,0,0,0
664,0.23595098053154193,0.23595098053154193,0,0,0
665,0.22732501790711754,0.22732501790711754,0,0,0
666,0.236898693599199,0.236898693599199,0,0,0
667,0.24010344555503443,0.24010344555503443,0,0,0
668,0.23500635867056094,0.23500635867056094,0,0,0
669,0.2578635282422367,0.2578635282422367,0,0,0
670,0.22911173026812703,0.22911173026812703,0,0,0
671,0.225712441300091,0.225712441300091,0,0,0
672,0.23545913908042407,0.23545913908042407,0,0,0
673,0.22878778647435338,0.22878778647435338,0,0,0
674,0.23249092580456482,0.23249092580456482,0,0,0
675,0.23158473325403114,0.23158473325403114,0,0,0
676,0.22800459242180773,0.22800459242180773,0,0,0
677,0.2452038522613676,0.2452038522613676,0,0,0
678,0.22381775355652758,0.22381775355652758,0,0,0
679,0.23465095774123543,0.23465095774123543,0,0,0
680,0.22500588078247874,0.22500588078247874,0,0,0
681,0.22745042568758914,0.22745042568758914,0,0,0
682,0.219511783436725,0.219511783436725,0,0,0
683,0.22531150320642873,0.22531150320642873,0,0,0
684,0.22037524729967117,0.22037524729967117,0,0,0
685,0.21874937611190895,0.21874937611190895,0,0,0
686,0.2200044758225742,0.2200044758225742,0,0,0
687,0.24025584404405795,0.24025584404405795,0,0,0
688,0.2235311195254326,0.2235311195254326,0,0,0
689,0.21706799143239072,0.21706799143239072,0,0,0
690,0.22773636563828117,0.22773636563828117,0,0,0
691,0.22059488923926102,0.22059488923926102,0,0,0
692,0.214948160867942,0.214948160867942,0,0,0
693,0.2324932225440678,0.2324932225440678,0,0,0
694,0.21416809998060526,0.21416809998060526,0,0,0
695,0.21246370006548732,0.21246370006548732,0,0,0
696,0.24446308103046918,0.24446308103046918,0,0,0
697,0.22588079540353073,0.22588079540353073,0,0,0
698,0.22283572468318438,0.22283572468318438,0,0,0
699,0.22936981994854777,0.22936981994854777,0,0,0
700,0.2260265636600946,0.2260265636600946,0,0,0
701,0.22535384054246702,0.22535384054246702,0,0,0
702,0.2276081897710499,0.2276081897710499,0,0,0
703,0.22670509352495796,0.22670509352495796,0,0,0
704,0.21678042372590617,0.21678042372590617,0,0,0
705,0.2121801948861072,0.2121801948861072,0,0,0
706,0.2109703903919772,0.2109703903919772,0,0,0
707,0.23005400990184985,0.23005400990184985,0,0,0
708,0.21801934508900894,0.21801934508900894,0,0,0
709,0.22107643398799395,0.22107643398799395,0,0,0
710,0.23419931923088275,0.23419931923088275,0,0,0
711,0.23114565838324397,0.23114565838324397,0,0,0
712,0.2199968715247355,0.2199968715247355,0,0,0
713,0.21173510818104996,0.21173510818104996,0,0,0
714,0.21878552240760704,0.21878552240760704,0,0,0
715,0.222034962553727,0.222034962553727,0,0,0
716,0.22072082287386843,0.22072082287386843,0,0,0
717,0.21448430379754618,0.21448430379754618,0,0,0
718,0.22265848831126564,0.22265848831126564,0,0,0
719,0.21284299814387372,0.21284299814387372,0,0,0
720,0.22471444230330617,0.22471444230330617,0,0,0
721,0.2281952108207502,0.2281952108207502,0,0,0
722,0.2232318414669288,0.2232318414669288,0,0,0
723,0.2175720024265741,0.2175720024265741,0,0,0
724,0.224456182828075,0.224456182828075,0,0,0
725,0.21855188788552032,0.21855188788552032,0,0,0
726,0.23427445559125198,0.23427445559125198,0,0,0
727,0.22272162217842906,0.22272162217842906,0,0,0
728,0.21690056002453753,0.21690056002453753,0,0,0
729,0.2125819694054754,0.2125819694054754,0,0,0
730,0.2271050799049829,0.2271050799049829,0,0,0
731,0.20916682324911418,0.20916682324911418,0,0,0
732,0.21953833926665156,0.21953833926665156,0,0,0
733,0.21903053475053688,0.21903053475053688,0,0,0
734,0.21626244877514086,0.21626244877514086,0,0,0
735,0.2159142827517108,0.2159142827517108,0,0,0
736,0.21315652877092361,0.21315652877092361,0,0,0
737,0.22208529161779503,0.22208529161779503,0,0,0
738,0.2410276500802291,0.2410276500802291,0,0,0
739,0.22016560521564985,0.22016560521564985,0,0,0
740,0.20724046622451983,0.20724046622451983,0,0,0
741,0.21547267742847143,0.21547267742847143,0,0,0
742,0.22935590814603002,0.22935590814603002,0,0,0
743,0.21508728124593435,0.21508728124593435,0,0,0
744,0.21028081523744682,0.21028081523744682,0,0,0
745,0.2082256380664675,0.2082256380664675,0,0,0
746,0.23171864253909966,0.23171864253909966,0,0,0
747,0.2170744750060533,0.2170744750060533,0,0,0
748,0.22586920465293683,0.22586920465293683,0,0,0
749,0.22159508811800102,0.22159508811800102,0,0,0
750,0.21002731668321709,0.21002731668321709,0,0,0
751,0.2116695332684015,0.2116695332684015,0,0,0
752,0.20966816301408567,0.20966816301408567,0,0,0
753,0.21310491154068395,0.21310491154068395,0,0,0
754,0.20386053543341787,0.20386053543341787,0,0,0
755,0.21158157955659063,0.21158157955659063,0,0,0
756,0.21678754804950012,0.21678754804950012,0,0,0
757,0.2254133906803633,0.2254133906803633,0,0,0
758,0.2085870723975332,0.2085870723975332,0,0,0
759,0.20411670992248937,0.20411670992248937,0,0,0
760,0.1960092332018049,0.1960092332018049,0,0,0
761,0.21746849974519328,0.21746849974519328,0,0,0
762,0.2035600695955126,0.2035600695955126,0,0,0
763,0.21502600963178434,0.21502600963178434,0,0,0
764,0.20558088351237147,0.20558088351237147,0,0,0
765,0.19832345215897812,0.19832345215897812,0,0,0
766,0.19913378710809507,0.19913378710809507,0,0,0
767,0.20526524515528427,0.20526524515528427,0,0,0
768,0.20293963386824257,0.20293963386824257,0,0,0
769,0.2120403863097492,0.2120403863097492,0,0,0
770,0.20331528469135887,0.20331528469135887,0,0,0
771,0.2115337974146793,0.2115337974146793,0,0,0
772,0.21973406994029096,0.21973406994029096,0,0,0
773,0.22275483294537193,0.22275483294537193,0,0,0
774,0.20392550998612455,0.20392550998612455,0,0,0
775,0.19894780885232122,0.19894780885232122,0,0,0
776,0.21045061828274475,0.21045061828274475,0,0,0
777,0.1990037152641698,0.1990037152641698,0,0,0
778,0.20259788867674375,0.20259788867674375,0,0,0
779,0.20071748016696228,0.20071748016696228,0,0,0
780,0.20098121189757398,0.20098121189757398,0,0,0
781,0.20979935401364377,0.20979935401364377,0,0,0
782,0.20878079415936218,0.20878079415936218,0,0,0
783,0.1984919125312253,0.1984919125312253,0,0,0
784,0.20066522375533455,0.20066522375533455,0,0,0
785,0.19851849541852348,0.19851849541852348,0,0,0
786,0.221821602237852,0.221821602237852,0,0,0
787,0.21895505331064524,0.21895505331064524,0,0,0
788,0.20803143946748032,0.20803143946748032,0,0,0
789,0.2042575274643145,0.2042575274643145,0,0,0
790,0.2119809338136723,0.2119809338136723,0,0,0
791,0.21059918991829218,0.21059918991829218,0,0,0
792,0.20395053883916453,0.20395053883916453,0,0,0
793,0.2086067795753479,0.2086067795753479,0,0,0
794,0.20606767346984461,0.20606767346984461,0,0,0
795,0.19934276961966566,0.19934276961966566,0,0,0
796,0.21100804405777077,0.21100804405777077,0,0,0
797,0.20460933054748334,0.20460933054748334,0,0,0
798,0.2297563774413184,0.2297563774413184,0,0,0
799,0.23478395452624873,0.23478395452624873,0,0,0
800,0.23551715086949498,0.23551715086949498,0,0,0
801,0.204730917748652,0.204730917748652,0,0,0
802,0.19794364273548126,0.19794364273548126,0,0,0
803,0.19697761457217366,0.19697761457217366,0,0,0
804,0.19430226401278847,0.19430226401278847,0,0,0
805,0.2014890493530976,0.2014890493530976,0,0,0
806,0.19932180760722412,0.19932180760722412,0,0,0
807,0.20341373744763827,0.20341373744763827,0,0,0
808,0.20071192124956533,0.20071192124956533,0,0,0
809,0.19747872219273918,0.19747872219273918,0,0,0
810,0.2019616661495284,0.2019616661495284,0,0,0
811,0.19421451891723432,0.19421451891723432,0,0,0
812,0.20003393566922137,0.20003393566922137,0,0,0
813,0.19598548310367683,0.19598548310367683,0,0,0
814,0.19608298375418312,0.19608298375418312,0,0,0
815,0.19377733257256055,0.19377733257256055,0,0,0
816,0.1916813960200862,0.1916813960200862,0,0,0
817,0.19653479990206266,0.19653479990206266,0,0,0
818,0.18717826549944125,0.18717826549944125,0,0,0
819,0.18679250737554148,0.18679250737554148,0,0,0
820,0.2017721278887046,0.2017721278887046,0,0,0
821,0.1862440511192146,0.1862440511192146,0,0,0
822,0.18820064436448247,0.18820064436448247,0,0,0
823,0.20440645594345896,0.20440645594345896,0,0,0
824,0.1806836516449326,0.1806836516449326,0,0,0
825,0.18507915696031169,0.18507915696031169,0,0,0
826,0.19360654487421639,0.19360654487421639,0,0,0
827,0.1888618894705647,0.1888618894705647,0,0,0
828,0.19425283097907117,0.19425283097907117,0,0,0
829,0.19652376598433444,0.19652376598433444,0,0,0
830,0.19952423948990672,0.19952423948990672,0,0,0
831,0.19015883497501673,0.19015883497501673,0,0,0
832,0.19840222283413536,0.19840222283413536,0,0,0
833,0.18892553252609154,0.18892553252609154,0,0,0
834,0.20131116870202517,0.20131116870202517,0,0,0
835,0.20529362598532125,0.20529362598532125,0,0,0
836,0.1843536151082892,0.1843536151082892,0,0,0
837,0.1905401515725412,0.1905401515725412,0,0,0
838,0.19280478946472468,0.19280478946472468,0,0,0
839,0.20146944275812098,0.20146944275812098,0,0,0
840,0.1815481997634235,0.1815481997634235,0,0,0
841,0.19286119545760907,0.19286119545760907,0,0,0
842,0.19295787379929893,0.19295787379929893,0,0,0
843,0.20205268499098325,0.20205268499098325,0,0,0
844,0.18713221502931496,0.18713221502931496,0,0,0
845,0.1967122519486829,0.1967122519486829,0,0,0
846,0.1887618487602786,0.1887618487602786,0,0,0
847,0.1830699263434661,0.1830699263434661,0,0,0
848,0.19225394961081052,0.19225394961081052,0,0,0
849,0.19559385078518013,0.19559385078518013,0,0,0
850,0.18670388350361272,0.18670388350361272,0,0,0
851,0.1929671570266548,0.1929671570266548,0,0,0
852,0.1796987005754521,0.1796987005754521,0,0,0
853,0.19440085205592608,0.19440085205592608,0,0,0
854,0.19066261147197924,0.19066261147197924,0,0,0
855,0.19338671549370415,0.19338671549370415,0,0,0
856,0.18424926835455394,0.18424926835455394,0,0,0
857,0.2014046707435658,0.2014046707435658,0,0,0
858,0.1818783122457956,0.1818783122457956,0,0,0
859,0.2056169729483755,0.2056169729483755,0,0,0
860,0.18268897109910062,0.18268897109910062,0,0,0
861,0.19060228059166356,0.19060228059166356,0,0,0
862,0.19004840639076734,0.19004840639076734,0,0,0
863,0.19197965354511612,0.19197965354511612,0,0,0
864,0.1881922671669408,0.1881922671669408,0,0,0
865,0.1981485889930474,0.1981485889930474,0,0,0
866,0.19374153272886024,0.19374153272886024,0,0,0
867,0.18433985506233416,0.18433985506233416,0,0,0
868,0.20061706084954112,0.20061706084954112,0,0,0
869,0.19073954146159322,0.19073954146159322,0,0,0
870,0.19116606014339546,0.19116606014339546,0,0,0
871,0.18465469267807508,0.18465469267807508,0,0,0
872,0.18680500356774582,0.18680500356774582,0,0,0
873,0.18917801917383545,0.18917801917383545,0,0,0
874,0.18145697093323657,0.18145697093323657,0,0,0
875,0.196131763097487,0.196131763097487,0,0,0
876,0.19291460592495768,0.19291460592495768,0,0,0
877,0.18632382468173378,0.18632382468173378,0,0,0
878,0.18636152854091242,0.18636152854091242,0,0,0
879,0.19249696990377024,0.19249696990377024,0,0,0
880,0.18860295591385742,0.18860295591385742,0,0,0
881,0.18736300107679868,0.18736300107679868,0,0,0
882,0.18272263909641065,0.18272263909641065,0,0,0
883,0.18565815157796206,0.18565815157796206,0,0,0
884,0.2011217345532618,0.2011217345532618,0,0,0
885,0.19270266004298864,0.19270266004298864,0,0,0
886,0.18834763961402992,0.18834763961402992,0,0,0
887,0.18042219939984774,0.18042219939984774,0,0,0
888,0.17984978776229055,0.17984978776229055,0,0,0
889,0.17791181685108887,0.17791181685108887,0,0,0
890,0.19280948509511195,0.19280948509511195,0,0,0
891,0.1847653749742006,0.1847653749742006,0,0,0
892,0.17761381715536118,0.17761381715536118,0,0,0
893,0.18684509161271548,0.18684509161271548,0,0,0
894,0.1933494657278061,0.1933494657278061,0,0,0
895,0.18368813630781675,0.18368813630781675,0,0,0
896,0.1791750133821839,0.1791750133821839,0,0,0
897,0.17891690644778704,0.17891690644778704,0,0,0
898,0.1968103935451884,0.1968103935451884,0,0,0
899,0.18339572984137034,0.18339572984137034,0,0,0
900,0.2024136391517363,0.2024136391517363,0,0,0
901,0.18227063864469528,0.18227063864469528,0,0,0
902,0.17792416912944695,0.17792416912944695,0,0,0
903,0.18307504842155858,0.18307504842155858,0,0,0
904,0.18597090479574704,0.18597090479574704,0,0,0
905,0.18257254656208188,0.18257254656208188,0,0,0
906,0.17894972939240306,0.17894972939240306,0,0,0
907,0.17731297741595067,0.17731297741595067,0,0,0
908,0.1850530489494926,0.1850530489494926,0,0,0
909,0.18323455456840365,0.18323455456840365,0,0,0
910,0.18936464759080032,0.18936464759080032,0,0,0
911,0.191361976689414,0.191361976689414,0,0,0
912,0.18525798403118787,0.18525798403118787,0,0,0
913,0.19290220698243693,0.19290220698243693,0,0,0
914,0.1911801703666386,0.1911801703666386,0,0,0
915,0.18520079435486542,0.18520079435486542,0,0,0
916,0.18770063766523412,0.18770063766523412,0,0,0
917,0.18461928869548597,0.18461928869548597,0,0,0
918,0.1733904292708949,0.1733904292708949,0,0,0
919,0.18138707625238518,0.18138707625238518,0,0,0
920,0.17524870034111173,0.17524870034111173,0,0,0
921,0.19028924562429128,0.19028924562429128,0,0,0
922,0.17475279459827825,0.17475279459827825,0,0,0
923,0.17811019561792674,0.17811019561792674,0,0,0
924,0.1847755826617542,0.1847755826617542,0,0,0
925,0.181435978334201,0.181435978334201,0,0,0
926,0.17737761982961706,0.17737761982961706,0,0,0
927,0.17687043429989563,0.17687043429989563,0,0,0
928,0.17441461176464432,0.17441461176464432,0,0,0
929,0.1806950290736399,0.1806950290736399,0,0,0
930,0.1739243817956824,0.1739243817956824,0,0,0
931,0.18998088236702115,0.18998088236702115,0,0,0
932,0.1744590197738848,0.1744590197738848,0,0,0
933,0.17021818302179637,0.17021818302179637,0,0,0
934,0.1794164866993302,0.1794164866993302,0,0,0
935,0.18261432196748884,0.18261432196748884,0,0,0
936,0.18725089768045827,0.18725089768045827,0,0,0
937,0.17247134878447182,0.17247134878447182,0,0,0
938,0.17882479452773145,0.17882479452773145,0,0,0
939,0.18632733370912702,0.18632733370912702,0,0,0
940,0.17651461182456268,0.17651461182456268,0,0,0
941,0.18735220185235926,0.18735220185235926,0,0,0
942,0.18997378529686676,0.18997378529686676,0,0,0
943,0.17523362409127385,0.17523362409127385,0,0,0
944,0.1936313919723034,0.1936313919723034,0,0,0
945,0.17429405293966593,0.17429405293966593,0,0,0
946,0.17759191499728905,0.17759191499728905,0,0,0
947,0.17046047551067253,0.17046047551067253,0,0,0
948,0.1731025378562902,0.1731025378562902,0,0,0
949,0.1827046598650907,0.1827046598650907,0,0,0
950,0.1760748256193964,0.1760748256193964,0,0,0
951,0.17785530537366867,0.17785530537366867,0,0,0
952,0.17346569503608503,0.17346569503608503,0,0,0
953,0.17210570134614644,0.17210570134614644,0,0,0
954,0.165311441609734,0.165311441609734,0,0,0
955,0.17126740652479625,0.17126740652479625,0,0,0
956,0.18034047280487261,0.18034047280487261,0,0,0
957,0.1743550608424764,0.1743550608424764,0,0,0
958,0.17208962044433543,0.17208962044433543,0,0,0
959,0.17806942368808545,0.17806942368808545,0,0,0
960,0.17400706088856646,0.17400706088856646,0,0,0
961,0.1710315638859021,0.1710315638859021,0,0,0
962,0.18171395910413643,0.18171395910413643,0,0,0
963,0.180847892635747,0.180847892635747,0,0,0
964,0.17913517591200376,0.17913517591200376,0,0,0
965,0.17198939033244787,0.17198939033244787,0,0,0
966,0.18216481608779808,0.18216481608779808,0,0,0
967,0.16921558270328924,0.16921558270328924,0,0,0
968,0.17218776792287827,0.17218776792287827,0,0,0
969,0.16532473207304352,0.16532473207304352,0,0,0
970,0.17463173599619614,0.17463173599619614,0,0,0
971,0.16486514536173721,0.16486514536173721,0,0,0
972,0.17602330034500674,0.17602330034500674,0,0,0
973,0.16446753885400922,0.16446753885400922,0,0,0
974,0.17354366928339005,0.17354366928339005,0,0,0
975,0.16691441912400096,0.16691441912400096,0,0,0
976,0.23691671243623683,0.23691671243623683,0,0,0
977,0.17263603092808472,0.17263603092808472,0,0,0
978,0.18011348341640673,0.18011348341640673,0,0,0
979,0.1848045875759501,0.1848045875759501,0,0,0
980,0.1870687388275799,0.1870687388275799,0,0,0
981,0.17931083589792252,0.17931083589792252,0,0,0
982,0.17396951643259903,0.17396951643259903,0,0,0
983,0.18240478517193542,0.18240478517193542,0,0,0
984,0.1741150797981965,0.1741150797981965,0,0,0
985,0.1819340408240494,0.1819340408240494,0,0,0
986,0.16609197207971624,0.16609197207971624,0,0,0
987,0.19707188892521357,0.19707188892521357,0,0,0
988,0.1734645492152164,0.1734645492152164,0,0,0
989,0.17224233773978134,0.17224233773978134,0,0,0
990,0.1717785761544579,0.1717785761544579,0,0,0
991,0.16779252122107305,0.16779252122107305,0,0,0
992,0.16318132532270332,0.16318132532270332,0,0,0
993,0.17036271722693191,0.17036271722693191,0,0,0
994,0.17676277968444323,0.17676277968444323,0,0,0
995,0.1769846501319032,0.1769846501319032,0,0,0
996,0.17142909706423157,0.17142909706423157,0,0,0
997,0.1775704665403617,0.1775704665403617,0,0,0
998,0.16987247412142,0.16987247412142,0,0,0
999,0.16963256483799533,0.16963256483799533,0,0,0
1000,0.19082254955643102,0.19082254955643102,0,0,0
1001,0.17764289226186902,0.17764289226186902,0,0,0
1002,0.16868009712350995,0.16868009712350995,0,0,0
1003,0.17132473109584107,0.17132473109584107,0,0,0
1004,0.1734091119938775,0.1734091119938775,0,0,0
1005,0.16645362071300807,0.16645362071300807,0,0,0
1006,0.17390028504948868,0.17390028504948868,0,0,0
1007,0.16610045476179375,0.16610045476179375,0,0,0
1008,0.15881872471225889,0.15881872471225889,0,0,0
1009,0.16586541011929512,0.16586541011929512,0,0,0
1010,0.16839685487119774,0.16839685487119774,0,0,0
1011,0.17914446757027977,0.17914446757027977,0,0,0
1012,0.1629080335168462,0.1629080335168462,0,0,0
1013,0.16161911287590078,0.16161911287590078,0,0,0
1014,0.16917074569746068,0.16917074569746068,0,0,0
1015,0.17668140267855242,0.17668140267855242,0,0,0
1016,0.16850079635256215,0.16850079635256215,0,0,0
1017,0.1675145863310287,0.1675145863310287,0,0,0
1018,0.1655850096752769,0.1655850096752769,0,0,0
1019,0.16892879260213753,0.16892879260213753,0,0,0
1020,0.1686361439918217,0.1686361439918217,0,0,0
1021,0.1759230112166781,0.1759230112166781,0,0,0
1022,0.1646114468182388,0.1646114468182388,0,0,0
1023,0.17494050883933118,0.17494050883933118,0,0,0
1024,0.1595873481741077,0.1595873481741077,0,0,0
1025,0.17215789521211072,0.17215789521211072,0,0,0
1026,0.1691528123460318,0.1691528123460318,0,0,0
1027,0.16016003842416562,0.16016003842416562,0,0,0
1028,0.16088264102214261,0.16088264102214261,0,0,0
1029,0.15812401297061066,0.15812401297061066,0,0,0
1030,0.16916077485994288,0.16916077485994288,0,0,0
1031,0.19019100638596634,0.19019100638596634,0,0,0
1032,0.1703752447900019,0.1703752447900019,0,0,0
1033,0.16411655768752098,0.16411655768752098,0,0,0
1034,0.16519177548195185,0.16519177548195185,0,0,0
1035,0.16181309717266182,0.16181309717266182,0,0,0
1036,0.16162413888071714,0.16162413888071714,0,0,0
1037,0.1718991820357348,0.1718991820357348,0,0,0
1038,0.16354402448785932,0.16354402448785932,0,0,0
1039,0.15782045514175766,0.15782045514175766,0,0,0
1040,0.16695753210469297,0.16695753210469297,0,0,0
1041,0.1717937033819525,0.1717937033819525,0,0,0
1042,0.16125667781422012,0.16125667781422012,0,0,0
1043,0.16410652175545692,0.16410652175545692,0,0,0
1044,0.16511861764286695,0.16511861764286695,0,0,0
1045,0.18740573741103472,0.18740573741103472,0,0,0
1046,0.16044245895586515,0.16044245895586515,0,0,0
1047,0.16016478287546257,0.16016478287546257,0,0,0
1048,0.16569936569584043,0.16569936569584043,0,0,0
1049,0.16924544953201948,0.16924544953201948,0,0,0
1050,0.15764267134823298,0.15764267134823298,0,0,0
1051,0.16429261078960017,0.16429261078960017,0,0,0
1052,0.15719555651671008,0.15719555651671008,0,0,0
1053,0.16399709743104482,0.16399709743104482,0,0,0
1054,0.16316186577865952,0.16316186577865952,0,0,0
1055,0.16803145859586566,0.16803145859586566,0,0,0
1056,0.18779810772914635,0.18779810772914635,0,0,0
1057,0.16627381506719088,0.16627381506719088,0,0,0
1058,0.15549688805875025,0.15549688805875025,0,0,0
1059,0.16431189681354322,0.16431189681354322,0,0,0
1060,0.16441057387151217,0.16441057387151217,0,0,0
1061,0.17214543764528475,0.17214543764528475,0,0,0
1062,0.16709882687581212,0.16709882687581212,0,0,0
1063,0.16266824030562452,0.16266824030562452,0,0,0
1064,0.15600556154784403,0.15600556154784403,0,0,0
1065,0.15695944134342044,0.15695944134342044,0,0,0
1066,0.18296060985640475,0.18296060985640475,0,0,0
1067,0.16306451021840698,0.16306451021840698,0,0,0
1068,0.15983103882325322,0.15983103882325322,0,0,0
1069,0.16472762881925232,0.16472762881925232,0,0,0
1070,0.1807055404703868,0.1807055404703868,0,0,0
1071,0.16098719776460998,0.16098719776460998,0,0,0
1072,0.1748530074561897,0.1748530074561897,0,0,0
1073,0.17200366564487157,0.17200366564487157,0,0,0
1074,0.16151556196181396,0.16151556196181396,0,0,0
1075,0.15802773303891482,0.15802773303891482,0,0,0
1076,0.17889315556538732,0.17889315556538732,0,0,0
1077,0.16890612303426392,0.16890612303426392,0,0,0
1078,0.18306160012358114,0.18306160012358114,0,0,0
1079,0.16112587228417397,0.16112587228417397,0,0,0
1080,0.17041946927967824,0.17041946927967824,0,0,0
1081,0.17706715060692085,0.17706715060692085,0,0,0
1082,0.1638653486182815,0.1638653486182815,0,0,0
1083,0.16683057617200048,0.16683057617200048,0,0,0
1084,0.17865748840727305,0.17865748840727305,0,0,0
1085,0.16122757408179736,0.16122757408179736,0,0,0
1086,0.16538640837136068,0.16538640837136068,0,0,0
1087,0.1707940325140953,0.1707940325140953,0,0,0
1088,0.16935786153925092,0.16935786153925092,0,0,0
1089,0.17920895646277227,0.17920895646277227,0,0,0
1090,0.1610797022126223,0.1610797022126223,0,0,0
1091,0.1616623556535495,0.1616623556535495,0,0,0
1092,0.15538751588840233,0.15538751588840233,0,0,0
1093,0.16050140991022713,0.16050140991022713,0,0,0
1094,0.16459559747263006,0.16459559747263006,0,0,0
1095,0.15673775519979627,0.15673775519979627,0,0,0
1096,0.15420189343000712,0.15420189343000712,0,0,0
1097,0.18569742045120188,0.18569742045120188,0,0,0
1098,0.1889868429616878,0.1889868429616878,0,0,0
1099,0.16376725447021032,0.16376725447021032,0,0,0
1100,0.15537105775193163,0.15537105775193163,0,0,0
1101,0.16070104586450676,0.16070104586450676,0,0,0
1102,0.1541101763907232,0.1541101763907232,0,0,0
1103,0.16077778978567375,0.16077778978567375,0,0,0
1104,0.1663575052822891,0.1663575052822891,0,0,0
1105,0.1795976009023817,0.1795976009023817,0,0,0
1106,0.18269260717849983,0.18269260717849983,0,0,0
1107,0.18242092430591583,0.18242092430591583,0,0,0
1108,0.15868765919616348,0.15868765919616348,0,0,0
1109,0.1541359230483833,0.1541359230483833,0,0,0
1110,0.15998822274176697,0.15998822274176697,0,0,0
1111,0.1547768802235001,0.1547768802235001,0,0,0
1112,0.15997547322982236,0.15997547322982236,0,0,0
1113,0.16469621599504822,0.16469621599504822,0,0,0
1114,0.15895528385513708,0.15895528385513708,0,0,0
1115,0.16889388133820735,0.16889388133820735,0,0,0
1116,0.1587851306325511,0.1587851306325511,0,0,0
1117,0.1508607999666741,0.1508607999666741,0,0,0
1118,0.1661140499146361,0.1661140499146361,0,0,0
1119,0.1530718470090314,0.1530718470090314,0,0,0
1120,0.1498452413238977,0.1498452413238977,0,0,0
1121,0.15857351904636935,0.15857351904636935,0,0,0
1122,0.16332629323005676,0.16332629323005676,0,0,0
1123,0.15623034203523084,0.15623034203523084,0,0,0
1124,0.15974180106269686,0.15974180106269686,0,0,0
1125,0.16010627032894836,0.16010627032894836,0,0,0
1126,0.15767081983779607,0.15767081983779607,0,0,0
1127,0.15989061425390996,0.15989061425390996,0,0,0
1128,0.17011948478849312,0.17011948478849312,0,0,0
1129,0.16313611912099937,0.16313611912099937,0,0,0
1130,0.15993808307930044,0.15993808307930044,0,0,0
1131,0.16374935170537547,0.16374935170537547,0,0,0
1132,0.1608139470611748,0.1608139470611748,0,0,0
1133,0.1570950542625628,0.1570950542625628,0,0,0
1134,0.17368164227197044,0.17368164227197044,0,0,0
1135,0.15515964635108648,0.15515964635108648,0,0,0
1136,0.14844877861048045,0.14844877861048045,0,0,0
1137,0.16575954932915538,0.16575954932915538,0,0,0
1138,0.1627390098414923,0.1627390098414923,0,0,0
1139,0.1601201819353982,0.1601201819353982,0,0,0
1140,0.1532077248159208,0.1532077248159208,0,0,0
1141,0.1617536550681842,0.1617536550681842,0,0,0
1142,0.15907174290010803,0.15907174290010803,0,0,0
1143,0.15314291770520963,0.15314291770520963,0,0,0
1144,0.1603905288012404,0.1603905288012404,0,0,0
1145,0.15886987412446424,0.15886987412446424,0,0,0
1146,0.16686946820271642,0.16686946820271642,0,0,0
1147,0.15480676509047808,0.15480676509047808,0,0,0
1148,0.15107347228025136,0.15107347228025136,0,0,0
1149,0.16288818399372854,0.16288818399372854,0,0,0
1150,0.15951967651122495,0.15951967651122495,0,0,0
1151,0.15408592631942347,0.15408592631942347,0,0,0
1152,0.1535233096464684,0.1535233096464684,0,0,0
1153,0.1664439843673455,0.1664439843673455,0,0,0
1154,0.16491383176885152,0.16491383176885152,0,0,0
1155,0.15624911691013135,0.15624911691013135,0,0,0
1156,0.16920703531880127,0.16920703531880127,0,0,0
1157,0.15934165233844205,0.15934165233844205,0,0,0
1158,0.1569390730246117,0.1569390730246117,0,0,0
1159,0.15494579802218236,0.15494579802218236,0,0,0
1160,0.17150627449154854,0.17150627449154854,0,0,0
1161,0.1585039949338687,0.1585039949338687,0,0,0
1162,0.16639007314255364,0.16639007314255364,0,0,0
1163,0.16307877572743515,0.16307877572743515,0,0,0
1164,0.152225563596738,0.152225563596738,0,0,0
1165,0.1591736923315023,0.1591736923315023,0,0,0
1166,0.15956793235320793,0.15956793235320793,0,0,0
1167,0.1555160519323851,0.1555160519323851,0,0,0
1168,0.15394086371126928,0.15394086371126928,0,0,0
1169,0.15740562936193064,0.15740562936193064,0,0,0
1170,0.15568603437982106,0.15568603437982106,0,0,0
1171,0.16367359929963163,0.16367359929963163,0,0,0
1172,0.15136864153962387,0.15136864153962387,0,0,0
1173,0.15704284824038806,0.15704284824038806,0,0,0
1174,0.15814523653764473,0.15814523653764473,0,0,0
1175,0.15913861009635424,0.15913861009635424,0,0,0
1176,0.16012096895199074,0.16012096895199074,0,0,0
1177,0.1492971770073238,0.1492971770073238,0,0,0
1178,0.1556989548629836,0.1556989548629836,0,0,0
1179,0.16434145130609212,0.16434145130609212,0,0,0
1180,0.15283421779933729,0.15283421779933729,0,0,0
1181,0.1534920221096591,0.1534920221096591,0,0,0
1182,0.17969734613832675,0.17969734613832675,0,0,0
1183,0.1656741125411109,0.1656741125411109,0,0,0
1184,0.15609299430721685,0.15609299430721685,0,0,0
1185,0.161146025320417,0.161146025320417,0,0,0
1186,0.1598816800274347,0.1598816800274347,0,0,0
1187,0.15395073455415273,0.15395073455415273,0,0,0
1188,0.16246290289257703,0.16246290289257703,0,0,0
1189,0.1548619284049461,0.1548619284049461,0,0,0
1190,0.1544825330768761,0.1544825330768761,0,0,0
1191,0.16154973346151805,0.16154973346151805,0,0,0
1192,0.1650289544149449,0.1650289544149449,0,0,0
1193,0.1531241010678442,0.1531241010678442,0,0,0
1194,0.15026376925800977,0.15026376925800977,0,0,0
1195,0.1545387216304478,0.1545387216304478,0,0,0
1196,0.16491820427932238,0.16491820427932238,0,0,0
1197,0.16865220018907598,0.16865220018907598,0,0,0
1198,0.1604028722565425,0.1604028722565425,0,0,0
1199,0.15576564500990667,0.15576564500990667,0,0,0
1200,0.15528993739893562,0.15528993739893562,0,0,0
1201,0.15128966538529648,0.15128966538529648,0,0,0
1202,0.14705714210867882,0.14705714210867882,0,0,0
1203,0.15197901349318654,0.15197901349318654,0,0,0
1204,0.14413032661143102,0.14413032661143102,0,0,0
1205,0.14797263043491463,0.14797263043491463,0,0,0
1206,0.1488656974152515,0.1488656974152515,0,0,0
1207,0.15572121602139974,0.15572121602139974,0,0,0
1208,0.1544777447063672,0.1544777447063672,0,0,0
1209,0.14423649483605436,0.14423649483605436,0,0,0
1210,0.15287632416737706,0.15287632416737706,0,0,0
1211,0.14642632007598877,0.14642632007598877,0,0,0
1212,0.14960043465620593,0.14960043465620593,0,0,0
1213,0.15684375284533753,0.15684375284533753,0,0,0
1214,0.1601946363715749,0.1601946363715749,0,0,0
1215,0.15738317880191302,0.15738317880191302,0,0,0
1216,0.1536395004705379,0.1536395004705379,0,0,0
1217,0.1514817740964262,0.1514817740964262,0,0,0
1218,0.1530866162165215,0.1530866162165215,0,0,0
1219,0.15919722949987963,0.15919722949987963,0,0,0
1220,0.1509261564596703,0.1509261564596703,0,0,0
1221,0.1504002546793536,0.1504002546793536,0,0,0
1222,0.14606581922424466,0.14606581922424466,0,0,0
1223,0.15821668446848267,0.15821668446848267,0,0,0
1224,0.14951788634061813,0.14951788634061813,0,0,0
1225,0.1540712798504453,0.1540712798504453,0,0,0
1226,0.15324188513975395,0.15324188513975395,0,0,0
1227,0.1523622864563214,0.1523622864563214,0,0,0
1228,0.1596280771650766,0.1596280771650766,0,0,0
1229,0.14588640610638418,0.14588640610638418,0,0,0
1230,0.1569798069172784,0.1569798069172784,0,0,0
1231,0.1593495483853315,0.1593495483853315,0,0,0
1232,0.16130466994486356,0.16130466994486356,0,0,0
1233,0.15262824943975398,0.15262824943975398,0,0,0
1234,0.15980211861039462,0.15980211861039462,0,0,0
1235,0.16884932510162654,0.16884932510162654,0,0,0
1236,0.1549072377383709,0.1549072377383709,0,0,0
1237,0.15573872547400625,0.15573872547400625,0,0,0
1238,0.15341724043613986,0.15341724043613986,0,0,0
1239,0.164307104717744,0.164307104717744,0,0,0
1240,0.21741793951705882,0.21741793951705882,0,0,0
1241,0.15307611030967613,0.15307611030967613,0,0,0
1242,0.16687252470537237,0.16687252470537237,0,0,0
1243,0.15248613059520721,0.15248613059520721,0,0,0
1244,0.15296396632727824,0.15296396632727824,0,0,0
1245,0.15949610856018567,0.15949610856018567,0,0,0
1246,0.16146146015901314,0.16146146015901314,0,0,0
1247,0.1514261710016351,0.1514261710016351,0,0,0
1248,0.1474932945872608,0.1474932945872608,0,0,0
1249,0.14385124433197474,0.14385124433197474,0,0,0
1250,0.14982616097519272,0.14982616097519272,0,0,0
1251,0.16041864297891917,0.16041864297891917,0,0,0
1252,0.15958186729173912,0.15958186729173912,0,0,0
1253,0.15022151544690132,0.15022151544690132,0,0,0
1254,0.15046758675261548,0.15046758675261548,0,0,0
1255,0.1515240175159354,0.1515240175159354,0,0,0
1256,0.15632460580060356,0.15632460580060356,0,0,0
1257,0.14370992505236677,0.14370992505236677,0,0,0
1258,0.16111092504702115,0.16111092504702115,0,0,0
1259,0.15201839687008606,0.15201839687008606,0,0,0
1260,0.15843350812792778,0.15843350812792778,0,0,0
1261,0.14564198667281553,0.14564198667281553,0,0,0
1262,0.14606046225679548,0.14606046225679548,0,0,0
1263,0.1526426186687068,0.1526426186687068,0,0,0
1264,0.1470731473282764,0.1470731473282764,0,0,0
1265,0.1507851759854116,0.1507851759854116,0,0,0
1266,0.14910880927192538,0.14910880927192538,0,0,0
1267,0.15214331271617035,0.15214331271617035,0,0,0
1268,0.14965458645632393,0.14965458645632393,0,0,0
1269,0.15250940209156588,0.15250940209156588,0,0,0
1270,0.16031871285093457,0.16031871285093457,0,0,0
1271,0.14347841551429347,0.14347841551429347,0,0,0
1272,0.14854857188306356,0.14854857188306356,0,0,0
1273,0.1488368734717369,0.1488368734717369,0,0,0
1274,0.15251452907135613,0.15251452907135613,0,0,0
1275,0.1513695616863276,0.1513695616863276,0,0,0
1276,0.1480044851961889,0.1480044851961889,0,0,0
1277,0.2019283012732079,0.2019283012732079,0,0,0
1278,0.14559703830041384,0.14559703830041384,0,0,0
1279,0.1526694652673445,0.1526694652673445,0,0,0
1280,0.14523989177848162,0.14523989177848162,0,0,0
1281,0.15696784265731512,0.15696784265731512,0,0,0
1282,0.15343980706836047,0.15343980706836047,0,0,0
1283,0.1471718916375386,0.1471718916375386,0,0,0
1284,0.1509294864770613,0.1509294864770613,0,0,0
1285,0.17794711476093844,0.17794711476093844,0,0,0
1286,0.14708908823759934,0.14708908823759934,0,0,0
1287,0.152123628870437,0.152123628870437,0,0,0
1288,0.15082153560299622,0.15082153560299622,0,0,0
1289,0.15540461967650213,0.15540461967650213,0,0,0
1290,0.15291857092004074,0.15291857092004074,0,0,0
1291,0.1462389148379627,0.1462389148379627,0,0,0
1292,0.1463425296701883,0.1463425296701883,0,0,0
1293,0.1527384231357198,0.1527384231357198,0,0,0
1294,0.1483932159056789,0.1483932159056789,0,0,0
1295,0.15148942937192164,0.15148942937192164,0,0,0
1296,0.15318093272416214,0.15318093272416214,0,0,0
1297,0.14685982171642153,0.14685982171642153,0,0,0
1298,0.14993815378923164,0.14993815378923164,0,0,0
1299,0.1594621394025652,0.1594621394025652,0,0,0
1300,0.15949252032135663,0.15949252032135663,0,0,0
1301,0.14551545424680962,0.14551545424680962,0,0,0
1302,0.16206982712212362,0.16206982712212362,0,0,0
1303,0.15591726648180107,0.15591726648180107,0,0,0
1304,0.16861707991675326,0.16861707991675326,0,0,0
1305,0.15141370108253077,0.15141370108253077,0,0,0
1306,0.16361864675816737,0.16361864675816737,0,0,0
1307,0.15549222203461746,0.15549222203461746,0,0,0
1308,0.1644335702845925,0.1644335702845925,0,0,0
1309,0.15269809549576357,0.15269809549576357,0,0,0
1310,0.15111758775616946,0.15111758775616946,0,0,0
1311,0.1427919937199668,0.1427919937199668,0,0,0
1312,0.1479673909121438,0.1479673909121438,0,0,0
1313,0.14990951473775663,0.14990951473775663,0,0,0
1314,0.14928405692702845,0.14928405692702845,0,0,0
1315,0.14933943630833374,0.14933943630833374,0,0,0
1316,0.14985365008837298,0.14985365008837298,0,0,0
1317,0.1458488667481824,0.1458488667481824,0,0,0
1318,0.14778085856845505,0.14778085856845505,0,0,0
1319,0.15076975916561328,0.15076975916561328,0,0,0
1320,0.14970837494260386,0.14970837494260386,0,0,0
1321,0.14857334937704236,0.14857334937704236,0,0,0
1322,0.14578008553699442,0.14578008553699442,0,0,0
1323,0.15423253864834183,0.15423253864834183,0,0,0
1324,0.14313737557906853,0.14313737557906853,0,0,0
1325,0.15270887903477015,0.15270887903477015,0,0,0
1326,0.15821506161438792,0.15821506161438792,0,0,0
1327,0.1448488053130476,0.1448488053130476,0,0,0
1328,0.15771055594086647,0.15771055594086647,0,0,0
1329,0.14407768198534063,0.14407768198534063,0,0,0
1330,0.14902552295672267,0.14902552295672267,0,0,0
1331,0.15476913436463005,0.15476913436463005,0,0,0
1332,0.14666748733112686,0.14666748733112686,0,0,0
1333,0.14446493434278587,0.14446493434278587,0,0,0
1334,0.14420792421228007,0.14420792421228007,0,0,0
1335,0.15126782302793704,0.15126782302793704,0,0,0
1336,0.1608228426622717,0.1608228426622717,0,0,0
1337,0.14602487024508023,0.14602487024508023,0,0,0
1338,0.154374691608705,0.154374691608705,0,0,0
1339,0.14595324742166618,0.14595324742166618,0,0,0
1340,0.14226816398532768,0.14226816398532768,0,0,0
1341,0.14922131970524788,0.14922131970524788,0,0,0
1342,0.14750452006333753,0.14750452006333753,0,0,0
1343,0.1516512518650607,0.1516512518650607,0,0,0
1344,0.14743021483484067,0.14743021483484067,0,0,0
1345,0.15323106905347422,0.15323106905347422,0,0,0
1346,0.14868117810079926,0.14868117810079926,0,0,0
1347,0.15697331334415235,0.15697331334415235,0,0,0
1348,0.15884072588462578,0.15884072588462578,0,0,0
1349,0.1534768874315839,0.1534768874315839,0,0,0
1350,0.16080544438017041,0.16080544438017041,0,0,0
1351,0.15078302433616236,0.15078302433616236,0,0,0
1352,0.14597926406483902,0.14597926406483902,0,0,0
1353,0.1522807216173724,0.1522807216173724,0,0,0
1354,0.14813446939775818,0.14813446939775818,0,0,0
1355,0.14648273744081197,0.14648273744081197,0,0,0
1356,0.15602849365064972,0.15602849365064972,0,0,0
1357,0.15314011040486789,0.15314011040486789,0,0,0
1358,0.15118044536364705,0.15118044536364705,0,0,0
1359,0.14982590040093974,0.14982590040093974,0,0,0
1360,0.15483310759851807,0.15483310759851807,0,0,0
1361,0.14902398205901446,0.14902398205901446,0,0,0
1362,0.15615483275369593,0.15615483275369593,0,0,0
1363,0.14652274490187042,0.14652274490187042,0,0,0
1364,0.14493739487309204,0.14493739487309204,0,0,0
1365,0.14737874543980548,0.14737874543980548,0,0,0
1366,0.1507707642097222,0.1507707642097222,0,0,0
1367,0.139507851710445,0.139507851710445,0,0,0
1368,0.14700745850017197,0.14700745850017197,0,0,0
1369,0.14356759347413717,0.14356759347413717,0,0,0
1370,0.14413799894483467,0.14413799894483467,0,0,0
1371,0.1483719764571441,0.1483719764571441,0,0,0
1372,0.14242273549500264,0.14242273549500264,0,0,0
1373,0.1431841201295978,0.1431841201295978,0,0,0
1374,0.14603001879234062,0.14603001879234062,0,0,0
1375,0.1491388578556086,0.1491388578556086,0,0,0
1376,0.1579561406060269,0.1579561406060269,0,0,0
1377,0.1438881041187989,0.1438881041187989,0,0,0
1378,0.14025176610601575,0.14025176610601575,0,0,0
1379,0.16097703281986087,0.16097703281986087,0,0,0
1380,0.14706181989688621,0.14706181989688621,0,0,0
1381,0.15341777746614657,0.15341777746614657,0,0,0
1382,0.14345247808255648,0.14345247808255648,0,0,0
1383,0.14557917965085884,0.14557917965085884,0,0,0
1384,0.1458575313812808,0.1458575313812808,0,0,0
1385,0.14497112365145431,0.14497112365145431,0,0,0
1386,0.141781062083809,0.141781062083809,0,0,0
1387,0.14997527905200658,0.14997527905200658,0,0,0
1388,0.14373879036621043,0.14373879036621043,0,0,0
1389,0.16214403588520854,0.16214403588520854,0,0,0
1390,0.14107776923399223,0.14107776923399223,0,0,0
1391,0.1431533133513049,0.1431533133513049,0,0,0
1392,0.14147632804356122,0.14147632804356122,0,0,0
1393,0.150985959721239,0.150985959721239,0,0,0
1394,0.14320663676450127,0.14320663676450127,0,0,0
1395,0.14040866415751607,0.14040866415751607,0,0,0
1396,0.14009144235598414,0.14009144235598414,0,0,0
1397,0.14743828067654058,0.14743828067654058,0,0,0
1398,0.15295952166381635,0.15295952166381635,0,0,0
1399,0.14248566309872426,0.14248566309872426,0,0,0
1400,0.16532432483999351,0.16532432483999351,0,0,0
1401,0.1467899391917806,0.1467899391917806,0,0,0
1402,0.1576597759206044,0.1576597759206044,0,0,0
1403,0.14754018246343262,0.14754018246343262,0,0,0
1404,0.147606948488637,0.147606948488637,0,0,0
1405,0.14519205454148745,0.14519205454148745,0,0,0
1406,0.14558192950330281,0.14558192950330281,0,0,0
1407,0.1457071155309677,0.1457071155309677,0,0,0
1408,0.1538993092743974,0.1538993092743974,0,0,0
1409,0.14103588952045693,0.14103588952045693,0,0,0
1410,0.14505227635565557,0.14505227635565557,0,0,0
1411,0.15354010835289955,0.15354010835289955,0,0,0
1412,0.1426357252425269,0.1426357252425269,0,0,0
1413,0.15041143251092812,0.15041143251092812,0,0,0
1414,0.14860909981162926,0.14860909981162926,0,0,0
1415,0.1509420195300328,0.1509420195300328,0,0,0
1416,0.1378832643753604,0.1378832643753604,0,0,0
1417,0.15330968405071058,0.15330968405071058,0,0,0
1418,0.14850121854167236,0.14850121854167236,0,0,0
1419,0.13925047336440338,0.13925047336440338,0,0,0
1420,0.1435845009982586,0.1435845009982586,0,0,0
1421,0.14587327798730448,0.14587327798730448,0,0,0
1422,0.15086203813552856,0.15086203813552856,0,0,0
1423,0.14291172474622726,0.14291172474622726,0,0,0
1424,0.15821957882297666,0.15821957882297666,0,0,0
1425,0.1478244264266993,0.1478244264266993,0,0,0
1426,0.147338735822,0.147338735822,0,0,0
1427,0.14721707352682165,0.14721707352682165,0,0,0
1428,0.1595611611479207,0.1595611611479207,0,0,0
1429,0.15721912682056427,0.15721912682056427,0,0,0
1430,0.1422982657034146,0.1422982657034146,0,0,0
1431,0.14583933980841385,0.14583933980841385,0,0,0
1432,0.145442367972512,0.145442367972512,0,0,0
1433,0.14129077643156052,0.14129077643156052,0,0,0
1434,0.1436745614597672,0.1436745614597672,0,0,0
1435,0.14324144822986504,0.14324144822986504,0,0,0
1436,0.1410049703952513,0.1410049703952513,0,0,0
1437,0.1574927252766333,0.1574927252766333,0,0,0
1438,0.15347491341986155,0.15347491341986155,0,0,0
1439,0.15265962854027748,0.15265962854027748,0,0,0
1440,0.14695055273018384,0.14695055273018384,0,0,0
1441,0.14331412374189026,0.14331412374189026,0,0,0
1442,0.1438528411090374,0.1438528411090374,0,0,0
1443,0.15049742024980092,0.15049742024980092,0,0,0
1444,0.1485567830110851,0.1485567830110851,0,0,0
1445,0.14114303514361382,0.14114303514361382,0,0,0
1446,0.1384009954176451,0.1384009954176451,0,0,0
1447,0.1479140382848288,0.1479140382848288,0,0,0
1448,0.13992230849046455,0.13992230849046455,0,0,0
1449,0.15737587252729818,0.15737587252729818,0,0,0
1450,0.13867109876714254,0.13867109876714254,0,0,0
1451,0.13897984827819623,0.13897984827819623,0,0,0
1452,0.1373480244686729,0.1373480244686729,0,0,0
1453,0.14589304829898633,0.14589304829898633,0,0,0
1454,0.1423399217034641,0.1423399217034641,0,0,0
1455,0.14884015133506373,0.14884015133506373,0,0,0
1456,0.1436633401011166,0.1436633401011166,0,0,0
1457,0.13782413735201485,0.13782413735201485,0,0,0
1458,0.1415139948459048,0.1415139948459048,0,0,0
1459,0.14727253760946424,0.14727253760946424,0,0,0
1460,0.13615112496834053,0.13615112496834053,0,0,0
1461,0.13636181640781855,0.13636181640781855,0,0,0
1462,0.15188413779986532,0.15188413779986532,0,0,0
1463,0.1417059390560577,0.1417059390560577,0,0,0
1464,0.1351608649680489,0.1351608649680489,0,0,0
1465,0.14709772110769623,0.14709772110769623,0,0,0
1466,0.1413562276253575,0.1413562276253575,0,0,0
1467,0.14955637015794454,0.14955637015794454,0,0,0
1468,0.14649701569425433,0.14649701569425433,0,0,0
1469,0.14168949738929146,0.14168949738929146,0,0,0
1470,0.13554012069576665,0.13554012069576665,0,0,0
1471,0.16252875131996056,0.16252875131996056,0,0,0
1472,0.15164593254265032,0.15164593254265032,0,0,0
1473,0.1432043282609237,0.1432043282609237,0,0,0
1474,0.14025277369900754,0.14025277369900754,0,0,0
1475,0.13778521865606308,0.13778521865606308,0,0,0
1476,0.1436477550550511,0.1436477550550511,0,0,0
1477,0.13549342790716573,0.13549342790716573,0,0,0
1478,0.15358156573615575,0.15358156573615575,0,0,0
1479,0.14568756834456795,0.14568756834456795,0,0,0
1480,0.1427846448986154,0.1427846448986154,0,0,0
1481,0.15524761241517568,0.15524761241517568,0,0,0
1482,0.14427193920863302,0.14427193920863302,0,0,0
1483,0.14845884571734227,0.14845884571734227,0,0,0
1484,0.15398440039471575,0.15398440039471575,0,0,0
1485,0.14550640139924853,0.14550640139924853,0,0,0
1486,0.1430554893848143,0.1430554893848143,0,0,0
1487,0.14055839651509336,0.14055839651509336,0,0,0
1488,0.13858481888708316,0.13858481888708316,0,0,0
1489,0.15239356105264865,0.15239356105264865,0,0,0
1490,0.13940024866085304,0.13940024866085304,0,0,0
1491,0.14718673633117424,0.14718673633117424,0,0,0
1492,0.15148137333361725,0.15148137333361725,0,0,0
1493,0.1388169625087788,0.1388169625087788,0,0,0
1494,0.1413937660032197,0.1413937660032197,0,0,0
1495,0.14330514932149335,0.14330514932149335,0,0,0
1496,0.1415878224529718,0.1415878224529718,0,0,0
1497,0.14719514823273608,0.14719514823273608,0,0,0
1498,0.14751649608737544,0.14751649608737544,0,0,0
1499,0.15371118211432508,0.15371118211432508,0,0,0
1500,0.14650243716804603,0.14650243716804603,0,0,0
1501,0.14086905357084775,0.14086905357084775,0,0,0
1502,0.1389357927990587,0.1389357927990587,0,0,0
1503,0.1373962689387171,0.1373962689387171,0,0,0
1504,0.1439568557237324,0.1439568557237324,0,0,0
1505,0.1473169632648167,0.1473169632648167,0,0,0
1506,0.1383650138189918,0.1383650138189918,0,0,0
1507,0.1397831069403573,0.1397831069403573,0,0,0
1508,0.14264159982925967,0.14264159982925967,0,0,0
1509,0.148693837617573,0.148693837617573,0,0,0
1510,0.1390355237220463,0.1390355237220463,0,0,0
1511,0.14795564644430814,0.14795564644430814,0,0,0
1512,0.14438829727863012,0.14438829727863012,0,0,0
1513,0.14950844469039062,0.14950844469039062,0,0,0
1514,0.14278742965114744,0.14278742965114744,0,0,0
1515,0.1392397968784759,0.1392397968784759,0,0,0
1516,0.14718995223704137,0.14718995223704137,0,0,0
1517,0.15435875030724625,0.15435875030724625,0,0,0
1518,0.1413275856328638,0.1413275856328638,0,0,0
1519,0.13911107770706477,0.13911107770706477,0,0,0
1520,0.13236587945567935,0.13236587945567935,0,0,0
1521,0.1431634622184854,0.1431634622184854,0,0,0
1522,0.14023180482418915,0.14023180482418915,0,0,0
1523,0.14083395937555715,0.14083395937555715,0,0,0
1524,0.1369575369907053,0.1369575369907053,0,0,0
1525,0.1436878648635588,0.1436878648635588,0,0,0
1526,0.14213480231793305,0.14213480231793305,0,0,0
1527,0.1582725565684469,0.1582725565684469,0,0,0
1528,0.14198578266721024,0.14198578266721024,0,0,0
1529,0.15810955609930188,0.15810955609930188,0,0,0
1530,0.13619167220435643,0.13619167220435643,0,0,0
1531,0.14011399526345103,0.14011399526345103,0,0,0
1532,0.13989019158639407,0.13989019158639407,0,0,0
1533,0.14420862064549797,0.14420862064549797,0,0,0
1534,0.14521540211219536,0.14521540211219536,0,0,0
1535,0.14410195166343137,0.14410195166343137,0,0,0
1536,0.1331894948686424,0.1331894948686424,0,0,0
1537,0.14527369055308795,0.14527369055308795,0,0,0
1538,0.14436324058394684,0.14436324058394684,0,0,0
1539,0.13747035692396917,0.13747035692396917,0,0,0
1540,0.14265558045161397,0.14265558045161397,0,0,0
1541,0.13071958779504425,0.13071958779504425,0,0,0
1542,0.13259812562089218,0.13259812562089218,0,0,0
1543,0.14160312516124626,0.14160312516124626,0,0,0
1544,0.14102143284521604,0.14102143284521604,0,0,0
1545,0.1372944994976646,0.1372944994976646,0,0,0
1546,0.13867788840281337,0.13867788840281337,0,0,0
1547,0.1321705458195586,0.1321705458195586,0,0,0
1548,0.14392174603907684,0.14392174603907684,0,0,0
1549,0.14732712291573224,0.14732712291573224,0,0,0
1550,0.14864865396367877,0.14864865396367877,0,0,0
1551,0.14316424982328163,0.14316424982328163,0,0,0
1552,0.15264760134251495,0.15264760134251495,0,0,0
1553,0.14030287081473752,0.14030287081473752,0,0,0
1554,0.14113742015079447,0.14113742015079447,0,0,0
1555,0.1352115477386274,0.1352115477386274,0,0,0
1556,0.1414984729337065,0.1414984729337065,0,0,0
1557,0.13977273534003057,0.13977273534003057,0,0,0
1558,0.1364531430758928,0.1364531430758928,0,0,0
1559,0.13773146624627866,0.13773146624627866,0,0,0
1560,0.1495298917748426,0.1495298917748426,0,0,0
1561,0.14816681609341972,0.14816681609341972,0,0,0
1562,0.14270993380954392,0.14270993380954392,0,0,0
1563,0.14154045185760447,0.14154045185760447,0,0,0
1564,0.14327933541253993,0.14327933541253993,0,0,0
1565,0.1394939934344668,0.1394939934344668,0,0,0
1566,0.16812645036138987,0.16812645036138987,0,0,0
1567,0.152270500401133,0.152270500401133,0,0,0
1568,0.1332660758573758,0.1332660758573758,0,0,0
1569,0.14823718016084872,0.14823718016084872,0,0,0
1570,0.148745561312688,0.148745561312688,0,0,0
1571,0.13658450034103894,0.13658450034103894,0,0,0
1572,0.1489984787216312,0.1489984787216312,0,0,0
1573,0.13746923718013263,0.13746923718013263,0,0,0
1574,0.15487309211963102,0.15487309211963102,0,0,0
1575,0.1376355255120679,0.1376355255120679,0,0,0
1576,0.1351119328878428,0.1351119328878428,0,0,0
1577,0.13811057198204493,0.13811057198204493,0,0,0
1578,0.15280050411820412,0.15280050411820412,0,0,0
1579,0.1422766152965395,0.1422766152965395,0,0,0
1580,0.13616243534182249,0.13616243534182249,0,0,0
1581,0.14186831308822884,0.14186831308822884,0,0,0
1582,0.1371041861803908,0.1371041861803908,0,0,0
1583,0.15416086327872777,0.15416086327872777,0,0,0
1584,0.13556408372364545,0.13556408372364545,0,0,0
1585,0.136118296533823,0.136118296533823,0,0,0
1586,0.13333754613995552,0.13333754613995552,0,0,0
1587,0.14578853116223686,0.14578853116223686,0,0,0
1588,0.1470240483942785,0.1470240483942785,0,0,0
1589,0.13697966266619532,0.13697966266619532,0,0,0
1590,0.1525202556268165,0.1525202556268165,0,0,0
1591,0.14605176174326948,0.14605176174326948,0,0,0
1592,0.13834499156004504,0.13834499156004504,0,0,0
1593,0.14129882599962384,0.14129882599962384,0,0,0
1594,0.1293851962607158,0.1293851962607158,0,0,0
1595,0.1358927421663937,0.1358927421663937,0,0,0
1596,0.14237023497882642,0.14237023497882642,0,0,0
1597,0.13466859628495417,0.13466859628495417,0,0,0
1598,0.13800782082896484,0.13800782082896484,0,0,0
1599,0.1426653456138937,0.1426653456138937,0,0,0
1600,0.13234758181007286,0.13234758181007286,0,0,0
1601,0.14046280164467662,0.14046280164467662,0,0,0
1602,0.1366199839271997,0.1366199839271997,0,0,0
1603,0.16391803735965177,0.16391803735965177,0,0,0
1604,0.14563538937976486,0.14563538937976486,0,0,0
1605,0.1352038103106775,0.1352038103106775,0,0,0
1606,0.1464546552222026,0.1464546552222026,0,0,0
1607,0.13951895248733068,0.13951895248733068,0,0,0
1608,0.13410846810591848,0.13410846810591848,0,0,0
1609,0.1419705572096925,0.1419705572096925,0,0,0
1610,0.13697665772939982,0.13697665772939982,0,0,0
1611,0.14112898511321922,0.14112898511321922,0,0,0
1612,0.13674656164489293,0.13674656164489293,0,0,0
1613,0.13647176305714406,0.13647176305714406,0,0,0
1614,0.1439522647936093,0.1439522647936093,0,0,0
1615,0.1381731629371643,0.1381731629371643,0,0,0
1616,0.14221869487511485,0.14221869487511485,0,0,0
1617,0.1454094383669527,0.1454094383669527,0,0,0
1618,0.1466351029904265,0.1466351029904265,0,0,0
1619,0.13364779949188232,0.13364779949188232,0,0,0
1620,0.15176871203278242,0.15176871203278242,0,0,0
1621,0.14737172562040782,0.14737172562040782,0,0,0
1622,0.13855555261436261,0.13855555261436261,0,0,0
1623,0.14474221671882428,0.14474221671882428,0,0,0
1624,0.14030133089736888,0.14030133089736888,0,0,0
1625,0.1484675597595541,0.1484675597595541,0,0,0
1626,0.14027793078046097,0.14027793078046097,0,0,0
1627,0.13964159845521576,0.13964159845521576,0,0,0
1628,0.14286345145420024,0.14286345145420024,0,0,0
1629,0.14054077608804955,0.14054077608804955,0,0,0
1630,0.14437921639335782,0.14437921639335782,0,0,0
1631,0.13742200716545708,0.13742200716545708,0,0,0
1632,0.14391407762703143,0.14391407762703143,0,0,0
1633,0.1362372130939835,0.1362372130939835,0,0,0
1634,0.14164763238084943,0.14164763238084943,0,0,0
1635,0.15285775143849223,0.15285775143849223,0,0,0
1636,0.13879982460486262,0.13879982460486262,0,0,0
1637,0.13782342817438276,0.13782342817438276,0,0,0
1638,0.14760741513026387,0.14760741513026387,0,0,0
1639,0.14148688473199544,0.14148688473199544,0,0,0
1640,0.15186211623643575,0.15186211623643575,0,0,0
1641,0.149948414611189,0.149948414611189,0,0,0
1642,0.14482893383032397,0.14482893383032397,0,0,0
1643,0.14037208533600756,0.14037208533600756,0,0,0
1644,0.13840497265520849,0.13840497265520849,0,0,0
1645,0.14907406015615715,0.14907406015615715,0,0,0
1646,0.13789992269716764,0.13789992269716764,0,0,0
1647,0.13825836071842595,0.13825836071842595,0,0,0
1648,0.1377527190274314,0.1377527190274314,0,0,0
1649,0.1506423807065738,0.1506423807065738,0,0,0
1650,0.1420914224888149,0.1420914224888149,0,0,0
1651,0.1415044502600243,0.1415044502600243,0,0,0
1652,0.13611607233944692,0.13611607233944692,0,0,0
1653,0.14448396528237745,0.14448396528237745,0,0,0
1654,0.13559886989624878,0.13559886989624878,0,0,0
1655,0.13953396423082604,0.13953396423082604,0,0,0
1656,0.14531168420063822,0.14531168420063822,0,0,0
1657,0.13217582475197942,0.13217582475197942,0,0,0
1658,0.13843898337922597,0.13843898337922597,0,0,0
1659,0.1337452589681274,0.1337452589681274,0,0,0
1660,0.13245473155065587,0.13245473155065587,0,0,0
1661,0.13853836824235163,0.13853836824235163,0,0,0
1662,0.13213164810287326,0.13213164810287326,0,0,0
1663,0.13560115585201665,0.13560115585201665,0,0,0
1664,0.13574874322665365,0.13574874322665365,0,0,0
1665,0.1506605211057161,0.1506605211057161,0,0,0
1666,0.14312527838506198,0.14312527838506198,0,0,0
1667,0.1336131725264223,0.1336131725264223,0,0,0
1668,0.1465593268604655,0.1465593268604655,0,0,0
1669,0.13412300654147802,0.13412300654147802,0,0,0
1670,0.139320376280107,0.139320376280107,0,0,0
1671,0.14377606718948013,0.14377606718948013,0,0,0
1672,0.13934362738540298,0.13934362738540298,0,0,0
1673,0.13829461583181432,0.13829461583181432,0,0,0
1674,0.13365748544272624,0.13365748544272624,0,0,0
1675,0.14295154358995588,0.14295154358995588,0,0,0
1676,0.1302227346520675,0.1302227346520675,0,0,0
1677,0.1366345498122667,0.1366345498122667,0,0,0
1678,0.1354572280849281,0.1354572280849281,0,0,0
1679,0.13584973741518824,0.13584973741518824,0,0,0
1680,0.14082986979108109,0.14082986979108109,0,0,0
1681,0.1333427507626383,0.1333427507626383,0,0,0
1682,0.13590693826738157,0.13590693826738157,0,0,0
1683,0.14151296862646154,0.14151296862646154,0,0,0
1684,0.1363908709271958,0.1363908709271958,0,0,0
1685,0.1303328689383833,0.1303328689383833,0,0,0
1686,0.1573515289316052,0.1573515289316052,0,0,0
1687,0.13499746452036657,0.13499746452036657,0,0,0
1688,0.13978539760175504,0.13978539760175504,0,0,0
1689,0.13464147362269854,0.13464147362269854,0,0,0
1690,0.13355694613174388,0.13355694613174388,0,0,0
1691,0.1294119095331744,0.1294119095331744,0,0,0
1692,0.1346404276003963,0.1346404276003963,0,0,0
1693,0.12967987554638008,0.12967987554638008,0,0,0
1694,0.14624452885044248,0.14624452885044248,0,0,0
1695,0.13186863751003616,0.13186863751003616,0,0,0
1696,0.13613609538266533,0.13613609538266533,0,0,0
1697,0.13370337494109807,0.13370337494109807,0,0,0
1698,0.1402161023334453,0.1402161023334453,0,0,0
1699,0.13996305826463198,0.13996305826463198,0,0,0
1700,0.13511108705087713,0.13511108705087713,0,0,0
1701,0.13712376277697713,0.13712376277697713,0,0,0
1702,0.13154516859274162,0.13154516859274162,0,0,0
1703,0.13029483705759048,0.13029483705759048,0,0,0
1704,0.13319052187235733,0.13319052187235733,0,0,0
1705,0.1362947456930813,0.1362947456930813,0,0,0
1706,0.12821325600931519,0.12821325600931519,0,0,0
1707,0.13329083746985385,0.13329083746985385,0,0,0
1708,0.14273993925828682,0.14273993925828682,0,0,0
1709,0.1386357371352221,0.1386357371352221,0,0,0
1710,0.14738258719444275,0.14738258719444275,0,0,0
1711,0.13611987742938494,0.13611987742938494,0,0,0
1712,0.13378584012389183,0.13378584012389183,0,0,0
1713,0.13638896887239657,0.13638896887239657,0,0,0
1714,0.13580520568709625,0.13580520568709625,0,0,0
1715,0.13320804504971756,0.13320804504971756,0,0,0
1716,0.13340548916082634,0.13340548916082634,0,0,0
1717,0.1343229907123666,0.1343229907123666,0,0,0
1718,0.13600850438601092,0.13600850438601092,0,0,0
1719,0.13351160425104594,0.13351160425104594,0,0,0
1720,0.13617100370557686,0.13617100370557686,0,0,0
1721,0.1307498904827394,0.1307498904827394,0,0,0
1722,0.13531123317385974,0.13531123317385974,0,0,0
1723,0.1437082963162347,0.1437082963162347,0,0,0
1724,0.13907698130137042,0.13907698130137042,0,0,0
1725,0.13421954979237757,0.13421954979237757,0,0,0
1726,0.1379104578181317,0.1379104578181317,0,0,0
1727,0.13632751060159584,0.13632751060159584,0,0,0
1728,0.13376728641359428,0.13376728641359428,0,0,0
1729,0.13435317164188937,0.13435317164188937,0,0,0
1730,0.1486615599378159,0.1486615599378159,0,0,0
1731,0.1307472306254663,0.1307472306254663,0,0,0
1732,0.13662460622818848,0.13662460622818848,0,0,0
1733,0.13503867760300636,0.13503867760300636,0,0,0
1734,0.13619914886198545,0.13619914886198545,0,0,0
1735,0.1326642616799003,0.1326642616799003,0,0,0
1736,0.13497837672108098,0.13497837672108098,0,0,0
1737,0.1311472236718002,0.1311472236718002,0,0,0
1738,0.13574170360439702,0.13574170360439702,0,0,0
1739,0.1504068615797319,0.1504068615797319,0,0,0
1740,0.13935248534146108,0.13935248534146108,0,0,0
1741,0.1440727428386086,0.1440727428386086,0,0,0
1742,0.13294943559326625,0.13294943559326625,0,0,0
1743,0.1287062036755838,0.1287062036755838,0,0,0
1744,0.13838719929519452,0.13838719929519452,0,0,0
1745,0.13314378516454445,0.13314378516454445,0,0,0
1746,0.1313407501499904,0.1313407501499904,0,0,0
1747,0.1398632130340526,0.1398632130340526,0,0,0
1748,0.13919610392890477,0.13919610392890477,0,0,0
1749,0.1352591508705365,0.1352591508705365,0,0,0
1750,0.1357526051762857,0.1357526051762857,0,0,0
1751,0.13634784754953885,0.13634784754953885,0,0,0
1752,0.13165858819296486,0.13165858819296486,0,0,0
1753,0.13676903024315834,0.13676903024315834,0,0,0
1754,0.1371803744450996,0.1371803744450996,0,0,0
1755,0.1394264913703266,0.1394264913703266,0,0,0
1756,0.14877902226228462,0.14877902226228462,0,0,0
1757,0.14832352454725065,0.14832352454725065,0,0,0
1758,0.14098518400600082,0.14098518400600082,0,0,0
1759,0.13027944827550336,0.13027944827550336,0,0,0
1760,0.13208971074537226,0.13208971074537226,0,0,0
1761,0.14487390671121447,0.14487390671121447,0,0,0
1762,0.1361847617908528,0.1361847617908528,0,0,0
1763,0.14009398025901695,0.14009398025901695,0,0,0
1764,0.13522682476200557,0.13522682476200557,0,0,0
1765,0.14963656801142192,0.14963656801142192,0,0,0
1766,0.13160952121803635,0.13160952121803635,0,0,0
1767,0.13824297075993136,0.13824297075993136,0,0,0
1768,0.14196751521606193,0.14196751521606193,0,0,0
1769,0.13256082977903516,0.13256082977903516,0,0,0
1770,0.135905750684048,0.135905750684048,0,0,0
1771,0.1341706281037707,0.1341706281037707,0,0,0
1772,0.12971481778904012,0.12971481778904012,0,0,0
1773,0.14652810010470843,0.14652810010470843,0,0,0
1774,0.13393128231952064,0.13393128231952064,0,0,0
1775,0.1347112238014999,0.1347112238014999,0,0,0
1776,0.14198140505897372,0.14198140505897372,0,0,0
1777,0.13684791718658648,0.13684791718658648,0,0,0
1778,0.12483763616336019,0.12483763616336019,0,0,0
1779,0.13651389412974058,0.13651389412974058,0,0,0
1780,0.13192076000728106,0.13192076000728106,0,0,0
1781,0.1355851173008743,0.1355851173008743,0,0,0
1782,0.13107313274552948,0.13107313274552948,0,0,0
1783,0.1379794819574607,0.1379794819574607,0,0,0
1784,0.13585799128601425,0.13585799128601425,0,0,0
1785,0.1310718383051847,0.1310718383051847,0,0,0
1786,0.12984314482463033,0.12984314482463033,0,0,0
1787,0.13396606319829038,0.13396606319829038,0,0,0
1788,0.14050810960562607,0.14050810960562607,0,0,0
1789,0.1320892701807775,0.1320892701807775,0,0,0
1790,0.14206853940298683,0.14206853940298683,0,0,0
1791,0.1388810271103131,0.1388810271103131,0,0,0
1792,0.1318657511943265,0.1318657511943265,0,0,0
1793,0.13945112730327405,0.13945112730327405,0,0,0
1794,0.12791282820858454,0.12791282820858454,0,0,0
1795,0.13146695396617838,0.13146695396617838,0,0,0
1796,0.14212187516846156,0.14212187516846156,0,0,0
1797,0.13388755545020103,0.13388755545020103,0,0,0
1798,0.13252388725155279,0.13252388725155279,0,0,0
1799,0.133635946990628,0.133635946990628,0,0,0
1800,0.12905850790833173,0.12905850790833173,0,0,0
1801,0.13218335023051814,0.13218335023051814,0,0,0
1802,0.1412806697189808,0.1412806697189808,0,0,0
1803,0.1345450531103109,0.1345450531103109,0,0,0
1804,0.12718747007219414,0.12718747007219414,0,0,0
1805,0.13418156830103775,0.13418156830103775,0,0,0
1806,0.1319489998644904,0.1319489998644904,0,0,0
1807,0.14014740719607002,0.14014740719607002,0,0,0
1808,0.14013864590149178,0.14013864590149178,0,0,0
1809,0.12861070958407303,0.12861070958407303,0,0,0
1810,0.13938704368315244,0.13938704368315244,0,0,0
1811,0.12986539363076813,0.12986539363076813,0,0,0
1812,0.1330545589719948,0.1330545589719948,0,0,0
1813,0.1300134292166484,0.1300134292166484,0,0,0
1814,0.13817752231108515,0.13817752231108515,0,0,0
1815,0.14795502020340218,0.14795502020340218,0,0,0
1816,0.14062019006202095,0.14062019006202095,0,0,0
1817,0.1310833914107398,0.1310833914107398,0,0,0
1818,0.1272299738698884,0.1272299738698884,0,0,0
1819,0.12871572492938294,0.12871572492938294,0,0,0
1820,0.13757802428383575,0.13757802428383575,0,0,0
1821,0.13513199239969254,0.13513199239969254,0,0,0
1822,0.12434673917136695,0.12434673917136695,0,0,0
1823,0.13718159163468763,0.13718159163468763,0,0,0
1824,0.1309058813280181,0.1309058813280181,0,0,0
1825,0.13129740149567,0.13129740149567,0,0,0
1826,0.12536082103064186,0.12536082103064186,0,0,0
1827,0.1394683071657231,0.1394683071657231,0,0,0
1828,0.13329221190590607,0.13329221190590607,0,0,0
1829,0.1328765704835716,0.1328765704835716,0,0,0
1830,0.13143295147701314,0.13143295147701314,0,0,0
1831,0.14054676262955917,0.14054676262955917,0,0,0
1832,0.13492726652245773,0.13492726652245773,0,0,0
1833,0.1325649279904993,0.1325649279904993,0,0,0
1834,0.13280094532590164,0.13280094532590164,0,0,0
1835,0.13193529942318014,0.13193529942318014,0,0,0
1836,0.1357641024024863,0.1357641024024863,0,0,0
1837,0.1304324537907776,0.1304324537907776,0,0,0
1838,0.13222484918017136,0.13222484918017136,0,0,0
1839,0.12302780033726442,0.12302780033726442,0,0,0
1840,0.1256100958899448,0.1256100958899448,0,0,0
1841,0.1281403277657534,0.1281403277657534,0,0,0
1842,0.13065746289334798,0.13065746289334798,0,0,0
1843,0.13090675284988001,0.13090675284988001,0,0,0
1844,0.14447282450763801,0.14447282450763801,0,0,0
1845,0.13136906921863556,0.13136906921863556,0,0,0
1846,0.1367617967097383,0.1367617967097383,0,0,0
1847,0.12792297021338814,0.12792297021338814,0,0,0
1848,0.12997391408211306,0.12997391408211306,0,0,0
1849,0.1313547556729693,0.1313547556729693,0,0,0
1850,0.12951406071844854,0.12951406071844854,0,0,0
1851,0.14175109310369743,0.14175109310369743,0,0,0
1852,0.1327232204769787,0.1327232204769787,0,0,0
1853,0.12962072793590396,0.12962072793590396,0,0,0
1854,0.1302996840524046,0.1302996840524046,0,0,0
1855,0.12534639513806292,0.12534639513806292,0,0,0
1856,0.1410422074167352,0.1410422074167352,0,0,0
1857,0.13270038425138123,0.13270038425138123,0,0,0
1858,0.1322553375441777,0.1322553375441777,0,0,0
1859,0.12732448919039024,0.12732448919039024,0,0,0
1860,0.13387496396899223,0.13387496396899223,0,0,0
1861,0.1337619445433742,0.1337619445433742,0,0,0
1862,0.13037901979527974,0.13037901979527974,0,0,0
1863,0.12793567266903424,0.12793567266903424,0,0,0
1864,0.13592675092973208,0.13592675092973208,0,0,0
1865,0.1296281359697643,0.1296281359697643,0,0,0
1866,0.12806577666809685,0.12806577666809685,0,0,0
1867,0.13356128883989235,0.13356128883989235,0,0,0
1868,0.12520275539473483,0.12520275539473483,0,0,0
1869,0.12825991821132207,0.12825991821132207,0,0,0
1870,0.1295127121633605,0.1295127121633605,0,0,0
1871,0.12777428054495862,0.12777428054495862,0,0,0
1872,0.14792119045006602,0.14792119045006602,0,0,0
1873,0.12586352836928869,0.12586352836928869,0,0,0
1874,0.13135005572908803,0.13135005572908803,0,0,0
1875,0.13944392455251595,0.13944392455251595,0,0,0
1876,0.1369239807521042,0.1369239807521042,0,0,0
1877,0.1242217960718431,0.1242217960718431,0,0,0
1878,0.1315798716325509,0.1315798716325509,0,0,0
1879,0.1346484291318216,0.1346484291318216,0,0,0
1880,0.14786448231653163,0.14786448231653163,0,0,0
1881,0.13610570799363286,0.13610570799363286,0,0,0
1882,0.1352492172859217,0.1352492172859217,0,0,0
1883,0.1341953903044525,0.1341953903044525,0,0,0
1884,0.13096798328976883,0.13096798328976883,0,0,0
1885,0.1316622605449275,0.1316622605449275,0,0,0
1886,0.1336408181017951,0.1336408181017951,0,0,0
1887,0.12877711830170532,0.12877711830170532,0,0,0
1888,0.13188110409598602,0.13188110409598602,0,0,0
1889,0.13744975920570524,0.13744975920570524,0,0,0
1890,0.1440411911983239,0.1440411911983239,0,0,0
1891,0.14324157959536502,0.14324157959536502,0,0,0
1892,0.13634141240465014,0.13634141240465014,0,0,0
1893,0.1306387882091497,0.1306387882091497,0,0,0
1894,0.12452925271109531,0.12452925271109531,0,0,0
1895,0.13201906139913358,0.13201906139913358,0,0,0
1896,0.13544598633521482,0.13544598633521482,0,0,0
1897,0.14768776846559425,0.14768776846559425,0,0,0
1898,0.1362513213565475,0.1362513213565475,0,0,0
1899,0.1261221880191251,0.1261221880191251,0,0,0
1900,0.14156729159386536,0.14156729159386536,0,0,0
1901,0.13081216753313415,0.13081216753313415,0,0,0
1902,0.12991057179476084,0.12991057179476084,0,0,0
1903,0.1394489127162256,0.1394489127162256,0,0,0
1904,0.1317869960085342,0.1317869960085342,0,0,0
1905,0.13792434373968526,0.13792434373968526,0,0,0
1906,0.1332079930917213,0.1332079930917213,0,0,0
1907,0.12599303926292219,0.12599303926292219,0,0,0
1908,0.12708301587324394,0.12708301587324394,0,0,0
1909,0.13159091594187836,0.13159091594187836,0,0,0
1910,0.13484890268821464,0.13484890268821464,0,0,0
1911,0.1295474287318556,0.1295474287318556,0,0,0
1912,0.12760995642135017,0.12760995642135017,0,0,0
1913,0.12510794048246585,0.12510794048246585,0,0,0
1914,0.12824880292541102,0.12824880292541102,0,0,0
1915,0.1334424165910796,0.1334424165910796,0,0,0
1916,0.13072234156884646,0.13072234156884646,0,0,0
1917,0.15339427853101179,0.15339427853101179,0,0,0
1918,0.1368165361253839,0.1368165361253839,0,0,0
1919,0.13359874173214561,0.13359874173214561,0,0,0
1920,0.12739011606103495,0.12739011606103495,0,0,0
1921,0.1333989975483794,0.1333989975483794,0,0,0
1922,0.13310306695731064,0.13310306695731064,0,0,0
1923,0.13186554512695262,0.13186554512695262,0,0,0
1924,0.1304086842819264,0.1304086842819264,0,0,0
1925,0.13609030195756963,0.13609030195756963,0,0,0
1926,0.13290066409267878,0.13290066409267878,0,0,0
1927,0.129734896711613,0.129734896711613,0,0,0
1928,0.1325529011848726,0.1325529011848726,0,0,0
1929,0.13579196659357926,0.13579196659357926,0,0,0
1930,0.12653021063459546,0.12653021063459546,0,0,0
1931,0.1426918759549919,0.1426918759549919,0,0,0
1932,0.12730048753713308,0.12730048753713308,0,0,0
1933,0.13171174651698062,0.13171174651698062,0,0,0
1934,0.13550719422729393,0.13550719422729393,0,0,0
1935,0.1309133146546389,0.1309133146546389,0,0,0
1936,0.1253626252475538,0.1253626252475538,0,0,0
1937,0.13311944627448133,0.13311944627448133,0,0,0
1938,0.12851881059376816,0.12851881059376816,0,0,0
1939,0.13113569487866603,0.13113569487866603,0,0,0
1940,0.12999555056816653,0.12999555056816653,0,0,0
1941,0.13293679568328357,0.13293679568328357,0,0,0
1942,0.1311108720929999,0.1311108720929999,0,0,0
1943,0.13225492580156578,0.13225492580156578,0,0,0
1944,0.13562412246277458,0.13562412246277458,0,0,0
1945,0.12807147048021617,0.12807147048021617,0,0,0
1946,0.1396522669023589,0.1396522669023589,0,0,0
1947,0.13341801966491498,0.13341801966491498,0,0,0
1948,0.13223871235784732,0.13223871235784732,0,0,0
1949,0.13145223436386963,0.13145223436386963,0,0,0
1950,0.12565369080556066,0.12565369080556066,0,0,0
1951,0.12754843403634272,0.12754843403634272,0,0,0
1952,0.13283594129116913,0.13283594129116913,0,0,0
1953,0.1302686031711729,0.1302686031711729,0,0,0
1954,0.14624468982219696,0.14624468982219696,0,0,0
1955,0.1332176733565958,0.1332176733565958,0,0,0
1956,0.13262979176483655,0.13262979176483655,0,0,0
1957,0.1233611244120096,0.1233611244120096,0,0,0
1958,0.13390422279113218,0.13390422279113218,0,0,0
1959,0.13221080444361033,0.13221080444361033,0,0,0
1960,0.1260037633933519,0.1260037633933519,0,0,0
1961,0.12049560464526478,0.12049560464526478,0,0,0
1962,0.12184544731127589,0.12184544731127589,0,0,0
1963,0.13583289439740934,0.13583289439740934,0,0,0
1964,0.12714794278144836,0.12714794278144836,0,0,0
1965,0.12691960915138847,0.12691960915138847,0,0,0
1966,0.12457386227814775,0.12457386227814775,0,0,0
1967,0.1279040241712018,0.1279040241712018,0,0,0
1968,0.1337364163053663,0.1337364163053663,0,0,0
1969,0.12769740839537821,0.12769740839537821,0,0,0
1970,0.11911130147544961,0.11911130147544961,0,0,0
1971,0.13059783472042336,0.13059783472042336,0,0,0
1972,0.12595626790272563,0.12595626790272563,0,0,0
1973,0.1285651432056176,0.1285651432056176,0,0,0
1974,0.12762876972556114,0.12762876972556114,0,0,0
1975,0.13194558632216954,0.13194558632216954,0,0,0
1976,0.12163641695913516,0.12163641695913516,0,0,0
1977,0.1268851239430277,0.1268851239430277,0,0,0
1978,0.12571007405456744,0.12571007405456744,0,0,0
1979,0.12537447716060438,0.12537447716060438,0,0,0
1980,0.12323795160964916,0.12323795160964916,0,0,0
1981,0.12344860324734136,0.12344860324734136,0,0,0
1982,0.13343730764953712,0.13343730764953712,0,0,0
1983,0.13714414070311345,0.13714414070311345,0,0,0
1984,0.13039658493117282,0.13039658493117282,0,0,0
1985,0.12679379747102135,0.12679379747102135,0,0,0
1986,0.12404995646915938,0.12404995646915938,0,0,0
1987,0.14031436823700605,0.14031436823700605,0,0,0
1988,0.1285050466264549,0.1285050466264549,0,0,0
1989,0.1336852994404341,0.1336852994404341,0,0,0
1990,0.12724971222250084,0.12724971222250084,0,0,0
1991,0.13086841333853572,0.13086841333853572,0,0,0
1992,0.13626403792908318,0.13626403792908318,0,0,0
1993,0.1253131704502984,0.1253131704502984,0,0,0
1994,0.132064997757736,0.132064997757736,0,0,0
1995,0.12656793566910843,0.12656793566910843,0,0,0
1996,0.1372112637679828,0.1372112637679828,0,0,0
1997,0.13568876624891632,0.13568876624891632,0,0,0
1998,0.128173221686953,0.128173221686953,0,0,0
1999,0.12986335413236366,0.12986335413236366,0,0,0
2000,0.1275379314626518,0.1275379314626518,0,0,0
2001,0.12899274849577955,0.12899274849577955,0,0,0
2002,0.13300138888390442,0.13300138888390442,0,0,0
2003,0.1346030472532699,0.1346030472532699,0,0,0
2004,0.12833871633598679,0.12833871633598679,0,0,0
2005,0.1366453692317009,0.1366453692317009,0,0,0
2006,0.12931849846714422,0.12931849846714422,0,0,0
2007,0.1219208142475078,0.1219208142475078,0,0,0
2008,0.13626946195175774,0.13626946195175774,0,0,0
2009,0.1270354329363296,0.1270354329363296,0,0,0
2010,0.13164565437718442,0.13164565437718442,0,0,0
2011,0.13215014848269915,0.13215014848269915,0,0,0
2012,0.12472438969110188,0.12472438969110188,0,0,0
2013,0.1473985731993851,0.1473985731993851,0,0,0
2014,0.13364656112695994,0.13364656112695994,0,0,0
2015,0.1277259490207622,0.1277259490207622,0,0,0
2016,0.12627880138001943,0.12627880138001943,0,0,0
2017,0.1327691787951871,0.1327691787951871,0,0,0
2018,0.13288698874806104,0.13288698874806104,0,0,0
2019,0.13405469216798482,0.13405469216798482,0,0,0
2020,0.13459103083924243,0.13459103083924243,0,0,0
2021,0.1235224371285815,0.1235224371285815,0,0,0
2022,0.12951488459580823,0.12951488459580823,0,0,0
2023,0.13262680702303586,0.13262680702303586,0,0,0
2024,0.126011922955513,0.126011922955513,0,0,0
2025,0.12889762987431727,0.12889762987431727,0,0,0
2026,0.14177834693538516,0.14177834693538516,0,0,0
2027,0.12923245190789825,0.12923245190789825,0,0,0
2028,0.12723868634355695,0.12723868634355695,0,0,0
2029,0.12484922044371304,0.12484922044371304,0,0,0
2030,0.1214051803475932,0.1214051803475932,0,0,0
2031,0.12622742158801933,0.12622742158801933,0,0,0
2032,0.13606545329093933,0.13606545329093933,0,0,0
2033,0.128106977986662,0.128106977986662,0,0,0
2034,0.1322491806196539,0.1322491806196539,0,0,0
2035,0.12547563192875763,0.12547563192875763,0,0,0
2036,0.1276635382520525,0.1276635382520525,0,0,0
2037,0.13560688495635986,0.13560688495635986,0,0,0
2038,0.12727938014033593,0.12727938014033593,0,0,0
2039,0.1263711587770989,0.1263711587770989,0,0,0
2040,0.12675418979243228,0.12675418979243228,0,0,0
2041,0.1299878556869532,0.1299878556869532,0,0,0
2042,0.12760501727461815,0.12760501727461815,0,0,0
2043,0.13314376006785192,0.13314376006785192,0,0,0
2044,0.13450665262184644,0.13450665262184644,0,0,0
2045,0.12356317807969294,0.12356317807969294,0,0,0
2046,0.13247698957198545,0.13247698957198545,0,0,0
2047,0.12657173526914497,0.12657173526914497,0,0,0
2048,0.12780916141836265,0.12780916141836265,0,0,0
2049,0.13084928279644564,0.13084928279644564,0,0,0
2050,0.1282152929588368,0.1282152929588368,0,0,0
2051,0.13420572641648745,0.13420572641648745,0,0,0
2052,0.13408800783125976,0.13408800783125976,0,0,0
2053,0.130589349489463,0.130589349489463,0,0,0
2054,0.13503526700170418,0.13503526700170418,0,0,0
2055,0.12236717049228518,0.12236717049228518,0,0,0
2056,0.133380452269002,0.133380452269002,0,0,0
2057,0.12860001662844106,0.12860001662844106,0,0,0
2058,0.1307920817481844,0.1307920817481844,0,0,0
2059,0.1359075770566338,0.1359075770566338,0,0,0
2060,0.1289408842199727,0.1289408842199727,0,0,0
2061,0.12821250095179207,0.12821250095179207,0,0,0
2062,0.1320786778079836,0.1320786778079836,0,0,0
2063,0.12278541550040245,0.12278541550040245,0,0,0
2064,0.1340733501864107,0.1340733501864107,0,0,0
2065,0.12363691059382338,0.12363691059382338,0,0,0
2066,0.13730637278211744,0.13730637278211744,0,0,0
2067,0.1301223994477799,0.1301223994477799,0,0,0
2068,0.13434237751521563,0.13434237751521563,0,0,0
2069,0.15599167386167928,0.15599167386167928,0,0,0
2070,0.1273959096717207,0.1273959096717207,0,0,0
2071,0.12525745991029238,0.12525745991029238,0,0,0
2072,0.12354515424292338,0.12354515424292338,0,0,0
2073,0.12156439102009724,0.12156439102009724,0,0,0
2074,0.1340100393679581,0.1340100393679581,0,0,0
2075,0.12521585155474513,0.12521585155474513,0,0,0
2076,0.17064694099520383,0.17064694099520383,0,0,0
2077,0.13897461365712316,0.13897461365712316,0,0,0
2078,0.1251150069660262,0.1251150069660262,0,0,0
2079,0.12793767491453573,0.12793767491453573,0,0,0
2080,0.12430013892681975,0.12430013892681975,0,0,0
2081,0.12919934407660835,0.12919934407660835,0,0,0
2082,0.12943234549541222,0.12943234549541222,0,0,0
2083,0.12024073645864662,0.12024073645864662,0,0,0
2084,0.1235631718055198,0.1235631718055198,0,0,0
2085,0.1255721363582109,0.1255721363582109,0,0,0
2086,0.12643893102281972,0.12643893102281972,0,0,0
2087,0.14186231066521846,0.14186231066521846,0,0,0
2088,0.14878613109651365,0.14878613109651365,0,0,0
2089,0.13057934041870267,0.13057934041870267,0,0,0
2090,0.1255158970230504,0.1255158970230504,0,0,0
2091,0.12177466542312973,0.12177466542312973,0,0,0
2092,0.13779788248633085,0.13779788248633085,0,0,0
2093,0.12642238426365351,0.12642238426365351,0,0,0
2094,0.12360698435651629,0.12360698435651629,0,0,0
2095,0.12171660716596402,0.12171660716596402,0,0,0
2096,0.12993614591265978,0.12993614591265978,0,0,0
2097,0.13638744052303464,0.13638744052303464,0,0,0
2098,0.12973014902519553,0.12973014902519553,0,0,0
2099,0.12407407144966878,0.12407407144966878,0,0,0
2100,0.13372219040205605,0.13372219040205605,0,0,0
2101,0.1309779780475717,0.1309779780475717,0,0,0
2102,0.12495939904137661,0.12495939904137661,0,0,0
2103,0.12330604991630505,0.12330604991630505,0,0,0
2104,0.1218182956309695,0.1218182956309695,0,0,0
2105,0.12157546513174709,0.12157546513174709,0,0,0
2106,0.11938397802020374,0.11938397802020374,0,0,0
2107,0.13340514055208155,0.13340514055208155,0,0,0
2108,0.12482108901205816,0.12482108901205816,0,0,0
2109,0.12160091180550425,0.12160091180550425,0,0,0
2110,0.13455640995188764,0.13455640995188764,0,0,0
2111,0.12710435904170336,0.12710435904170336,0,0,0
2112,0.15046414164336105,0.15046414164336105,0,0,0
2113,0.1296938469535426,0.1296938469535426,0,0,0
2114,0.12162235320398682,0.12162235320398682,0,0,0
2115,0.12478560875905187,0.12478560875905187,0,0,0
2116,0.12466918461416897,0.12466918461416897,0,0,0
2117,0.12602635002449938,0.12602635002449938,0,0,0
2118,0.12032508320714298,0.12032508320714298,0,0,0
2119,0.1327039838621491,0.1327039838621491,0,0,0
2120,0.12255104905680607,0.12255104905680607,0,0,0
2121,0.12380407211419783,0.12380407211419783,0,0,0
2122,0.13469941718013664,0.13469941718013664,0,0,0
2123,0.12519508737482524,0.12519508737482524,0,0,0
2124,0.13000309310461344,0.13000309310461344,0,0,0
2125,0.12925137089271294,0.12925137089271294,0,0,0
2126,0.12607359317572495,0.12607359317572495,0,0,0
2127,0.13004670194105097,0.13004670194105097,0,0,0
2128,0.12959086542066775,0.12959086542066775,0,0,0
2129,0.1378207555726955,0.1378207555726955,0,0,0
2130,0.13185895587268628,0.13185895587268628,0,0,0
2131,0.11905236306943391,0.11905236306943391,0,0,0
2132,0.1288319214394218,0.1288319214394218,0,0,0
2133,0.1335264793352077,0.1335264793352077,0,0,0
2134,0.12289920370829732,0.12289920370829732,0,0,0
2135,0.13816183158441595,0.13816183158441595,0,0,0
2136,0.12047077284047478,0.12047077284047478,0,0,0
2137,0.12589762614745842,0.12589762614745842,0,0,0
2138,0.13159298445833356,0.13159298445833356,0,0,0
2139,0.1335281878709793,0.1335281878709793,0,0,0
2140,0.132650462812499,0.132650462812499,0,0,0
2141,0.1226198692855082,0.1226198692855082,0,0,0
2142,0.12076309891907792,0.12076309891907792,0,0,0
2143,0.1250516048779613,0.1250516048779613,0,0,0
2144,0.13266091205571828,0.13266091205571828,0,0,0
2145,0.12325705999606534,0.12325705999606534,0,0,0
2146,0.12207400936045144,0.12207400936045144,0,0,0
2147,0.13340323516412786,0.13340323516412786,0,0,0
2148,0.1226311429942909,0.1226311429942909,0,0,0
2149,0.12016453790037256,0.12016453790037256,0,0,0
2150,0.12413943715785679,0.12413943715785679,0,0,0
2151,0.12027458924996226,0.12027458924996226,0,0,0
2152,0.1281050592660904,0.1281050592660904,0,0,0
2153,0.13565431260748914,0.13565431260748914,0,0,0
2154,0.12607433411635852,0.12607433411635852,0,0,0
2155,0.12618323984114746,0.12618323984114746,0,0,0
2156,0.13622570390764036,0.13622570390764036,0,0,0
2157,0.12523311631459938,0.12523311631459938,0,0,0
2158,0.13026631956821993,0.13026631956821993,0,0,0
2159,0.1257892333363232,0.1257892333363232,0,0,0
2160,0.12053081393241882,0.12053081393241882,0,0,0
2161,0.1263442282613955,0.1263442282613955,0,0,0
2162,0.12547787024002327,0.12547787024002327,0,0,0
2163,0.12806635114707446,0.12806635114707446,0,0,0
2164,0.12356452722298472,0.12356452722298472,0,0,0
2165,0.13275309632483281,0.13275309632483281,0,0,0
2166,0.12126061565389759,0.12126061565389759,0,0,0
2167,0.12229207785505998,0.12229207785505998,0,0,0
2168,0.11533585896617488,0.11533585896617488,0,0,0
2169,0.12501241168693492,0.12501241168693492,0,0,0
2170,0.1455899086829863,0.1455899086829863,0,0,0
2171,0.12510179140065847,0.12510179140065847,0,0,0
2172,0.1266945180924315,0.1266945180924315,0,0,0
2173,0.12313392287806461,0.12313392287806461,0,0,0
2174,0.12233790755271912,0.12233790755271912,0,0,0
2175,0.12540554745416893,0.12540554745416893,0,0,0
2176,0.15632029191443794,0.15632029191443794,0,0,0
2177,0.1277173224248384,0.1277173224248384,0,0,0
2178,0.12825507984349602,0.12825507984349602,0,0,0
2179,0.12015099921508839,0.12015099921508839,0,0,0
2180,0.13000530573098282,0.13000530573098282,0,0,0
2181,0.12083522642129346,0.12083522642129346,0,0,0
2182,0.12074385171658114,0.12074385171658114,0,0,0
2183,0.12695237935373657,0.12695237935373657,0,0,0
2184,0.12543880488527448,0.12543880488527448,0,0,0
2185,0.12261679807775899,0.12261679807775899,0,0,0
2186,0.11974545254519112,0.11974545254519112,0,0,0
2187,0.12203962277424962,0.12203962277424962,0,0,0
2188,0.1226520799100399,0.1226520799100399,0,0,0
2189,0.12652847406111264,0.12652847406111264,0,0,0
2190,0.12306319118330353,0.12306319118330353,0,0,0
2191,0.1279915112413858,0.1279915112413858,0,0,0
2192,0.12351408012603458,0.12351408012603458,0,0,0
2193,0.120039322658589,0.120039322658589,0,0,0
2194,0.1332111715486175,0.1332111715486175,0,0,0
2195,0.11818565291009452,0.11818565291009452,0,0,0
2196,0.11884707055593792,0.11884707055593792,0,0,0
2197,0.13282889166944906,0.13282889166944906,0,0,0
2198,0.1249490597922551,0.1249490597922551,0,0,0
2199,0.1290756958095651,0.1290756958095651,0,0,0
2200,0.1267975729547049,0.1267975729547049,0,0,0
2201,0.1221341520155731,0.1221341520155731,0,0,0
2202,0.12682822542755226,0.12682822542755226,0,0,0
2203,0.129465792916323,0.129465792916323,0,0,0
2204,0.12308083356995332,0.12308083356995332,0,0,0
2205,0.1308148001369677,0.1308148001369677,0,0,0
2206,0.1204899663203641,0.1204899663203641,0,0,0
2207,0.12303935893272099,0.12303935893272099,0,0,0
2208,0.12085779187710662,0.12085779187710662,0,0,0
2209,0.12094816114557416,0.12094816114557416,0,0,0
2210,0.13262280351237246,0.13262280351237246,0,0,0
2211,0.13207479723190008,0.13207479723190008,0,0,0
2212,0.12560152144808517,0.12560152144808517,0,0,0
2213,0.11783758511668757,0.11783758511668757,0,0,0
2214,0.1245997650058646,0.1245997650058646,0,0,0
2215,0.12431618688922179,0.12431618688922179,0,0,0
2216,0.12319344380184223,0.12319344380184223,0,0,0
2217,0.1275459820110547,0.1275459820110547,0,0,0
2218,0.12676788631238436,0.12676788631238436,0,0,0
2219,0.12689896016136595,0.12689896016136595,0,0,0
2220,0.1220363543221825,0.1220363543221825,0,0,0
2221,0.13040385022759438,0.13040385022759438,0,0,0
2222,0.1329386808762425,0.1329386808762425,0,0,0
2223,0.1327860967109078,0.1327860967109078,0,0,0
2224,0.12432685788524778,0.12432685788524778,0,0,0
2225,0.12150323351747111,0.12150323351747111,0,0,0
2226,0.1284855717891141,0.1284855717891141,0,0,0
2227,0.12250730669812153,0.12250730669812153,0,0,0
2228,0.12377971273503806,0.12377971273503806,0,0,0
2229,0.12150673038865391,0.12150673038865391,0,0,0
2230,0.11890261796744246,0.11890261796744246,0,0,0
2231,0.12226634492215357,0.12226634492215357,0,0,0
2232,0.11635521505224078,0.11635521505224078,0,0,0
2233,0.12469159654880825,0.12469159654880825,0,0,0
2234,0.11698962453948825,0.11698962453948825,0,0,0
2235,0.12698947677486822,0.12698947677486822,0,0,0
2236,0.12388901314453075,0.12388901314453075,0,0,0
2237,0.13122299391972392,0.13122299391972392,0,0,0
2238,0.12919800728559494,0.12919800728559494,0,0,0
2239,0.12269021982425138,0.12269021982425138,0,0,0
2240,0.11615331059223727,0.11615331059223727,0,0,0
2241,0.12310403722681497,0.12310403722681497,0,0,0
2242,0.12920734384342245,0.12920734384342245,0,0,0
2243,0.12604506333407603,0.12604506333407603,0,0,0
2244,0.12631611800507495,0.12631611800507495,0,0,0
2245,0.1254688648408965,0.1254688648408965,0,0,0
2246,0.12765186338832504,0.12765186338832504,0,0,0
2247,0.1255852268322518,0.1255852268322518,0,0,0
2248,0.12208505386584684,0.12208505386584684,0,0,0
2249,0.12210415382134288,0.12210415382134288,0,0,0
2250,0.12178699378120272,0.12178699378120272,0,0,0
2251,0.12556318781877818,0.12556318781877818,0,0,0
2252,0.11929221117967054,0.11929221117967054,0,0,0
2253,0.11991257318540623,0.11991257318540623,0,0,0
2254,0.11975822872237156,0.11975822872237156,0,0,0
2255,0.12341727296772756,0.12341727296772756,0,0,0
2256,0.12533538455241605,0.12533538455241605,0,0,0
2257,0.12205289108188529,0.12205289108188529,0,0,0
2258,0.12379514622060876,0.12379514622060876,0,0,0
2259,0.1253055737991082,0.1253055737991082,0,0,0
2260,0.12318731609143709,0.12318731609143709,0,0,0
2261,0.1240917089346208,0.1240917089346208,0,0,0
2262,0.11901811373076941,0.11901811373076941,0,0,0
2263,0.11921598272104013,0.11921598272104013,0,0,0
2264,0.12672731809710203,0.12672731809710203,0,0,0
2265,0.12119067832827568,0.12119067832827568,0,0,0
2266,0.13064127003676013,0.13064127003676013,0,0,0
2267,0.12536519805067464,0.12536519805067464,0,0,0
2268,0.13213313272909114,0.13213313272909114,0,0,0
2269,0.11936268445692565,0.11936268445692565,0,0,0
2270,0.12482848802679464,0.12482848802679464,0,0,0
2271,0.1242494510584756,0.1242494510584756,0,0,0
2272,0.12587447288004974,0.12587447288004974,0,0,0
2273,0.11492205215127844,0.11492205215127844,0,0,0
2274,0.12586832242576698,0.12586832242576698,0,0,0
2275,0.13128255778237394,0.13128255778237394,0,0,0
2276,0.12311512153399617,0.12311512153399617,0,0,0
2277,0.12674241787508914,0.12674241787508914,0,0,0
2278,0.11928476304992248,0.11928476304992248,0,0,0
2279,0.12291853580819934,0.12291853580819934,0,0,0
2280,0.1235361311976847,0.1235361311976847,0,0,0
2281,0.12125377533467192,0.12125377533467192,0,0,0
2282,0.1229498770676161,0.1229498770676161,0,0,0
2283,0.1449244159616922,0.1449244159616922,0,0,0
2284,0.12668105136407048,0.12668105136407048,0,0,0
2285,0.1187110006024963,0.1187110006024963,0,0,0
2286,0.12721516799769902,0.12721516799769902,0,0,0
2287,0.12942167273477503,0.12942167273477503,0,0,0
2288,0.12759874251328016,0.12759874251328016,0,0,0
2289,0.12418577329892862,0.12418577329892862,0,0,0
2290,0.12465366270197065,0.12465366270197065,0,0,0
2291,0.12298327860863585,0.12298327860863585,0,0,0
2292,0.1266858644391361,0.1266858644391361,0,0,0
2293,0.11808485616194575,0.11808485616194575,0,0,0
2294,0.12971651220792219,0.12971651220792219,0,0,0
2295,0.1233537701007567,0.1233537701007567,0,0,0
2296,0.13054919733028664,0.13054919733028664,0,0,0
2297,0.12521481906112872,0.12521481906112872,0,0,0
2298,0.11958037689328194,0.11958037689328194,0,0,0
2299,0.11818432023650721,0.11818432023650721,0,0,0
2300,0.1271743446980652,0.1271743446980652,0,0,0
2301,0.12099303638464526,0.12099303638464526,0,0,0
2302,0.12072938406153728,0.12072938406153728,0,0,0
2303,0.12227746824684896,0.12227746824684896,0,0,0
2304,0.12121240951512989,0.12121240951512989,0,0,0
2305,0.12142854850543172,0.12142854850543172,0,0,0
2306,0.12588581834968768,0.12588581834968768,0,0,0
2307,0.1188324250672993,0.1188324250672993,0,0,0
2308,0.11806329692664899,0.11806329692664899,0,0,0
2309,0.12060618420180522,0.12060618420180522,0,0,0
2310,0.12226479912274762,0.12226479912274762,0,0,0
2311,0.12055900222376774,0.12055900222376774,0,0,0
2312,0.12221762263461163,0.12221762263461163,0,0,0
2313,0.1429990488839777,0.1429990488839777,0,0,0
2314,0.11972072700920858,0.11972072700920858,0,0,0
2315,0.11952516181688559,0.11952516181688559,0,0,0
2316,0.1245617262626949,0.1245617262626949,0,0,0
2317,0.12975559207169632,0.12975559207169632,0,0,0
2318,0.11980727471803364,0.11980727471803364,0,0,0
2319,0.1252581173259961,0.1252581173259961,0,0,0
2320,0.12029403938274634,0.12029403938274634,0,0,0
2321,0.13226259617429031,0.13226259617429031,0,0,0
2322,0.1385699983098005,0.1385699983098005,0,0,0
2323,0.12103566409725892,0.12103566409725892,0,0,0
2324,0.12369650425879579,0.12369650425879579,0,0,0
2325,0.11996387455024217,0.11996387455024217,0,0,0
2326,0.13104690336867383,0.13104690336867383,0,0,0
2327,0.12958703229301854,0.12958703229301854,0,0,0
2328,0.12246902581108243,0.12246902581108243,0,0,0
2329,0.11915148853471405,0.11915148853471405,0,0,0
2330,0.12179336187086608,0.12179336187086608,0,0,0
2331,0.11754836514592171,0.11754836514592171,0,0,0
2332,0.11816369565693956,0.11816369565693956,0,0,0
2333,0.11867007730822814,0.11867007730822814,0,0,0
2334,0.12355368015797515,0.12355368015797515,0,0,0
2335,0.14118674711177223,0.14118674711177223,0,0,0
2336,0.11684407627111987,0.11684407627111987,0,0,0
2337,0.12223991732064046,0.12223991732064046,0,0,0
2338,0.11695430310148942,0.11695430310148942,0,0,0
2339,0.12974485480471662,0.12974485480471662,0,0,0
2340,0.12211986356659939,0.12211986356659939,0,0,0
2341,0.12555714657432154,0.12555714657432154,0,0,0
2342,0.12069504374736234,0.12069504374736234,0,0,0
2343,0.12088915725287638,0.12088915725287638,0,0,0
2344,0.12477477443845648,0.12477477443845648,0,0,0
2345,0.12145099200700459,0.12145099200700459,0,0,0
2346,0.12109321944023434,0.12109321944023434,0,0,0
2347,0.126223376314891,0.126223376314891,0,0,0
2348,0.12537482596541705,0.12537482596541705,0,0,0
2349,0.1172735491081288,0.1172735491081288,0,0,0
2350,0.11992554660690458,0.11992554660690458,0,0,0
2351,0.12281333223769539,0.12281333223769539,0,0,0
2352,0.12654198706150055,0.12654198706150055,0,0,0
2353,0.11761071101615303,0.11761071101615303,0,0,0
2354,0.12607870897964427,0.12607870897964427,0,0,0
2355,0.12478297301813175,0.12478297301813175,0,0,0
2356,0.12398183149726767,0.12398183149726767,0,0,0
2357,0.12299406999035885,0.12299406999035885,0,0,0
2358,0.1263650942005609,0.1263650942005609,0,0,0
2359,0.12045523994847347,0.12045523994847347,0,0,0
2360,0.12426473945379257,0.12426473945379257,0,0,0
2361,0.1177386784631955,0.1177386784631955,0,0,0
2362,0.12526865283909597,0.12526865283909597,0,0,0
2363,0.11742434964368217,0.11742434964368217,0,0,0
2364,0.11986313113256504,0.11986313113256504,0,0,0
2365,0.11253291250843751,0.11253291250843751,0,0,0
2366,0.11964006820007374,0.11964006820007374,0,0,0
2367,0.12283933594038612,0.12283933594038612,0,0,0
2368,0.12297699953380384,0.12297699953380384,0,0,0
2369,0.12236521432274267,0.12236521432274267,0,0,0
2370,0.12598855754262522,0.12598855754262522,0,0,0
2371,0.11580680349939748,0.11580680349939748,0,0,0
2372,0.11692005689991147,0.11692005689991147,0,0,0
2373,0.1162773504068977,0.1162773504068977,0,0,0
2374,0.119795733768689,0.119795733768689,0,0,0
2375,0.1189077357320409,0.1189077357320409,0,0,0
2376,0.12020773430796046,0.12020773430796046,0,0,0
2377,0.120249602551523,0.120249602551523,0,0,0
2378,0.11752638926631526,0.11752638926631526,0,0,0
2379,0.11578666418790817,0.11578666418790817,0,0,0
2380,0.12440151995734165,0.12440151995734165,0,0,0
2381,0.12485770155724726,0.12485770155724726,0,0,0
2382,0.12586158239527753,0.12586158239527753,0,0,0
2383,0.1206221221701095,0.1206221221701095,0,0,0
2384,0.1247753002925923,0.1247753002925923,0,0,0
2385,0.122656543788157,0.122656543788157,0,0,0
2386,0.12149514140267122,0.12149514140267122,0,0,0
2387,0.12089151947906143,0.12089151947906143,0,0,0
2388,0.11865009759601794,0.11865009759601794,0,0,0
2389,0.11969559443624396,0.11969559443624396,0,0,0
2390,0.12596301028603002,0.12596301028603002,0,0,0
2391,0.1151735406172903,0.1151735406172903,0,0,0
2392,0.1268869354144523,0.1268869354144523,0,0,0
2393,0.13137157045696912,0.13137157045696912,0,0,0
2394,0.12113690180213828,0.12113690180213828,0,0,0
2395,0.14752673985142456,0.14752673985142456,0,0,0
2396,0.12456902077323512,0.12456902077323512,0,0,0
2397,0.14140051505283305,0.14140051505283305,0,0,0
2398,0.12320440399803613,0.12320440399803613,0,0,0
2399,0.12097967455261632,0.12097967455261632,0,0,0
2400,0.1330969678728204,0.1330969678728204,0,0,0
2401,0.11801781603380253,0.11801781603380253,0,0,0
2402,0.12097195869213656,0.12097195869213656,0,0,0
2403,0.12537849321961403,0.12537849321961403,0,0,0
2404,0.12056310925828784,0.12056310925828784,0,0,0
2405,0.11699457270534415,0.11699457270534415,0,0,0
2406,0.12013752699682587,0.12013752699682587,0,0,0
2407,0.146880696282575,0.146880696282575,0,0,0
2408,0.1173251859451595,0.1173251859451595,0,0,0
2409,0.12101444111842859,0.12101444111842859,0,0,0
2410,0.12543855862397896,0.12543855862397896,0,0,0
2411,0.13481701459539563,0.13481701459539563,0,0,0
2412,0.12148676302872206,0.12148676302872206,0,0,0
2413,0.1211624512154805,0.1211624512154805,0,0,0
2414,0.12265849329139057,0.12265849329139057,0,0,0
2415,0.11609596288517902,0.11609596288517902,0,0,0
2416,0.11750877864266697,0.11750877864266697,0,0,0
2417,0.11729686785685389,0.11729686785685389,0,0,0
2418,0.11452592517200269,0.11452592517200269,0,0,0
2419,0.12940096659095665,0.12940096659095665,0,0,0
2420,0.1210077628493309,0.1210077628493309,0,0,0
2421,0.11757092236688263,0.11757092236688263,0,0,0
2422,0.12801384886628703,0.12801384886628703,0,0,0
2423,0.12168951744311735,0.12168951744311735,0,0,0
2424,0.11718226145756871,0.11718226145756871,0,0,0
2425,0.1191709547450668,0.1191709547450668,0,0,0
2426,0.12255787790605896,0.12255787790605896,0,0,0
2427,0.1262170050881411,0.1262170050881411,0,0,0
2428,0.13053595157046066,0.13053595157046066,0,0,0
2429,0.12287051524770887,0.12287051524770887,0,0,0
2430,0.11732483008190205,0.11732483008190205,0,0,0
2431,0.11729716529187403,0.11729716529187403,0,0,0
2432,0.12375980203873232,0.12375980203873232,0,0,0
2433,0.12217670404597332,0.12217670404597332,0,0,0
2434,0.1208571215209208,0.1208571215209208,0,0,0
2435,0.11264738283659283,0.11264738283659283,0,0,0
2436,0.1229193122371247,0.1229193122371247,0,0,0
2437,0.1324696044780706,0.1324696044780706,0,0,0
2438,0.11854257473820135,0.11854257473820135,0,0,0
2439,0.1239662466472701,0.1239662466472701,0,0,0
2440,0.11629209667444229,0.11629209667444229,0,0,0
2441,0.12473649335534949,0.12473649335534949,0,0,0
2442,0.12554396924219632,0.12554396924219632,0,0,0
2443,0.12233996920679745,0.12233996920679745,0,0,0
2444,0.11960538515919134,0.11960538515919134,0,0,0
2445,0.11577946535850826,0.11577946535850826,0,0,0
2446,0.11885388881752365,0.11885388881752365,0,0,0
2447,0.11767243574324407,0.11767243574324407,0,0,0
2448,0.11801583241475255,0.11801583241475255,0,0,0
2449,0.11972691197144358,0.11972691197144358,0,0,0
2450,0.12932340624301056,0.12932340624301056,0,0,0
2451,0.12541932044060608,0.12541932044060608,0,0,0
2452,0.12382449425364796,0.12382449425364796,0,0,0
2453,0.11791603129945304,0.11791603129945304,0,0,0
2454,0.11889602028225597,0.11889602028225597,0,0,0
2455,0.12108026229237255,0.12108026229237255,0,0,0
2456,0.12531257950161634,0.12531257950161634,0,0,0
2457,0.12084697814364183,0.12084697814364183,0,0,0
2458,0.1178309050829787,0.1178309050829787,0,0,0
2459,0.11817790901190356,0.11817790901190356,0,0,0
2460,0.1135972734344633,0.1135972734344633,0,0,0
2461,0.12426049183858068,0.12426049183858068,0,0,0
2462,0.12222936867099059,0.12222936867099059,0,0,0
2463,0.11979657176293824,0.11979657176293824,0,0,0
2464,0.12046610720847782,0.12046610720847782,0,0,0
2465,0.11972024585855634,0.11972024585855634,0,0,0
2466,0.11724485300089184,0.11724485300089184,0,0,0
2467,0.1241845982639413,0.1241845982639413,0,0,0
2468,0.12020910727350335,0.12020910727350335,0,0,0
2469,0.1186111006689699,0.1186111006689699,0,0,0
2470,0.11860652071864981,0.11860652071864981,0,0,0
2471,0.12453791969700863,0.12453791969700863,0,0,0
2472,0.13237999605112954,0.13237999605112954,0,0,0
2473,0.12099209212158855,0.12099209212158855,0,0,0
2474,0.11691692275436301,0.11691692275436301,0,0,0
2475,0.11851355786386289,0.11851355786386289,0,0,0
2476,0.1188940797981463,0.1188940797981463,0,0,0
2477,0.12251648169599082,0.12251648169599082,0,0,0
2478,0.11756968586460541,0.11756968586460541,0,0,0
2479,0.132272678868551,0.132272678868551,0,0,0
2480,0.11740649256267045,0.11740649256267045,0,0,0
2481,0.11910100614554003,0.11910100614554003,0,0,0
2482,0.11644169041200687,0.11644169041200687,0,0,0
2483,0.11902755989055884,0.11902755989055884,0,0,0
2484,0.11391656218390715,0.11391656218390715,0,0,0
2485,0.11821492692749751,0.11821492692749751,0,0,0
2486,0.1200146202586199,0.1200146202586199,0,0,0
2487,0.12093625256889745,0.12093625256889745,0,0,0
2488,0.12112081972391982,0.12112081972391982,0,0,0
2489,0.12283786229397121,0.12283786229397121,0,0,0
2490,0.11847759430345736,0.11847759430345736,0,0,0
2491,0.11612563207745552,0.11612563207745552,0,0,0
2492,0.1195981428027153,0.1195981428027153,0,0,0
2493,0.12221548039662211,0.12221548039662211,0,0,0
2494,0.1259742292918657,0.1259742292918657,0,0,0
2495,0.12832499119011978,0.12832499119011978,0,0,0
2496,0.12626810038560315,0.12626810038560315,0,0,0
2497,0.12422842944138929,0.12422842944138929,0,0,0
2498,0.12167161781536906,0.12167161781536906,0,0,0
2499,0.12311721769602675,0.12311721769602675,0,0,0
2500,0.13640122762636134,0.13640122762636134,0,0,0
2501,0.11537479177901619,0.11537479177901619,0,0,0
2502,0.11920713084308725,0.11920713084308725,0,0,0
2503,0.11483714258984516,0.11483714258984516,0,0,0
2504,0.12030307340778802,0.12030307340778802,0,0,0
2505,0.11619496874903378,0.11619496874903378,0,0,0
2506,0.11826183862592045,0.11826183862592045,0,0,0
2507,0.11764750923765332,0.11764750923765332,0,0,0
2508,0.11617522373011238,0.11617522373011238,0,0,0
2509,0.11788353147475343,0.11788353147475343,0,0,0
2510,0.11751013249158859,0.11751013249158859,0,0,0
2511,0.12440249480699238,0.12440249480699238,0,0,0
2512,0.12565498387343005,0.12565498387343005,0,0,0
2513,0.12160033301303261,0.12160033301303261,0,0,0
2514,0.1276365777379588,0.1276365777379588,0,0,0
2515,0.11973682418465614,0.11973682418465614,0,0,0
2516,0.11771464190985027,0.11771464190985027,0,0,0
2517,0.12070717172403085,0.12070717172403085,0,0,0
2518,0.11862507129186078,0.11862507129186078,0,0,0
2519,0.11606220273595107,0.11606220273595107,0,0,0
2520,0.11344407283161816,0.11344407283161816,0,0,0
2521,0.12054097848503213,0.12054097848503213,0,0,0
2522,0.12316969174303506,0.12316969174303506,0,0,0
2523,0.12362274507942952,0.12362274507942952,0,0,0
2524,0.12394356374677859,0.12394356374677859,0,0,0
2525,0.1342231335216447,0.1342231335216447,0,0,0
2526,0.12162685707995766,0.12162685707995766,0,0,0
2527,0.11939737043882671,0.11939737043882671,0,0,0
2528,0.11774810697687299,0.11774810697687299,0,0,0
2529,0.12082007841060036,0.12082007841060036,0,0,0
2530,0.12286540395335148,0.12286540395335148,0,0,0
2531,0.12297577724645012,0.12297577724645012,0,0,0
2532,0.1185795149128688,0.1185795149128688,0,0,0
2533,0.11508957590711744,0.11508957590711744,0,0,0
2534,0.12572486208457695,0.12572486208457695,0,0,0
2535,0.11372184714204386,0.11372184714204386,0,0,0
2536,0.12026312045360867,0.12026312045360867,0,0,0
2537,0.1262263050793033,0.1262263050793033,0,0,0
2538,0.1208851009999451,0.1208851009999451,0,0,0
2539,0.12263970331926095,0.12263970331926095,0,0,0
2540,0.11509619241482333,0.11509619241482333,0,0,0
2541,0.12416551615062513,0.12416551615062513,0,0,0
2542,0.11621108337452538,0.11621108337452538,0,0,0
2543,0.11889439350680302,0.11889439350680302,0,0,0
2544,0.1256267249976334,0.1256267249976334,0,0,0
2545,0.11700461393124179,0.11700461393124179,0,0,0
2546,0.1231606073285404,0.1231606073285404,0,0,0
2547,0.1192445833432047,0.1192445833432047,0,0,0
2548,0.12291349843144417,0.12291349843144417,0,0,0
2549,0.12035651544207021,0.12035651544207021,0,0,0
2550,0.11459311117467127,0.11459311117467127,0,0,0
2551,0.11982495749467298,0.11982495749467298,0,0,0
2552,0.12143252123343318,0.12143252123343318,0,0,0
2553,0.11539497206869878,0.11539497206869878,0,0,0
2554,0.11993732852371115,0.11993732852371115,0,0,0
2555,0.1275897690732228,0.1275897690732228,0,0,0
2556,0.1191441314785104,0.1191441314785104,0,0,0
2557,0.11430658282418,0.11430658282418,0,0,0
2558,0.12381279605783914,0.12381279605783914,0,0,0
2559,0.1176770256930276,0.1176770256930276,0,0,0
2560,0.11567111666265287,0.11567111666265287,0,0,0
2561,0.12280977576186783,0.12280977576186783,0,0,0
2562,0.1272207345617445,0.1272207345617445,0,0,0
2563,0.11479543541607104,0.11479543541607104,0,0,0
2564,0.13276887155677142,0.13276887155677142,0,0,0
2565,0.11755263981850524,0.11755263981850524,0,0,0
2566,0.11923542265829287,0.11923542265829287,0,0,0
2567,0.12147070957641852,0.12147070957641852,0,0,0
2568,0.12582556589653618,0.12582556589653618,0,0,0
2569,0.11890075140093502,0.11890075140093502,0,0,0
2570,0.1183855880640055,0.1183855880640055,0,0,0
2571,0.12501900525469528,0.12501900525469528,0,0,0
2572,0.11904173922774039,0.11904173922774039,0,0,0
2573,0.12360852799917522,0.12360852799917522,0,0,0
2574,0.11633316525503208,0.11633316525503208,0,0,0
2575,0.12007816037849377,0.12007816037849377,0,0,0
2576,0.11426424431173425,0.11426424431173425,0,0,0
2577,0.11346171580647167,0.11346171580647167,0,0,0
2578,0.11336563664831613,0.11336563664831613,0,0,0
2579,0.1277676352152699,0.1277676352152699,0,0,0
2580,0.11326774582266808,0.11326774582266808,0,0,0
2581,0.12449471456439871,0.12449471456439871,0,0,0
2582,0.11288700880188691,0.11288700880188691,0,0,0
2583,0.11898107983564075,0.11898107983564075,0,0,0
2584,0.11367434871039893,0.11367434871039893,0,0,0
2585,0.12523224655734866,0.12523224655734866,0,0,0
2586,0.11874106742049519,0.11874106742049519,0,0,0
2587,0.12487250125329745,0.12487250125329745,0,0,0
2588,0.12004372065788821,0.12004372065788821,0,0,0
2589,0.11474622570370373,0.11474622570370373,0,0,0
2590,0.12168895080685616,0.12168895080685616,0,0,0
2591,0.11969156641709178,0.11969156641709178,0,0,0
2592,0.1257407504476999,0.1257407504476999,0,0,0
2593,0.12544427517997592,0.12544427517997592,0,0,0
2594,0.11868568431389959,0.11868568431389959,0,0,0
2595,0.1191839742425241,0.1191839742425241,0,0,0
2596,0.1219470989155142,0.1219470989155142,0,0,0
2597,0.12129438825343784,0.12129438825343784,0,0,0
2598,0.11376170892464488,0.11376170892464488,0,0,0
2599,0.12260214611887932,0.12260214611887932,0,0,0
2600,0.12320887611100548,0.12320887611100548,0,0,0
2601,0.11857844575455315,0.11857844575455315,0,0,0
2602,0.11474905045408952,0.11474905045408952,0,0,0
2603,0.11446379262365793,0.11446379262365793,0,0,0
2604,0.12321163047301142,0.12321163047301142,0,0,0
2605,0.11806475488763106,0.11806475488763106,0,0,0
2606,0.11871431826760895,0.11871431826760895,0,0,0
2607,0.121824435693653,0.121824435693653,0,0,0
2608,0.11779144720027321,0.11779144720027321,0,0,0
2609,0.11995057487174084,0.11995057487174084,0,0,0
2610,0.1174083724617958,0.1174083724617958,0,0,0
2611,0.11720329817188413,0.11720329817188413,0,0,0
2612,0.11790540206589196,0.11790540206589196,0,0,0
2613,0.12694528326392174,0.12694528326392174,0,0,0
2614,0.11858459620883591,0.11858459620883591,0,0,0
2615,0.12361789769247959,0.12361789769247959,0,0,0
2616,0.11805262161712897,0.11805262161712897,0,0,0
2617,0.12371640789665674,0.12371640789665674,0,0,0
2618,0.12104328035524017,0.12104328035524017,0,0,0
2619,0.11666646403701682,0.11666646403701682,0,0,0
2620,0.12375457271149284,0.12375457271149284,0,0,0
2621,0.11562800779938698,0.11562800779938698,0,0,0
2622,0.11505405722480071,0.11505405722480071,0,0,0
2623,0.12303478094308,0.12303478094308,0,0,0
2624,0.1179765458954008,0.1179765458954008,0,0,0
2625,0.11827464656610238,0.11827464656610238,0,0,0
2626,0.11677520545689683,0.11677520545689683,0,0,0
2627,0.11991854188473601,0.11991854188473601,0,0,0
2628,0.12473830051328007,0.12473830051328007,0,0,0
2629,0.12394336885527561,0.12394336885527561,0,0,0
2630,0.1153852753341198,0.1153852753341198,0,0,0
2631,0.11742774769663811,0.11742774769663811,0,0,0
2632,0.11954969657879126,0.11954969657879126,0,0,0
2633,0.12185501581744144,0.12185501581744144,0,0,0
2634,0.12307490428027354,0.12307490428027354,0,0,0
2635,0.11970523548753638,0.11970523548753638,0,0,0
2636,0.11293222421878263,0.11293222421878263,0,0,0
2637,0.11222439788674053,0.11222439788674053,0,0,0
2638,0.11275140156871394,0.11275140156871394,0,0,0
2639,0.11700815491770443,0.11700815491770443,0,0,0
2640,0.11728620039005029,0.11728620039005029,0,0,0
2641,0.11529016377110231,0.11529016377110231,0,0,0
2642,0.12299096741174396,0.12299096741174396,0,0,0
2643,0.11634809739495579,0.11634809739495579,0,0,0
2644,0.12481883579963132,0.12481883579963132,0,0,0
2645,0.1128437458292434,0.1128437458292434,0,0,0
2646,0.11126855976487461,0.11126855976487461,0,0,0
2647,0.1114998702940188,0.1114998702940188,0,0,0
2648,0.11447587119121301,0.11447587119121301,0,0,0
2649,0.11737044567340299,0.11737044567340299,0,0,0
2650,0.11148286806909662,0.11148286806909662,0,0,0
2651,0.11416647544032649,0.11416647544032649,0,0,0
2652,0.1169075989409497,0.1169075989409497,0,0,0
2653,0.1143667676339024,0.1143667676339024,0,0,0
2654,0.11567115254308048,0.11567115254308048,0,0,0
2655,0.11261556317147456,0.11261556317147456,0,0,0
2656,0.12005152670960677,0.12005152670960677,0,0,0
2657,0.11897088567677297,0.11897088567677297,0,0,0
2658,0.1210429074340745,0.1210429074340745,0,0,0
2659,0.11463676589099984,0.11463676589099984,0,0,0
2660,0.11821268989067328,0.11821268989067328,0,0,0
2661,0.111014671231571,0.111014671231571,0,0,0
2662,0.11586347810531918,0.11586347810531918,0,0,0
2663,0.11770179024652432,0.11770179024652432,0,0,0
2664,0.11748491168806427,0.11748491168806427,0,0,0
2665,0.11482805425399228,0.11482805425399228,0,0,0
2666,0.1214412031205077,0.1214412031205077,0,0,0
2667,0.11518936604261398,0.11518936604261398,0,0,0
2668,0.11671449459697071,0.11671449459697071,0,0,0
2669,0.12389133125543594,0.12389133125543594,0,0,0
2670,0.12762827994792084,0.12762827994792084,0,0,0
2671,0.11781477790914084,0.11781477790914084,0,0,0
2672,0.11754538824683741,0.11754538824683741,0,0,0
2673,0.11998204984947254,0.11998204984947254,0,0,0
2674,0.11627495602557533,0.11627495602557533,0,0,0
2675,0.10886431073671893,0.10886431073671893,0,0,0
2676,0.11226037576010353,0.11226037576010353,0,0,0
2677,0.11520965024828911,0.11520965024828911,0,0,0
2678,0.11721449384563848,0.11721449384563848,0,0,0
2679,0.11995287965002813,0.11995287965002813,0,0,0
2680,0.11096117998424329,0.11096117998424329,0,0,0
2681,0.11444332607482609,0.11444332607482609,0,0,0
2682,0.11967202491666142,0.11967202491666142,0,0,0
2683,0.12901455673732257,0.12901455673732257,0,0,0
2684,0.11713045815888204,0.11713045815888204,0,0,0
2685,0.11488817240062513,0.11488817240062513,0,0,0
2686,0.12258036532684376,0.12258036532684376,0,0,0
2687,0.11860996033800275,0.11860996033800275,0,0,0
2688,0.11752194342644591,0.11752194342644591,0,0,0
2689,0.12858067354873606,0.12858067354873606,0,0,0
2690,0.11529458490641493,0.11529458490641493,0,0,0
2691,0.11528225654834195,0.11528225654834195,0,0,0
2692,0.11010561157998286,0.11010561157998286,0,0,0
2693,0.1179254311872156,0.1179254311872156,0,0,0
2694,0.12048748880624771,0.12048748880624771,0,0,0
2695,0.11456712766697533,0.11456712766697533,0,0,0
2696,0.11416643583460857,0.11416643583460857,0,0,0
2697,0.11590369006520823,0.11590369006520823,0,0,0
2698,0.11518163586917676,0.11518163586917676,0,0,0
2699,0.11590353634796645,0.11590353634796645,0,0,0
2700,0.12098092134845884,0.12098092134845884,0,0,0
2701,0.1124489091728863,0.1124489091728863,0,0,0
2702,0.11205559616026126,0.11205559616026126,0,0,0
2703,0.11931456958777026,0.11931456958777026,0,0,0
2704,0.12109303199931194,0.12109303199931194,0,0,0
2705,0.11293965597686015,0.11293965597686015,0,0,0
2706,0.12067343490688424,0.12067343490688424,0,0,0
2707,0.1187241249962857,0.1187241249962857,0,0,0
2708,0.11541680932829254,0.11541680932829254,0,0,0
2709,0.11874986969326672,0.11874986969326672,0,0,0
2710,0.11370977347618655,0.11370977347618655,0,0,0
2711,0.11923398626478095,0.11923398626478095,0,0,0
2712,0.11443914375022839,0.11443914375022839,0,0,0
2713,0.11497541203310616,0.11497541203310616,0,0,0
2714,0.11529274216215861,0.11529274216215861,0,0,0
2715,0.12321579221047853,0.12321579221047853,0,0,0
2716,0.11388487192360978,0.11388487192360978,0,0,0
2717,0.11365513680012602,0.11365513680012602,0,0,0
2718,0.11336201468580648,0.11336201468580648,0,0,0
2719,0.1160971751730693,0.1160971751730693,0,0,0
2720,0.10939355488670499,0.10939355488670499,0,0,0
2721,0.11707000022656039,0.11707000022656039,0,0,0
2722,0.11423522430030923,0.11423522430030923,0,0,0
2723,0.11380224890614811,0.11380224890614811,0,0,0
2724,0.1335926655876009,0.1335926655876009,0,0,0
2725,0.11669163386288442,0.11669163386288442,0,0,0
2726,0.11715740416395037,0.11715740416395037,0,0,0
2727,0.12226456560586628,0.12226456560586628,0,0,0
2728,0.11879650385756242,0.11879650385756242,0,0,0
2729,0.11145336690701936,0.11145336690701936,0,0,0
2730,0.114561790698453,0.114561790698453,0,0,0
2731,0.11958550406914008,0.11958550406914008,0,0,0
2732,0.115165180085521,0.115165180085521,0,0,0
2733,0.12028022365350473,0.12028022365350473,0,0,0
2734,0.1122074415417094,0.1122074415417094,0,0,0
2735,0.12838131483448179,0.12838131483448179,0,0,0
2736,0.11550035366886541,0.11550035366886541,0,0,0
2737,0.11489768561563994,0.11489768561563994,0,0,0
2738,0.11021659876170911,0.11021659876170911,0,0,0
2739,0.12184346251581844,0.12184346251581844,0,0,0
2740,0.11431287778051276,0.11431287778051276,0,0,0
2741,0.11455985884133138,0.11455985884133138,0,0,0
2742,0.12425072608809722,0.12425072608809722,0,0,0
2743,0.11523500535833209,0.11523500535833209,0,0,0
2744,0.11450320913603432,0.11450320913603432,0,0,0
2745,0.11890163253012456,0.11890163253012456,0,0,0
2746,0.11394929042772244,0.11394929042772244,0,0,0
2747,0.11530745931361851,0.11530745931361851,0,0,0
2748,0.11962575622295078,0.11962575622295078,0,0,0
2749,0.11402347174129988,0.11402347174129988,0,0,0
2750,0.12077580980564419,0.12077580980564419,0,0,0
2751,0.1185118330544547,0.1185118330544547,0,0,0
2752,0.12527567501130857,0.12527567501130857,0,0,0
2753,0.11347902977937147,0.11347902977937147,0,0,0
2754,0.1125212762700884,0.1125212762700884,0,0,0
2755,0.11712497100234032,0.11712497100234032,0,0,0
2756,0.10934948254572718,0.10934948254572718,0,0,0
2757,0.10715707254252936,0.10715707254252936,0,0,0
2758,0.11994039796684917,0.11994039796684917,0,0,0
2759,0.1162277503233207,0.1162277503233207,0,0,0
2760,0.11332627817204124,0.11332627817204124,0,0,0
2761,0.11220553419307659,0.11220553419307659,0,0,0
2762,0.11605880546726678,0.11605880546726678,0,0,0
2763,0.11836322847949832,0.11836322847949832,0,0,0
2764,0.11568914040138847,0.11568914040138847,0,0,0
2765,0.11485922630680234,0.11485922630680234,0,0,0
2766,0.11411217678534358,0.11411217678534358,0,0,0
2767,0.1088400506659558,0.1088400506659558,0,0,0
2768,0.10964412957822021,0.10964412957822021,0,0,0
2769,0.11606529590330626,0.11606529590330626,0,0,0
2770,0.11910573099004595,0.11910573099004595,0,0,0
2771,0.1180100517445489,0.1180100517445489,0,0,0
2772,0.1170183020202737,0.1170183020202737,0,0,0
2773,0.11942375412112788,0.11942375412112788,0,0,0
2774,0.11671168710056104,0.11671168710056104,0,0,0
2775,0.11335900720012815,0.11335900720012815,0,0,0
2776,0.11116832808444374,0.11116832808444374,0,0,0
2777,0.11111265813049517,0.11111265813049517,0,0,0
2778,0.1240953765809536,0.1240953765809536,0,0,0
2779,0.12066076499851126,0.12066076499851126,0,0,0
2780,0.111948070361426,0.111948070361426,0,0,0
2781,0.11969937207667451,0.11969937207667451,0,0,0
2782,0.11501390055606239,0.11501390055606239,0,0,0
2783,0.10954676921430387,0.10954676921430387,0,0,0
2784,0.11439107632950733,0.11439107632950733,0,0,0
2785,0.11395962987291186,0.11395962987291186,0,0,0
2786,0.11218276619911194,0.11218276619911194,0,0,0
2787,0.11584654999406714,0.11584654999406714,0,0,0
2788,0.11081356123874062,0.11081356123874062,0,0,0
2789,0.11267159996848357,0.11267159996848357,0,0,0
2790,0.11921810829325726,0.11921810829325726,0,0,0
2791,0.11644781969095531,0.11644781969095531,0,0,0
2792,0.1199070444624675,0.1199070444624675,0,0,0
2793,0.12335436889215519,0.12335436889215519,0,0,0
2794,0.11516889557242393,0.11516889557242393,0,0,0
2795,0.11226061966858412,0.11226061966858412,0,0,0
2796,0.1184790646167178,0.1184790646167178,0,0,0
2797,0.11518833923496698,0.11518833923496698,0,0,0
2798,0.11214647422495641,0.11214647422495641,0,0,0
2799,0.11413513535731717,0.11413513535731717,0,0,0
2800,0.11770807598766528,0.11770807598766528,0,0,0
2801,0.11247786193301804,0.11247786193301804,0,0,0
2802,0.11620769159574258,0.11620769159574258,0,0,0
2803,0.11249211058020592,0.11249211058020592,0,0,0
2804,0.10908459930827744,0.10908459930827744,0,0,0
2805,0.1149200465726225,0.1149200465726225,0,0,0
2806,0.1103643586761073,0.1103643586761073,0,0,0
2807,0.10913512345991637,0.10913512345991637,0,0,0
2808,0.11484908449806665,0.11484908449806665,0,0,0
2809,0.11795640030973836,0.11795640030973836,0,0,0
2810,0.12399560350336526,0.12399560350336526,0,0,0
2811,0.11704187330446746,0.11704187330446746,0,0,0
2812,0.12271220668366081,0.12271220668366081,0,0,0
2813,0.11038856051470104,0.11038856051470104,0,0,0
2814,0.12920800890577466,0.12920800890577466,0,0,0
2815,0.11110027271666024,0.11110027271666024,0,0,0
2816,0.11010296623173513,0.11010296623173513,0,0,0
2817,0.11061202754315577,0.11061202754315577,0,0,0
2818,0.11471001509773104,0.11471001509773104,0,0,0
2819,0.1101670884772351,0.1101670884772351,0,0,0
2820,0.11115691006967895,0.11115691006967895,0,0,0
2821,0.11109701465619237,0.11109701465619237,0,0,0
2822,0.11329094712671481,0.11329094712671481,0,0,0
2823,0.12259182706475258,0.12259182706475258,0,0,0
2824,0.11852645481887616,0.11852645481887616,0,0,0
2825,0.11409558689123706,0.11409558689123706,0,0,0
2826,0.11228928734597407,0.11228928734597407,0,0,0
2827,0.11443417225229113,0.11443417225229113,0,0,0
2828,0.11421236297801922,0.11421236297801922,0,0,0
2829,0.1100696174329833,0.1100696174329833,0,0,0
2830,0.11037947668841011,0.11037947668841011,0,0,0
2831,0.11402144459517378,0.11402144459517378,0,0,0
2832,0.11536281340216335,0.11536281340216335,0,0,0
2833,0.11367024814611987,0.11367024814611987,0,0,0
2834,0.11588586788428457,0.11588586788428457,0,0,0
2835,0.12756748909228727,0.12756748909228727,0,0,0
2836,0.11270816820232492,0.11270816820232492,0,0,0
2837,0.11509514933353976,0.11509514933353976,0,0,0
2838,0.11114513540738508,0.11114513540738508,0,0,0
2839,0.11243994573229238,0.11243994573229238,0,0,0
2840,0.11404281560527652,0.11404281560527652,0,0,0
2841,0.11007470088569742,0.11007470088569742,0,0,0
2842,0.12186972659669425,0.12186972659669425,0,0,0
2843,0.11264291346857422,0.11264291346857422,0,0,0
2844,0.1200515441596508,0.1200515441596508,0,0,0
2845,0.11339616677478741,0.11339616677478741,0,0,0
2846,0.1183089974679445,0.1183089974679445,0,0,0
2847,0.11215213196058023,0.11215213196058023,0,0,0
2848,0.11796175002267487,0.11796175002267487,0,0,0
2849,0.11165173273337514,0.11165173273337514,0,0,0
2850,0.11321096122264862,0.11321096122264862,0,0,0
2851,0.10880616660180845,0.10880616660180845,0,0,0
2852,0.11323739000056919,0.11323739000056919,0,0,0
2853,0.10953910237080172,0.10953910237080172,0,0,0
2854,0.11326216278891814,0.11326216278891814,0,0,0
2855,0.11188961624314911,0.11188961624314911,0,0,0
2856,0.11471081132951536,0.11471081132951536,0,0,0
2857,0.11170429246206033,0.11170429246206033,0,0,0
2858,0.11346484799134104,0.11346484799134104,0,0,0
2859,0.11052093498016659,0.11052093498016659,0,0,0
2860,0.1156268690369631,0.1156268690369631,0,0,0
2861,0.1126018199873598,0.1126018199873598,0,0,0
2862,0.11604937558111392,0.11604937558111392,0,0,0
2863,0.120446194551493,0.120446194551493,0,0,0
2864,0.1150198770981086,0.1150198770981086,0,0,0
2865,0.11109233598567937,0.11109233598567937,0,0,0
2866,0.11812087501350202,0.11812087501350202,0,0,0
2867,0.11742071160360386,0.11742071160360386,0,0,0
2868,0.1125416800771889,0.1125416800771889,0,0,0
2869,0.11606457554980328,0.11606457554980328,0,0,0
2870,0.11601368141801734,0.11601368141801734,0,0,0
2871,0.11192448045078077,0.11192448045078077,0,0,0
2872,0.1110250385184037,0.1110250385184037,0,0,0
2873,0.11652639880776405,0.11652639880776405,0,0,0
2874,0.11586615580477212,0.11586615580477212,0,0,0
2875,0.10995237490064219,0.10995237490064219,0,0,0
2876,0.11525426667771842,0.11525426667771842,0,0,0
2877,0.12439121992180222,0.12439121992180222,0,0,0
2878,0.1108381993284351,0.1108381993284351,0,0,0
2879,0.11317518039753563,0.11317518039753563,0,0,0
2880,0.1172933166748599,0.1172933166748599,0,0,0
2881,0.11592182399410951,0.11592182399410951,0,0,0
2882,0.11390770207110204,0.11390770207110204,0,0,0
2883,0.11305262364054981,0.11305262364054981,0,0,0
2884,0.1171497761418945,0.1171497761418945,0,0,0
2885,0.107883877267963,0.107883877267963,0,0,0
2886,0.13433424677503736,0.13433424677503736,0,0,0
2887,0.11760293496282477,0.11760293496282477,0,0,0
2888,0.12083051824255993,0.12083051824255993,0,0,0
2889,0.1083584425872878,0.1083584425872878,0,0,0
2890,0.1164152747706363,0.1164152747706363,0,0,0
2891,0.11291376716996494,0.11291376716996494,0,0,0
2892,0.11248622932716419,0.11248622932716419,0,0,0
2893,0.10964318011936389,0.10964318011936389,0,0,0
2894,0.11747512456617858,0.11747512456617858,0,0,0
2895,0.11199494784599856,0.11199494784599856,0,0,0
2896,0.11244221502228786,0.11244221502228786,0,0,0
2897,0.11295749796064276,0.11295749796064276,0,0,0
2898,0.10979727224299782,0.10979727224299782,0,0,0
2899,0.11438327184633205,0.11438327184633205,0,0,0
2900,0.12890852183887833,0.12890852183887833,0,0,0
2901,0.11615349450393726,0.11615349450393726,0,0,0
2902,0.11306721442624142,0.11306721442624142,0,0,0
2903,0.11259774412763746,0.11259774412763746,0,0,0
2904,0.11251215597516612,0.11251215597516612,0,0,0
2905,0.11388179052032922,0.11388179052032922,0,0,0
2906,0.11422886013200409,0.11422886013200409,0,0,0
2907,0.11566832249886111,0.11566832249886111,0,0,0
2908,0.11689038496268422,0.11689038496268422,0,0,0
2909,0.11776233091950417,0.11776233091950417,0,0,0
2910,0.1140160219449746,0.1140160219449746,0,0,0
2911,0.12053893016357171,0.12053893016357171,0,0,0
2912,0.1081841405677168,0.1081841405677168,0,0,0
2913,0.11167040330014731,0.11167040330014731,0,0,0
2914,0.11024059433686106,0.11024059433686106,0,0,0
2915,0.11017950839902226,0.11017950839902226,0,0,0
2916,0.11453474920831229,0.11453474920831229,0,0,0
2917,0.11821437234941282,0.11821437234941282,0,0,0
2918,0.11740990845780623,0.11740990845780623,0,0,0
2919,0.1136242413991376,0.1136242413991376,0,0,0
2920,0.11893940050350993,0.11893940050350993,0,0,0
2921,0.11450057986535524,0.11450057986535524,0,0,0
2922,0.11210929935700015,0.11210929935700015,0,0,0
2923,0.12567217451961418,0.12567217451961418,0,0,0
2924,0.11363823437377026,0.11363823437377026,0,0,0
2925,0.11363746617969714,0.11363746617969714,0,0,0
2926,0.10782162600049847,0.10782162600049847,0,0,0
2927,0.13242813278185694,0.13242813278185694,0,0,0
2928,0.11014229451355181,0.11014229451355181,0,0,0
2929,0.11202013257302736,0.11202013257302736,0,0,0
2930,0.111088220814341,0.111088220814341,0,0,0
2931,0.11904542932384893,0.11904542932384893,0,0,0
2932,0.10893792149267699,0.10893792149267699,0,0,0
2933,0.11361029097124149,0.11361029097124149,0,0,0
2934,0.11312961284267276,0.11312961284267276,0,0,0
2935,0.10928237418595113,0.10928237418595113,0,0,0
2936,0.1168036107954226,0.1168036107954226,0,0,0
2937,0.11275842158417952,0.11275842158417952,0,0,0
2938,0.11242629558240112,0.11242629558240112,0,0,0
2939,0.11042888913499682,0.11042888913499682,0,0,0
2940,0.11807909705921223,0.11807909705921223,0,0,0
2941,0.11083550476714184,0.11083550476714184,0,0,0
2942,0.13570392445514076,0.13570392445514076,0,0,0
2943,0.11270473917063914,0.11270473917063914,0,0,0
2944,0.11378325894474983,0.11378325894474983,0,0,0
2945,0.12564769681347043,0.12564769681347043,0,0,0
2946,0.11342186951323559,0.11342186951323559,0,0,0
2947,0.1115037389099598,0.1115037389099598,0,0,0
2948,0.11435573312797044,0.11435573312797044,0,0,0
2949,0.11354979598208477,0.11354979598208477,0,0,0
2950,0.11611475736687057,0.11611475736687057,0,0,0
2951,0.1088706978449696,0.1088706978449696,0,0,0
2952,0.10682388473498194,0.10682388473498194,0,0,0
2953,0.10886843914264127,0.10886843914264127,0,0,0
2954,0.11427612289002068,0.11427612289002068,0,0,0
2955,0.10658229456136101,0.10658229456136101,0,0,0
2956,0.11162141985014866,0.11162141985014866,0,0,0
2957,0.1110299282560223,0.1110299282560223,0,0,0
2958,0.1112152767416678,0.1112152767416678,0,0,0
2959,0.1117106648652177,0.1117106648652177,0,0,0
2960,0.10835578723957665,0.10835578723957665,0,0,0
2961,0.10744222861371543,0.10744222861371543,0,0,0
2962,0.1090670253493284,0.1090670253493284,0,0,0
2963,0.1111580258921573,0.1111580258921573,0,0,0
2964,0.11161087492578908,0.11161087492578908,0,0,0
2965,0.10901413455997642,0.10901413455997642,0,0,0
2966,0.11829064257050816,0.11829064257050816,0,0,0
2967,0.11258606867570627,0.11258606867570627,0,0,0
2968,0.110349377519206,0.110349377519206,0,0,0
2969,0.10706317483594543,0.10706317483594543,0,0,0
2970,0.12205045415382636,0.12205045415382636,0,0,0
2971,0.11454795006858676,0.11454795006858676,0,0,0
2972,0.11187305713170453,0.11187305713170453,0,0,0
2973,0.11918042227625847,0.11918042227625847,0,0,0
2974,0.11590938838688951,0.11590938838688951,0,0,0
2975,0.11856705166007343,0.11856705166007343,0,0,0
2976,0.11661347119431746,0.11661347119431746,0,0,0
2977,0.1162639125005195,0.1162639125005195,0,0,0
2978,0.11361501424720413,0.11361501424720413,0,0,0
2979,0.11408221094231856,0.11408221094231856,0,0,0
2980,0.11219259037783272,0.11219259037783272,0,0,0
2981,0.10812018066644669,0.10812018066644669,0,0,0
2982,0.17902781559448494,0.17902781559448494,0,0,0
2983,0.11868504189739101,0.11868504189739101,0,0,0
2984,0.11309335008263588,0.11309335008263588,0,0,0
2985,0.11777290270516746,0.11777290270516746,0,0,0
2986,0.11328233190272984,0.11328233190272984,0,0,0
2987,0.11164607166459686,0.11164607166459686,0,0,0
2988,0.1116869722149874,0.1116869722149874,0,0,0
2989,0.11310789792945511,0.11310789792945511,0,0,0
2990,0.10808775279867022,0.10808775279867022,0,0,0
2991,0.10948633402585983,0.10948633402585983,0,0,0
2992,0.12005230784416199,0.12005230784416199,0,0,0
2993,0.12270886725501011,0.12270886725501011,0,0,0
2994,0.11552046788366217,0.11552046788366217,0,0,0
2995,0.11023935224664838,0.11023935224664838,0,0,0
2996,0.1122903561121539,0.1122903561121539,0,0,0
2997,0.11592972102133851,0.11592972102133851,0,0,0
2998,0.11052376482831805,0.11052376482831805,0,0,0
2999,0.11611419347556014,0.11611419347556014,0,0,0
3000,0.11606006598786305,0.11606006598786305,0,0,0
3001,0.11702839402776015,0.11702839402776015,0,0,0
3002,0.1157586415739436,0.1157586415739436,0,0,0
3003,0.12615231777492322,0.12615231777492322,0,0,0
3004,0.10854580449430566,0.10854580449430566,0,0,0
3005,0.10866581844656091,0.10866581844656091,0,0,0
3006,0.11117016778964746,0.11117016778964746,0,0,0
3007,0.11871015005990078,0.11871015005990078,0,0,0
3008,0.11350413490282862,0.11350413490282862,0,0,0
3009,0.11341385778627898,0.11341385778627898,0,0,0
3010,0.11024405121019012,0.11024405121019012,0,0,0
3011,0.1285050630961594,0.1285050630961594,0,0,0
3012,0.11619950693688895,0.11619950693688895,0,0,0
3013,0.11043194995114677,0.11043194995114677,0,0,0
3014,0.1019988744274566,0.1019988744274566,0,0,0
3015,0.11079864341177438,0.11079864341177438,0,0,0
3016,0.10931781581357906,0.10931781581357906,0,0,0
3017,0.1235876001025501,0.1235876001025501,0,0,0
3018,0.1049423319728751,0.1049423319728751,0,0,0
3019,0.11300077308949671,0.11300077308949671,0,0,0
3020,0.11297935188600891,0.11297935188600891,0,0,0
3021,0.11409070087890875,0.11409070087890875,0,0,0
3022,0.108400626892322,0.108400626892322,0,0,0
3023,0.12345674947688454,0.12345674947688454,0,0,0
3024,0.12133121235590232,0.12133121235590232,0,0,0
3025,0.11355195037628475,0.11355195037628475,0,0,0
3026,0.11412693207201205,0.11412693207201205,0,0,0
3027,0.11082563529673375,0.11082563529673375,0,0,0
3028,0.1152233057900479,0.1152233057900479,0,0,0
3029,0.10770790847508531,0.10770790847508531,0,0,0
3030,0.10694462276603046,0.10694462276603046,0,0,0
3031,0.107626458139796,0.107626458139796,0,0,0
3032,0.11786492031655814,0.11786492031655814,0,0,0
3033,0.10459877334927258,0.10459877334927258,0,0,0
3034,0.11468814254591339,0.11468814254591339,0,0,0
3035,0.11493304136552308,0.11493304136552308,0,0,0
3036,0.11655820768914725,0.11655820768914725,0,0,0
3037,0.12476979548993863,0.12476979548993863,0,0,0
3038,0.11442943583977849,0.11442943583977849,0,0,0
3039,0.10703372504366071,0.10703372504366071,0,0,0
3040,0.11220637963790643,0.11220637963790643,0,0,0
3041,0.12380749957734033,0.12380749957734033,0,0,0
3042,0.11598719185904453,0.11598719185904453,0,0,0
3043,0.11238343817623038,0.11238343817623038,0,0,0
3044,0.1136066982228505,0.1136066982228505,0,0,0
3045,0.11016060470750458,0.11016060470750458,0,0,0
3046,0.11198673907079194,0.11198673907079194,0,0,0
3047,0.10604124673103031,0.10604124673103031,0,0,0
3048,0.1255014132904379,0.1255014132904379,0,0,0
3049,0.10901967083152972,0.10901967083152972,0,0,0
3050,0.11492041812131279,0.11492041812131279,0,0,0
3051,0.10964595271568549,0.10964595271568549,0,0,0
3052,0.11233517331512351,0.11233517331512351,0,0,0
3053,0.10867024448357131,0.10867024448357131,0,0,0
3054,0.11720798988091319,0.11720798988091319,0,0,0
3055,0.10465383647303832,0.10465383647303832,0,0,0
3056,0.11105655633697384,0.11105655633697384,0,0,0
3057,0.1055942665981619,0.1055942665981619,0,0,0
3058,0.11121041661030368,0.11121041661030368,0,0,0
3059,0.11185093929893092,0.11185093929893092,0,0,0
3060,0.11290057826983302,0.11290057826983302,0,0,0
3061,0.118478709488715,0.118478709488715,0,0,0
3062,0.11815358247411878,0.11815358247411878,0,0,0
3063,0.10728059140475173,0.10728059140475173,0,0,0
3064,0.12018997281005508,0.12018997281005508,0,0,0
3065,0.11419488842550077,0.11419488842550077,0,0,0
3066,0.1092253027385787,0.1092253027385787,0,0,0
3067,0.11392958158333051,0.11392958158333051,0,0,0
3068,0.10830654899932836,0.10830654899932836,0,0,0
3069,0.11028548388888962,0.11028548388888962,0,0,0
3070,0.1059129647910595,0.1059129647910595,0,0,0
3071,0.11171717843727062,0.11171717843727062,0,0,0
3072,0.1104070414838038,0.1104070414838038,0,0,0
3073,0.11967886121649492,0.11967886121649492,0,0,0
3074,0.11331677279974285,0.11331677279974285,0,0,0
3075,0.12338222602480337,0.12338222602480337,0,0,0
3076,0.11097285308335957,0.11097285308335957,0,0,0
3077,0.12515669943470703,0.12515669943470703,0,0,0
3078,0.11227367975209888,0.11227367975209888,0,0,0
3079,0.11579581644189985,0.11579581644189985,0,0,0
3080,0.11415024023306997,0.11415024023306997,0,0,0
3081,0.11406033231239569,0.11406033231239569,0,0,0
3082,0.1068898692334953,0.1068898692334953,0,0,0
3083,0.10882445052266121,0.10882445052266121,0,0,0
3084,0.1114256319246794,0.1114256319246794,0,0,0
3085,0.12027820042873684,0.12027820042873684,0,0,0
3086,0.10761898501138938,0.10761898501138938,0,0,0
3087,0.11144905321692165,0.11144905321692165,0,0,0
3088,0.11288969924575404,0.11288969924575404,0,0,0
3089,0.11187193425078142,0.11187193425078142,0,0,0
3090,0.114732631335133,0.114732631335133,0,0,0
3091,0.10654075600598988,0.10654075600598988,0,0,0
3092,0.10705868880215444,0.10705868880215444,0,0,0
3093,0.12201319615307607,0.12201319615307607,0,0,0
3094,0.11268985055779156,0.11268985055779156,0,0,0
3095,0.10737613333683264,0.10737613333683264,0,0,0
3096,0.10836940513629663,0.10836940513629663,0,0,0
3097,0.10824953666643093,0.10824953666643093,0,0,0
3098,0.10974151347028582,0.10974151347028582,0,0,0
3099,0.10659556100635152,0.10659556100635152,0,0,0
3100,0.10635421944684104,0.10635421944684104,0,0,0
3101,0.11122784234191242,0.11122784234191242,0,0,0
3102,0.11661698080991444,0.11661698080991444,0,0,0
3103,0.11197393250308539,0.11197393250308539,0,0,0
3104,0.11513100956615649,0.11513100956615649,0,0,0
3105,0.10652997874115643,0.10652997874115643,0,0,0
3106,0.11814425709216218,0.11814425709216218,0,0,0
3107,0.11121413562642901,0.11121413562642901,0,0,0
3108,0.11356164760103352,0.11356164760103352,0,0,0
3109,0.10766064434459335,0.10766064434459335,0,0,0
3110,0.1099275141758354,0.1099275141758354,0,0,0
3111,0.10551491360131063,0.10551491360131063,0,0,0
3112,0.10817954375555641,0.10817954375555641,0,0,0
3113,0.10775020953856017,0.10775020953856017,0,0,0
3114,0.10950607786837377,0.10950607786837377,0,0,0
3115,0.11372667649074604,0.11372667649074604,0,0,0
3116,0.10888733685408768,0.10888733685408768,0,0,0
3117,0.10677426680922508,0.10677426680922508,0,0,0
3118,0.10895744789587825,0.10895744789587825,0,0,0
3119,0.11315298002017171,0.11315298002017171,0,0,0
3120,0.10515264784427066,0.10515264784427066,0,0,0
3121,0.10615984566117588,0.10615984566117588,0,0,0
3122,0.10608063010792983,0.10608063010792983,0,0,0
3123,0.11171846248601612,0.11171846248601612,0,0,0
3124,0.11326558691890616,0.11326558691890616,0,0,0
3125,0.12135435768256062,0.12135435768256062,0,0,0
3126,0.11075741425156593,0.11075741425156593,0,0,0
3127,0.11125358625462181,0.11125358625462181,0,0,0
3128,0.11903499439358711,0.11903499439358711,0,0,0
3129,0.11226497374867138,0.11226497374867138,0,0,0
3130,0.10826902875774785,0.10826902875774785,0,0,0
3131,0.1113223398202344,0.1113223398202344,0,0,0
3132,0.11345342429060686,0.11345342429060686,0,0,0
3133,0.10912381818420008,0.10912381818420008,0,0,0
3134,0.10886931615440469,0.10886931615440469,0,0,0
3135,0.10907063201854103,0.10907063201854103,0,0,0
3136,0.11603399209286037,0.11603399209286037,0,0,0
3137,0.1029081248531216,0.1029081248531216,0,0,0
3138,0.1054453371386779,0.1054453371386779,0,0,0
3139,0.11176153213569992,0.11176153213569992,0,0,0
3140,0.12302065875969435,0.12302065875969435,0,0,0
3141,0.10854409870348479,0.10854409870348479,0,0,0
3142,0.10696007781907131,0.10696007781907131,0,0,0
3143,0.11364492930864033,0.11364492930864033,0,0,0
3144,0.10305952221939438,0.10305952221939438,0,0,0
3145,0.11518099766812827,0.11518099766812827,0,0,0
3146,0.1106283737248496,0.1106283737248496,0,0,0
3147,0.10668257908209373,0.10668257908209373,0,0,0
3148,0.11212791639723275,0.11212791639723275,0,0,0
3149,0.10953782890972338,0.10953782890972338,0,0,0
3150,0.11161135078260773,0.11161135078260773,0,0,0
3151,0.10899323028953452,0.10899323028953452,0,0,0
3152,0.11866914755419682,0.11866914755419682,0,0,0
3153,0.10481592169717739,0.10481592169717739,0,0,0
3154,0.10559724624219693,0.10559724624219693,0,0,0
3155,0.10762891722352881,0.10762891722352881,0,0,0
3156,0.10681435132497236,0.10681435132497236,0,0,0
3157,0.11710807739904053,0.11710807739904053,0,0,0
3158,0.11039834587197554,0.11039834587197554,0,0,0
3159,0.10892332325640477,0.10892332325640477,0,0,0
3160,0.10867714195659287,0.10867714195659287,0,0,0
3161,0.10354551496474367,0.10354551496474367,0,0,0
3162,0.11218376477297984,0.11218376477297984,0,0,0
3163,0.11038076191356308,0.11038076191356308,0,0,0
3164,0.10415747565658469,0.10415747565658469,0,0,0
3165,0.11169598663323804,0.11169598663323804,0,0,0
3166,0.1086247684924226,0.1086247684924226,0,0,0
3167,0.10748706581561189,0.10748706581561189,0,0,0
3168,0.10963961834970273,0.10963961834970273,0,0,0
3169,0.10544389103980441,0.10544389103980441,0,0,0
3170,0.10373692685051968,0.10373692685051968,0,0,0
3171,0.10957003678930433,0.10957003678930433,0,0,0
3172,0.11015034859117709,0.11015034859117709,0,0,0
3173,0.11462958451164396,0.11462958451164396,0,0,0
3174,0.10784135641236055,0.10784135641236055,0,0,0
3175,0.11883787418666639,0.11883787418666639,0,0,0
3176,0.10196861859999205,0.10196861859999205,0,0,0
3177,0.1050816884166316,0.1050816884166316,0,0,0
3178,0.11067636899257961,0.11067636899257961,0,0,0
3179,0.10804203466365211,0.10804203466365211,0,0,0
3180,0.10873855179861973,0.10873855179861973,0,0,0
3181,0.10428650206641148,0.10428650206641148,0,0,0
3182,0.10954996335663293,0.10954996335663293,0,0,0
3183,0.11111716788850333,0.11111716788850333,0,0,0
3184,0.10635365526142873,0.10635365526142873,0,0,0
3185,0.10989886188977643,0.10989886188977643,0,0,0
3186,0.11240954834379648,0.11240954834379648,0,0,0
3187,0.10710494926101283,0.10710494926101283,0,0,0
3188,0.10450408921429985,0.10450408921429985,0,0,0
3189,0.10415165890988551,0.10415165890988551,0,0,0
3190,0.11238028756097744,0.11238028756097744,0,0,0
3191,0.10955533248029257,0.10955533248029257,0,0,0
3192,0.11268087790200584,0.11268087790200584,0,0,0
3193,0.10815673007776863,0.10815673007776863,0,0,0
3194,0.1043913601652572,0.1043913601652572,0,0,0
3195,0.10687710727123838,0.10687710727123838,0,0,0
3196,0.1073727517535812,0.1073727517535812,0,0,0
3197,0.11366534125255912,0.11366534125255912,0,0,0
3198,0.10823064630753115,0.10823064630753115,0,0,0
3199,0.10755363616504167,0.10755363616504167,0,0,0
3200,0.1048965124707473,0.1048965124707473,0,0,0
3201,0.1173083652791224,0.1173083652791224,0,0,0
3202,0.11485105556877036,0.11485105556877036,0,0,0
3203,0.11083758543980748,0.11083758543980748,0,0,0
3204,0.1064800176965563,0.1064800176965563,0,0,0
3205,0.10402282248986394,0.10402282248986394,0,0,0
3206,0.10808461326125421,0.10808461326125421,0,0,0
3207,0.14899558691602005,0.14899558691602005,0,0,0
3208,0.10769380138892877,0.10769380138892877,0,0,0
3209,0.10856457564391588,0.10856457564391588,0,0,0
3210,0.11797241101923742,0.11797241101923742,0,0,0
3211,0.10544205202083838,0.10544205202083838,0,0,0
3212,0.11209013352268621,0.11209013352268621,0,0,0
3213,0.11026463187054585,0.11026463187054585,0,0,0
3214,0.11344902648737556,0.11344902648737556,0,0,0
3215,0.11109537837144576,0.11109537837144576,0,0,0
3216,0.10777882525795385,0.10777882525795385,0,0,0
3217,0.11097509002214984,0.11097509002214984,0,0,0
3218,0.1081408561256371,0.1081408561256371,0,0,0
3219,0.11219349581944316,0.11219349581944316,0,0,0
3220,0.10842384594051462,0.10842384594051462,0,0,0
3221,0.11253580764720314,0.11253580764720314,0,0,0
3222,0.11337555101827572,0.11337555101827572,0,0,0
3223,0.10597748152519527,0.10597748152519527,0,0,0
3224,0.10638992164872195,0.10638992164872195,0,0,0
3225,0.10895248443672531,0.10895248443672531,0,0,0
3226,0.11341036111116409,0.11341036111116409,0,0,0
3227,0.10584346263816483,0.10584346263816483,0,0,0
3228,0.10569572997720618,0.10569572997720618,0,0,0
3229,0.10893055169205916,0.10893055169205916,0,0,0
3230,0.11555554011934682,0.11555554011934682,0,0,0
3231,0.10600432341820315,0.10600432341820315,0,0,0
3232,0.10644986990251039,0.10644986990251039,0,0,0
3233,0.105004273747143,0.105004273747143,0,0,0
3234,0.10531955486849735,0.10531955486849735,0,0,0
3235,0.11267068491954553,0.11267068491954553,0,0,0
3236,0.10464617747225259,0.10464617747225259,0,0,0
3237,0.1006828294576783,0.1006828294576783,0,0,0
3238,0.10678692671813463,0.10678692671813463,0,0,0
3239,0.12471328303217888,0.12471328303217888,0,0,0
3240,0.12686559793196225,0.12686559793196225,0,0,0
3241,0.10696514803720147,0.10696514803720147,0,0,0
3242,0.10620216789998506,0.10620216789998506,0,0,0
3243,0.10504577220662643,0.10504577220662643,0,0,0
3244,0.11106761152807035,0.11106761152807035,0,0,0
3245,0.10476724597576417,0.10476724597576417,0,0,0
3246,0.11229067864386659,0.11229067864386659,0,0,0
3247,0.10914133293064017,0.10914133293064017,0,0,0
3248,0.11281479659833406,0.11281479659833406,0,0,0
3249,0.10417977191115681,0.10417977191115681,0,0,0
3250,0.10462728221165507,0.10462728221165507,0,0,0
3251,0.11201717488859829,0.11201717488859829,0,0,0
3252,0.11277474012029798,0.11277474012029798,0,0,0
3253,0.11623853758761757,0.11623853758761757,0,0,0
3254,0.11432168064148802,0.11432168064148802,0,0,0
3255,0.10867585810391527,0.10867585810391527,0,0,0
3256,0.10936080703609868,0.10936080703609868,0,0,0
3257,0.10055637104730857,0.10055637104730857,0,0,0
3258,0.11773765714545,0.11773765714545,0,0,0
3259,0.11641084540047143,0.11641084540047143,0,0,0
3260,0.11026347016817645,0.11026347016817645,0,0,0
3261,0.10639665609127597,0.10639665609127597,0,0,0
3262,0.10589470949612166,0.10589470949612166,0,0,0
3263,0.11144194575516801,0.11144194575516801,0,0,0
3264,0.11001013258570119,0.11001013258570119,0,0,0
3265,0.10498793932952379,0.10498793932952379,0,0,0
3266,0.10813168308844692,0.10813168308844692,0,0,0
3267,0.10516721265096414,0.10516721265096414,0,0,0
3268,0.11191393827137194,0.11191393827137194,0,0,0
3269,0.10949660171019404,0.10949660171019404,0,0,0
3270,0.1101229208472528,0.1101229208472528,0,0,0
3271,0.10852775565887753,0.10852775565887753,0,0,0
3272,0.11072040447279026,0.11072040447279026,0,0,0
3273,0.108299495652318,0.108299495652318,0,0,0
3274,0.11053052132851199,0.11053052132851199,0,0,0
3275,0.10539274250990466,0.10539274250990466,0,0,0
3276,0.10423338393631734,0.10423338393631734,0,0,0
3277,0.11065806252391715,0.11065806252391715,0,0,0
3278,0.10511187611049727,0.10511187611049727,0,0,0
3279,0.10440207331588394,0.10440207331588394,0,0,0
3280,0.10988686135724972,0.10988686135724972,0,0,0
3281,0.10747200093771282,0.10747200093771282,0,0,0
3282,0.10586913773103764,0.10586913773103764,0,0,0
3283,0.1048579555200903,0.1048579555200903,0,0,0
3284,0.10809267753441083,0.10809267753441083,0,0,0
3285,0.12536250407758512,0.12536250407758512,0,0,0
3286,0.10696840188220928,0.10696840188220928,0,0,0
3287,0.11497879949839492,0.11497879949839492,0,0,0
3288,0.10681558439606115,0.10681558439606115,0,0,0
3289,0.10690630639069959,0.10690630639069959,0,0,0
3290,0.1208447215980605,0.1208447215980605,0,0,0
3291,0.10326497570464485,0.10326497570464485,0,0,0
3292,0.10817497517717511,0.10817497517717511,0,0,0
3293,0.10295185564379943,0.10295185564379943,0,0,0
3294,0.1069090566352794,0.1069090566352794,0,0,0
3295,0.10604014894679974,0.10604014894679974,0,0,0
3296,0.10977563791369137,0.10977563791369137,0,0,0
3297,0.1123511405955804,0.1123511405955804,0,0,0
3298,0.11460399431617636,0.11460399431617636,0,0,0
3299,0.1030988228556357,0.1030988228556357,0,0,0
3300,0.10792646811980951,0.10792646811980951,0,0,0
3301,0.10613417625427246,0.10613417625427246,0,0,0
3302,0.11476582073067364,0.11476582073067364,0,0,0
3303,0.11034048946672365,0.11034048946672365,0,0,0
3304,0.10714554002410487,0.10714554002410487,0,0,0
3305,0.11250454422674681,0.11250454422674681,0,0,0
3306,0.11010328621456497,0.11010328621456497,0,0,0
3307,0.10911465730322034,0.10911465730322034,0,0,0
3308,0.10624246122805696,0.10624246122805696,0,0,0
3309,0.1034376340869226,0.1034376340869226,0,0,0
3310,0.11085336282849312,0.11085336282849312,0,0,0
3311,0.10626360028982162,0.10626360028982162,0,0,0
3312,0.1144427123822664,0.1144427123822664,0,0,0
3313,0.10809728660081562,0.10809728660081562,0,0,0
3314,0.1088578633375858,0.1088578633375858,0,0,0
3315,0.10994950270182208,0.10994950270182208,0,0,0
3316,0.1107419116520568,0.1107419116520568,0,0,0
3317,0.11167118992460401,0.11167118992460401,0,0,0
3318,0.10525189732250415,0.10525189732250415,0,0,0
3319,0.1108064598550922,0.1108064598550922,0,0,0
3320,0.1052313294065626,0.1052313294065626,0,0,0
3321,0.10703968099857632,0.10703968099857632,0,0,0
3322,0.1076768877867021,0.1076768877867021,0,0,0
3323,0.10916208426811193,0.10916208426811193,0,0,0
3324,0.10983756086543987,0.10983756086543987,0,0,0
3325,0.10777625441551208,0.10777625441551208,0,0,0
3326,0.10992538517242983,0.10992538517242983,0,0,0
3327,0.11255125015189774,0.11255125015189774,0,0,0
3328,0.10319397716145766,0.10319397716145766,0,0,0
3329,0.10845539944344446,0.10845539944344446,0,0,0
3330,0.10427402146160603,0.10427402146160603,0,0,0
3331,0.10747065042194567,0.10747065042194567,0,0,0
3332,0.11254471795339334,0.11254471795339334,0,0,0
3333,0.11155532467129983,0.11155532467129983,0,0,0
3334,0.10935292451789505,0.10935292451789505,0,0,0
3335,0.11410693745864064,0.11410693745864064,0,0,0
3336,0.11336476336184301,0.11336476336184301,0,0,0
3337,0.10354351664060041,0.10354351664060041,0,0,0
3338,0.11199949466084179,0.11199949466084179,0,0,0
3339,0.10223748270226152,0.10223748270226152,0,0,0
3340,0.1077578010919847,0.1077578010919847,0,0,0
3341,0.1116824314782494,0.1116824314782494,0,0,0
3342,0.10116327455953548,0.10116327455953548,0,0,0
3343,0.10363608932024554,0.10363608932024554,0,0,0
3344,0.11823107204154919,0.11823107204154919,0,0,0
3345,0.10607600976762019,0.10607600976762019,0,0,0
3346,0.11285003411926721,0.11285003411926721,0,0,0
3347,0.10681012890448696,0.10681012890448696,0,0,0
3348,0.10525384692377165,0.10525384692377165,0,0,0
3349,0.10310672576490201,0.10310672576490201,0,0,0
3350,0.1028707024494284,0.1028707024494284,0,0,0
3351,0.10732040867993706,0.10732040867993706,0,0,0
3352,0.1054178511625842,0.1054178511625842,0,0,0
3353,0.10528986097166412,0.10528986097166412,0,0,0
3354,0.10081606907279868,0.10081606907279868,0,0,0
3355,0.11100657039174908,0.11100657039174908,0,0,0
3356,0.10569146099059205,0.10569146099059205,0,0,0
3357,0.1012221916921829,0.1012221916921829,0,0,0
3358,0.10416282811447193,0.10416282811447193,0,0,0
3359,0.10720690202556159,0.10720690202556159,0,0,0
3360,0.11142441963678912,0.11142441963678912,0,0,0
3361,0.10684787276151933,0.10684787276151933,0,0,0
3362,0.11288280451768323,0.11288280451768323,0,0,0
3363,0.1105313699104284,0.1105313699104284,0,0,0
3364,0.10402845346221798,0.10402845346221798,0,0,0
3365,0.11144889587242353,0.11144889587242353,0,0,0
3366,0.10329068961896394,0.10329068961896394,0,0,0
3367,0.1042545341739529,0.1042545341739529,0,0,0
3368,0.10804485108115171,0.10804485108115171,0,0,0
3369,0.10838866527927549,0.10838866527927549,0,0,0
3370,0.1074532295920347,0.1074532295920347,0,0,0
3371,0.10150449213228728,0.10150449213228728,0,0,0
3372,0.10818627868828021,0.10818627868828021,0,0,0
3373,0.11087540546922307,0.11087540546922307,0,0,0
3374,0.10830240186892058,0.10830240186892058,0,0,0
3375,0.10276881781847853,0.10276881781847853,0,0,0
3376,0.10211883152001783,0.10211883152001783,0,0,0
3377,0.10847789872633784,0.10847789872633784,0,0,0
3378,0.10959785510050624,0.10959785510050624,0,0,0
3379,0.10376312338600033,0.10376312338600033,0,0,0
3380,0.10067236972482581,0.10067236972482581,0,0,0
3381,0.11094948296484194,0.11094948296484194,0,0,0
3382,0.10593025670631935,0.10593025670631935,0,0,0
3383,0.10904957354068756,0.10904957354068756,0,0,0
3384,0.1125311562301297,0.1125311562301297,0,0,0
3385,0.10700460758648421,0.10700460758648421,0,0,0
3386,0.11848050208860322,0.11848050208860322,0,0,0
3387,0.11029729756869767,0.11029729756869767,0,0,0
3388,0.11197641295822043,0.11197641295822043,0,0,0
3389,0.10969622452792369,0.10969622452792369,0,0,0
3390,0.12103051162864033,0.12103051162864033,0,0,0
3391,0.10800798158896596,0.10800798158896596,0,0,0
3392,0.10585319544923932,0.10585319544923932,0,0,0
3393,0.10096310824155807,0.10096310824155807,0,0,0
3394,0.10802940690987989,0.10802940690987989,0,0,0
3395,0.10874389092388906,0.10874389092388906,0,0,0
3396,0.1026966874732783,0.1026966874732783,0,0,0
3397,0.10406448848937687,0.10406448848937687,0,0,0
3398,0.11201394712062258,0.11201394712062258,0,0,0
3399,0.10460510791132324,0.10460510791132324,0,0,0
3400,0.10439785216983996,0.10439785216983996,0,0,0
3401,0.10660655247537713,0.10660655247537713,0,0,0
3402,0.10602142348101265,0.10602142348101265,0,0,0
3403,0.10620566673184696,0.10620566673184696,0,0,0
3404,0.1018354463341989,0.1018354463341989,0,0,0
3405,0.10756072225539308,0.10756072225539308,0,0,0
3406,0.10422170926865779,0.10422170926865779,0,0,0
3407,0.10561420023441315,0.10561420023441315,0,0,0
3408,0.103672961655416,0.103672961655416,0,0,0
3409,0.10597562329157402,0.10597562329157402,0,0,0
3410,0.1102553000183482,0.1102553000183482,0,0,0
3411,0.12048559890765893,0.12048559890765893,0,0,0
3412,0.11139829447002787,0.11139829447002787,0,0,0
3413,0.1086377277970314,0.1086377277970314,0,0,0
3414,0.11073632832420499,0.11073632832420499,0,0,0
3415,0.10400147559611421,0.10400147559611421,0,0,0
3416,0.11266815466316123,0.11266815466316123,0,0,0
3417,0.10950175780606897,0.10950175780606897,0,0,0
3418,0.11164162533455774,0.11164162533455774,0,0,0
3419,0.10418940276691788,0.10418940276691788,0,0,0
3420,0.10701750591397285,0.10701750591397285,0,0,0
3421,0.10730783190382154,0.10730783190382154,0,0,0
3422,0.11105741776133839,0.11105741776133839,0,0,0
3423,0.1044065955242044,0.1044065955242044,0,0,0
3424,0.11242897749731415,0.11242897749731415,0,0,0
3425,0.10225463364469378,0.10225463364469378,0,0,0
3426,0.11167293639951631,0.11167293639951631,0,0,0
3427,0.10866673584831388,0.10866673584831388,0,0,0
3428,0.11008383666998461,0.11008383666998461,0,0,0
3429,0.10415787465478245,0.10415787465478245,0,0,0
3430,0.10880407485130586,0.10880407485130586,0,0,0
3431,0.1152768325256674,0.1152768325256674,0,0,0
3432,0.1120315515681317,0.1120315515681317,0,0,0
3433,0.10342642449234661,0.10342642449234661,0,0,0
3434,0.10351206274016907,0.10351206274016907,0,0,0
3435,0.11011920516428195,0.11011920516428195,0,0,0
3436,0.10065204022746337,0.10065204022746337,0,0,0
3437,0.10420351789185875,0.10420351789185875,0,0,0
3438,0.10763404773254144,0.10763404773254144,0,0,0
3439,0.10762900349340941,0.10762900349340941,0,0,0
3440,0.10179970217378516,0.10179970217378516,0,0,0
3441,0.10785986747788756,0.10785986747788756,0,0,0
3442,0.10801725207190764,0.10801725207190764,0,0,0
3443,0.10242573171854019,0.10242573171854019,0,0,0
3444,0.11027654534892033,0.11027654534892033,0,0,0
3445,0.10307288287501586,0.10307288287501586,0,0,0
3446,0.10295749710578668,0.10295749710578668,0,0,0
3447,0.09990521304701504,0.09990521304701504,0,0,0
3448,0.10842949171599589,0.10842949171599589,0,0,0
3449,0.11089958515214293,0.11089958515214293,0,0,0
3450,0.10746987889471807,0.10746987889471807,0,0,0
3451,0.11083262678431838,0.11083262678431838,0,0,0
3452,0.10941407613848385,0.10941407613848385,0,0,0
3453,0.1062944458895608,0.1062944458895608,0,0,0
3454,0.10999064618035366,0.10999064618035366,0,0,0
3455,0.10553940267939317,0.10553940267939317,0,0,0
3456,0.10681063426952613,0.10681063426952613,0,0,0
3457,0.10352463451655287,0.10352463451655287,0,0,0
3458,0.12028174337587859,0.12028174337587859,0,0,0
3459,0.10422815764813047,0.10422815764813047,0,0,0
3460,0.10574315900081083,0.10574315900081083,0,0,0
3461,0.11144378546037172,0.11144378546037172,0,0,0
3462,0.10883663731970285,0.10883663731970285,0,0,0
3463,0.10654723791307524,0.10654723791307524,0,0,0
3464,0.10100485257020123,0.10100485257020123,0,0,0
3465,0.10150088291419179,0.10150088291419179,0,0,0
3466,0.10549606441667206,0.10549606441667206,0,0,0
3467,0.10809677486356936,0.10809677486356936,0,0,0
3468,0.10419661512500361,0.10419661512500361,0,0,0
3469,0.10698554429568742,0.10698554429568742,0,0,0
3470,0.10964768772062503,0.10964768772062503,0,0,0
3471,0.11132756806910038,0.11132756806910038,0,0,0
3472,0.11087935457104131,0.11087935457104131,0,0,0
3473,0.10638628507915296,0.10638628507915296,0,0,0
3474,0.10210596868082096,0.10210596868082096,0,0,0
3475,0.10994309539857663,0.10994309539857663,0,0,0
3476,0.10783244826291737,0.10783244826291737,0,0,0
3477,0.10707337977854829,0.10707337977854829,0,0,0
3478,0.1036483459174633,0.1036483459174633,0,0,0
3479,0.10094534625348292,0.10094534625348292,0,0,0
3480,0.10178449887194131,0.10178449887194131,0,0,0
3481,0.10220253702841307,0.10220253702841307,0,0,0
3482,0.11139817359416108,0.11139817359416108,0,0,0
3483,0.10981990965573411,0.10981990965573411,0,0,0
3484,0.10373272217418018,0.10373272217418018,0,0,0
3485,0.10644940884881898,0.10644940884881898,0,0,0
3486,0.10745151831131232,0.10745151831131232,0,0,0
3487,0.11265175632740322,0.11265175632740322,0,0,0
3488,0.10767627507448196,0.10767627507448196,0,0,0
3489,0.10349649435987598,0.10349649435987598,0,0,0
3490,0.10168406524156269,0.10168406524156269,0,0,0
3491,0.11125233632169272,0.11125233632169272,0,0,0
3492,0.10761362206386893,0.10761362206386893,0,0,0
3493,0.1030842596174855,0.1030842596174855,0,0,0
3494,0.10638298094272614,0.10638298094272614,0,0,0
3495,0.10361529298518833,0.10361529298518833,0,0,0
3496,0.11402357801010735,0.11402357801010735,0,0,0
3497,0.10453835933616287,0.10453835933616287,0,0,0
3498,0.11076638671128373,0.11076638671128373,0,0,0
3499,0.11326088432810809,0.11326088432810809,0,0,0
3500,0.10144265172512908,0.10144265172512908,0,0,0
3501,0.10193404614141113,0.10193404614141113,0,0,0
3502,0.10538356594349209,0.10538356594349209,0,0,0
3503,0.10383239192397971,0.10383239192397971,0,0,0
3504,0.10680572345460716,0.10680572345460716,0,0,0
3505,0.10559686459600925,0.10559686459600925,0,0,0
3506,0.10718237236142159,0.10718237236142159,0,0,0
3507,0.11201759976776023,0.11201759976776023,0,0,0
3508,0.1098506540844315,0.1098506540844315,0,0,0
3509,0.1148975403293183,0.1148975403293183,0,0,0
3510,0.10357214608474781,0.10357214608474781,0,0,0
3511,0.10450468663322299,0.10450468663322299,0,0,0
3512,0.10594256320282032,0.10594256320282032,0,0,0
3513,0.11663012049700085,0.11663012049700085,0,0,0
3514,0.10150753294951037,0.10150753294951037,0,0,0
3515,0.10128540055532205,0.10128540055532205,0,0,0
3516,0.10757316845028024,0.10757316845028024,0,0,0
3517,0.10616397014574001,0.10616397014574001,0,0,0
3518,0.1067482722236922,0.1067482722236922,0,0,0
3519,0.10645520157719914,0.10645520157719914,0,0,0
3520,0.10707601885262288,0.10707601885262288,0,0,0
3521,0.10469561227058109,0.10469561227058109,0,0,0
3522,0.10580798905146749,0.10580798905146749,0,0,0
3523,0.10969535986843862,0.10969535986843862,0,0,0
3524,0.1073085012796678,0.1073085012796678,0,0,0
3525,0.10506745918016684,0.10506745918016684,0,0,0
3526,0.10931753641680668,0.10931753641680668,0,0,0
3527,0.10464635158055707,0.10464635158055707,0,0,0
3528,0.10596819496468494,0.10596819496468494,0,0,0
3529,0.11720721051096916,0.11720721051096916,0,0,0
3530,0.1098925637963571,0.1098925637963571,0,0,0
3531,0.10160010739376671,0.10160010739376671,0,0,0
3532,0.10481990187575943,0.10481990187575943,0,0,0
3533,0.12278726481293377,0.12278726481293377,0,0,0
3534,0.10512602015545494,0.10512602015545494,0,0,0
3535,0.1062710284206428,0.1062710284206428,0,0,0
3536,0.10397424225352313,0.10397424225352313,0,0,0
3537,0.10615004638307973,0.10615004638307973,0,0,0
3538,0.11223710142076015,0.11223710142076015,0,0,0
3539,0.10157277180176032,0.10157277180176032,0,0,0
3540,0.10572833940386772,0.10572833940386772,0,0,0
3541,0.12453922296040937,0.12453922296040937,0,0,0
3542,0.10430173654305308,0.10430173654305308,0,0,0
3543,0.10743278049324688,0.10743278049324688,0,0,0
3544,0.10250048770716316,0.10250048770716316,0,0,0
3545,0.11311484579192965,0.11311484579192965,0,0,0
3546,0.11138333831178515,0.11138333831178515,0,0,0
3547,0.10682900504846322,0.10682900504846322,0,0,0
3548,0.09711091592907906,0.09711091592907906,0,0,0
3549,0.10433831673703696,0.10433831673703696,0,0,0
3550,0.1058436621372637,0.1058436621372637,0,0,0
3551,0.10300429665336483,0.10300429665336483,0,0,0
3552,0.10871210674706258,0.10871210674706258,0,0,0
3553,0.11358641284076791,0.11358641284076791,0,0,0
3554,0.11351852834616837,0.11351852834616837,0,0,0
3555,0.10887475154901806,0.10887475154901806,0,0,0
3556,0.1071606568600002,0.1071606568600002,0,0,0
3557,0.10756057010669458,0.10756057010669458,0,0,0
3558,0.10189083845991838,0.10189083845991838,0,0,0
3559,0.1062119499241051,0.1062119499241051,0,0,0
3560,0.10219404885643407,0.10219404885643407,0,0,0
3561,0.0994803698635415,0.0994803698635415,0,0,0
3562,0.10773848291290433,0.10773848291290433,0,0,0
3563,0.1033304021938851,0.1033304021938851,0,0,0
3564,0.10281894042303688,0.10281894042303688,0,0,0
3565,0.10293256226730974,0.10293256226730974,0,0,0
3566,0.09999911477299113,0.09999911477299113,0,0,0
3567,0.10389782125620466,0.10389782125620466,0,0,0
3568,0.10418423735781719,0.10418423735781719,0,0,0
3569,0.10952943210539065,0.10952943210539065,0,0,0
3570,0.10281618566889512,0.10281618566889512,0,0,0
3571,0.11221068803417056,0.11221068803417056,0,0,0
3572,0.10728034749627113,0.10728034749627113,0,0,0
3573,0.11707078920383203,0.11707078920383203,0,0,0
3574,0.11317892313787811,0.11317892313787811,0,0,0
3575,0.10885472674118846,0.10885472674118846,0,0,0
3576,0.10523241013288498,0.10523241013288498,0,0,0
3577,0.10595724476795447,0.10595724476795447,0,0,0
3578,0.09973556215041562,0.09973556215041562,0,0,0
3579,0.1043516054357353,0.1043516054357353,0,0,0
3580,0.10691035548715215,0.10691035548715215,0,0,0
3581,0.1033676536263604,0.1033676536263604,0,0,0
3582,0.09860613157874659,0.09860613157874659,0,0,0
3583,0.10340100585630066,0.10340100585630066,0,0,0
3584,0.10756120056306061,0.10756120056306061,0,0,0
3585,0.10478000009530469,0.10478000009530469,0,0,0
3586,0.10130168458348826,0.10130168458348826,0,0,0
3587,0.10979040418016284,0.10979040418016284,0,0,0
3588,0.10194995077817064,0.10194995077817064,0,0,0
3589,0.11614412981036462,0.11614412981036462,0,0,0
3590,0.10115824629993815,0.10115824629993815,0,0,0
3591,0.10641142490663026,0.10641142490663026,0,0,0
3592,0.09851823698141073,0.09851823698141073,0,0,0
3593,0.10581146543355364,0.10581146543355364,0,0,0
3594,0.10093689847149347,0.10093689847149347,0,0,0
3595,0.10998497021041419,0.10998497021041419,0,0,0
3596,0.11002307934196372,0.11002307934196372,0,0,0
3597,0.10932754391902372,0.10932754391902372,0,0,0
3598,0.10419021625267832,0.10419021625267832,0,0,0
3599,0.10321529758603949,0.10321529758603949,0,0,0
3600,0.1058528758585453,0.1058528758585453,0,0,0
3601,0.09653662047103832,0.09653662047103832,0,0,0
3602,0.10012569494153324,0.10012569494153324,0,0,0
3603,0.0983708151861241,0.0983708151861241,0,0,0
3604,0.10508941113948822,0.10508941113948822,0,0,0
3605,0.09983603871966663,0.09983603871966663,0,0,0
3606,0.10240225788009794,0.10240225788009794,0,0,0
3607,0.10011200057832818,0.10011200057832818,0,0,0
3608,0.10758682203135993,0.10758682203135993,0,0,0
3609,0.09932148162471621,0.09932148162471621,0,0,0
3610,0.10570514986389562,0.10570514986389562,0,0,0
3611,0.10231264347308561,0.10231264347308561,0,0,0
3612,0.10532736915506814,0.10532736915506814,0,0,0
3613,0.10171486486337687,0.10171486486337687,0,0,0
3614,0.09778335504233837,0.09778335504233837,0,0,0
3615,0.1019746204347987,0.1019746204347987,0,0,0
3616,0.1042733010100691,0.1042733010100691,0,0,0
3617,0.11253776989485088,0.11253776989485088,0,0,0
3618,0.10217908064001485,0.10217908064001485,0,0,0
3619,0.10896238498389721,0.10896238498389721,0,0,0
3620,0.10064409183044183,0.10064409183044183,0,0,0
3621,0.09941777684970905,0.09941777684970905,0,0,0
3622,0.09889958004810308,0.09889958004810308,0,0,0
3623,0.10294524325351966,0.10294524325351966,0,0,0
3624,0.10612317821697186,0.10612317821697186,0,0,0
3625,0.09835578363976981,0.09835578363976981,0,0,0
3626,0.10090002535205138,0.10090002535205138,0,0,0
3627,0.10356550918597925,0.10356550918597925,0,0,0
3628,0.10709591974553309,0.10709591974553309,0,0,0
3629,0.10918213230998892,0.10918213230998892,0,0,0
3630,0.10034409675158952,0.10034409675158952,0,0,0
3631,0.10418942394225221,0.10418942394225221,0,0,0
3632,0.1065191823597017,0.1065191823597017,0,0,0
3633,0.10207499014703851,0.10207499014703851,0,0,0
3634,0.09912962848810773,0.09912962848810773,0,0,0
3635,0.10460065952257107,0.10460065952257107,0,0,0
3636,0.10619537022552993,0.10619537022552993,0,0,0
3637,0.10125675032797612,0.10125675032797612,0,0,0
3638,0.10614870998420213,0.10614870998420213,0,0,0
3639,0.09906031838373135,0.09906031838373135,0,0,0
3640,0.10404220095982677,0.10404220095982677,0,0,0
3641,0.10324297394407422,0.10324297394407422,0,0,0
3642,0.10762302822580463,0.10762302822580463,0,0,0
3643,0.10821546065179925,0.10821546065179925,0,0,0
3644,0.0997153195111375,0.0997153195111375,0,0,0
3645,0.11047230621701792,0.11047230621701792,0,0,0
3646,0.09943329356610775,0.09943329356610775,0,0,0
3647,0.10449961935611148,0.10449961935611148,0,0,0
3648,0.10525347155175711,0.10525347155175711,0,0,0
3649,0.10220684287579436,0.10220684287579436,0,0,0
3650,0.10426482538643636,0.10426482538643636,0,0,0
3651,0.10520665151508231,0.10520665151508231,0,0,0
3652,0.10437772079910103,0.10437772079910103,0,0,0
3653,0.0990093294531107,0.0990093294531107,0,0,0
3654,0.11666304284804746,0.11666304284804746,0,0,0
3655,0.10140576409666162,0.10140576409666162,0,0,0
3656,0.11268867758151732,0.11268867758151732,0,0,0
3657,0.10915336865735681,0.10915336865735681,0,0,0
3658,0.1002789747558142,0.1002789747558142,0,0,0
3659,0.1090315700949807,0.1090315700949807,0,0,0
3660,0.10566214824977674,0.10566214824977674,0,0,0
3661,0.10532055608928204,0.10532055608928204,0,0,0
3662,0.0985234085666506,0.0985234085666506,0,0,0
3663,0.09936365328337017,0.09936365328337017,0,0,0
3664,0.10733209471953542,0.10733209471953542,0,0,0
3665,0.10309535323789246,0.10309535323789246,0,0,0
3666,0.11479509602251806,0.11479509602251806,0,0,0
3667,0.10487044112462747,0.10487044112462747,0,0,0
3668,0.10677870333586868,0.10677870333586868,0,0,0
3669,0.10250677756573025,0.10250677756573025,0,0,0
3670,0.10450621282583789,0.10450621282583789,0,0,0
3671,0.10114807537511776,0.10114807537511776,0,0,0
3672,0.10699323790245935,0.10699323790245935,0,0,0
3673,0.09779100669057746,0.09779100669057746,0,0,0
3674,0.11215714443671077,0.11215714443671077,0,0,0
3675,0.10374963518820311,0.10374963518820311,0,0,0
3676,0.10480751636389055,0.10480751636389055,0,0,0
3677,0.10965788854580176,0.10965788854580176,0,0,0
3678,0.10720338221443326,0.10720338221443326,0,0,0
3679,0.09862876438388699,0.09862876438388699,0,0,0
3680,0.10553071677292648,0.10553071677292648,0,0,0
3681,0.10579139621634233,0.10579139621634233,0,0,0
3682,0.09983423675753568,0.09983423675753568,0,0,0
3683,0.10156431774559774,0.10156431774559774,0,0,0
3684,0.10276270295052152,0.10276270295052152,0,0,0
3685,0.10192562453448772,0.10192562453448772,0,0,0
3686,0.10675001673792538,0.10675001673792538,0,0,0
3687,0.10584274483354468,0.10584274483354468,0,0,0
3688,0.10682499487149089,0.10682499487149089,0,0,0
3689,0.10406800908477683,0.10406800908477683,0,0,0
3690,0.10047856492823676,0.10047856492823676,0,0,0
3691,0.10758729396682036,0.10758729396682036,0,0,0
3692,0.10215672987856363,0.10215672987856363,0,0,0
3693,0.09964889856545549,0.09964889856545549,0,0,0
3694,0.10194313349692445,0.10194313349692445,0,0,0
3695,0.10232307585446458,0.10232307585446458,0,0,0
3696,0.09968088626077301,0.09968088626077301,0,0,0
3697,0.09869888836615964,0.09869888836615964,0,0,0
3698,0.10353678866828743,0.10353678866828743,0,0,0
3699,0.09961435237997457,0.09961435237997457,0,0,0
3700,0.10575567283912708,0.10575567283912708,0,0,0
3701,0.09601067398723803,0.09601067398723803,0,0,0
3702,0.09784131085402087,0.09784131085402087,0,0,0
3703,0.10491452091618587,0.10491452091618587,0,0,0
3704,0.10712701984142002,0.10712701984142002,0,0,0
3705,0.10186180707655455,0.10186180707655455,0,0,0
3706,0.10012784864949553,0.10012784864949553,0,0,0
3707,0.10445174790526691,0.10445174790526691,0,0,0
3708,0.10490329896933154,0.10490329896933154,0,0,0
3709,0.10275655200606898,0.10275655200606898,0,0,0
3710,0.10046266931060113,0.10046266931060113,0,0,0
3711,0.10097942726784631,0.10097942726784631,0,0,0
3712,0.10850022301862114,0.10850022301862114,0,0,0
3713,0.10065422412988387,0.10065422412988387,0,0,0
3714,0.10415219603792618,0.10415219603792618,0,0,0
3715,0.10703999058980691,0.10703999058980691,0,0,0
3716,0.09861612770902484,0.09861612770902484,0,0,0
3717,0.1024664449260423,0.1024664449260423,0,0,0
3718,0.09895650120942216,0.09895650120942216,0,0,0
3719,0.10161372470228296,0.10161372470228296,0,0,0
3720,0.0992713484324907,0.0992713484324907,0,0,0
3721,0.09991815656815704,0.09991815656815704,0,0,0
3722,0.10307388340956286,0.10307388340956286,0,0,0
3723,0.09968413265520021,0.09968413265520021,0,0,0
3724,0.10036787116213848,0.10036787116213848,0,0,0
3725,0.09459722718518031,0.09459722718518031,0,0,0
3726,0.09955319379897494,0.09955319379897494,0,0,0
3727,0.09272392819586553,0.09272392819586553,0,0,0
3728,0.09684403711243679,0.09684403711243679,0,0,0
3729,0.10996214555282342,0.10996214555282342,0,0,0
3730,0.10957831007085349,0.10957831007085349,0,0,0
3731,0.10152614204899262,0.10152614204899262,0,0,0
3732,0.11030633051536586,0.11030633051536586,0,0,0
3733,0.10550504893456635,0.10550504893456635,0,0,0
3734,0.1079851606566655,0.1079851606566655,0,0,0
3735,0.10309646278619766,0.10309646278619766,0,0,0
3736,0.09970155093622834,0.09970155093622834,0,0,0
3737,0.1064007599887095,0.1064007599887095,0,0,0
3738,0.09811813266653764,0.09811813266653764,0,0,0
3739,0.10199287220051415,0.10199287220051415,0,0,0
3740,0.11192720422619268,0.11192720422619268,0,0,0
3741,0.10050330918870475,0.10050330918870475,0,0,0
3742,0.10761170628431596,0.10761170628431596,0,0,0
3743,0.09836499196918387,0.09836499196918387,0,0,0
3744,0.10277590086977732,0.10277590086977732,0,0,0
3745,0.09810487847579152,0.09810487847579152,0,0,0
3746,0.10185665774502252,0.10185665774502252,0,0,0
3747,0.11171854189351986,0.11171854189351986,0,0,0
3748,0.1001948571126712,0.1001948571126712,0,0,0
3749,0.09508602752497322,0.09508602752497322,0,0,0
3750,0.10522369020863583,0.10522369020863583,0,0,0
3751,0.10460075422337181,0.10460075422337181,0,0,0
3752,0.0969013612913458,0.0969013612913458,0,0,0
3753,0.12009363935181969,0.12009363935181969,0,0,0
3754,0.10840104245825817,0.10840104245825817,0,0,0
3755,0.0991622083085148,0.0991622083085148,0,0,0
3756,0.10344114968259084,0.10344114968259084,0,0,0
3757,0.09713674679790672,0.09713674679790672,0,0,0
3758,0.10126331252487082,0.10126331252487082,0,0,0
3759,0.10127620036272626,0.10127620036272626,0,0,0
3760,0.10324518421762868,0.10324518421762868,0,0,0
3761,0.09536865324174103,0.09536865324174103,0,0,0
3762,0.10339884871714994,0.10339884871714994,0,0,0
3763,0.09816560070765645,0.09816560070765645,0,0,0
3764,0.10354925515620332,0.10354925515620332,0,0,0
3765,0.09907078429272301,0.09907078429272301,0,0,0
3766,0.10754594402877908,0.10754594402877908,0,0,0
3767,0.10496582992767033,0.10496582992767033,0,0,0
3768,0.09877630568256504,0.09877630568256504,0,0,0
3769,0.11124080507770966,0.11124080507770966,0,0,0
3770,0.09928409696409576,0.09928409696409576,0,0,0
3771,0.10413682303930584,0.10413682303930584,0,0,0
3772,0.0970259057848077,0.0970259057848077,0,0,0
3773,0.10106439957101095,0.10106439957101095,0,0,0
3774,0.11000136795796846,0.11000136795796846,0,0,0
3775,0.10841810860131916,0.10841810860131916,0,0,0
3776,0.10643248691370613,0.10643248691370613,0,0,0
3777,0.10246719341529043,0.10246719341529043,0,0,0
3778,0.09811562084053692,0.09811562084053692,0,0,0
3779,0.09319658322553885,0.09319658322553885,0,0,0
3780,0.10508570604418453,0.10508570604418453,0,0,0
3781,0.09763288801830065,0.09763288801830065,0,0,0
3782,0.11961292122539721,0.11961292122539721,0,0,0
3783,0.10264630556890839,0.10264630556890839,0,0,0
3784,0.10331805824841324,0.10331805824841324,0,0,0
3785,0.10173394570225164,0.10173394570225164,0,0,0
3786,0.0968079005221003,0.0968079005221003,0,0,0
3787,0.09610325705848242,0.09610325705848242,0,0,0
3788,0.10255686772104941,0.10255686772104941,0,0,0
3789,0.10115727831266429,0.10115727831266429,0,0,0
3790,0.10452933687912791,0.10452933687912791,0,0,0
3791,0.09959379505170018,0.09959379505170018,0,0,0
3792,0.09414584199456792,0.09414584199456792,0,0,0
3793,0.10018385838913291,0.10018385838913291,0,0,0
3794,0.09340656411490943,0.09340656411490943,0,0,0
3795,0.10082436950975343,0.10082436950975343,0,0,0
3796,0.09653315065722716,0.09653315065722716,0,0,0
3797,0.09872218054768286,0.09872218054768286,0,0,0
3798,0.10595888448388953,0.10595888448388953,0,0,0
3799,0.10809005365559929,0.10809005365559929,0,0,0
3800,0.0988572475157286,0.0988572475157286,0,0,0
3801,0.10121504197779455,0.10121504197779455,0,0,0
3802,0.10401223815585438,0.10401223815585438,0,0,0
3803,0.1026124535618644,0.1026124535618644,0,0,0
3804,0.11078392106451486,0.11078392106451486,0,0,0
3805,0.10608508653546635,0.10608508653546635,0,0,0
3806,0.10254051928457461,0.10254051928457461,0,0,0
3807,0.10445581111860902,0.10445581111860902,0,0,0
3808,0.10466230601856583,0.10466230601856583,0,0,0
3809,0.09838262925806798,0.09838262925806798,0,0,0
3810,0.09752057571160166,0.09752057571160166,0,0,0
3811,0.09628718081665666,0.09628718081665666,0,0,0
3812,0.1037127054051349,0.1037127054051349,0,0,0
3813,0.0973779559135437,0.0973779559135437,0,0,0
3814,0.10545088037064201,0.10545088037064201,0,0,0
3815,0.09916048830277041,0.09916048830277041,0,0,0
3816,0.09362553893343399,0.09362553893343399,0,0,0
3817,0.10075723144568895,0.10075723144568895,0,0,0
3818,0.10174421662170637,0.10174421662170637,0,0,0
3819,0.10865419014896217,0.10865419014896217,0,0,0
3820,0.09481530783599929,0.09481530783599929,0,0,0
3821,0.09681648231650654,0.09681648231650654,0,0,0
3822,0.10109833245606799,0.10109833245606799,0,0,0
3823,0.09899427643732021,0.09899427643732021,0,0,0
3824,0.09639872620372396,0.09639872620372396,0,0,0
3825,0.1035166697478608,0.1035166697478608,0,0,0
3826,0.09950171391430654,0.09950171391430654,0,0,0
3827,0.10114951706246327,0.10114951706246327,0,0,0
3828,0.09978719428181648,0.09978719428181648,0,0,0
3829,0.10330143845395039,0.10330143845395039,0,0,0
3830,0.10544972474637784,0.10544972474637784,0,0,0
3831,0.09623008829198386,0.09623008829198386,0,0,0
3832,0.1065082359862955,0.1065082359862955,0,0,0
3833,0.09643971223972346,0.09643971223972346,0,0,0
3834,0.10211984264223199,0.10211984264223199,0,0,0
3835,0.10974893973846185,0.10974893973846185,0,0,0
3836,0.10381138618839414,0.10381138618839414,0,0,0
3837,0.09643046401048962,0.09643046401048962,0,0,0
3838,0.1040814963022345,0.1040814963022345,0,0,0
3839,0.1033143250173644,0.1033143250173644,0,0,0
3840,0.09628367757326678,0.09628367757326678,0,0,0
3841,0.09458432689701256,0.09458432689701256,0,0,0
3842,0.1614821720868349,0.1614821720868349,0,0,0
3843,0.112786113823715,0.112786113823715,0,0,0
3844,0.09621579474524448,0.09621579474524448,0,0,0
3845,0.10325514182056252,0.10325514182056252,0,0,0
3846,0.09862309380581505,0.09862309380581505,0,0,0
3847,0.09971029213384579,0.09971029213384579,0,0,0
3848,0.10009707549684926,0.10009707549684926,0,0,0
3849,0.09427665566143237,0.09427665566143237,0,0,0
3850,0.10097599255019113,0.10097599255019113,0,0,0
3851,0.10284866686714322,0.10284866686714322,0,0,0
3852,0.10647722088584774,0.10647722088584774,0,0,0
3853,0.1041789158786598,0.1041789158786598,0,0,0
3854,0.10579514327017885,0.10579514327017885,0,0,0
3855,0.09273257871207438,0.09273257871207438,0,0,0
3856,0.10117132275512344,0.10117132275512344,0,0,0
3857,0.10075451227787294,0.10075451227787294,0,0,0
3858,0.10027014140627886,0.10027014140627886,0,0,0
3859,0.09601030822255109,0.09601030822255109,0,0,0
3860,0.09883194455974981,0.09883194455974981,0,0,0
3861,0.10251796578890399,0.10251796578890399,0,0,0
3862,0.09859946272090862,0.09859946272090862,0,0,0
3863,0.09879480782700212,0.09879480782700212,0,0,0
3864,0.1030381708160827,0.1030381708160827,0,0,0
3865,0.10782764793226593,0.10782764793226593,0,0,0
3866,0.09771712320415597,0.09771712320415597,0,0,0
3867,0.09510108955988758,0.09510108955988758,0,0,0
3868,0.10704426722306955,0.10704426722306955,0,0,0
3869,0.1015795766326942,0.1015795766326942,0,0,0
3870,0.09916935253300165,0.09916935253300165,0,0,0
3871,0.10182887609851987,0.10182887609851987,0,0,0
3872,0.10029590718056026,0.10029590718056026,0,0,0
3873,0.10273161059931706,0.10273161059931706,0,0,0
3874,0.09998655299607076,0.09998655299607076,0,0,0
3875,0.10386770718583935,0.10386770718583935,0,0,0
3876,0.10290215733019929,0.10290215733019929,0,0,0
3877,0.097671779166711,0.097671779166711,0,0,0
3878,0.10530414961670574,0.10530414961670574,0,0,0
3879,0.09908067435026169,0.09908067435026169,0,0,0
3880,0.10561250297254637,0.10561250297254637,0,0,0
3881,0.09808372480696753,0.09808372480696753,0,0,0
3882,0.10311118003569152,0.10311118003569152,0,0,0
3883,0.09716465441804183,0.09716465441804183,0,0,0
3884,0.12276204263693408,0.12276204263693408,0,0,0
3885,0.09649903288013056,0.09649903288013056,0,0,0
3886,0.09916646013918676,0.09916646013918676,0,0,0
3887,0.09828509684456022,0.09828509684456022,0,0,0
3888,0.09886069242891513,0.09886069242891513,0,0,0
3889,0.10201636848873213,0.10201636848873213,0,0,0
3890,0.09869886209305964,0.09869886209305964,0,0,0
3891,0.10448751598596573,0.10448751598596573,0,0,0
3892,0.10236847263417746,0.10236847263417746,0,0,0
3893,0.10376002953240746,0.10376002953240746,0,0,0
3894,0.09769888437892262,0.09769888437892262,0,0,0
3895,0.10215736435432184,0.10215736435432184,0,0,0
3896,0.09648191987683899,0.09648191987683899,0,0,0
3897,0.12983260019437262,0.12983260019437262,0,0,0
3898,0.10389935872272442,0.10389935872272442,0,0,0
3899,0.09837072764180209,0.09837072764180209,0,0,0
3900,0.10404229899378199,0.10404229899378199,0,0,0
3901,0.1011375665272537,0.1011375665272537,0,0,0
3902,0.10884139716233078,0.10884139716233078,0,0,0
3903,0.09886571921800312,0.09886571921800312,0,0,0
3904,0.10102548724726627,0.10102548724726627,0,0,0
3905,0.10222235086717103,0.10222235086717103,0,0,0
3906,0.09826572886423061,0.09826572886423061,0,0,0
3907,0.09984884989496909,0.09984884989496909,0,0,0
3908,0.10158356573236615,0.10158356573236615,0,0,0
3909,0.106378276293215,0.106378276293215,0,0,0
3910,0.10087676522763152,0.10087676522763152,0,0,0
3911,0.09834915595619302,0.09834915595619302,0,0,0
3912,0.09659248306170891,0.09659248306170891,0,0,0
3913,0.10049739597659361,0.10049739597659361,0,0,0
3914,0.09780326191531985,0.09780326191531985,0,0,0
3915,0.09885511302242153,0.09885511302242153,0,0,0
3916,0.09735197103337238,0.09735197103337238,0,0,0
3917,0.10226063802838326,0.10226063802838326,0,0,0
3918,0.10074959136545658,0.10074959136545658,0,0,0
3919,0.09847423747966164,0.09847423747966164,0,0,0
3920,0.10352977022136513,0.10352977022136513,0,0,0
3921,0.09807002269908001,0.09807002269908001,0,0,0
3922,0.09937267819125402,0.09937267819125402,0,0,0
3923,0.10097054686201246,0.10097054686201246,0,0,0
3924,0.09759362218411345,0.09759362218411345,0,0,0
3925,0.09935174353028599,0.09935174353028599,0,0,0
3926,0.098651012699855,0.098651012699855,0,0,0
3927,0.09958483925775478,0.09958483925775478,0,0,0
3928,0.10061211168373886,0.10061211168373886,0,0,0
3929,0.09662382755624621,0.09662382755624621,0,0,0
3930,0.09715452456944867,0.09715452456944867,0,0,0
3931,0.10117241181433201,0.10117241181433201,0,0,0
3932,0.10558269702290234,0.10558269702290234,0,0,0
3933,0.09990128835565165,0.09990128835565165,0,0,0
3934,0.10298633497012288,0.10298633497012288,0,0,0
3935,0.10987033959674208,0.10987033959674208,0,0,0
3936,0.10323240941292361,0.10323240941292361,0,0,0
3937,0.09346949103239335,0.09346949103239335,0,0,0
3938,0.10445268138458855,0.10445268138458855,0,0,0
3939,0.09674995010228533,0.09674995010228533,0,0,0
3940,0.10397501721193916,0.10397501721193916,0,0,0
3941,0.09634524407355409,0.09634524407355409,0,0,0
3942,0.10013912480912711,0.10013912480912711,0,0,0
3943,0.09916247270609203,0.09916247270609203,0,0,0
3944,0.09963039828366355,0.09963039828366355,0,0,0
3945,0.0978718093155246,0.0978718093155246,0,0,0
3946,0.09694213488776433,0.09694213488776433,0,0,0
3947,0.0949694492707127,0.0949694492707127,0,0,0
3948,0.09635333030631668,0.09635333030631668,0,0,0
3949,0.09696340296221406,0.09696340296221406,0,0,0
3950,0.10779022543053877,0.10779022543053877,0,0,0
3951,0.09918845454721074,0.09918845454721074,0,0,0
3952,0.11219991900418934,0.11219991900418934,0,0,0
3953,0.1083313899212762,0.1083313899212762,0,0,0
3954,0.1154342578037789,0.1154342578037789,0,0,0
3955,0.10339684000140742,0.10339684000140742,0,0,0
3956,0.10801510248137147,0.10801510248137147,0,0,0
3957,0.10401029473072604,0.10401029473072604,0,0,0
3958,0.0976671475524965,0.0976671475524965,0,0,0
3959,0.10967265167518665,0.10967265167518665,0,0,0
3960,0.09506208704490411,0.09506208704490411,0,0,0
3961,0.09702828448069722,0.09702828448069722,0,0,0
3962,0.09765439558970301,0.09765439558970301,0,0,0
3963,0.102742038667202,0.102742038667202,0,0,0
3964,0.09569997752183362,0.09569997752183362,0,0,0
3965,0.09936987275355741,0.09936987275355741,0,0,0
3966,0.10558443683150567,0.10558443683150567,0,0,0
3967,0.09939762479380558,0.09939762479380558,0,0,0
3968,0.11276988332208834,0.11276988332208834,0,0,0
3969,0.1037091520663939,0.1037091520663939,0,0,0
3970,0.09579363837838173,0.09579363837838173,0,0,0
3971,0.09779215211931028,0.09779215211931028,0,0,0
3972,0.11102432316463244,0.11102432316463244,0,0,0
3973,0.10124405081334867,0.10124405081334867,0,0,0
3974,0.09410501673425499,0.09410501673425499,0,0,0
3975,0.10283303986254491,0.10283303986254491,0,0,0
3976,0.10012715937275636,0.10012715937275636,0,0,0
3977,0.09579815548893653,0.09579815548893653,0,0,0
3978,0.09572032054788188,0.09572032054788188,0,0,0
3979,0.1104458810663537,0.1104458810663537,0,0,0
3980,0.09345917374287781,0.09345917374287781,0,0,0
3981,0.10019329425535704,0.10019329425535704,0,0,0
3982,0.09775043749495556,0.09775043749495556,0,0,0
3983,0.09568338154962189,0.09568338154962189,0,0,0
3984,0.09537848271429539,0.09537848271429539,0,0,0
3985,0.0992251873800629,0.0992251873800629,0,0,0
3986,0.10060728694263257,0.10060728694263257,0,0,0
3987,0.09612659237494595,0.09612659237494595,0,0,0
3988,0.09459171581425165,0.09459171581425165,0,0,0
3989,0.1002888836358723,0.1002888836358723,0,0,0
3990,0.09580932537976064,0.09580932537976064,0,0,0
3991,0.09860820646740888,0.09860820646740888,0,0,0
3992,0.1054159365594387,0.1054159365594387,0,0,0
3993,0.09377048693989452,0.09377048693989452,0,0,0
3994,0.10646733680838033,0.10646733680838033,0,0,0
3995,0.09569872435378401,0.09569872435378401,0,0,0
3996,0.09929970014644296,0.09929970014644296,0,0,0
3997,0.10101713181326263,0.10101713181326263,0,0,0
3998,0.10497983113715523,0.10497983113715523,0,0,0
3999,0.10166237748375065,0.10166237748375065,0,0,0
4000,0.09737020142768558,0.09737020142768558,0,0,0
4001,0.10454306702472661,0.10454306702472661,0,0,0
4002,0.09957041846294153,0.09957041846294153,0,0,0
4003,0.10332421840805757,0.10332421840805757,0,0,0
4004,0.09699358124482005,0.09699358124482005,0,0,0
4005,0.10218655484679498,0.10218655484679498,0,0,0
4006,0.09595508108797826,0.09595508108797826,0,0,0
4007,0.09654999553765121,0.09654999553765121,0,0,0
4008,0.0969369733019879,0.0969369733019879,0,0,0
4009,0.09853126343927886,0.09853126343927886,0,0,0
4010,0.10203800899417777,0.10203800899417777,0,0,0
4011,0.10812373675013844,0.10812373675013844,0,0,0
4012,0.09966862162477091,0.09966862162477091,0,0,0
4013,0.10198482429902804,0.10198482429902804,0,0,0
4014,0.0948108670938956,0.0948108670938956,0,0,0
4015,0.096853825312696,0.096853825312696,0,0,0
4016,0.09692024341539333,0.09692024341539333,0,0,0
4017,0.10683765281972132,0.10683765281972132,0,0,0
4018,0.101795317213002,0.101795317213002,0,0,0
4019,0.09579944698826263,0.09579944698826263,0,0,0
4020,0.09522341015307527,0.09522341015307527,0,0,0
4021,0.10566446773315731,0.10566446773315731,0,0,0
4022,0.09915003160897054,0.09915003160897054,0,0,0
4023,0.09597101709560345,0.09597101709560345,0,0,0
4024,0.10015723530791308,0.10015723530791308,0,0,0
4025,0.09957499125678289,0.09957499125678289,0,0,0
4026,0.09452922014813674,0.09452922014813674,0,0,0
4027,0.09765162338551722,0.09765162338551722,0,0,0
4028,0.09541437461187965,0.09541437461187965,0,0,0
4029,0.0962580190481324,0.0962580190481324,0,0,0
4030,0.11285249496761121,0.11285249496761121,0,0,0
4031,0.09780970196190633,0.09780970196190633,0,0,0
4032,0.1014866152484166,0.1014866152484166,0,0,0
4033,0.09903697022481968,0.09903697022481968,0,0,0
4034,0.09632697064233453,0.09632697064233453,0,0,0
4035,0.09457569598759476,0.09457569598759476,0,0,0
4036,0.11330264198936914,0.11330264198936914,0,0,0
4037,0.10144442731612607,0.10144442731612607,0,0,0
4038,0.09788886859620873,0.09788886859620873,0,0,0
4039,0.09547431012125392,0.09547431012125392,0,0,0
4040,0.11060630696776666,0.11060630696776666,0,0,0
4041,0.09786138467882809,0.09786138467882809,0,0,0
4042,0.09581467097527102,0.09581467097527102,0,0,0
4043,0.10944632930975211,0.10944632930975211,0,0,0
4044,0.10399033276266173,0.10399033276266173,0,0,0
4045,0.09537198316109807,0.09537198316109807,0,0,0
4046,0.09993633461233817,0.09993633461233817,0,0,0
4047,0.09458042916498687,0.09458042916498687,0,0,0
4048,0.09993852694567881,0.09993852694567881,0,0,0
4049,0.09758914262056351,0.09758914262056351,0,0,0
4050,0.10099266430265025,0.10099266430265025,0,0,0
4051,0.09886022970864647,0.09886022970864647,0,0,0
4052,0.09587245032583412,0.09587245032583412,0,0,0
4053,0.09669575203014047,0.09669575203014047,0,0,0
4054,0.10307965064911466,0.10307965064911466,0,0,0
4055,0.10130630159064342,0.10130630159064342,0,0,0
4056,0.10311783163955338,0.10311783163955338,0,0,0
4057,0.09937921078189423,0.09937921078189423,0,0,0
4058,0.09487710304950413,0.09487710304950413,0,0,0
4059,0.10680607078891051,0.10680607078891051,0,0,0
4060,0.09965920262038708,0.09965920262038708,0,0,0
4061,0.10084142094772112,0.10084142094772112,0,0,0
4062,0.09294629342069752,0.09294629342069752,0,0,0
4063,0.10715259866494882,0.10715259866494882,0,0,0
4064,0.10748812595480367,0.10748812595480367,0,0,0
4065,0.09739129882501929,0.09739129882501929,0,0,0
4066,0.09781414133153464,0.09781414133153464,0,0,0
4067,0.09432773076389965,0.09432773076389965,0,0,0
4068,0.10317681278837354,0.10317681278837354,0,0,0
4069,0.09669351460118043,0.09669351460118043,0,0,0
4070,0.10234252588921472,0.10234252588921472,0,0,0
4071,0.09552697631481447,0.09552697631481447,0,0,0
4072,0.10100637856674821,0.10100637856674821,0,0,0
4073,0.09887604895783098,0.09887604895783098,0,0,0
4074,0.09938812951900457,0.09938812951900457,0,0,0
4075,0.10652627903772027,0.10652627903772027,0,0,0
4076,0.10160424668145807,0.10160424668145807,0,0,0
4077,0.09646274747425004,0.09646274747425004,0,0,0
4078,0.09701192761330228,0.09701192761330228,0,0,0
4079,0.12157209795948706,0.12157209795948706,0,0,0
4080,0.09807817520279634,0.09807817520279634,0,0,0
4081,0.09281777296411364,0.09281777296411364,0,0,0
4082,0.09551905311251942,0.09551905311251942,0,0,0
4083,0.09350060799012058,0.09350060799012058,0,0,0
4084,0.10183927671689737,0.10183927671689737,0,0,0
4085,0.09399653814340893,0.09399653814340893,0,0,0
4086,0.10225757721223329,0.10225757721223329,0,0,0
4087,0.09741389094606827,0.09741389094606827,0,0,0
4088,0.10240323018086583,0.10240323018086583,0,0,0
4089,0.09823703177665409,0.09823703177665409,0,0,0
4090,0.10493397036273229,0.10493397036273229,0,0,0
4091,0.09412598835402414,0.09412598835402414,0,0,0
4092,0.09442572599571002,0.09442572599571002,0,0,0
4093,0.09752985276281834,0.09752985276281834,0,0,0
4094,0.10796687987289931,0.10796687987289931,0,0,0
4095,0.09646829717645519,0.09646829717645519,0,0,0
4096,0.09533908139718206,0.09533908139718206,0,0,0
4097,0.10066491443859904,0.10066491443859904,0,0,0
4098,0.0975619905481213,0.0975619905481213,0,0,0
4099,0.09526427796012477,0.09526427796012477,0,0,0
4100,0.09666825595654939,0.09666825595654939,0,0,0
4101,0.09641967468747967,0.09641967468747967,0,0,0
4102,0.09751514766953494,0.09751514766953494,0,0,0
4103,0.09878011224301238,0.09878011224301238,0,0,0
4104,0.10043819660418912,0.10043819660418912,0,0,0
4105,0.09722315049485157,0.09722315049485157,0,0,0
4106,0.09580929538137034,0.09580929538137034,0,0,0
4107,0.09744555777625034,0.09744555777625034,0,0,0
4108,0.1009604798531846,0.1009604798531846,0,0,0
4109,0.09632848712958787,0.09632848712958787,0,0,0
4110,0.09483714568379678,0.09483714568379678,0,0,0
4111,0.0953816806799487,0.0953816806799487,0,0,0
4112,0.09496820149453063,0.09496820149453063,0,0,0
4113,0.09076215013077385,0.09076215013077385,0,0,0
4114,0.09614755928908524,0.09614755928908524,0,0,0
4115,0.09865603821450158,0.09865603821450158,0,0,0
4116,0.08993727458935034,0.08993727458935034,0,0,0
4117,0.09762060034431909,0.09762060034431909,0,0,0
4118,0.09948679628340822,0.09948679628340822,0,0,0
4119,0.09547299823086512,0.09547299823086512,0,0,0
4120,0.09584228635618561,0.09584228635618561,0,0,0
4121,0.0957755803277618,0.0957755803277618,0,0,0
4122,0.09189493405191522,0.09189493405191522,0,0,0
4123,0.10169258292176221,0.10169258292176221,0,0,0
4124,0.096065927100809,0.096065927100809,0,0,0
4125,0.09596940306456465,0.09596940306456465,0,0,0
4126,0.10447894389692106,0.10447894389692106,0,0,0
4127,0.09790012779596605,0.09790012779596605,0,0,0
4128,0.09547757906349082,0.09547757906349082,0,0,0
4129,0.09019022591804203,0.09019022591804203,0,0,0
4130,0.10737779069887965,0.10737779069887965,0,0,0
4131,0.09592526327622564,0.09592526327622564,0,0,0
4132,0.10432693597517516,0.10432693597517516,0,0,0
4133,0.0951149887160251,0.0951149887160251,0,0,0
4134,0.09035713823610231,0.09035713823610231,0,0,0
4135,0.09060397734375376,0.09060397734375376,0,0,0
4136,0.11206397335780294,0.11206397335780294,0,0,0
4137,0.10000431625858734,0.10000431625858734,0,0,0
4138,0.09589845745971329,0.09589845745971329,0,0,0
4139,0.09713705834981642,0.09713705834981642,0,0,0
4140,0.09678546839246624,0.09678546839246624,0,0,0
4141,0.09442070616703284,0.09442070616703284,0,0,0
4142,0.09691800735890865,0.09691800735890865,0,0,0
4143,0.10155598456530195,0.10155598456530195,0,0,0
4144,0.09421978939912821,0.09421978939912821,0,0,0
4145,0.1036257477183091,0.1036257477183091,0,0,0
4146,0.09248677249017515,0.09248677249017515,0,0,0
4147,0.10280221445780051,0.10280221445780051,0,0,0
4148,0.09231655152612611,0.09231655152612611,0,0,0
4149,0.09492948788561319,0.09492948788561319,0,0,0
4150,0.09494123901975782,0.09494123901975782,0,0,0
4151,0.09578643984308369,0.09578643984308369,0,0,0
4152,0.13596020158576338,0.13596020158576338,0,0,0
4153,0.10454355454758595,0.10454355454758595,0,0,0
4154,0.1033003838046601,0.1033003838046601,0,0,0
4155,0.09443638307091437,0.09443638307091437,0,0,0
4156,0.10468117402572381,0.10468117402572381,0,0,0
4157,0.09668260577477907,0.09668260577477907,0,0,0
4158,0.09731623442157318,0.09731623442157318,0,0,0
4159,0.10172152480012492,0.10172152480012492,0,0,0
4160,0.09827942695272596,0.09827942695272596,0,0,0
4161,0.09363430454150627,0.09363430454150627,0,0,0
4162,0.09501805156469345,0.09501805156469345,0,0,0
4163,0.09147296257709202,0.09147296257709202,0,0,0
4164,0.09375298474180072,0.09375298474180072,0,0,0
4165,0.09407943144048515,0.09407943144048515,0,0,0
4166,0.10319588303958115,0.10319588303958115,0,0,0
4167,0.12102884083594147,0.12102884083594147,0,0,0
4168,0.09976726025342941,0.09976726025342941,0,0,0
4169,0.10086878487154056,0.10086878487154056,0,0,0
4170,0.10203790243126844,0.10203790243126844,0,0,0
4171,0.10475782108934302,0.10475782108934302,0,0,0
4172,0.10161717108597881,0.10161717108597881,0,0,0
4173,0.09689051206958921,0.09689051206958921,0,0,0
4174,0.09916657111362408,0.09916657111362408,0,0,0
4175,0.09544153609558155,0.09544153609558155,0,0,0
4176,0.09864344585098718,0.09864344585098718,0,0,0
4177,0.0918644659809376,0.0918644659809376,0,0,0
4178,0.0941310248484737,0.0941310248484737,0,0,0
4179,0.09095075246142714,0.09095075246142714,0,0,0
4180,0.09173857822622124,0.09173857822622124,0,0,0
4181,0.10292009195606959,0.10292009195606959,0,0,0
4182,0.09443714616722182,0.09443714616722182,0,0,0
4183,0.10367616060140886,0.10367616060140886,0,0,0
4184,0.10166440610038607,0.10166440610038607,0,0,0
4185,0.0910737747816663,0.0910737747816663,0,0,0
4186,0.09813873420812581,0.09813873420812581,0,0,0
4187,0.09686201791230001,0.09686201791230001,0,0,0
4188,0.13400070359440228,0.13400070359440228,0,0,0
4189,0.10003035005770232,0.10003035005770232,0,0,0
4190,0.09888401049140252,0.09888401049140252,0,0,0
4191,0.09595019360514064,0.09595019360514064,0,0,0
4192,0.10068721833981965,0.10068721833981965,0,0,0
4193,0.09541286655554646,0.09541286655554646,0,0,0
4194,0.09469792040947236,0.09469792040947236,0,0,0
4195,0.09882185676772344,0.09882185676772344,0,0,0
4196,0.09253754711856968,0.09253754711856968,0,0,0
4197,0.09669333510100842,0.09669333510100842,0,0,0
4198,0.09760272208797305,0.09760272208797305,0,0,0
4199,0.09239350573012703,0.09239350573012703,0,0,0
4200,0.09423804812525448,0.09423804812525448,0,0,0
4201,0.09462245602748896,0.09462245602748896,0,0,0
4202,0.10354373643272802,0.10354373643272802,0,0,0
4203,0.10124864517466019,0.10124864517466019,0,0,0
4204,0.09413012068130468,0.09413012068130468,0,0,0
4205,0.10043169234536196,0.10043169234536196,0,0,0
4206,0.09572187869956619,0.09572187869956619,0,0,0
4207,0.09286258634375899,0.09286258634375899,0,0,0
4208,0.10858119220325821,0.10858119220325821,0,0,0
4209,0.09589765387538232,0.09589765387538232,0,0,0
4210,0.09558703985653426,0.09558703985653426,0,0,0
4211,0.09500297345221043,0.09500297345221043,0,0,0
4212,0.10868271557908309,0.10868271557908309,0,0,0
4213,0.09737999923527241,0.09737999923527241,0,0,0
4214,0.09389799313717767,0.09389799313717767,0,0,0
4215,0.09494811021967937,0.09494811021967937,0,0,0
4216,0.11967621390756808,0.11967621390756808,0,0,0
4217,0.10068500247832976,0.10068500247832976,0,0,0
4218,0.0953416310642895,0.0953416310642895,0,0,0
4219,0.09486808137674081,0.09486808137674081,0,0,0
4220,0.09530672107480075,0.09530672107480075,0,0,0
4221,0.09789663984587318,0.09789663984587318,0,0,0
4222,0.09387915757925887,0.09387915757925887,0,0,0
4223,0.0974734608868235,0.0974734608868235,0,0,0
4224,0.09298465851890414,0.09298465851890414,0,0,0
4225,0.09882448564626668,0.09882448564626668,0,0,0
4226,0.0988393728866389,0.0988393728866389,0,0,0
4227,0.09482437627095926,0.09482437627095926,0,0,0
4228,0.10496926915488745,0.10496926915488745,0,0,0
4229,0.09485422153221934,0.09485422153221934,0,0,0
4230,0.09491726540421185,0.09491726540421185,0,0,0
4231,0.09688852168619633,0.09688852168619633,0,0,0
4232,0.09946902037451141,0.09946902037451141,0,0,0
4233,0.0922404911957289,0.0922404911957289,0,0,0
4234,0.0970836334714764,0.0970836334714764,0,0,0
4235,0.09285174447454904,0.09285174447454904,0,0,0
4236,0.09887276658494222,0.09887276658494222,0,0,0
4237,0.09736143699602078,0.09736143699602078,0,0,0
4238,0.09202026164061144,0.09202026164061144,0,0,0
4239,0.09613047275496156,0.09613047275496156,0,0,0
4240,0.09333340853060547,0.09333340853060547,0,0,0
4241,0.09683953264826223,0.09683953264826223,0,0,0
4242,0.09653333760797977,0.09653333760797977,0,0,0
4243,0.09654650190158894,0.09654650190158894,0,0,0
4244,0.10290105738922169,0.10290105738922169,0,0,0
4245,0.09026061429789192,0.09026061429789192,0,0,0
4246,0.0924459976193152,0.0924459976193152,0,0,0
4247,0.09080288431754238,0.09080288431754238,0,0,0
4248,0.09564671106636524,0.09564671106636524,0,0,0
4249,0.0983534541569258,0.0983534541569258,0,0,0
4250,0.09082503959928688,0.09082503959928688,0,0,0
4251,0.09586099094074023,0.09586099094074023,0,0,0
4252,0.1031792474616515,0.1031792474616515,0,0,0
4253,0.09633804151886388,0.09633804151886388,0,0,0
4254,0.09467683830543568,0.09467683830543568,0,0,0
4255,0.09656891716938269,0.09656891716938269,0,0,0
4256,0.09972392738257584,0.09972392738257584,0,0,0
4257,0.09756047406086796,0.09756047406086796,0,0,0
4258,0.10015141983565531,0.10015141983565531,0,0,0
4259,0.1035802294745257,0.1035802294745257,0,0,0
4260,0.09440268664375732,0.09440268664375732,0,0,0
4261,0.10258541452257257,0.10258541452257257,0,0,0
4262,0.09343479191394229,0.09343479191394229,0,0,0
4263,0.0999880320343532,0.0999880320343532,0,0,0
4264,0.09399015917197655,0.09399015917197655,0,0,0
4265,0.09277758668912084,0.09277758668912084,0,0,0
4266,0.1031814943999052,0.1031814943999052,0,0,0
4267,0.0940702160526263,0.0940702160526263,0,0,0
4268,0.10234761610627174,0.10234761610627174,0,0,0
4269,0.09393485625715632,0.09393485625715632,0,0,0
4270,0.09804244653174751,0.09804244653174751,0,0,0
4271,0.09663824815499156,0.09663824815499156,0,0,0
4272,0.09585324419956458,0.09585324419956458,0,0,0
4273,0.0965947205887029,0.0965947205887029,0,0,0
4274,0.09704785656772162,0.09704785656772162,0,0,0
4275,0.09391953286371733,0.09391953286371733,0,0,0
4276,0.09638053296427977,0.09638053296427977,0,0,0
4277,0.09535305309844644,0.09535305309844644,0,0,0
4278,0.09126118629386551,0.09126118629386551,0,0,0
4279,0.09612457807126798,0.09612457807126798,0,0,0
4280,0.09843959669141393,0.09843959669141393,0,0,0
4281,0.09873516828213867,0.09873516828213867,0,0,0
4282,0.09031966407048075,0.09031966407048075,0,0,0
4283,0.10084254725983269,0.10084254725983269,0,0,0
4284,0.09563225664590534,0.09563225664590534,0,0,0
4285,0.09319740974981534,0.09319740974981534,0,0,0
4286,0.09314846365075362,0.09314846365075362,0,0,0
4287,0.09909168523001044,0.09909168523001044,0,0,0
4288,0.0938678590678855,0.0938678590678855,0,0,0
4289,0.1046975082472751,0.1046975082472751,0,0,0
4290,0.09337185235007812,0.09337185235007812,0,0,0
4291,0.10045569821407921,0.10045569821407921,0,0,0
4292,0.09525195205290067,0.09525195205290067,0,0,0
4293,0.094168665965921,0.094168665965921,0,0,0
4294,0.09173928965863429,0.09173928965863429,0,0,0
4295,0.10018286001133292,0.10018286001133292,0,0,0
4296,0.08772672889264006,0.08772672889264006,0,0,0
4297,0.09936324428570897,0.09936324428570897,0,0,0
4298,0.09730080573966629,0.09730080573966629,0,0,0
4299,0.09430770674034168,0.09430770674034168,0,0,0
4300,0.09853054798747364,0.09853054798747364,0,0,0
4301,0.09051069176118624,0.09051069176118624,0,0,0
4302,0.0914611652199375,0.0914611652199375,0,0,0
4303,0.09479297423049023,0.09479297423049023,0,0,0
4304,0.1005929428103723,0.1005929428103723,0,0,0
4305,0.09587463962012216,0.09587463962012216,0,0,0
4306,0.0921339798522623,0.0921339798522623,0,0,0
4307,0.09991001494620975,0.09991001494620975,0,0,0
4308,0.08792873952341707,0.08792873952341707,0,0,0
4309,0.09510416566933456,0.09510416566933456,0,0,0
4310,0.10257110646680782,0.10257110646680782,0,0,0
4311,0.0964780702794853,0.0964780702794853,0,0,0
4312,0.10599344233541112,0.10599344233541112,0,0,0
4313,0.09114301479176472,0.09114301479176472,0,0,0
4314,0.09088664217606972,0.09088664217606972,0,0,0
4315,0.09068823507741879,0.09068823507741879,0,0,0
4316,0.1064220393370641,0.1064220393370641,0,0,0
4317,0.09440331768832709,0.09440331768832709,0,0,0
4318,0.1471674060939174,0.1471674060939174,0,0,0
4319,0.0956326620163102,0.0956326620163102,0,0,0
4320,0.11123211534791871,0.11123211534791871,0,0,0
4321,0.09323481431132868,0.09323481431132868,0,0,0
4322,0.09487097926045719,0.09487097926045719,0,0,0
4323,0.09467464881507974,0.09467464881507974,0,0,0
4324,0.11544384954399184,0.11544384954399184,0,0,0
4325,0.09568849068723227,0.09568849068723227,0,0,0
4326,0.09312414240680243,0.09312414240680243,0,0,0
4327,0.09464891803892035,0.09464891803892035,0,0,0
4328,0.09538748664291281,0.09538748664291281,0,0,0
4329,0.09375124228628058,0.09375124228628058,0,0,0
4330,0.09035831229075005,0.09035831229075005,0,0,0
4331,0.0980145706746139,0.0980145706746139,0,0,0
4332,0.0970631600602677,0.0970631600602677,0,0,0
4333,0.10285981626887071,0.10285981626887071,0,0,0
4334,0.09408130202638476,0.09408130202638476,0,0,0
4335,0.09419005677888267,0.09419005677888267,0,0,0
4336,0.09555168881228096,0.09555168881228096,0,0,0
4337,0.09356182774430827,0.09356182774430827,0,0,0
4338,0.09563095985274565,0.09563095985274565,0,0,0
4339,0.0995523584516425,0.0995523584516425,0,0,0
4340,0.09571274281724503,0.09571274281724503,0,0,0
4341,0.096891040178506,0.096891040178506,0,0,0
4342,0.10342832282185555,0.10342832282185555,0,0,0
4343,0.09373147177853082,0.09373147177853082,0,0,0
4344,0.10431140955341489,0.10431140955341489,0,0,0
4345,0.09728062623425533,0.09728062623425533,0,0,0
4346,0.09387911356201298,0.09387911356201298,0,0,0
4347,0.09304782454120486,0.09304782454120486,0,0,0
4348,0.0897949741859185,0.0897949741859185,0,0,0
4349,0.10974736854826149,0.10974736854826149,0,0,0
4350,0.10351256222317093,0.10351256222317093,0,0,0
4351,0.09901078908067,0.09901078908067,0,0,0
4352,0.09258262175870569,0.09258262175870569,0,0,0
4353,0.09676979884113136,0.09676979884113136,0,0,0
4354,0.09736712522020466,0.09736712522020466,0,0,0
4355,0.09205714456344906,0.09205714456344906,0,0,0
4356,0.0925633323035742,0.0925633323035742,0,0,0
4357,0.10847698416756957,0.10847698416756957,0,0,0
4358,0.09446754335964981,0.09446754335964981,0,0,0
4359,0.12678408299229646,0.12678408299229646,0,0,0
4360,0.09185198361152097,0.09185198361152097,0,0,0
4361,0.10978107517094988,0.10978107517094988,0,0,0
4362,0.0950893685221672,0.0950893685221672,0,0,0
4363,0.11321671944307654,0.11321671944307654,0,0,0
4364,0.09605881081599939,0.09605881081599939,0,0,0
4365,0.10378285634674524,0.10378285634674524,0,0,0
4366,0.11006392460120351,0.11006392460120351,0,0,0
4367,0.09528465706266855,0.09528465706266855,0,0,0
4368,0.09453926735410564,0.09453926735410564,0,0,0
4369,0.09324418635744798,0.09324418635744798,0,0,0
4370,0.09782806813324753,0.09782806813324753,0,0,0
4371,0.09400844740632333,0.09400844740632333,0,0,0
4372,0.09699332753294393,0.09699332753294393,0,0,0
4373,0.0923013599883569,0.0923013599883569,0,0,0
4374,0.10343236358542192,0.10343236358542192,0,0,0
4375,0.09473384142314133,0.09473384142314133,0,0,0
4376,0.10140813642034405,0.10140813642034405,0,0,0
4377,0.0961704682558775,0.0961704682558775,0,0,0
4378,0.09711425751447678,0.09711425751447678,0,0,0
4379,0.1035449918555586,0.1035449918555586,0,0,0
4380,0.09732003470784739,0.09732003470784739,0,0,0
4381,0.09428777673134678,0.09428777673134678,0,0,0
4382,0.1005884294251078,0.1005884294251078,0,0,0
4383,0.09528419865589392,0.09528419865589392,0,0,0
4384,0.09198656844857492,0.09198656844857492,0,0,0
4385,0.09748168309268199,0.09748168309268199,0,0,0
4386,0.0928549215589699,0.0928549215589699,0,0,0
4387,0.09558904563125811,0.09558904563125811,0,0,0
4388,0.09477873783754676,0.09477873783754676,0,0,0
4389,0.09291867960832621,0.09291867960832621,0,0,0
4390,0.11006024813181475,0.11006024813181475,0,0,0
4391,0.09741716949563277,0.09741716949563277,0,0,0
4392,0.09454864959575628,0.09454864959575628,0,0,0
4393,0.08999433466478397,0.08999433466478397,0,0,0
4394,0.10293094117782618,0.10293094117782618,0,0,0
4395,0.09337357245385647,0.09337357245385647,0,0,0
4396,0.0890644864228211,0.0890644864228211,0,0,0
4397,0.09043710678815842,0.09043710678815842,0,0,0
4398,0.09325553516024038,0.09325553516024038,0,0,0
4399,0.09941688278003742,0.09941688278003742,0,0,0
4400,0.09526697908969302,0.09526697908969302,0,0,0
4401,0.09146828567119021,0.09146828567119021,0,0,0
4402,0.09292874936210482,0.09292874936210482,0,0,0
4403,0.092255639206422,0.092255639206422,0,0,0
4404,0.10123616790300921,0.10123616790300921,0,0,0
4405,0.09913699426933338,0.09913699426933338,0,0,0
4406,0.09396569607289214,0.09396569607289214,0,0,0
4407,0.09689526161865185,0.09689526161865185,0,0,0
4408,0.09705780279871665,0.09705780279871665,0,0,0
4409,0.09635703187239797,0.09635703187239797,0,0,0
4410,0.09545670910493324,0.09545670910493324,0,0,0
4411,0.0948768885512101,0.0948768885512101,0,0,0
4412,0.09886304024410875,0.09886304024410875,0,0,0
4413,0.09520840399751537,0.09520840399751537,0,0,0
4414,0.09969025997346953,0.09969025997346953,0,0,0
4415,0.09722492608584855,0.09722492608584855,0,0,0
4416,0.09227025861802854,0.09227025861802854,0,0,0
4417,0.09280342716527612,0.09280342716527612,0,0,0
4418,0.09376751945206993,0.09376751945206993,0,0,0
4419,0.09930243078423173,0.09930243078423173,0,0,0
4420,0.09017679281532764,0.09017679281532764,0,0,0
4421,0.08854169810288831,0.08854169810288831,0,0,0
4422,0.09212312112121206,0.09212312112121206,0,0,0
4423,0.0945059604158527,0.0945059604158527,0,0,0
4424,0.09642688253600347,0.09642688253600347,0,0,0
4425,0.09327173742808793,0.09327173742808793,0,0,0
4426,0.09504194165530958,0.09504194165530958,0,0,0
4427,0.09611775314337329,0.09611775314337329,0,0,0
4428,0.09255694774420638,0.09255694774420638,0,0,0
4429,0.09685338014050533,0.09685338014050533,0,0,0
4430,0.1075290543468375,0.1075290543468375,0,0,0
4431,0.09299707295078981,0.09299707295078981,0,0,0
4432,0.09181529185489605,0.09181529185489605,0,0,0
4433,0.09300157025848564,0.09300157025848564,0,0,0
4434,0.08980668953766949,0.08980668953766949,0,0,0
4435,0.08906823641767628,0.08906823641767628,0,0,0
4436,0.09670019100763295,0.09670019100763295,0,0,0
4437,0.09455811271541997,0.09455811271541997,0,0,0
4438,0.1010209422950682,0.1010209422950682,0,0,0
4439,0.09282936018548514,0.09282936018548514,0,0,0
4440,0.0969307244216141,0.0969307244216141,0,0,0
4441,0.09983501916653231,0.09983501916653231,0,0,0
4442,0.09984673294974,0.09984673294974,0,0,0
4443,0.09205491644771475,0.09205491644771475,0,0,0
4444,0.09922788390203525,0.09922788390203525,0,0,0
4445,0.09979162227950598,0.09979162227950598,0,0,0
4446,0.09506209782863918,0.09506209782863918,0,0,0
4447,0.09763592187511294,0.09763592187511294,0,0,0
4448,0.09139156900346279,0.09139156900346279,0,0,0
4449,0.09134865189461332,0.09134865189461332,0,0,0
4450,0.09176696719307649,0.09176696719307649,0,0,0
4451,0.09602695850557402,0.09602695850557402,0,0,0
4452,0.09400294681912974,0.09400294681912974,0,0,0
4453,0.1004579309374094,0.1004579309374094,0,0,0
4454,0.08652925932485807,0.08652925932485807,0,0,0
4455,0.09175756407019339,0.09175756407019339,0,0,0
4456,0.09756717213282459,0.09756717213282459,0,0,0
4457,0.111360378759472,0.111360378759472,0,0,0
4458,0.09261638494698625,0.09261638494698625,0,0,0
4459,0.12937180423422864,0.12937180423422864,0,0,0
4460,0.09653693133671033,0.09653693133671033,0,0,0
4461,0.09458770014737782,0.09458770014737782,0,0,0
4462,0.0923339180452259,0.0923339180452259,0,0,0
4463,0.09870061307753387,0.09870061307753387,0,0,0
4464,0.10315951822619689,0.10315951822619689,0,0,0
4465,0.09352081445486922,0.09352081445486922,0,0,0
4466,0.09528758798382785,0.09528758798382785,0,0,0
4467,0.08896061944726266,0.08896061944726266,0,0,0
4468,0.08715012267624077,0.08715012267624077,0,0,0
4469,0.09422726821350424,0.09422726821350424,0,0,0
4470,0.0954300680834996,0.0954300680834996,0,0,0
4471,0.1270556915551424,0.1270556915551424,0,0,0
4472,0.0910257008907042,0.0910257008907042,0,0,0
4473,0.09570473246276379,0.09570473246276379,0,0,0
4474,0.09438466084630866,0.09438466084630866,0,0,0
4475,0.0901987443825132,0.0901987443825132,0,0,0
4476,0.09680718693294023,0.09680718693294023,0,0,0
4477,0.09458560624012821,0.09458560624012821,0,0,0
4478,0.09659982021701963,0.09659982021701963,0,0,0
4479,0.09463592422635932,0.09463592422635932,0,0,0
4480,0.09647586373122115,0.09647586373122115,0,0,0
4481,0.0926897075811499,0.0926897075811499,0,0,0
4482,0.09334570228269226,0.09334570228269226,0,0,0
4483,0.0969549528274097,0.0969549528274097,0,0,0
4484,0.09122012722256936,0.09122012722256936,0,0,0
4485,0.09431289175623342,0.09431289175623342,0,0,0
4486,0.09190144291833828,0.09190144291833828,0,0,0
4487,0.09431243687868118,0.09431243687868118,0,0,0
4488,0.10000806762591789,0.10000806762591789,0,0,0
4489,0.09250096182682012,0.09250096182682012,0,0,0
4490,0.0925376913265178,0.0925376913265178,0,0,0
4491,0.09222829341888428,0.09222829341888428,0,0,0
4492,0.08888691487280946,0.08888691487280946,0,0,0
4493,0.10692627463293702,0.10692627463293702,0,0,0
4494,0.09039184294248882,0.09039184294248882,0,0,0
4495,0.095690919282405,0.095690919282405,0,0,0
4496,0.09502552037960604,0.09502552037960604,0,0,0
4497,0.09721888062593184,0.09721888062593184,0,0,0
4498,0.09293395222017639,0.09293395222017639,0,0,0
4499,0.0941731550387646,0.0941731550387646,0,0,0
4500,0.09236470178553932,0.09236470178553932,0,0,0
4501,0.09456848431574671,0.09456848431574671,0,0,0
4502,0.09695233247782055,0.09695233247782055,0,0,0
4503,0.09563621368847396,0.09563621368847396,0,0,0
4504,0.0930310950467461,0.0930310950467461,0,0,0
4505,0.08441248585126902,0.08441248585126902,0,0,0
4506,0.09010933516056914,0.09010933516056914,0,0,0
4507,0.092118711848008,0.092118711848008,0,0,0
4508,0.1363107129735382,0.1363107129735382,0,0,0
4509,0.09314261827813952,0.09314261827813952,0,0,0
4510,0.09691795206775791,0.09691795206775791,0,0,0
4511,0.08929619379341602,0.08929619379341602,0,0,0
4512,0.09563766361067169,0.09563766361067169,0,0,0
4513,0.09928916933897294,0.09928916933897294,0,0,0
4514,0.0965602844953537,0.0965602844953537,0,0,0
4515,0.09251802434262477,0.09251802434262477,0,0,0
4516,0.09474916216966353,0.09474916216966353,0,0,0
4517,0.09703536106175498,0.09703536106175498,0,0,0
4518,0.09047451919238818,0.09047451919238818,0,0,0
4519,0.09176575941474814,0.09176575941474814,0,0,0
4520,0.1081443578004837,0.1081443578004837,0,0,0
4521,0.09760761398233865,0.09760761398233865,0,0,0
4522,0.09150866566127852,0.09150866566127852,0,0,0
4523,0.09459742393932845,0.09459742393932845,0,0,0
4524,0.09133101823298555,0.09133101823298555,0,0,0
4525,0.09359016798828777,0.09359016798828777,0,0,0
4526,0.09101398377434204,0.09101398377434204,0,0,0
4527,0.09537261155875106,0.09537261155875106,0,0,0
4528,0.1261801234397449,0.1261801234397449,0,0,0
4529,0.0968091631014096,0.0968091631014096,0,0,0
4530,0.09206889344281272,0.09206889344281272,0,0,0
4531,0.0900756172639759,0.0900756172639759,0,0,0
4532,0.08843347391015605,0.08843347391015605,0,0,0
4533,0.09780164857051875,0.09780164857051875,0,0,0
4534,0.09195344836304062,0.09195344836304062,0,0,0
4535,0.10402522510603855,0.10402522510603855,0,0,0
4536,0.09738734844875963,0.09738734844875963,0,0,0
4537,0.09562677007756736,0.09562677007756736,0,0,0
4538,0.09249164389544412,0.09249164389544412,0,0,0
4539,0.08923329854089963,0.08923329854089963,0,0,0
4540,0.09609795528415002,0.09609795528415002,0,0,0
4541,0.09609583392739296,0.09609583392739296,0,0,0
4542,0.0884650201585732,0.0884650201585732,0,0,0
4543,0.0972431419711364,0.0972431419711364,0,0,0
4544,0.0912194999032899,0.0912194999032899,0,0,0
4545,0.09650215614391,0.09650215614391,0,0,0
4546,0.09505756415034596,0.09505756415034596,0,0,0
4547,0.09506425477172199,0.09506425477172199,0,0,0
4548,0.09235049999858204,0.09235049999858204,0,0,0
4549,0.09428806397083558,0.09428806397083558,0,0,0
4550,0.09477582995436694,0.09477582995436694,0,0,0
4551,0.09054250868135377,0.09054250868135377,0,0,0
4552,0.09228317900315712,0.09228317900315712,0,0,0
4553,0.09236142578485765,0.09236142578485765,0,0,0
4554,0.093874091086419,0.093874091086419,0,0,0
4555,0.09694125454284643,0.09694125454284643,0,0,0
4556,0.09182014531995121,0.09182014531995121,0,0,0
4557,0.10128793826228694,0.10128793826228694,0,0,0
4558,0.09462357743790276,0.09462357743790276,0,0,0
4559,0.08773684011478174,0.08773684011478174,0,0,0
4560,0.0870266911622725,0.0870266911622725,0,0,0
4561,0.11960695556512005,0.11960695556512005,0,0,0
4562,0.09093449774541353,0.09093449774541353,0,0,0
4563,0.09149403997549885,0.09149403997549885,0,0,0
4564,0.08769018379481215,0.08769018379481215,0,0,0
4565,0.08837432698591759,0.08837432698591759,0,0,0
4566,0.10214269180831156,0.10214269180831156,0,0,0
4567,0.09547328037258826,0.09547328037258826,0,0,0
4568,0.09024319964412011,0.09024319964412011,0,0,0
4569,0.09583148046543724,0.09583148046543724,0,0,0
4570,0.09529412057446807,0.09529412057446807,0,0,0
4571,0.09323314440093543,0.09323314440093543,0,0,0
4572,0.0997834132101975,0.0997834132101975,0,0,0
4573,0.09257392908789609,0.09257392908789609,0,0,0
4574,0.08977324054821541,0.08977324054821541,0,0,0
4575,0.09284953076980616,0.09284953076980616,0,0,0
4576,0.08631306994510324,0.08631306994510324,0,0,0
4577,0.10114002414047718,0.10114002414047718,0,0,0
4578,0.09024907070163049,0.09024907070163049,0,0,0
4579,0.09295327618326012,0.09295327618326012,0,0,0
4580,0.09560612530300491,0.09560612530300491,0,0,0
4581,0.08954963548795174,0.08954963548795174,0,0,0
4582,0.08906497874934423,0.08906497874934423,0,0,0
4583,0.08916292006247922,0.08916292006247922,0,0,0
4584,0.0930210029412257,0.0930210029412257,0,0,0
4585,0.09363953102576106,0.09363953102576106,0,0,0
4586,0.09444743679150154,0.09444743679150154,0,0,0
4587,0.08916775264630192,0.08916775264630192,0,0,0
4588,0.09035130609807215,0.09035130609807215,0,0,0
4589,0.09312577957385465,0.09312577957385465,0,0,0
4590,0.08993476795914926,0.08993476795914926,0,0,0
4591,0.094136904827074,0.094136904827074,0,0,0
4592,0.09315703240664382,0.09315703240664382,0,0,0
4593,0.08969042028643583,0.08969042028643583,0,0,0
4594,0.10358230563762941,0.10358230563762941,0,0,0
4595,0.09161854947083875,0.09161854947083875,0,0,0
4596,0.09199922923979006,0.09199922923979006,0,0,0
4597,0.0899603177646273,0.0899603177646273,0,0,0
4598,0.09454175790673808,0.09454175790673808,0,0,0
4599,0.0935747004849346,0.0935747004849346,0,0,0
4600,0.09165567845890396,0.09165567845890396,0,0,0
4601,0.11903997942021019,0.11903997942021019,0,0,0
4602,0.09430087318545893,0.09430087318545893,0,0,0
4603,0.09423972656460185,0.09423972656460185,0,0,0
4604,0.089520071878245,0.089520071878245,0,0,0
4605,0.09852061057953458,0.09852061057953458,0,0,0
4606,0.09059414845940314,0.09059414845940314,0,0,0
4607,0.09352056231153638,0.09352056231153638,0,0,0
4608,0.09167544886861977,0.09167544886861977,0,0,0
4609,0.09231814251918542,0.09231814251918542,0,0,0
4610,0.088011707914503,0.088011707914503,0,0,0
4611,0.09148294802166913,0.09148294802166913,0,0,0
4612,0.08596870224726827,0.08596870224726827,0,0,0
4613,0.08800062801884978,0.08800062801884978,0,0,0
4614,0.08888091882200617,0.08888091882200617,0,0,0
4615,0.09079392881769884,0.09079392881769884,0,0,0
4616,0.09269469633306328,0.09269469633306328,0,0,0
4617,0.0912685752111046,0.0912685752111046,0,0,0
4618,0.09232401612557863,0.09232401612557863,0,0,0
4619,0.08881644747759167,0.08881644747759167,0,0,0
4620,0.09340919652267506,0.09340919652267506,0,0,0
4621,0.08420284847287755,0.08420284847287755,0,0,0
4622,0.09820431441460785,0.09820431441460785,0,0,0
4623,0.08954843251328719,0.08954843251328719,0,0,0
4624,0.09214244880958607,0.09214244880958607,0,0,0
4625,0.09273425587698032,0.09273425587698032,0,0,0
4626,0.09139439189120342,0.09139439189120342,0,0,0
4627,0.09583233532152678,0.09583233532152678,0,0,0
4628,0.08944161530388028,0.08944161530388028,0,0,0
4629,0.08988902639401586,0.08988902639401586,0,0,0
4630,0.09855311795284874,0.09855311795284874,0,0,0
4631,0.09059455784920015,0.09059455784920015,0,0,0
4632,0.09200348587412584,0.09200348587412584,0,0,0
4633,0.09167606589433394,0.09167606589433394,0,0,0
4634,0.09258393717831687,0.09258393717831687,0,0,0
4635,0.08891716040670872,0.08891716040670872,0,0,0
4636,0.09536469090533883,0.09536469090533883,0,0,0
4637,0.09077715422762067,0.09077715422762067,0,0,0
4638,0.09047542796715309,0.09047542796715309,0,0,0
4639,0.0918441624625733,0.0918441624625733,0,0,0
4640,0.09545226267686016,0.09545226267686016,0,0,0
4641,0.0883098954432889,0.0883098954432889,0,0,0
4642,0.08926044728018735,0.08926044728018735,0,0,0
4643,0.09153144012548421,0.09153144012548421,0,0,0
4644,0.08854329125269463,0.08854329125269463,0,0,0
4645,0.09073247211544137,0.09073247211544137,0,0,0
4646,0.11272199206838482,0.11272199206838482,0,0,0
4647,0.09127659311420039,0.09127659311420039,0,0,0
4648,0.09025252551624649,0.09025252551624649,0,0,0
4649,0.09064306083478425,0.09064306083478425,0,0,0
4650,0.09024704208499507,0.09024704208499507,0,0,0
4651,0.08986290799159753,0.08986290799159753,0,0,0
4652,0.09120947102967061,0.09120947102967061,0,0,0
4653,0.09168692835067448,0.09168692835067448,0,0,0
4654,0.11925007236239157,0.11925007236239157,0,0,0
4655,0.08987071080819557,0.08987071080819557,0,0,0
4656,0.09343898325766388,0.09343898325766388,0,0,0
4657,0.09599300817047295,0.09599300817047295,0,0,0
4658,0.08861097742460276,0.08861097742460276,0,0,0
4659,0.09502150932032812,0.09502150932032812,0,0,0
4660,0.08771253151721076,0.08771253151721076,0,0,0
4661,0.0901500274868388,0.0901500274868388,0,0,0
4662,0.08906309522296253,0.08906309522296253,0,0,0
4663,0.09261290934917174,0.09261290934917174,0,0,0
4664,0.09660478328403674,0.09660478328403674,0,0,0
4665,0.09456281020845238,0.09456281020845238,0,0,0
4666,0.09212809761888102,0.09212809761888102,0,0,0
4667,0.09445352852344513,0.09445352852344513,0,0,0
4668,0.09081715012067243,0.09081715012067243,0,0,0
4669,0.08896261335987794,0.08896261335987794,0,0,0
4670,0.09757027716228836,0.09757027716228836,0,0,0
4671,0.09226320380050886,0.09226320380050886,0,0,0
4672,0.09829283495874781,0.09829283495874781,0,0,0
4673,0.09068839438259602,0.09068839438259602,0,0,0
4674,0.09629621190067969,0.09629621190067969,0,0,0
4675,0.10066115473838229,0.10066115473838229,0,0,0
4676,0.09040933151386286,0.09040933151386286,0,0,0
4677,0.10379514166791189,0.10379514166791189,0,0,0
4678,0.09261495110235717,0.09261495110235717,0,0,0
4679,0.09042926926754023,0.09042926926754023,0,0,0
4680,0.09069434700435713,0.09069434700435713,0,0,0
4681,0.09293746644336927,0.09293746644336927,0,0,0
4682,0.09081303896872621,0.09081303896872621,0,0,0
4683,0.09469179240496535,0.09469179240496535,0,0,0
4684,0.08763187457072108,0.08763187457072108,0,0,0
4685,0.09189039204073579,0.09189039204073579,0,0,0
4686,0.0995358808064147,0.0995358808064147,0,0,0
4687,0.09078213474468182,0.09078213474468182,0,0,0
4688,0.11040269936385907,0.11040269936385907,0,0,0
4689,0.09477354488090466,0.09477354488090466,0,0,0
4690,0.09153161403772078,0.09153161403772078,0,0,0
4691,0.09469975540904622,0.09469975540904622,0,0,0
4692,0.10142715334108002,0.10142715334108002,0,0,0
4693,0.08942029291861936,0.08942029291861936,0,0,0
4694,0.09446757757350017,0.09446757757350017,0,0,0
4695,0.09671843434242826,0.09671843434242826,0,0,0
4696,0.09126417064353039,0.09126417064353039,0,0,0
4697,0.09043640702178604,0.09043640702178604,0,0,0
4698,0.09284463573835398,0.09284463573835398,0,0,0
4699,0.09186868791125323,0.09186868791125323,0,0,0
4700,0.09230220837420539,0.09230220837420539,0,0,0
4701,0.0964222316090998,0.0964222316090998,0,0,0
4702,0.08633309847822315,0.08633309847822315,0,0,0
4703,0.08839876900770162,0.08839876900770162,0,0,0
4704,0.08932248150047503,0.08932248150047503,0,0,0
4705,0.08640101924538612,0.08640101924538612,0,0,0
4706,0.09565666808109534,0.09565666808109534,0,0,0
4707,0.09097916681907679,0.09097916681907679,0,0,0
4708,0.09032154887130386,0.09032154887130386,0,0,0
4709,0.09654435270318859,0.09654435270318859,0,0,0
4710,0.09633945850165267,0.09633945850165267,0,0,0
4711,0.08940226780740838,0.08940226780740838,0,0,0
4712,0.09337011136506733,0.09337011136506733,0,0,0
4713,0.09971301404661254,0.09971301404661254,0,0,0
4714,0.09465748061867137,0.09465748061867137,0,0,0
4715,0.09071393605125577,0.09071393605125577,0,0,0
4716,0.0941886879307659,0.0941886879307659,0,0,0
4717,0.09899517413424819,0.09899517413424819,0,0,0
4718,0.08918817262900502,0.08918817262900502,0,0,0
4719,0.09171926161568415,0.09171926161568415,0,0,0
4720,0.09139252101120196,0.09139252101120196,0,0,0
4721,0.09392177686095238,0.09392177686095238,0,0,0
4722,0.09497353081640444,0.09497353081640444,0,0,0
4723,0.08842410705983639,0.08842410705983639,0,0,0
4724,0.08649902761374649,0.08649902761374649,0,0,0
4725,0.09761485467223745,0.09761485467223745,0,0,0
4726,0.08803443326369713,0.08803443326369713,0,0,0
4727,0.08735192400452338,0.08735192400452338,0,0,0
4728,0.08973083850976668,0.08973083850976668,0,0,0
4729,0.09430285053033578,0.09430285053033578,0,0,0
4730,0.08984129728847429,0.08984129728847429,0,0,0
4731,0.09261857061401794,0.09261857061401794,0,0,0
4732,0.09256993136123608,0.09256993136123608,0,0,0
4733,0.09182148730676425,0.09182148730676425,0,0,0
4734,0.09284095554367493,0.09284095554367493,0,0,0
4735,0.09152072726895935,0.09152072726895935,0,0,0
4736,0.09217922664002369,0.09217922664002369,0,0,0
4737,0.09885554554823198,0.09885554554823198,0,0,0
4738,0.08863322985799689,0.08863322985799689,0,0,0
4739,0.09026807870127652,0.09026807870127652,0,0,0
4740,0.09135998873726318,0.09135998873726318,0,0,0
4741,0.08725271717106041,0.08725271717106041,0,0,0
4742,0.08914442830964138,0.08914442830964138,0,0,0
4743,0.08780444001680926,0.08780444001680926,0,0,0
4744,0.0927952490746975,0.0927952490746975,0,0,0
4745,0.10349919803832706,0.10349919803832706,0,0,0
4746,0.08725537634209583,0.08725537634209583,0,0,0
4747,0.08706915055058505,0.08706915055058505,0,0,0
4748,0.09204548744386748,0.09204548744386748,0,0,0
4749,0.09251775376890835,0.09251775376890835,0,0,0
4750,0.08762914167815133,0.08762914167815133,0,0,0
4751,0.09589334489091446,0.09589334489091446,0,0,0
4752,0.09350992601953055,0.09350992601953055,0,0,0
4753,0.08776987736162387,0.08776987736162387,0,0,0
4754,0.08728106133639812,0.08728106133639812,0,0,0
4755,0.09332995116710663,0.09332995116710663,0,0,0
4756,0.09055085391982605,0.09055085391982605,0,0,0
4757,0.08849407771700307,0.08849407771700307,0,0,0
4758,0.09587873028297174,0.09587873028297174,0,0,0
4759,0.09582523727103283,0.09582523727103283,0,0,0
4760,0.08827977823583703,0.08827977823583703,0,0,0
4761,0.09183310531079769,0.09183310531079769,0,0,0
4762,0.0873282148845886,0.0873282148845886,0,0,0
4763,0.0893767916254307,0.0893767916254307,0,0,0
4764,0.09987852045972097,0.09987852045972097,0,0,0
4765,0.0883002189037047,0.0883002189037047,0,0,0
4766,0.0906686500499123,0.0906686500499123,0,0,0
4767,0.08837857097387314,0.08837857097387314,0,0,0
4768,0.08283665442937299,0.08283665442937299,0,0,0
4769,0.0881336102948377,0.0881336102948377,0,0,0
4770,0.09071178587251588,0.09071178587251588,0,0,0
4771,0.08898858745631419,0.08898858745631419,0,0,0
4772,0.09153705668684683,0.09153705668684683,0,0,0
4773,0.09933111728414108,0.09933111728414108,0,0,0
4774,0.08859511317783281,0.08859511317783281,0,0,0
4775,0.08602070769197062,0.08602070769197062,0,0,0
4776,0.08865850261951748,0.08865850261951748,0,0,0
4777,0.0939558735607486,0.0939558735607486,0,0,0
4778,0.11585640436724613,0.11585640436724613,0,0,0
4779,0.09228001652579558,0.09228001652579558,0,0,0
4780,0.09534919507017262,0.09534919507017262,0,0,0
4781,0.08675485692526165,0.08675485692526165,0,0,0
4782,0.09912006566791158,0.09912006566791158,0,0,0
4783,0.08543348518249236,0.08543348518249236,0,0,0
4784,0.0902785211801529,0.0902785211801529,0,0,0
4785,0.09775179310848839,0.09775179310848839,0,0,0
4786,0.08943689173381579,0.08943689173381579,0,0,0
4787,0.08858487882504337,0.08858487882504337,0,0,0
4788,0.09356725235518656,0.09356725235518656,0,0,0
4789,0.08860749378800392,0.08860749378800392,0,0,0
4790,0.09030888043344021,0.09030888043344021,0,0,0
4791,0.08662965295738295,0.08662965295738295,0,0,0
4792,0.1063118154477132,0.1063118154477132,0,0,0
4793,0.09460831237466712,0.09460831237466712,0,0,0
4794,0.087576422448221,0.087576422448221,0,0,0
4795,0.09154283343569229,0.09154283343569229,0,0,0
4796,0.08844229971107684,0.08844229971107684,0,0,0
4797,0.10254892040240138,0.10254892040240138,0,0,0
4798,0.08662573032473263,0.08662573032473263,0,0,0
4799,0.08975396570014327,0.08975396570014327,0,0,0
4800,0.09322575499352656,0.09322575499352656,0,0,0
4801,0.09204653297599993,0.09204653297599993,0,0,0
4802,0.09582166040414258,0.09582166040414258,0,0,0
4803,0.09075520746409893,0.09075520746409893,0,0,0
4804,0.08941694986271231,0.08941694986271231,0,0,0
4805,0.08582904532943901,0.08582904532943901,0,0,0
4806,0.08832910960834277,0.08832910960834277,0,0,0
4807,0.08949971718615607,0.08949971718615607,0,0,0
4808,0.09000476243856706,0.09000476243856706,0,0,0
4809,0.0860373184673096,0.0860373184673096,0,0,0
4810,0.08590441422635003,0.08590441422635003,0,0,0
4811,0.0889217447685568,0.0889217447685568,0,0,0
4812,0.08539837020400323,0.08539837020400323,0,0,0
4813,0.09006857421053083,0.09006857421053083,0,0,0
4814,0.09524574483695783,0.09524574483695783,0,0,0
4815,0.0921220379440408,0.0921220379440408,0,0,0
4816,0.09285591934856616,0.09285591934856616,0,0,0
4817,0.08999590624712016,0.08999590624712016,0,0,0
4818,0.0900678038597107,0.0900678038597107,0,0,0
4819,0.08940992357307359,0.08940992357307359,0,0,0
4820,0.09377044615776915,0.09377044615776915,0,0,0
4821,0.0908488309697101,0.0908488309697101,0,0,0
4822,0.09128115483020481,0.09128115483020481,0,0,0
4823,0.09376538481171194,0.09376538481171194,0,0,0
4824,0.0929362092559275,0.0929362092559275,0,0,0
4825,0.09224465440370534,0.09224465440370534,0,0,0
4826,0.08611280069147285,0.08611280069147285,0,0,0
4827,0.09181747026741505,0.09181747026741505,0,0,0
4828,0.09144539425247594,0.09144539425247594,0,0,0
4829,0.093355086485022,0.093355086485022,0,0,0
4830,0.09123105594986364,0.09123105594986364,0,0,0
4831,0.0926891558460499,0.0926891558460499,0,0,0
4832,0.0925840824646385,0.0925840824646385,0,0,0
4833,0.0882780272513628,0.0882780272513628,0,0,0
4834,0.12960608921160824,0.12960608921160824,0,0,0
4835,0.088371687911843,0.088371687911843,0,0,0
4836,0.09445754624903202,0.09445754624903202,0,0,0
4837,0.0927845524918092,0.0927845524918092,0,0,0
4838,0.08838946842833569,0.08838946842833569,0,0,0
4839,0.08908706168202978,0.08908706168202978,0,0,0
4840,0.08505353684488096,0.08505353684488096,0,0,0
4841,0.09525623623477786,0.09525623623477786,0,0,0
4842,0.0925826924411874,0.0925826924411874,0,0,0
4843,0.0884297196998408,0.0884297196998408,0,0,0
4844,0.08809108610608075,0.08809108610608075,0,0,0
4845,0.09026805046749742,0.09026805046749742,0,0,0
4846,0.0881030861484377,0.0881030861484377,0,0,0
4847,0.0925966240465641,0.0925966240465641,0,0,0
4848,0.10353080467566063,0.10353080467566063,0,0,0
4849,0.10611099681179774,0.10611099681179774,0,0,0
4850,0.09489311640591998,0.09489311640591998,0,0,0
4851,0.09560555484341948,0.09560555484341948,0,0,0
4852,0.10033484685577844,0.10033484685577844,0,0,0
4853,0.08899370227989398,0.08899370227989398,0,0,0
4854,0.10120931444199462,0.10120931444199462,0,0,0
4855,0.08879667226421206,0.08879667226421206,0,0,0
4856,0.0893376092181394,0.0893376092181394,0,0,0
4857,0.09430160000920296,0.09430160000920296,0,0,0
4858,0.09580003754480888,0.09580003754480888,0,0,0
4859,0.09497511945664883,0.09497511945664883,0,0,0
4860,0.08902062436467723,0.08902062436467723,0,0,0
4861,0.09024745245513163,0.09024745245513163,0,0,0
4862,0.09274154352514367,0.09274154352514367,0,0,0
4863,0.08882174964405988,0.08882174964405988,0,0,0
4864,0.0917887095558016,0.0917887095558016,0,0,0
4865,0.09126534450211023,0.09126534450211023,0,0,0
4866,0.08941428931920152,0.08941428931920152,0,0,0
4867,0.09211347448198419,0.09211347448198419,0,0,0
4868,0.09089495839649125,0.09089495839649125,0,0,0
4869,0.08708164723295915,0.08708164723295915,0,0,0
4870,0.09474076781617968,0.09474076781617968,0,0,0
4871,0.08983310733578707,0.08983310733578707,0,0,0
4872,0.09357445304723162,0.09357445304723162,0,0,0
4873,0.0862106293635933,0.0862106293635933,0,0,0
4874,0.0913581607961341,0.0913581607961341,0,0,0
4875,0.08876287192106247,0.08876287192106247,0,0,0
4876,0.09094864561369545,0.09094864561369545,0,0,0
4877,0.08918579824660954,0.08918579824660954,0,0,0
4878,0.09092212135070249,0.09092212135070249,0,0,0
4879,0.08668639687331099,0.08668639687331099,0,0,0
4880,0.09467869977417745,0.09467869977417745,0,0,0
4881,0.09028184698208382,0.09028184698208382,0,0,0
4882,0.08848829273330538,0.08848829273330538,0,0,0
4883,0.0900497792386695,0.0900497792386695,0,0,0
4884,0.08858279158410273,0.08858279158410273,0,0,0
4885,0.0866314209997654,0.0866314209997654,0,0,0
4886,0.09010662981554081,0.09010662981554081,0,0,0
4887,0.0930012397860226,0.0930012397860226,0,0,0
4888,0.08857052665399878,0.08857052665399878,0,0,0
4889,0.0998239252520235,0.0998239252520235,0,0,0
4890,0.08462899756666861,0.08462899756666861,0,0,0
4891,0.09173253276630451,0.09173253276630451,0,0,0
4892,0.08586738327224004,0.08586738327224004,0,0,0
4893,0.08900592211437852,0.08900592211437852,0,0,0
4894,0.08840215882580531,0.08840215882580531,0,0,0
4895,0.09636108547841248,0.09636108547841248,0,0,0
4896,0.0837099431572776,0.0837099431572776,0,0,0
4897,0.08810168789013435,0.08810168789013435,0,0,0
4898,0.092162551750478,0.092162551750478,0,0,0
4899,0.0891299440868591,0.0891299440868591,0,0,0
4900,0.08892610002505152,0.08892610002505152,0,0,0
4901,0.09337421045883705,0.09337421045883705,0,0,0
4902,0.08321929536759853,0.08321929536759853,0,0,0
4903,0.08790181567402262,0.08790181567402262,0,0,0
4904,0.0920230041405088,0.0920230041405088,0,0,0
4905,0.09203527309000492,0.09203527309000492,0,0,0
4906,0.0899382684575884,0.0899382684575884,0,0,0
4907,0.09443297090106889,0.09443297090106889,0,0,0
4908,0.08860233994690996,0.08860233994690996,0,0,0
4909,0.08872672807621329,0.08872672807621329,0,0,0
4910,0.08839594347304419,0.08839594347304419,0,0,0
4911,0.08842292555460804,0.08842292555460804,0,0,0
4912,0.08573740161955357,0.08573740161955357,0,0,0
4913,0.08034510253683518,0.08034510253683518,0,0,0
4914,0.09207626824316226,0.09207626824316226,0,0,0
4915,0.0962476147044646,0.0962476147044646,0,0,0
4916,0.09844552274597318,0.09844552274597318,0,0,0
4917,0.09390450886597759,0.09390450886597759,0,0,0
4918,0.08403839465034635,0.08403839465034635,0,0,0
4919,0.08687351496988222,0.08687351496988222,0,0,0
4920,0.09245709261219752,0.09245709261219752,0,0,0
4921,0.09205900867910762,0.09205900867910762,0,0,0
4922,0.08821995899473366,0.08821995899473366,0,0,0
4923,0.0912771470060474,0.0912771470060474,0,0,0
4924,0.1174792225815748,0.1174792225815748,0,0,0
4925,0.09238968358228081,0.09238968358228081,0,0,0
4926,0.08848466694747147,0.08848466694747147,0,0,0
4927,0.09343573039299563,0.09343573039299563,0,0,0
4928,0.0901261747471596,0.0901261747471596,0,0,0
4929,0.09164376449035971,0.09164376449035971,0,0,0
4930,0.09418365388716522,0.09418365388716522,0,0,0
4931,0.09034253049053644,0.09034253049053644,0,0,0
4932,0.0946390324909436,0.0946390324909436,0,0,0
4933,0.08871118881200489,0.08871118881200489,0,0,0
4934,0.0881940090146504,0.0881940090146504,0,0,0
4935,0.08818756887002994,0.08818756887002994,0,0,0
4936,0.08298992973409201,0.08298992973409201,0,0,0
4937,0.08926071726570003,0.08926071726570003,0,0,0
4938,0.0951540967155444,0.0951540967155444,0,0,0
4939,0.09339304386000884,0.09339304386000884,0,0,0
4940,0.09089832488251359,0.09089832488251359,0,0,0
4941,0.08934221475532181,0.08934221475532181,0,0,0
4942,0.09083716541920837,0.09083716541920837,0,0,0
4943,0.08845586780654757,0.08845586780654757,0,0,0
4944,0.08745565304630681,0.08745565304630681,0,0,0
4945,0.08723456579211511,0.08723456579211511,0,0,0
4946,0.08906207498359053,0.08906207498359053,0,0,0
4947,0.08977779177458663,0.08977779177458663,0,0,0
4948,0.09169110881262704,0.09169110881262704,0,0,0
4949,0.08788994836964105,0.08788994836964105,0,0,0
4950,0.08427622090829046,0.08427622090829046,0,0,0
4951,0.08828644091753583,0.08828644091753583,0,0,0
4952,0.08811193596767752,0.08811193596767752,0,0,0
4953,0.08585084621843539,0.08585084621843539,0,0,0
4954,0.0884765793422335,0.0884765793422335,0,0,0
4955,0.10223731016250033,0.10223731016250033,0,0,0
4956,0.09053367219473187,0.09053367219473187,0,0,0
4957,0.09095295577457077,0.09095295577457077,0,0,0
4958,0.13322631397137516,0.13322631397137516,0,0,0
4959,0.0964353064957418,0.0964353064957418,0,0,0
4960,0.09060381813661049,0.09060381813661049,0,0,0
4961,0.09789347717244375,0.09789347717244375,0,0,0
4962,0.08981893211603165,0.08981893211603165,0,0,0
4963,0.09448673213390928,0.09448673213390928,0,0,0
4964,0.0928008915170243,0.0928008915170243,0,0,0
4965,0.09127658723216307,0.09127658723216307,0,0,0
4966,0.08865176974550674,0.08865176974550674,0,0,0
4967,0.08677805734700278,0.08677805734700278,0,0,0
4968,0.08753030835405777,0.08753030835405777,0,0,0
4969,0.08947298528724595,0.08947298528724595,0,0,0
4970,0.08175098974453776,0.08175098974453776,0,0,0
4971,0.09559974329251993,0.09559974329251993,0,0,0
4972,0.08774414011522343,0.08774414011522343,0,0,0
4973,0.08818187594021622,0.08818187594021622,0,0,0
4974,0.09138683474769718,0.09138683474769718,0,0,0
4975,0.09044658627949263,0.09044658627949263,0,0,0
4976,0.0874386436649059,0.0874386436649059,0,0,0
4977,0.08539242905221488,0.08539242905221488,0,0,0
4978,0.09472498150640413,0.09472498150640413,0,0,0
4979,0.08931572205926243,0.08931572205926243,0,0,0
4980,0.08868803083896637,0.08868803083896637,0,0,0
4981,0.1277634570080983,0.1277634570080983,0,0,0
4982,0.0857275953810466,0.0857275953810466,0,0,0
4983,0.09364640359815798,0.09364640359815798,0,0,0
4984,0.09299318747300851,0.09299318747300851,0,0,0
4985,0.0982356250874306,0.0982356250874306,0,0,0
4986,0.09995860449577633,0.09995860449577633,0,0,0
4987,0.08675788284132355,0.08675788284132355,0,0,0
4988,0.08499836431522119,0.08499836431522119,0,0,0
4989,0.0833281954064181,0.0833281954064181,0,0,0
4990,0.08849404928715605,0.08849404928715605,0,0,0
4991,0.09200070533705385,0.09200070533705385,0,0,0
4992,0.0964905096119956,0.0964905096119956,0,0,0
4993,0.09385121084357563,0.09385121084357563,0,0,0
4994,0.08747980214263264,0.08747980214263264,0,0,0
4995,0.0914925261351623,0.0914925261351623,0,0,0
4996,0.0930115188422956,0.0930115188422956,0,0,0
4997,0.08941140182708439,0.08941140182708439,0,0,0
4998,0.09286964204358428,0.09286964204358428,0,0,0
4999,0.09355914004539188,0.09355914004539188,0,0,0
5000,0.09417966831671565,0.09417966831671565,0,0,0
5001,0.08924503173483045,0.08924503173483045,0,0,0
5002,0.0899483259571226,0.0899483259571226,0,0,0
5003,0.08924192474468758,0.08924192474468758,0,0,0
5004,0.09227973879560043,0.09227973879560043,0,0,0
5005,0.08751279125480275,0.08751279125480275,0,0,0
5006,0.09392891285058699,0.09392891285058699,0,0,0
5007,0.08972984522973236,0.08972984522973236,0,0,0
5008,0.09070507662468835,0.09070507662468835,0,0,0
5009,0.0889529220171665,0.0889529220171665,0,0,0
5010,0.0924138535598391,0.0924138535598391,0,0,0
5011,0.09132243830122445,0.09132243830122445,0,0,0
5012,0.09048372360044404,0.09048372360044404,0,0,0
5013,0.08919981759237616,0.08919981759237616,0,0,0
5014,0.0879631589509939,0.0879631589509939,0,0,0
5015,0.08865158593184069,0.08865158593184069,0,0,0
5016,0.09139435248155343,0.09139435248155343,0,0,0
5017,0.08725296882422347,0.08725296882422347,0,0,0
5018,0.09264207405871466,0.09264207405871466,0,0,0
5019,0.08856178565244925,0.08856178565244925,0,0,0
5020,0.09970784795127417,0.09970784795127417,0,0,0
5021,0.09152660116945442,0.09152660116945442,0,0,0
5022,0.09185837444506194,0.09185837444506194,0,0,0
5023,0.08755211443885376,0.08755211443885376,0,0,0
5024,0.08916356836102511,0.08916356836102511,0,0,0
5025,0.08991461021727637,0.08991461021727637,0,0,0
5026,0.08694535974217088,0.08694535974217088,0,0,0
5027,0.09203763512012206,0.09203763512012206,0,0,0
5028,0.0963587255070084,0.0963587255070084,0,0,0
5029,0.09246253379081425,0.09246253379081425,0,0,0
5030,0.08506177522634205,0.08506177522634205,0,0,0
5031,0.09100004824760713,0.09100004824760713,0,0,0
5032,0.088560266812381,0.088560266812381,0,0,0
5033,0.08291240507050564,0.08291240507050564,0,0,0
5034,0.08624807676594508,0.08624807676594508,0,0,0
5035,0.08840434370856536,0.08840434370856536,0,0,0
5036,0.08536689395183011,0.08536689395183011,0,0,0
5037,0.08725502459626448,0.08725502459626448,0,0,0
5038,0.08493699623565924,0.08493699623565924,0,0,0
5039,0.08475763507579502,0.08475763507579502,0,0,0
5040,0.08448658393401849,0.08448658393401849,0,0,0
5041,0.09056075054563974,0.09056075054563974,0,0,0
5042,0.08779101358040382,0.08779101358040382,0,0,0
5043,0.09113387361560997,0.09113387361560997,0,0,0
5044,0.09323500626181301,0.09323500626181301,0,0,0
5045,0.0851028016523311,0.0851028016523311,0,0,0
5046,0.08382218027193296,0.08382218027193296,0,0,0
5047,0.08699043075505056,0.08699043075505056,0,0,0
5048,0.08622309094981144,0.08622309094981144,0,0,0
5049,0.08972699812760479,0.08972699812760479,0,0,0
5050,0.0823210347443819,0.0823210347443819,0,0,0
5051,0.08460652720379203,0.08460652720379203,0,0,0
5052,0.08718239231721352,0.08718239231721352,0,0,0
5053,0.08648670837283134,0.08648670837283134,0,0,0
5054,0.09010862068910348,0.09010862068910348,0,0,0
5055,0.08624489017223057,0.08624489017223057,0,0,0
5056,0.08865907847097046,0.08865907847097046,0,0,0
5057,0.08736095675512363,0.08736095675512363,0,0,0
5058,0.0898784420600063,0.0898784420600063,0,0,0
5059,0.09139695430272504,0.09139695430272504,0,0,0
5060,0.09159199207236893,0.09159199207236893,0,0,0
5061,0.09911111467762997,0.09911111467762997,0,0,0
5062,0.09443181390432935,0.09443181390432935,0,0,0
5063,0.08911784875549768,0.08911784875549768,0,0,0
5064,0.09186973550209873,0.09186973550209873,0,0,0
5065,0.08570026890619804,0.08570026890619804,0,0,0
5066,0.09163870456579484,0.09163870456579484,0,0,0
5067,0.0936734459706043,0.0936734459706043,0,0,0
5068,0.08777720971327078,0.08777720971327078,0,0,0
5069,0.08767615150856345,0.08767615150856345,0,0,0
5070,0.0872980521893815,0.0872980521893815,0,0,0
5071,0.09320138737951454,0.09320138737951454,0,0,0
5072,0.09183221829957083,0.09183221829957083,0,0,0
5073,0.08719785874219317,0.08719785874219317,0,0,0
5074,0.09230589572536319,0.09230589572536319,0,0,0
5075,0.08420620152824804,0.08420620152824804,0,0,0
5076,0.08793147447469987,0.08793147447469987,0,0,0
5077,0.08690968577406909,0.08690968577406909,0,0,0
5078,0.08373980665285337,0.08373980665285337,0,0,0
5079,0.08824507588226545,0.08824507588226545,0,0,0
5080,0.08858625649621613,0.08858625649621613,0,0,0
5081,0.08301310878443091,0.08301310878443091,0,0,0
5082,0.0952423382550478,0.0952423382550478,0,0,0
5083,0.08916343974047586,0.08916343974047586,0,0,0
5084,0.0874271512423691,0.0874271512423691,0,0,0
5085,0.09146637116607867,0.09146637116607867,0,0,0
5086,0.0871199332177639,0.0871199332177639,0,0,0
5087,0.08385703389189746,0.08385703389189746,0,0,0
5088,0.08639737679377983,0.08639737679377983,0,0,0
5089,0.09006294137553165,0.09006294137553165,0,0,0
5090,0.0939611762173866,0.0939611762173866,0,0,0
5091,0.090238543129281,0.090238543129281,0,0,0
5092,0.09450096597796992,0.09450096597796992,0,0,0
5093,0.08967224655574874,0.08967224655574874,0,0,0
5094,0.12182797070004438,0.12182797070004438,0,0,0
5095,0.0861917655718954,0.0861917655718954,0,0,0
5096,0.08663710226353846,0.08663710226353846,0,0,0
5097,0.09038707545321238,0.09038707545321238,0,0,0
5098,0.08245494344124668,0.08245494344124668,0,0,0
5099,0.08859394451505259,0.08859394451505259,0,0,0
5100,0.08908564107198465,0.08908564107198465,0,0,0
5101,0.08590132066685903,0.08590132066685903,0,0,0
5102,0.088165256930025,0.088165256930025,0,0,0
5103,0.08365293523590815,0.08365293523590815,0,0,0
5104,0.08726004167999092,0.08726004167999092,0,0,0
5105,0.08629001069225763,0.08629001069225763,0,0,0
5106,0.09202737116107815,0.09202737116107815,0,0,0
5107,0.08931479818726841,0.08931479818726841,0,0,0
5108,0.09496214593711652,0.09496214593711652,0,0,0
5109,0.09459111643464942,0.09459111643464942,0,0,0
5110,0.084725655027126,0.084725655027126,0,0,0
5111,0.09129399590586361,0.09129399590586361,0,0,0
5112,0.08478640921806034,0.08478640921806034,0,0,0
5113,0.08636970023967717,0.08636970023967717,0,0,0
5114,0.0854516447962899,0.0854516447962899,0,0,0
5115,0.09039945841619842,0.09039945841619842,0,0,0
5116,0.0836761846746269,0.0836761846746269,0,0,0
5117,0.08777914451141107,0.08777914451141107,0,0,0
5118,0.08256135626058829,0.08256135626058829,0,0,0
5119,0.08676781024979918,0.08676781024979918,0,0,0
5120,0.0956497585498973,0.0956497585498973,0,0,0
5121,0.08710197075025032,0.08710197075025032,0,0,0
5122,0.08407468456578882,0.08407468456578882,0,0,0
5123,0.0889658683812932,0.0889658683812932,0,0,0
5124,0.09409040545946673,0.09409040545946673,0,0,0
5125,0.0863067856744716,0.0863067856744716,0,0,0
5126,0.08794025939546134,0.08794025939546134,0,0,0
5127,0.08518398700183943,0.08518398700183943,0,0,0
5128,0.08848699927330017,0.08848699927330017,0,0,0
5129,0.08203601484235964,0.08203601484235964,0,0,0
5130,0.08385150860014715,0.08385150860014715,0,0,0
5131,0.08331084731770189,0.08331084731770189,0,0,0
5132,0.08931102956596174,0.08931102956596174,0,0,0
5133,0.08789776030339692,0.08789776030339692,0,0,0
5134,0.08778762337016432,0.08778762337016432,0,0,0
5135,0.09814581784762834,0.09814581784762834,0,0,0
5136,0.08871769993320892,0.08871769993320892,0,0,0
5137,0.08909714898388636,0.08909714898388636,0,0,0
5138,0.08442178407782003,0.08442178407782003,0,0,0
5139,0.0869214883760402,0.0869214883760402,0,0,0
5140,0.09026466682553291,0.09026466682553291,0,0,0
5141,0.08627485817200259,0.08627485817200259,0,0,0
5142,0.08762026764452457,0.08762026764452457,0,0,0
5143,0.08241535242843001,0.08241535242843001,0,0,0
5144,0.11493893065734913,0.11493893065734913,0,0,0
5145,0.08999816740029737,0.08999816740029737,0,0,0
5146,0.08184371447484744,0.08184371447484744,0,0,0
5147,0.08683577846539647,0.08683577846539647,0,0,0
5148,0.08486926526223358,0.08486926526223358,0,0,0
5149,0.08676638669873539,0.08676638669873539,0,0,0
5150,0.08721294773644522,0.08721294773644522,0,0,0
5151,0.09102852328827507,0.09102852328827507,0,0,0
5152,0.08906712069323189,0.08906712069323189,0,0,0
5153,0.09149301963809289,0.09149301963809289,0,0,0
5154,0.08622362474469762,0.08622362474469762,0,0,0
5155,0.08634781945300729,0.08634781945300729,0,0,0
5156,0.08528411270756471,0.08528411270756471,0,0,0
5157,0.08761726408020447,0.08761726408020447,0,0,0
5158,0.08773340657353401,0.08773340657353401,0,0,0
5159,0.09438857642051421,0.09438857642051421,0,0,0
5160,0.08435947938184989,0.08435947938184989,0,0,0
5161,0.08546960128373221,0.08546960128373221,0,0,0
5162,0.08578175051431906,0.08578175051431906,0,0,0
5163,0.08295984350536999,0.08295984350536999,0,0,0
5164,0.08418470542681844,0.08418470542681844,0,0,0
5165,0.08543765789976246,0.08543765789976246,0,0,0
5166,0.09455391696017039,0.09455391696017039,0,0,0
5167,0.08710887087018866,0.08710887087018866,0,0,0
5168,0.08575262982202203,0.08575262982202203,0,0,0
5169,0.08732233765093904,0.08732233765093904,0,0,0
5170,0.0892578775161191,0.0892578775161191,0,0,0
5171,0.08594508145592715,0.08594508145592715,0,0,0
5172,0.09133736132399033,0.09133736132399033,0,0,0
5173,0.09343406597250387,0.09343406597250387,0,0,0
5174,0.09424272189406972,0.09424272189406972,0,0,0
5175,0.08907322124823143,0.08907322124823143,0,0,0
5176,0.08613361898613603,0.08613361898613603,0,0,0
5177,0.09103992022573948,0.09103992022573948,0,0,0
5178,0.08986884179083925,0.08986884179083925,0,0,0
5179,0.09163934521769222,0.09163934521769222,0,0,0
5180,0.09224960786339484,0.09224960786339484,0,0,0
5181,0.08664688222894543,0.08664688222894543,0,0,0
5182,0.0898710286342784,0.0898710286342784,0,0,0
5183,0.0869528035584249,0.0869528035584249,0,0,0
5184,0.08842189982533455,0.08842189982533455,0,0,0
5185,0.0862045468468415,0.0862045468468415,0,0,0
5186,0.08766389853860203,0.08766389853860203,0,0,0
5187,0.08391478236176465,0.08391478236176465,0,0,0
5188,0.08930380367919018,0.08930380367919018,0,0,0
5189,0.09101484137538232,0.09101484137538232,0,0,0
5190,0.08557974213832303,0.08557974213832303,0,0,0
5191,0.09497579951819621,0.09497579951819621,0,0,0
5192,0.09163489104493668,0.09163489104493668,0,0,0
5193,0.09173263776067056,0.09173263776067056,0,0,0
5194,0.08754907862136238,0.08754907862136238,0,0,0
5195,0.09933960378954285,0.09933960378954285,0,0,0
5196,0.09509849283648164,0.09509849283648164,0,0,0
5197,0.09340513752479303,0.09340513752479303,0,0,0
5198,0.08564125275925587,0.08564125275925587,0,0,0
5199,0.08538701473490189,0.08538701473490189,0,0,0
5200,0.11711474939396507,0.11711474939396507,0,0,0
5201,0.09229660161623829,0.09229660161623829,0,0,0
5202,0.0843578408423223,0.0843578408423223,0,0,0
5203,0.09594558846009404,0.09594558846009404,0,0,0
5204,0.0870097907946298,0.0870097907946298,0,0,0
5205,0.08900668148539569,0.08900668148539569,0,0,0
5206,0.08764753206387947,0.08764753206387947,0,0,0
5207,0.09524015013716723,0.09524015013716723,0,0,0
5208,0.0856869342295747,0.0856869342295747,0,0,0
5209,0.08806857437287506,0.08806857437287506,0,0,0
5210,0.08990257223577876,0.08990257223577876,0,0,0
5211,0.08752297962966718,0.08752297962966718,0,0,0
5212,0.08321182086671654,0.08321182086671654,0,0,0
5213,0.08631199529688609,0.08631199529688609,0,0,0
5214,0.0820927326812556,0.0820927326812556,0,0,0
5215,0.09721859583729192,0.09721859583729192,0,0,0
5216,0.087653391847485,0.087653391847485,0,0,0
5217,0.08705235311859533,0.08705235311859533,0,0,0
5218,0.10098479864628691,0.10098479864628691,0,0,0
5219,0.09070153554019175,0.09070153554019175,0,0,0
5220,0.08338493422458046,0.08338493422458046,0,0,0
5221,0.08593483778991197,0.08593483778991197,0,0,0
5222,0.11097587909745543,0.11097587909745543,0,0,0
5223,0.08634113912519656,0.08634113912519656,0,0,0
5224,0.08840730129496048,0.08840730129496048,0,0,0
5225,0.08849145119127474,0.08849145119127474,0,0,0
5226,0.09300044600508715,0.09300044600508715,0,0,0
5227,0.0869225600832387,0.0869225600832387,0,0,0
5228,0.08732432558348305,0.08732432558348305,0,0,0
5229,0.08757839998916576,0.08757839998916576,0,0,0
5230,0.08718724225304629,0.08718724225304629,0,0,0
5231,0.08882374032155464,0.08882374032155464,0,0,0
5232,0.08339701230196576,0.08339701230196576,0,0,0
5233,0.08378503030460131,0.08378503030460131,0,0,0
5234,0.0918677874693745,0.0918677874693745,0,0,0
5235,0.08794193714857101,0.08794193714857101,0,0,0
5236,0.08750544449216441,0.08750544449216441,0,0,0
5237,0.07970499443380456,0.07970499443380456,0,0,0
5238,0.08824239533982779,0.08824239533982779,0,0,0
5239,0.08523852270292609,0.08523852270292609,0,0,0
5240,0.08859444968402386,0.08859444968402386,0,0,0
5241,0.08678918655373548,0.08678918655373548,0,0,0
5242,0.08331348384289365,0.08331348384289365,0,0,0
5243,0.08608537794728029,0.08608537794728029,0,0,0
5244,0.08680657954200317,0.08680657954200317,0,0,0
5245,0.08805459639743755,0.08805459639743755,0,0,0
5246,0.09456914163341648,0.09456914163341648,0,0,0
5247,0.08715024512065084,0.08715024512065084,0,0,0
5248,0.08289115356379434,0.08289115356379434,0,0,0
5249,0.09114524222126133,0.09114524222126133,0,0,0
5250,0.08573530535948903,0.08573530535948903,0,0,0
5251,0.08530426544970587,0.08530426544970587,0,0,0
5252,0.08545476619742419,0.08545476619742419,0,0,0
5253,0.08586377905387628,0.08586377905387628,0,0,0
5254,0.08932352703260749,0.08932352703260749,0,0,0
5255,0.08385631010720604,0.08385631010720604,0,0,0
5256,0.10020418043591474,0.10020418043591474,0,0,0
5257,0.08625411104999091,0.08625411104999091,0,0,0
5258,0.08613736613800652,0.08613736613800652,0,0,0
5259,0.08673956666729953,0.08673956666729953,0,0,0
5260,0.08658329103338092,0.08658329103338092,0,0,0
5261,0.08552480077272967,0.08552480077272967,0,0,0
5262,0.08424445212279495,0.08424445212279495,0,0,0
5263,0.09134590165003349,0.09134590165003349,0,0,0
5264,0.08285860962381489,0.08285860962381489,0,0,0
5265,0.08330895712501124,0.08330895712501124,0,0,0
5266,0.08354524346558671,0.08354524346558671,0,0,0
5267,0.08322979343172751,0.08322979343172751,0,0,0
5268,0.08639970206116375,0.08639970206116375,0,0,0
5269,0.09090308158805496,0.09090308158805496,0,0,0
5270,0.08852917455921047,0.08852917455921047,0,0,0
5271,0.0865705237772904,0.0865705237772904,0,0,0
5272,0.0879316832870245,0.0879316832870245,0,0,0
5273,0.08200431105337645,0.08200431105337645,0,0,0
5274,0.09933007155594073,0.09933007155594073,0,0,0
5275,0.08605291802240045,0.08605291802240045,0,0,0
5276,0.08332137126279504,0.08332137126279504,0,0,0
5277,0.08471551115967725,0.08471551115967725,0,0,0
5278,0.08526268140657951,0.08526268140657951,0,0,0
5279,0.08607423158460542,0.08607423158460542,0,0,0
5280,0.08875797267415021,0.08875797267415021,0,0,0
5281,0.08469134574069788,0.08469134574069788,0,0,0
5282,0.08161668891185209,0.08161668891185209,0,0,0
5283,0.09739144303296741,0.09739144303296741,0,0,0
5284,0.09285023318309533,0.09285023318309533,0,0,0
5285,0.0830007622900762,0.0830007622900762,0,0,0
5286,0.09745112316388833,0.09745112316388833,0,0,0
5287,0.08566719568089436,0.08566719568089436,0,0,0
5288,0.08437020204177029,0.08437020204177029,0,0,0
5289,0.08456463670652163,0.08456463670652163,0,0,0
5290,0.0807462269930463,0.0807462269930463,0,0,0
5291,0.0935317394568732,0.0935317394568732,0,0,0
5292,0.08358850947728283,0.08358850947728283,0,0,0
5293,0.08382782791005938,0.08382782791005938,0,0,0
5294,0.09112360887229443,0.09112360887229443,0,0,0
5295,0.08235224061890652,0.08235224061890652,0,0,0
5296,0.08332670960379274,0.08332670960379274,0,0,0
5297,0.08909540495982296,0.08909540495982296,0,0,0
5298,0.09050872745482545,0.09050872745482545,0,0,0
5299,0.09237527366923659,0.09237527366923659,0,0,0
5300,0.09318638553744868,0.09318638553744868,0,0,0
5301,0.08895125945931986,0.08895125945931986,0,0,0
5302,0.08665234860228865,0.08665234860228865,0,0,0
5303,0.0950475788038028,0.0950475788038028,0,0,0
5304,0.08698401325627377,0.08698401325627377,0,0,0
5305,0.08786564888922792,0.08786564888922792,0,0,0
5306,0.08800150071711917,0.08800150071711917,0,0,0
5307,0.08836601439275239,0.08836601439275239,0,0,0
5308,0.08033975743149456,0.08033975743149456,0,0,0
5309,0.08504715179534335,0.08504715179534335,0,0,0
5310,0.09168493483019502,0.09168493483019502,0,0,0
5311,0.08611707212893586,0.08611707212893586,0,0,0
5312,0.08472259705396075,0.08472259705396075,0,0,0
5313,0.08496096465540559,0.08496096465540559,0,0,0
5314,0.08939590324696742,0.08939590324696742,0,0,0
5315,0.08122309630638674,0.08122309630638674,0,0,0
5316,0.08240239165331188,0.08240239165331188,0,0,0
5317,0.08288824293566377,0.08288824293566377,0,0,0
5318,0.13027359064864485,0.13027359064864485,0,0,0
5319,0.08119163671998601,0.08119163671998601,0,0,0
5320,0.0899768407015424,0.0899768407015424,0,0,0
5321,0.08503468442512185,0.08503468442512185,0,0,0
5322,0.08931883689212172,0.08931883689212172,0,0,0
5323,0.08792874246443573,0.08792874246443573,0,0,0
5324,0.08060085371528801,0.08060085371528801,0,0,0
5325,0.08417175533740144,0.08417175533740144,0,0,0
5326,0.08689402592809577,0.08689402592809577,0,0,0
5327,0.08187773804131307,0.08187773804131307,0,0,0
5328,0.08591564146703795,0.08591564146703795,0,0,0
5329,0.08787802557804082,0.08787802557804082,0,0,0
5330,0.08597892013035323,0.08597892013035323,0,0,0
5331,0.08148773730193314,0.08148773730193314,0,0,0
5332,0.09147819445321434,0.09147819445321434,0,0,0
5333,0.08775144148814051,0.08775144148814051,0,0,0
5334,0.08668315979210954,0.08668315979210954,0,0,0
5335,0.08463963670165915,0.08463963670165915,0,0,0
5336,0.0854610846819062,0.0854610846819062,0,0,0
5337,0.08377048334008769,0.08377048334008769,0,0,0
5338,0.09260177612304688,0.09260177612304688,0,0,0
5339,0.08447649839677308,0.08447649839677308,0,0,0
5340,0.08575212377074518,0.08575212377074518,0,0,0
5341,0.0856635691107888,0.0856635691107888,0,0,0
5342,0.08426533668841187,0.08426533668841187,0,0,0
5343,0.08561050636987937,0.08561050636987937,0,0,0
5344,0.09387183258015859,0.09387183258015859,0,0,0
5345,0.09668201443396117,0.09668201443396117,0,0,0
5346,0.08945560955295437,0.08945560955295437,0,0,0
5347,0.08447084095525115,0.08447084095525115,0,0,0
5348,0.08610739186406136,0.08610739186406136,0,0,0
5349,0.08570598820714574,0.08570598820714574,0,0,0
5350,0.09029950446596272,0.09029950446596272,0,0,0
5351,0.09022519766892258,0.09022519766892258,0,0,0
5352,0.0822734167113116,0.0822734167113116,0,0,0
5353,0.08820047435399733,0.08820047435399733,0,0,0
5354,0.08667829122982527,0.08667829122982527,0,0,0
5355,0.08156932635526908,0.08156932635526908,0,0,0
5356,0.08175147599295567,0.08175147599295567,0,0,0
5357,0.08244840075310908,0.08244840075310908,0,0,0
5358,0.08223552746992362,0.08223552746992362,0,0,0
5359,0.08761550848813433,0.08761550848813433,0,0,0
5360,0.08501621522009373,0.08501621522009373,0,0,0
5361,0.08195590286662705,0.08195590286662705,0,0,0
5362,0.08550429863757208,0.08550429863757208,0,0,0
5363,0.08301923218134202,0.08301923218134202,0,0,0
5364,0.0914504868223479,0.0914504868223479,0,0,0
5365,0.10684490517566078,0.10684490517566078,0,0,0
5366,0.09215765877773888,0.09215765877773888,0,0,0
5367,0.08496975134077825,0.08496975134077825,0,0,0
5368,0.08359160411514734,0.08359160411514734,0,0,0
5369,0.0864386232079644,0.0864386232079644,0,0,0
5370,0.09141178654604837,0.09141178654604837,0,0,0
5371,0.09466637406302125,0.09466637406302125,0,0,0
5372,0.084445422711341,0.084445422711341,0,0,0
5373,0.08903651184549458,0.08903651184549458,0,0,0
5374,0.08721526496504482,0.08721526496504482,0,0,0
5375,0.08261290349458393,0.08261290349458393,0,0,0
5376,0.08674072719326145,0.08674072719326145,0,0,0
5377,0.10112775274013218,0.10112775274013218,0,0,0
5378,0.0999045806299699,0.0999045806299699,0,0,0
5379,0.08808219893590401,0.08808219893590401,0,0,0
5380,0.08935750932677795,0.08935750932677795,0,0,0
5381,0.08788518784077544,0.08788518784077544,0,0,0
5382,0.09459599440819338,0.09459599440819338,0,0,0
5383,0.08679751894975964,0.08679751894975964,0,0,0
5384,0.08745439781954414,0.08745439781954414,0,0,0
5385,0.08918877563586361,0.08918877563586361,0,0,0
5386,0.08425316253775045,0.08425316253775045,0,0,0
5387,0.08772702907261096,0.08772702907261096,0,0,0
5388,0.08419158574389785,0.08419158574389785,0,0,0
5389,0.09222727278737645,0.09222727278737645,0,0,0
5390,0.08558247875618308,0.08558247875618308,0,0,0
5391,0.08136411981755182,0.08136411981755182,0,0,0
5392,0.09096400763251279,0.09096400763251279,0,0,0
5393,0.08514095744804333,0.08514095744804333,0,0,0
5394,0.08275294196056693,0.08275294196056693,0,0,0
5395,0.10872759836676874,0.10872759836676874,0,0,0
5396,0.08801361261621903,0.08801361261621903,0,0,0
5397,0.08246472026956708,0.08246472026956708,0,0,0
5398,0.08724193020086539,0.08724193020086539,0,0,0
5399,0.08630105333500787,0.08630105333500787,0,0,0
5400,0.08677284243075471,0.08677284243075471,0,0,0
5401,0.08616127279636107,0.08616127279636107,0,0,0
5402,0.08355475658256757,0.08355475658256757,0,0,0
5403,0.0843257108017018,0.0843257108017018,0,0,0
5404,0.08180102245195915,0.08180102245195915,0,0,0
5405,0.08426976164704875,0.08426976164704875,0,0,0
5406,0.0846557080941765,0.0846557080941765,0,0,0
5407,0.07935081265474621,0.07935081265474621,0,0,0
5408,0.0851028936081811,0.0851028936081811,0,0,0
5409,0.08661256240386712,0.08661256240386712,0,0,0
5410,0.08997662208582226,0.08997662208582226,0,0,0
5411,0.08259221382047001,0.08259221382047001,0,0,0
5412,0.08116151098358004,0.08116151098358004,0,0,0
5413,0.08577820119497023,0.08577820119497023,0,0,0
5414,0.0825244247129089,0.0825244247129089,0,0,0
5415,0.09272977680360016,0.09272977680360016,0,0,0
5416,0.08295192687134993,0.08295192687134993,0,0,0
5417,0.08417630009353161,0.08417630009353161,0,0,0
5418,0.08404797129333019,0.08404797129333019,0,0,0
5419,0.08698287204300102,0.08698287204300102,0,0,0
5420,0.08585928821642148,0.08585928821642148,0,0,0
5421,0.08433532205067183,0.08433532205067183,0,0,0
5422,0.0901848230707018,0.0901848230707018,0,0,0
5423,0.08318230039195011,0.08318230039195011,0,0,0
5424,0.08403534383365982,0.08403534383365982,0,0,0
5425,0.09782509103809532,0.09782509103809532,0,0,0
5426,0.08669863258929629,0.08669863258929629,0,0,0
5427,0.0824030096593656,0.0824030096593656,0,0,0
5428,0.08600526587351372,0.08600526587351372,0,0,0
5429,0.0867483097275621,0.0867483097275621,0,0,0
5430,0.0796718120967087,0.0796718120967087,0,0,0
5431,0.08724071007025869,0.08724071007025869,0,0,0
5432,0.08069789409637451,0.08069789409637451,0,0,0
5433,0.08929347580200747,0.08929347580200747,0,0,0
5434,0.08851982564910461,0.08851982564910461,0,0,0
5435,0.09135936533934191,0.09135936533934191,0,0,0
5436,0.093081956435191,0.093081956435191,0,0,0
5437,0.08489197227907808,0.08489197227907808,0,0,0
5438,0.08468624498499067,0.08468624498499067,0,0,0
5439,0.09558175602241566,0.09558175602241566,0,0,0
5440,0.0848629416799859,0.0848629416799859,0,0,0
5441,0.08610406145453453,0.08610406145453453,0,0,0
5442,0.0888608299980038,0.0888608299980038,0,0,0
5443,0.08095112393953298,0.08095112393953298,0,0,0
5444,0.08896452561020851,0.08896452561020851,0,0,0
5445,0.08639797480090668,0.08639797480090668,0,0,0
5446,0.08588913671280209,0.08588913671280209,0,0,0
5447,0.08843487903083626,0.08843487903083626,0,0,0
5448,0.08950229459687283,0.08950229459687283,0,0,0
5449,0.089048035736931,0.089048035736931,0,0,0
5450,0.08508188365713547,0.08508188365713547,0,0,0
5451,0.0861852626855436,0.0861852626855436,0,0,0
5452,0.08200886100530624,0.08200886100530624,0,0,0
5453,0.08303260871846425,0.08303260871846425,0,0,0
5454,0.08949148360835879,0.08949148360835879,0,0,0
5455,0.08591958017725694,0.08591958017725694,0,0,0
5456,0.09215774122429521,0.09215774122429521,0,0,0
5457,0.0854370598926356,0.0854370598926356,0,0,0
5458,0.09339475553286702,0.09339475553286702,0,0,0
5459,0.08380384056975967,0.08380384056975967,0,0,0
5460,0.08377052392614515,0.08377052392614515,0,0,0
5461,0.08210766913467332,0.08210766913467332,0,0,0
5462,0.083095568869459,0.083095568869459,0,0,0
5463,0.08925679561338927,0.08925679561338927,0,0,0
5464,0.0835965758091525,0.0835965758091525,0,0,0
5465,0.08120781095012237,0.08120781095012237,0,0,0
5466,0.09543816245308048,0.09543816245308048,0,0,0
5467,0.08921590633690357,0.08921590633690357,0,0,0
5468,0.08453298360109329,0.08453298360109329,0,0,0
5469,0.0809736520444092,0.0809736520444092,0,0,0
5470,0.08300661648574628,0.08300661648574628,0,0,0
5471,0.08780775817209169,0.08780775817209169,0,0,0
5472,0.0917613991585217,0.0917613991585217,0,0,0
5473,0.08687910741489184,0.08687910741489184,0,0,0
5474,0.08708660628058408,0.08708660628058408,0,0,0
5475,0.09253145048492833,0.09253145048492833,0,0,0
5476,0.08466027843716897,0.08466027843716897,0,0,0
5477,0.08526157675997208,0.08526157675997208,0,0,0
5478,0.08009076216503193,0.08009076216503193,0,0,0
5479,0.08624009778232951,0.08624009778232951,0,0,0
5480,0.08624513564925444,0.08624513564925444,0,0,0
5481,0.09228128008544445,0.09228128008544445,0,0,0
5482,0.0858526561213167,0.0858526561213167,0,0,0
5483,0.08461733750606838,0.08461733750606838,0,0,0
5484,0.08744828481423228,0.08744828481423228,0,0,0
5485,0.08695999974090803,0.08695999974090803,0,0,0
5486,0.08728163159991566,0.08728163159991566,0,0,0
5487,0.08669825986419853,0.08669825986419853,0,0,0
5488,0.08387122411084802,0.08387122411084802,0,0,0
5489,0.08595840878000385,0.08595840878000385,0,0,0
5490,0.08255059458315372,0.08255059458315372,0,0,0
5491,0.08256752092979457,0.08256752092979457,0,0,0
5492,0.08543355596300803,0.08543355596300803,0,0,0
5493,0.08364789599650785,0.08364789599650785,0,0,0
5494,0.08770996214527833,0.08770996214527833,0,0,0
5495,0.08723392190509721,0.08723392190509721,0,0,0
5496,0.08553400969034747,0.08553400969034747,0,0,0
5497,0.08460084172455888,0.08460084172455888,0,0,0
5498,0.08340397869285784,0.08340397869285784,0,0,0
5499,0.09190616884121769,0.09190616884121769,0,0,0
5500,0.08371499239614136,0.08371499239614136,0,0,0
5501,0.08968818991592056,0.08968818991592056,0,0,0
5502,0.08382100209985908,0.08382100209985908,0,0,0
5503,0.08964181809048903,0.08964181809048903,0,0,0
5504,0.08303368297454558,0.08303368297454558,0,0,0
5505,0.09723635302170326,0.09723635302170326,0,0,0
5506,0.08729091512137338,0.08729091512137338,0,0,0
5507,0.0839303309391988,0.0839303309391988,0,0,0
5508,0.08598882910844527,0.08598882910844527,0,0,0
5509,0.08538493553274557,0.08538493553274557,0,0,0
5510,0.08666494341665193,0.08666494341665193,0,0,0
5511,0.08224694430828094,0.08224694430828094,0,0,0
5512,0.08764171433684073,0.08764171433684073,0,0,0
5513,0.08403870826096911,0.08403870826096911,0,0,0
5514,0.09105035554813712,0.09105035554813712,0,0,0
5515,0.0867440328001976,0.0867440328001976,0,0,0
5516,0.09159369051064316,0.09159369051064316,0,0,0
5517,0.08388187951947514,0.08388187951947514,0,0,0
5518,0.08965916461066196,0.08965916461066196,0,0,0
5519,0.08088934911709082,0.08088934911709082,0,0,0
5520,0.08045558474565807,0.08045558474565807,0,0,0
5521,0.08662207963827409,0.08662207963827409,0,0,0
5522,0.08367808251396607,0.08367808251396607,0,0,0
5523,0.08716395967885067,0.08716395967885067,0,0,0
5524,0.08621147127920076,0.08621147127920076,0,0,0
5525,0.09328931893565152,0.09328931893565152,0,0,0
5526,0.08572377803686418,0.08572377803686418,0,0,0
5527,0.1026484042798218,0.1026484042798218,0,0,0
5528,0.08593895070646938,0.08593895070646938,0,0,0
5529,0.08370886870512836,0.08370886870512836,0,0,0
5530,0.08680333834337561,0.08680333834337561,0,0,0
5531,0.09196218907048828,0.09196218907048828,0,0,0
5532,0.08902199017374139,0.08902199017374139,0,0,0
5533,0.09013928919050254,0.09013928919050254,0,0,0
5534,0.08761194309121684,0.08761194309121684,0,0,0
5535,0.08242453781789855,0.08242453781789855,0,0,0
5536,0.08287702990989936,0.08287702990989936,0,0,0
5537,0.0822570732745685,0.0822570732745685,0,0,0
5538,0.0775063443732889,0.0775063443732889,0,0,0
5539,0.08379217874454825,0.08379217874454825,0,0,0
5540,0.08117706916834179,0.08117706916834179,0,0,0
5541,0.0877290241616337,0.0877290241616337,0,0,0
5542,0.080349862575531,0.080349862575531,0,0,0
5543,0.09319584963745192,0.09319584963745192,0,0,0
5544,0.08498184196650982,0.08498184196650982,0,0,0
5545,0.08167829639033268,0.08167829639033268,0,0,0
5546,0.0850478914615355,0.0850478914615355,0,0,0
5547,0.08651944681217796,0.08651944681217796,0,0,0
5548,0.10931765650840182,0.10931765650840182,0,0,0
5549,0.08673847986287192,0.08673847986287192,0,0,0
5550,0.08262910782114456,0.08262910782114456,0,0,0
5551,0.08627207783099852,0.08627207783099852,0,0,0
5552,0.08343552347076566,0.08343552347076566,0,0,0
5553,0.08403369607894044,0.08403369607894044,0,0,0
5554,0.0839418207148188,0.0839418207148188,0,0,0
5555,0.08781421361000914,0.08781421361000914,0,0,0
5556,0.08284906895929262,0.08284906895929262,0,0,0
5557,0.08928436374193743,0.08928436374193743,0,0,0
5558,0.0887332585101065,0.0887332585101065,0,0,0
5559,0.08664049884598506,0.08664049884598506,0,0,0
5560,0.08469601367649279,0.08469601367649279,0,0,0
5561,0.08578576500478544,0.08578576500478544,0,0,0
5562,0.0876854995363637,0.0876854995363637,0,0,0
5563,0.10124961198552658,0.10124961198552658,0,0,0
5564,0.08228252690873648,0.08228252690873648,0,0,0
5565,0.0824591820373347,0.0824591820373347,0,0,0
5566,0.08593790164511454,0.08593790164511454,0,0,0
5567,0.08840919947741847,0.08840919947741847,0,0,0
5568,0.07874165651829619,0.07874165651829619,0,0,0
5569,0.08747256282520921,0.08747256282520921,0,0,0
5570,0.08068113607403479,0.08068113607403479,0,0,0
5571,0.08713367091197717,0.08713367091197717,0,0,0
5572,0.08118223173445777,0.08118223173445777,0,0,0
5573,0.08544931492131007,0.08544931492131007,0,0,0
5574,0.08133716116610326,0.08133716116610326,0,0,0
5575,0.08574737030032434,0.08574737030032434,0,0,0
5576,0.08389386946433469,0.08389386946433469,0,0,0
5577,0.08208114898910648,0.08208114898910648,0,0,0
5578,0.08661833278050549,0.08661833278050549,0,0,0
5579,0.08709484446597726,0.08709484446597726,0,0,0
5580,0.11150278552974525,0.11150278552974525,0,0,0
5581,0.08662105518344201,0.08662105518344201,0,0,0
5582,0.08080852590501308,0.08080852590501308,0,0,0
5583,0.08616355708555172,0.08616355708555172,0,0,0
5584,0.08073068498388718,0.08073068498388718,0,0,0
5585,0.09071896372264937,0.09071896372264937,0,0,0
5586,0.08714483315615278,0.08714483315615278,0,0,0
5587,0.08915634747398526,0.08915634747398526,0,0,0
5588,0.08313201818811267,0.08313201818811267,0,0,0
5589,0.08075128260411714,0.08075128260411714,0,0,0
5590,0.07964888185654816,0.07964888185654816,0,0,0
5591,0.0822070368418568,0.0822070368418568,0,0,0
5592,0.09239453920408298,0.09239453920408298,0,0,0
5593,0.09205689457686324,0.09205689457686324,0,0,0
5594,0.0832396714310897,0.0832396714310897,0,0,0
5595,0.08326996617803448,0.08326996617803448,0,0,0
5596,0.08324567473640568,0.08324567473640568,0,0,0
5597,0.08060541170600213,0.08060541170600213,0,0,0
5598,0.09280497257254626,0.09280497257254626,0,0,0
5599,0.08233934523243654,0.08233934523243654,0,0,0
5600,0.08280824845362651,0.08280824845362651,0,0,0
5601,0.09660750460859976,0.09660750460859976,0,0,0
5602,0.08999354186418809,0.08999354186418809,0,0,0
5603,0.08777263025312047,0.08777263025312047,0,0,0
5604,0.08383489488378952,0.08383489488378952,0,0,0
5605,0.08733244681436765,0.08733244681436765,0,0,0
5606,0.08611722525797393,0.08611722525797393,0,0,0
5607,0.08526695715753656,0.08526695715753656,0,0,0
5608,0.0923410433491594,0.0923410433491594,0,0,0
5609,0.0874512594585356,0.0874512594585356,0,0,0
5610,0.08122926979864899,0.08122926979864899,0,0,0
5611,0.08672451865124076,0.08672451865124076,0,0,0
5612,0.08300611710077838,0.08300611710077838,0,0,0
5613,0.08556232748455123,0.08556232748455123,0,0,0
5614,0.08573320939352638,0.08573320939352638,0,0,0
5615,0.08397993298345491,0.08397993298345491,0,0,0
5616,0.08396201178823647,0.08396201178823647,0,0,0
5617,0.08325283954802312,0.08325283954802312,0,0,0
5618,0.08409581500056543,0.08409581500056543,0,0,0
5619,0.08403751548183591,0.08403751548183591,0,0,0
5620,0.08652798909890025,0.08652798909890025,0,0,0
5621,0.08566942575730775,0.08566942575730775,0,0,0
5622,0.08439313865413792,0.08439313865413792,0,0,0
5623,0.08336520322451466,0.08336520322451466,0,0,0
5624,0.08536485562983312,0.08536485562983312,0,0,0
5625,0.09422984082055719,0.09422984082055719,0,0,0
5626,0.10304457262942665,0.10304457262942665,0,0,0
5627,0.0850642933265159,0.0850642933265159,0,0,0
5628,0.08425821246285188,0.08425821246285188,0,0,0
5629,0.08887540058870065,0.08887540058870065,0,0,0
5630,0.08839348233059834,0.08839348233059834,0,0,0
5631,0.08351757014660459,0.08351757014660459,0,0,0
5632,0.08309068697455682,0.08309068697455682,0,0,0
5633,0.08303238686762358,0.08303238686762358,0,0,0
5634,0.0822311645667804,0.0822311645667804,0,0,0
5635,0.08322120330443508,0.08322120330443508,0,0,0
5636,0.08964225865508381,0.08964225865508381,0,0,0
5637,0.08306105052562136,0.08306105052562136,0,0,0
5638,0.08060433392069842,0.08060433392069842,0,0,0
5639,0.09342945563165765,0.09342945563165765,0,0,0
5640,0.08579930702322408,0.08579930702322408,0,0,0
5641,0.07720203197708256,0.07720203197708256,0,0,0
5642,0.08264239259848469,0.08264239259848469,0,0,0
5643,0.08318511249595567,0.08318511249595567,0,0,0
5644,0.08228806327832372,0.08228806327832372,0,0,0
5645,0.08048033802524994,0.08048033802524994,0,0,0
5646,0.08013941504453358,0.08013941504453358,0,0,0
5647,0.0790812723142536,0.0790812723142536,0,0,0
5648,0.08265451165406328,0.08265451165406328,0,0,0
5649,0.0825089953447643,0.0825089953447643,0,0,0
5650,0.08888789109493557,0.08888789109493557,0,0,0
5651,0.08417546592260662,0.08417546592260662,0,0,0
5652,0.08616166012851816,0.08616166012851816,0,0,0
5653,0.08842817635128372,0.08842817635128372,0,0,0
5654,0.08356898993645843,0.08356898993645843,0,0,0
5655,0.08411200383776113,0.08411200383776113,0,0,0
5656,0.07884728330138482,0.07884728330138482,0,0,0
5657,0.08655692323258049,0.08655692323258049,0,0,0
5658,0.08265359395820844,0.08265359395820844,0,0,0
5659,0.0835234654185019,0.0835234654185019,0,0,0
5660,0.08471972818829511,0.08471972818829511,0,0,0
5661,0.0882773288574658,0.0882773288574658,0,0,0
5662,0.07957620967767741,0.07957620967767741,0,0,0
5663,0.08312359393427246,0.08312359393427246,0,0,0
5664,0.08392887395855628,0.08392887395855628,0,0,0
5665,0.08587817690874401,0.08587817690874401,0,0,0
5666,0.08283335725335698,0.08283335725335698,0,0,0
5667,0.08391486814147547,0.08391486814147547,0,0,0
5668,0.08500106407231406,0.08500106407231406,0,0,0
5669,0.08458280818242776,0.08458280818242776,0,0,0
5670,0.08023058466221157,0.08023058466221157,0,0,0
5671,0.08667437996911376,0.08667437996911376,0,0,0
5672,0.08475454181040588,0.08475454181040588,0,0,0
5673,0.08375490790134982,0.08375490790134982,0,0,0
5674,0.08295450369386297,0.08295450369386297,0,0,0
5675,0.08115558257620585,0.08115558257620585,0,0,0
5676,0.08382901912064929,0.08382901912064929,0,0,0
5677,0.0837405113209235,0.0837405113209235,0,0,0
5678,0.08614834937217988,0.08614834937217988,0,0,0
5679,0.08283774760600768,0.08283774760600768,0,0,0
5680,0.08468522582399218,0.08468522582399218,0,0,0
5681,0.086954817568001,0.086954817568001,0,0,0
5682,0.09296541808075026,0.09296541808075026,0,0,0
5683,0.09503401394345258,0.09503401394345258,0,0,0
5684,0.08530628063568943,0.08530628063568943,0,0,0
5685,0.08792149863745037,0.08792149863745037,0,0,0
5686,0.09025372055016066,0.09025372055016066,0,0,0
5687,0.08057154852308725,0.08057154852308725,0,0,0
5688,0.08335490475751851,0.08335490475751851,0,0,0
5689,0.0884394796663209,0.0884394796663209,0,0,0
5690,0.08466024118426599,0.08466024118426599,0,0,0
5691,0.08271447392670732,0.08271447392670732,0,0,0
5692,0.08370937181538657,0.08370937181538657,0,0,0
5693,0.08650570862779491,0.08650570862779491,0,0,0
5694,0.08508683486204398,0.08508683486204398,0,0,0
5695,0.08336078042262479,0.08336078042262479,0,0,0
5696,0.0845400265565044,0.0845400265565044,0,0,0
5697,0.0814280913848626,0.0814280913848626,0,0,0
5698,0.08546540082285278,0.08546540082285278,0,0,0
5699,0.08166520768090298,0.08166520768090298,0,0,0
5700,0.08506074537964244,0.08506074537964244,0,0,0
5701,0.08203874204895999,0.08203874204895999,0,0,0
5702,0.08248234971573479,0.08248234971573479,0,0,0
5703,0.07849506014271786,0.07849506014271786,0,0,0
5704,0.08168226578517963,0.08168226578517963,0,0,0
5705,0.08211077190935612,0.08211077190935612,0,0,0
5706,0.08502017932110711,0.08502017932110711,0,0,0
5707,0.08268265602620024,0.08268265602620024,0,0,0
5708,0.07700468477253851,0.07700468477253851,0,0,0
5709,0.08151386237066043,0.08151386237066043,0,0,0
5710,0.08496915549039841,0.08496915549039841,0,0,0
5711,0.08527175562554284,0.08527175562554284,0,0,0
5712,0.10648144791392904,0.10648144791392904,0,0,0
5713,0.0806946785826432,0.0806946785826432,0,0,0
5714,0.08881315167405103,0.08881315167405103,0,0,0
5715,0.07926050485356857,0.07926050485356857,0,0,0
5716,0.08077602862919632,0.08077602862919632,0,0,0
5717,0.09388670070390952,0.09388670070390952,0,0,0
5718,0.08616841055060688,0.08616841055060688,0,0,0
5719,0.08334718742652943,0.08334718742652943,0,0,0
5720,0.08599528738934743,0.08599528738934743,0,0,0
5721,0.0858000377683263,0.0858000377683263,0,0,0
5722,0.07795631209094274,0.07795631209094274,0,0,0
5723,0.08896759946487452,0.08896759946487452,0,0,0
5724,0.08622780510861623,0.08622780510861623,0,0,0
5725,0.08659929311589191,0.08659929311589191,0,0,0
5726,0.08481111867647421,0.08481111867647421,0,0,0
5727,0.08809808671082321,0.08809808671082321,0,0,0
5728,0.08064258873070541,0.08064258873070541,0,0,0
5729,0.08559574980876948,0.08559574980876948,0,0,0
5730,0.08371639849716112,0.08371639849716112,0,0,0
5731,0.07908078136020585,0.07908078136020585,0,0,0
5732,0.08115760540883792,0.08115760540883792,0,0,0
5733,0.08230785270662684,0.08230785270662684,0,0,0
5734,0.08765822050994948,0.08765822050994948,0,0,0
5735,0.07900146571429152,0.07900146571429152,0,0,0
5736,0.08682569969249399,0.08682569969249399,0,0,0
5737,0.08488406397794422,0.08488406397794422,0,0,0
5738,0.08337201334928211,0.08337201334928211,0,0,0
5739,0.09353865790916116,0.09353865790916116,0,0,0
5740,0.09583084265652456,0.09583084265652456,0,0,0
5741,0.08445137268618534,0.08445137268618534,0,0,0
5742,0.08493497516763837,0.08493497516763837,0,0,0
5743,0.08428959048500187,0.08428959048500187,0,0,0
5744,0.08327438182344563,0.08327438182344563,0,0,0
5745,0.08515187245058387,0.08515187245058387,0,0,0
5746,0.08631202304049541,0.08631202304049541,0,0,0
5747,0.08464579558686207,0.08464579558686207,0,0,0
5748,0.08435334706384885,0.08435334706384885,0,0,0
5749,0.08347555720492413,0.08347555720492413,0,0,0
5750,0.08649400200106595,0.08649400200106595,0,0,0
5751,0.0857950626431327,0.0857950626431327,0,0,0
5752,0.08830680884420872,0.08830680884420872,0,0,0
5753,0.08549819827864044,0.08549819827864044,0,0,0
5754,0.08347682899942524,0.08347682899942524,0,0,0
5755,0.0850417984551505,0.0850417984551505,0,0,0
5756,0.08946000265055581,0.08946000265055581,0,0,0
5757,0.08146912222237963,0.08146912222237963,0,0,0
5758,0.09222375542709702,0.09222375542709702,0,0,0
5759,0.07999540022329281,0.07999540022329281,0,0,0
5760,0.09011840545817425,0.09011840545817425,0,0,0
5761,0.08175684354807201,0.08175684354807201,0,0,0
5762,0.08282132299714967,0.08282132299714967,0,0,0
5763,0.08298173997747271,0.08298173997747271,0,0,0
5764,0.07865196770351184,0.07865196770351184,0,0,0
5765,0.08211462189884562,0.08211462189884562,0,0,0
5766,0.08209929448601447,0.08209929448601447,0,0,0
5767,0.07948494800611546,0.07948494800611546,0,0,0
5768,0.08750324784532974,0.08750324784532974,0,0,0
5769,0.08476807412348296,0.08476807412348296,0,0,0
5770,0.0826936191634128,0.0826936191634128,0,0,0
5771,0.08229876172385718,0.08229876172385718,0,0,0
5772,0.08769694666721319,0.08769694666721319,0,0,0
5773,0.08876843946544748,0.08876843946544748,0,0,0
5774,0.09420537546669182,0.09420537546669182,0,0,0
5775,0.08911150537039104,0.08911150537039104,0,0,0
5776,0.08216276166862563,0.08216276166862563,0,0,0
5777,0.08279410602622911,0.08279410602622911,0,0,0
5778,0.10014389945488227,0.10014389945488227,0,0,0
5779,0.08223772097967173,0.08223772097967173,0,0,0
5780,0.08820398328335662,0.08820398328335662,0,0,0
5781,0.0844624798352781,0.0844624798352781,0,0,0
5782,0.08376320157396167,0.08376320157396167,0,0,0
5783,0.08578429576989852,0.08578429576989852,0,0,0
5784,0.08222122813918088,0.08222122813918088,0,0,0
5785,0.08513453249868594,0.08513453249868594,0,0,0
5786,0.07928689569234848,0.07928689569234848,0,0,0
5787,0.0823318767116258,0.0823318767116258,0,0,0
5788,0.07845280015547025,0.07845280015547025,0,0,0
5789,0.07733268329971715,0.07733268329971715,0,0,0
5790,0.09706142123200391,0.09706142123200391,0,0,0
5791,0.07937161447970491,0.07937161447970491,0,0,0
5792,0.08486478373800453,0.08486478373800453,0,0,0
5793,0.07908427264345319,0.07908427264345319,0,0,0
5794,0.08740055815953958,0.08740055815953958,0,0,0
5795,0.08579281139138498,0.08579281139138498,0,0,0
5796,0.08260099207492251,0.08260099207492251,0,0,0
5797,0.09058763165222972,0.09058763165222972,0,0,0
5798,0.0840876754373312,0.0840876754373312,0,0,0
5799,0.08328378690700781,0.08328378690700781,0,0,0
5800,0.08321354391151353,0.08321354391151353,0,0,0
5801,0.08865926571582493,0.08865926571582493,0,0,0
5802,0.08951657294834915,0.08951657294834915,0,0,0
5803,0.08203490696063168,0.08203490696063168,0,0,0
5804,0.08689596053016813,0.08689596053016813,0,0,0
5805,0.0804501130294643,0.0804501130294643,0,0,0
5806,0.08191267008844175,0.08191267008844175,0,0,0
5807,0.08393053161470514,0.08393053161470514,0,0,0
5808,0.07690361406850188,0.07690361406850188,0,0,0
5809,0.10040863632763687,0.10040863632763687,0,0,0
5810,0.0822314351404968,0.0822314351404968,0,0,0
5811,0.08522548379474565,0.08522548379474565,0,0,0
5812,0.0777878237790183,0.0777878237790183,0,0,0
5813,0.08413717836925858,0.08413717836925858,0,0,0
5814,0.08129660059746943,0.08129660059746943,0,0,0
5815,0.1073383758530805,0.1073383758530805,0,0,0
5816,0.08331784174630516,0.08331784174630516,0,0,0
5817,0.0819614939391613,0.0819614939391613,0,0,0
5818,0.08066969904068269,0.08066969904068269,0,0,0
5819,0.08475587389578945,0.08475587389578945,0,0,0
5820,0.07918412140325497,0.07918412140325497,0,0,0
5821,0.08458917872293999,0.08458917872293999,0,0,0
5822,0.08990685867243692,0.08990685867243692,0,0,0
5823,0.08170016923625219,0.08170016923625219,0,0,0
5824,0.08326769845658227,0.08326769845658227,0,0,0
5825,0.0881227335255397,0.0881227335255397,0,0,0
5826,0.0842089050106312,0.0842089050106312,0,0,0
5827,0.0916972603452833,0.0916972603452833,0,0,0
5828,0.08654660182563882,0.08654660182563882,0,0,0
5829,0.08074964671150635,0.08074964671150635,0,0,0
5830,0.08617453130060121,0.08617453130060121,0,0,0
5831,0.08858828972044744,0.08858828972044744,0,0,0
5832,0.0833695063269452,0.0833695063269452,0,0,0
5833,0.08315111882984638,0.08315111882984638,0,0,0
5834,0.10062609907043607,0.10062609907043607,0,0,0
5835,0.08220620355323742,0.08220620355323742,0,0,0
5836,0.09081430537135977,0.09081430537135977,0,0,0
5837,0.08219858788345989,0.08219858788345989,0,0,0
5838,0.08416363547899221,0.08416363547899221,0,0,0
5839,0.08135004184747997,0.08135004184747997,0,0,0
5840,0.07992058659070417,0.07992058659070417,0,0,0
5841,0.08031138508139472,0.08031138508139472,0,0,0
5842,0.08379424010452471,0.08379424010452471,0,0,0
5843,0.08420100474828168,0.08420100474828168,0,0,0
5844,0.08093255630841381,0.08093255630841381,0,0,0
5845,0.0849370366256488,0.0849370366256488,0,0,0
5846,0.10086760944441746,0.10086760944441746,0,0,0
5847,0.08401192714901347,0.08401192714901347,0,0,0
5848,0.0812494318540159,0.0812494318540159,0,0,0
5849,0.08770435626961683,0.08770435626961683,0,0,0
5850,0.10264630478463675,0.10264630478463675,0,0,0
5851,0.08326295263280994,0.08326295263280994,0,0,0
5852,0.07885303279679072,0.07885303279679072,0,0,0
5853,0.0825254055426309,0.0825254055426309,0,0,0
5854,0.08596583377373845,0.08596583377373845,0,0,0
5855,0.08283891401400692,0.08283891401400692,0,0,0
5856,0.08410920550752628,0.08410920550752628,0,0,0
5857,0.08034171409120686,0.08034171409120686,0,0,0
5858,0.08381610893105206,0.08381610893105206,0,0,0
5859,0.08471918939367722,0.08471918939367722,0,0,0
5860,0.08286705093556329,0.08286705093556329,0,0,0
5861,0.08161727358636103,0.08161727358636103,0,0,0
5862,0.07994540996457401,0.07994540996457401,0,0,0
5863,0.08073626527268636,0.08073626527268636,0,0,0
5864,0.08013376544572805,0.08013376544572805,0,0,0
5865,0.08563738639809583,0.08563738639809583,0,0,0
5866,0.08516008338253749,0.08516008338253749,0,0,0
5867,0.08015171350225021,0.08015171350225021,0,0,0
5868,0.08152836335724906,0.08152836335724906,0,0,0
5869,0.08689417817482822,0.08689417817482822,0,0,0
5870,0.0864889862898149,0.0864889862898149,0,0,0
5871,0.0837862782768513,0.0837862782768513,0,0,0
5872,0.08040593995859749,0.08040593995859749,0,0,0
5873,0.07726679536464967,0.07726679536464967,0,0,0
5874,0.0873282196882524,0.0873282196882524,0,0,0
5875,0.08048764920156253,0.08048764920156253,0,0,0
5876,0.07997251694139682,0.07997251694139682,0,0,0
5877,0.08364712094005786,0.08364712094005786,0,0,0
5878,0.07925274487780898,0.07925274487780898,0,0,0
5879,0.08537074943122111,0.08537074943122111,0,0,0
5880,0.07902277672761365,0.07902277672761365,0,0,0
5881,0.08239695968988694,0.08239695968988694,0,0,0
5882,0.0886305907839223,0.0886305907839223,0,0,0
5883,0.08455065628023524,0.08455065628023524,0,0,0
5884,0.08267482674043429,0.08267482674043429,0,0,0
5885,0.08635627801873182,0.08635627801873182,0,0,0
5886,0.08382747547799035,0.08382747547799035,0,0,0
5887,0.08448472913158567,0.08448472913158567,0,0,0
5888,0.08140857125583448,0.08140857125583448,0,0,0
5889,0.08109635242113941,0.08109635242113941,0,0,0
5890,0.0801255937273565,0.0801255937273565,0,0,0
5891,0.07998406838037465,0.07998406838037465,0,0,0
5892,0.08323453876533006,0.08323453876533006,0,0,0
5893,0.07991688806367547,0.07991688806367547,0,0,0
5894,0.08653285981793153,0.08653285981793153,0,0,0
5895,0.07957456025638078,0.07957456025638078,0,0,0
5896,0.08034289147900908,0.08034289147900908,0,0,0
5897,0.08299671995796655,0.08299671995796655,0,0,0
5898,0.07998799434617947,0.07998799434617947,0,0,0
5899,0.08274170393614393,0.08274170393614393,0,0,0
5900,0.0826173786466059,0.0826173786466059,0,0,0
5901,0.08167405014759616,0.08167405014759616,0,0,0
5902,0.07804094294184133,0.07804094294184133,0,0,0
5903,0.08294849695735856,0.08294849695735856,0,0,0
5904,0.08050120808184147,0.08050120808184147,0,0,0
5905,0.08072340370793092,0.08072340370793092,0,0,0
5906,0.08207061827967041,0.08207061827967041,0,0,0
5907,0.08123627050142539,0.08123627050142539,0,0,0
5908,0.08353935231111552,0.08353935231111552,0,0,0
5909,0.11963203686632608,0.11963203686632608,0,0,0
5910,0.0844766610351048,0.0844766610351048,0,0,0
5911,0.08721358289844111,0.08721358289844111,0,0,0
5912,0.08578857318743278,0.08578857318743278,0,0,0
5913,0.0774386126155916,0.0774386126155916,0,0,0
5914,0.08036199182664093,0.08036199182664093,0,0,0
5915,0.08666347643654597,0.08666347643654597,0,0,0
5916,0.08048819976025506,0.08048819976025506,0,0,0
5917,0.07857366386604936,0.07857366386604936,0,0,0
5918,0.07942699190033109,0.07942699190033109,0,0,0
5919,0.085978077724576,0.085978077724576,0,0,0
5920,0.0822710434072896,0.0822710434072896,0,0,0
5921,0.07865609493302672,0.07865609493302672,0,0,0
5922,0.17173994901148895,0.17173994901148895,0,0,0
5923,0.08668959101564006,0.08668959101564006,0,0,0
5924,0.08063473277970364,0.08063473277970364,0,0,0
5925,0.07741987852281645,0.07741987852281645,0,0,0
5926,0.08150187468058184,0.08150187468058184,0,0,0
5927,0.08564015605339878,0.08564015605339878,0,0,0
5928,0.08399860953029833,0.08399860953029833,0,0,0
5929,0.080727830431179,0.080727830431179,0,0,0
5930,0.08330623923163664,0.08330623923163664,0,0,0
5931,0.08453022561183102,0.08453022561183102,0,0,0
5932,0.08344468954754503,0.08344468954754503,0,0,0
5933,0.08013365667705473,0.08013365667705473,0,0,0
5934,0.08299774304032326,0.08299774304032326,0,0,0
5935,0.08119748630806019,0.08119748630806019,0,0,0
5936,0.08169127765454744,0.08169127765454744,0,0,0
5937,0.08120197998849969,0.08120197998849969,0,0,0
5938,0.08378813317731808,0.08378813317731808,0,0,0
5939,0.08239987943517535,0.08239987943517535,0,0,0
5940,0.08389042180619742,0.08389042180619742,0,0,0
5941,0.08506807273155764,0.08506807273155764,0,0,0
5942,0.08498490591974635,0.08498490591974635,0,0,0
5943,0.08553942567423771,0.08553942567423771,0,0,0
5944,0.08360770687853035,0.08360770687853035,0,0,0
5945,0.08056774823681305,0.08056774823681305,0,0,0
5946,0.08719433942123463,0.08719433942123463,0,0,0
5947,0.08318969911258471,0.08318969911258471,0,0,0
5948,0.08249272396297831,0.08249272396297831,0,0,0
5949,0.08385987815104033,0.08385987815104033,0,0,0
5950,0.0812672537408377,0.0812672537408377,0,0,0
5951,0.08406978090734858,0.08406978090734858,0,0,0
5952,0.07666521176303688,0.07666521176303688,0,0,0
5953,0.07886265659410703,0.07886265659410703,0,0,0
5954,0.07848265786704264,0.07848265786704264,0,0,0
5955,0.08061662845705685,0.08061662845705685,0,0,0
5956,0.09780596275078624,0.09780596275078624,0,0,0
5957,0.08423701134559355,0.08423701134559355,0,0,0
5958,0.08426403077809434,0.08426403077809434,0,0,0
5959,0.078856638093528,0.078856638093528,0,0,0
5960,0.08696601481029861,0.08696601481029861,0,0,0
5961,0.08088061066442415,0.08088061066442415,0,0,0
5962,0.08158579860862933,0.08158579860862933,0,0,0
5963,0.08121502105342715,0.08121502105342715,0,0,0
5964,0.08711211304915578,0.08711211304915578,0,0,0
5965,0.08221513346621864,0.08221513346621864,0,0,0
5966,0.07955353589434373,0.07955353589434373,0,0,0
5967,0.07991780017159487,0.07991780017159487,0,0,0
5968,0.07605815845492639,0.07605815845492639,0,0,0
5969,0.08940727342116206,0.08940727342116206,0,0,0
5970,0.0803776057927232,0.0803776057927232,0,0,0
5971,0.0777580269465321,0.0777580269465321,0,0,0
5972,0.07934294964529966,0.07934294964529966,0,0,0
5973,0.08113754780865029,0.08113754780865029,0,0,0
5974,0.08632370300198856,0.08632370300198856,0,0,0
5975,0.08985213758914094,0.08985213758914094,0,0,0
5976,0.08801247454003285,0.08801247454003285,0,0,0
5977,0.08397514667165906,0.08397514667165906,0,0,0
5978,0.08326272235104912,0.08326272235104912,0,0,0
5979,0.08094067195136297,0.08094067195136297,0,0,0
5980,0.07946690083726456,0.07946690083726456,0,0,0
5981,0.0809636210140429,0.0809636210140429,0,0,0
5982,0.08425269854304038,0.08425269854304038,0,0,0
5983,0.08080874383449554,0.08080874383449554,0,0,0
5984,0.0795669762515708,0.0795669762515708,0,0,0
5985,0.08593459270502392,0.08593459270502392,0,0,0
5986,0.07988972020776648,0.07988972020776648,0,0,0
5987,0.08208259606831952,0.08208259606831952,0,0,0
5988,0.08677769756238711,0.08677769756238711,0,0,0
5989,0.08243177409626935,0.08243177409626935,0,0,0
5990,0.08873601414655384,0.08873601414655384,0,0,0
5991,0.08326100175710101,0.08326100175710101,0,0,0
5992,0.07844681028080613,0.07844681028080613,0,0,0
5993,0.07765694962520349,0.07765694962520349,0,0,0
5994,0.08083738131742728,0.08083738131742728,0,0,0
5995,0.07775950000474327,0.07775950000474327,0,0,0
5996,0.0785217090068679,0.0785217090068679,0,0,0
5997,0.08072568407576335,0.08072568407576335,0,0,0
5998,0.08143659220322182,0.08143659220322182,0,0,0
5999,0.0911616220286018,0.0911616220286018,0,0,0
6000,0.083747334484207,0.083747334484207,0,0,0
6001,0.09286529972757164,0.09286529972757164,0,0,0
6002,0.09575765315247209,0.09575765315247209,0,0,0
6003,0.08102676291999064,0.08102676291999064,0,0,0
6004,0.08414917752930992,0.08414917752930992,0,0,0
6005,0.07952727573482614,0.07952727573482614,0,0,0
6006,0.08459680037278879,0.08459680037278879,0,0,0
6007,0.08091613052314833,0.08091613052314833,0,0,0
6008,0.08238598674927887,0.08238598674927887,0,0,0
6009,0.08201443668650954,0.08201443668650954,0,0,0
6010,0.08240972910272448,0.08240972910272448,0,0,0
6011,0.08867698633357098,0.08867698633357098,0,0,0
6012,0.07945245141653638,0.07945245141653638,0,0,0
6013,0.08451420882422674,0.08451420882422674,0,0,0
6014,0.09589499970407862,0.09589499970407862,0,0,0
6015,0.0802026288093705,0.0802026288093705,0,0,0
6016,0.08590150055916686,0.08590150055916686,0,0,0
6017,0.08454049172762193,0.08454049172762193,0,0,0
6018,0.09076068344476976,0.09076068344476976,0,0,0
6019,0.0809631958407791,0.0809631958407791,0,0,0
6020,0.08499469764922794,0.08499469764922794,0,0,0
6021,0.08457793187546103,0.08457793187546103,0,0,0
6022,0.0808707318807903,0.0808707318807903,0,0,0
6023,0.08183329640642593,0.08183329640642593,0,0,0
6024,0.08246115055915557,0.08246115055915557,0,0,0
6025,0.08004858129118618,0.08004858129118618,0,0,0
6026,0.08736940404694331,0.08736940404694331,0,0,0
6027,0.08328914828598499,0.08328914828598499,0,0,0
6028,0.07856922841777927,0.07856922841777927,0,0,0
6029,0.08691826825471301,0.08691826825471301,0,0,0
6030,0.08318337082470718,0.08318337082470718,0,0,0
6031,0.07958088991673369,0.07958088991673369,0,0,0
6032,0.07880171770720105,0.07880171770720105,0,0,0
6033,0.08746425827082835,0.08746425827082835,0,0,0
6034,0.08232426564944417,0.08232426564944417,0,0,0
6035,0.08227285958434406,0.08227285958434406,0,0,0
6036,0.08221732256443877,0.08221732256443877,0,0,0
6037,0.10439097979351093,0.10439097979351093,0,0,0
6038,0.0815934770201382,0.0815934770201382,0,0,0
6039,0.07904926011044729,0.07904926011044729,0,0,0
6040,0.08656771608481281,0.08656771608481281,0,0,0
6041,0.08127454266344246,0.08127454266344246,0,0,0
6042,0.08385924181263697,0.08385924181263697,0,0,0
6043,0.0853560572784198,0.0853560572784198,0,0,0
6044,0.07912764771792449,0.07912764771792449,0,0,0
6045,0.08434499770795044,0.08434499770795044,0,0,0
6046,0.08215054850045003,0.08215054850045003,0,0,0
6047,0.07729642152001984,0.07729642152001984,0,0,0
6048,0.07780741223771322,0.07780741223771322,0,0,0
6049,0.08240141719579697,0.08240141719579697,0,0,0
6050,0.0844960794048874,0.0844960794048874,0,0,0
6051,0.09436464946913092,0.09436464946913092,0,0,0
6052,0.07874169818272717,0.07874169818272717,0,0,0
6053,0.07854818062562692,0.07854818062562692,0,0,0
6054,0.08317492284664982,0.08317492284664982,0,0,0
6055,0.08098360611812065,0.08098360611812065,0,0,0
6056,0.08935727620203245,0.08935727620203245,0,0,0
6057,0.0812348590085381,0.0812348590085381,0,0,0
6058,0.09311739845495474,0.09311739845495474,0,0,0
6059,0.08318553041470678,0.08318553041470678,0,0,0
6060,0.08735548136265654,0.08735548136265654,0,0,0
6061,0.08168695053379786,0.08168695053379786,0,0,0
6062,0.0840354907865587,0.0840354907865587,0,0,0
6063,0.08135616181320265,0.08135616181320265,0,0,0
6064,0.08081256010030445,0.08081256010030445,0,0,0
6065,0.08523310828757913,0.08523310828757913,0,0,0
6066,0.08261778186026372,0.08261778186026372,0,0,0
6067,0.0823620376422217,0.0823620376422217,0,0,0
6068,0.08222991492795317,0.08222991492795317,0,0,0
6069,0.0784388704127387,0.0784388704127387,0,0,0
6070,0.0807772409170866,0.0807772409170866,0,0,0
6071,0.08145995447902303,0.08145995447902303,0,0,0
6072,0.09205178141986069,0.09205178141986069,0,0,0
6073,0.08996052334183141,0.08996052334183141,0,0,0
6074,0.0802573231293967,0.0802573231293967,0,0,0
6075,0.08284949599520157,0.08284949599520157,0,0,0
6076,0.08027721814026959,0.08027721814026959,0,0,0
6077,0.08242551237344742,0.08242551237344742,0,0,0
6078,0.08089967895495265,0.08089967895495265,0,0,0
6079,0.0820702837878152,0.0820702837878152,0,0,0
6080,0.08489743482909705,0.08489743482909705,0,0,0
6081,0.08181119886668105,0.08181119886668105,0,0,0
6082,0.08361990994920857,0.08361990994920857,0,0,0
6083,0.08141137041935795,0.08141137041935795,0,0,0
6084,0.08519455398383893,0.08519455398383893,0,0,0
6085,0.07878334869287516,0.07878334869287516,0,0,0
6086,0.07694377309005511,0.07694377309005511,0,0,0
6087,0.08040119462499493,0.08040119462499493,0,0,0
6088,0.07924151675481546,0.07924151675481546,0,0,0
6089,0.07975553623155544,0.07975553623155544,0,0,0
6090,0.07693737049243952,0.07693737049243952,0,0,0
6091,0.08033370295245397,0.08033370295245397,0,0,0
6092,0.07817067196102519,0.07817067196102519,0,0,0
6093,0.08356926472563493,0.08356926472563493,0,0,0
6094,0.08854253345022076,0.08854253345022076,0,0,0
6095,0.08364997755147908,0.08364997755147908,0,0,0
6096,0.08536627496543683,0.08536627496543683,0,0,0
6097,0.08168660231718891,0.08168660231718891,0,0,0
6098,0.08178760013297985,0.08178760013297985,0,0,0
6099,0.08480390582821871,0.08480390582821871,0,0,0
6100,0.08050062046631386,0.08050062046631386,0,0,0
6101,0.0817505577088971,0.0817505577088971,0,0,0
6102,0.07748208185167689,0.07748208185167689,0,0,0
6103,0.08528638493857886,0.08528638493857886,0,0,0
6104,0.11145072028433022,0.11145072028433022,0,0,0
6105,0.07907044093467687,0.07907044093467687,0,0,0
6106,0.08180035052723006,0.08180035052723006,0,0,0
6107,0.07788662563421224,0.07788662563421224,0,0,0
6108,0.10813575208579239,0.10813575208579239,0,0,0
6109,0.08486889557618844,0.08486889557618844,0,0,0
6110,0.08934476412832737,0.08934476412832737,0,0,0
6111,0.08142515311115667,0.08142515311115667,0,0,0
6112,0.07946418843379147,0.07946418843379147,0,0,0
6113,0.08185124318850667,0.08185124318850667,0,0,0
6114,0.08274209989528906,0.08274209989528906,0,0,0
6115,0.08577377476582401,0.08577377476582401,0,0,0
6116,0.08183174286233752,0.08183174286233752,0,0,0
6117,0.08187572579634816,0.08187572579634816,0,0,0
6118,0.08188593534654692,0.08188593534654692,0,0,0
6119,0.08758332845019667,0.08758332845019667,0,0,0
6120,0.08559655956923962,0.08559655956923962,0,0,0
6121,0.08148269835663469,0.08148269835663469,0,0,0
6122,0.07949220800870344,0.07949220800870344,0,0,0
6123,0.07835702637308523,0.07835702637308523,0,0,0
6124,0.07746311835944653,0.07746311835944653,0,0,0
6125,0.07890633841682422,0.07890633841682422,0,0,0
6126,0.07970540274522807,0.07970540274522807,0,0,0
6127,0.08045840675109311,0.08045840675109311,0,0,0
6128,0.08383761179682456,0.08383761179682456,0,0,0
6129,0.08041682133549138,0.08041682133549138,0,0,0
6130,0.0819446218052977,0.0819446218052977,0,0,0
6131,0.08042119247348685,0.08042119247348685,0,0,0
6132,0.0821624598220775,0.0821624598220775,0,0,0
6133,0.08110056660677258,0.08110056660677258,0,0,0
6134,0.08526665727166753,0.08526665727166753,0,0,0
6135,0.0845077962271477,0.0845077962271477,0,0,0
6136,0.08343964668088838,0.08343964668088838,0,0,0
6137,0.08154910440115552,0.08154910440115552,0,0,0
6138,0.07871235397301223,0.07871235397301223,0,0,0
6139,0.08473131521359871,0.08473131521359871,0,0,0
6140,0.08104739426390122,0.08104739426390122,0,0,0
6141,0.08174293752955764,0.08174293752955764,0,0,0
6142,0.08013848499640037,0.08013848499640037,0,0,0
6143,0.08672970915703397,0.08672970915703397,0,0,0
6144,0.08176530289806817,0.08176530289806817,0,0,0
6145,0.0778061967147024,0.0778061967147024,0,0,0
6146,0.08357404907675166,0.08357404907675166,0,0,0
6147,0.08488826247814454,0.08488826247814454,0,0,0
6148,0.07900689556998641,0.07900689556998641,0,0,0
6149,0.08233124831397283,0.08233124831397283,0,0,0
6150,0.07664369889780094,0.07664369889780094,0,0,0
6151,0.07558267740042586,0.07558267740042586,0,0,0
6152,0.08426647731348087,0.08426647731348087,0,0,0
6153,0.07936213655691397,0.07936213655691397,0,0,0
6154,0.08118889725914127,0.08118889725914127,0,0,0
6155,0.08065333580108065,0.08065333580108065,0,0,0
6156,0.0781177648000027,0.0781177648000027,0,0,0
6157,0.08104742916398927,0.08104742916398927,0,0,0
6158,0.08902225123816415,0.08902225123816415,0,0,0
6159,0.08344225502131801,0.08344225502131801,0,0,0
6160,0.08193573228230602,0.08193573228230602,0,0,0
6161,0.08179508443725736,0.08179508443725736,0,0,0
6162,0.0799423004255483,0.0799423004255483,0,0,0
6163,0.08509371939458345,0.08509371939458345,0,0,0
6164,0.08463621325790882,0.08463621325790882,0,0,0
6165,0.08038052985150564,0.08038052985150564,0,0,0
6166,0.07405016978124254,0.07405016978124254,0,0,0
6167,0.08764899433835556,0.08764899433835556,0,0,0
6168,0.07792801223695278,0.07792801223695278,0,0,0
6169,0.07864351894118284,0.07864351894118284,0,0,0
6170,0.08047392376159367,0.08047392376159367,0,0,0
6171,0.07915829474988736,0.07915829474988736,0,0,0
6172,0.08344620044686292,0.08344620044686292,0,0,0
6173,0.0778251345220365,0.0778251345220365,0,0,0
6174,0.08248387335946686,0.08248387335946686,0,0,0
6175,0.07920799227921586,0.07920799227921586,0,0,0
6176,0.0802870676117508,0.0802870676117508,0,0,0
6177,0.08975770442109358,0.08975770442109358,0,0,0
6178,0.07692405248158857,0.07692405248158857,0,0,0
6179,0.08338430386624839,0.08338430386624839,0,0,0
6180,0.08073404460753265,0.08073404460753265,0,0,0
6181,0.07968029222990337,0.07968029222990337,0,0,0
6182,0.07836122114799525,0.07836122114799525,0,0,0
6183,0.08957009821345932,0.08957009821345932,0,0,0
6184,0.09068676584253185,0.09068676584253185,0,0,0
6185,0.07693839612367906,0.07693839612367906,0,0,0
6186,0.08318140749868594,0.08318140749868594,0,0,0
6187,0.07765394488447591,0.07765394488447591,0,0,0
6188,0.08049537074801169,0.08049537074801169,0,0,0
6189,0.07888682559132576,0.07888682559132576,0,0,0
6190,0.08111561050540522,0.08111561050540522,0,0,0
6191,0.08179582562297583,0.08179582562297583,0,0,0
6192,0.07985730390799672,0.07985730390799672,0,0,0
6193,0.08080029007243483,0.08080029007243483,0,0,0
6194,0.08015926701850012,0.08015926701850012,0,0,0
6195,0.1386101762519071,0.1386101762519071,0,0,0
6196,0.08209557684236451,0.08209557684236451,0,0,0
6197,0.08494898804316395,0.08494898804316395,0,0,0
6198,0.08203338557168056,0.08203338557168056,0,0,0
6199,0.07827909388824512,0.07827909388824512,0,0,0
6200,0.08048489895698271,0.08048489895698271,0,0,0
6201,0.07999405872664954,0.07999405872664954,0,0,0
6202,0.08102230462980897,0.08102230462980897,0,0,0
6203,0.07754894140127458,0.07754894140127458,0,0,0
6204,0.08545774476308572,0.08545774476308572,0,0,0
6205,0.08471765506424402,0.08471765506424402,0,0,0
6206,0.08134389217746885,0.08134389217746885,0,0,0
6207,0.08330194828541655,0.08330194828541655,0,0,0
6208,0.08359013497829437,0.08359013497829437,0,0,0
6209,0.08018895856251843,0.08018895856251843,0,0,0
6210,0.08144924907307875,0.08144924907307875,0,0,0
6211,0.08523734002129028,0.08523734002129028,0,0,0
6212,0.07906302819518667,0.07906302819518667,0,0,0
6213,0.08239703743081343,0.08239703743081343,0,0,0
6214,0.08325982436929878,0.08325982436929878,0,0,0
6215,0.08198742382228374,0.08198742382228374,0,0,0
6216,0.07940283251043997,0.07940283251043997,0,0,0
6217,0.07979400201063407,0.07979400201063407,0,0,0
6218,0.08225880612276103,0.08225880612276103,0,0,0
6219,0.08328342408333954,0.08328342408333954,0,0,0
6220,0.07979409092743146,0.07979409092743146,0,0,0
6221,0.08154455670400669,0.08154455670400669,0,0,0
6222,0.07824429585353325,0.07824429585353325,0,0,0
6223,0.08210619813517521,0.08210619813517521,0,0,0
6224,0.08135290728195717,0.08135290728195717,0,0,0
6225,0.08408743711678605,0.08408743711678605,0,0,0
6226,0.08240624203493721,0.08240624203493721,0,0,0
6227,0.08073013177827786,0.08073013177827786,0,0,0
6228,0.07814764231443405,0.07814764231443405,0,0,0
6229,0.07904931324485101,0.07904931324485101,0,0,0
6230,0.07829459295853188,0.07829459295853188,0,0,0
6231,0.07847937402364455,0.07847937402364455,0,0,0
6232,0.08199190848359936,0.08199190848359936,0,0,0
6233,0.08425847186069739,0.08425847186069739,0,0,0
6234,0.0939649736606761,0.0939649736606761,0,0,0
6235,0.08432333019415014,0.08432333019415014,0,0,0
6236,0.08004247485414932,0.08004247485414932,0,0,0
6237,0.08541723615244816,0.08541723615244816,0,0,0
6238,0.08005699348684989,0.08005699348684989,0,0,0
6239,0.08728646928150403,0.08728646928150403,0,0,0
6240,0.07931763776823093,0.07931763776823093,0,0,0
6241,0.07803093730226944,0.07803093730226944,0,0,0
6242,0.07888751065260485,0.07888751065260485,0,0,0
6243,0.07907921565990698,0.07907921565990698,0,0,0
6244,0.08109273918365177,0.08109273918365177,0,0,0
6245,0.08223214029873673,0.08223214029873673,0,0,0
6246,0.08104611320519134,0.08104611320519134,0,0,0
6247,0.08111332043221123,0.08111332043221123,0,0,0
6248,0.080538844297591,0.080538844297591,0,0,0
6249,0.07745873290849359,0.07745873290849359,0,0,0
6250,0.07978295466225398,0.07978295466225398,0,0,0
6251,0.0785209701249474,0.0785209701249474,0,0,0
6252,0.0791949735660302,0.0791949735660302,0,0,0
6253,0.08282873465826637,0.08282873465826637,0,0,0
6254,0.08073051558121254,0.08073051558121254,0,0,0
6255,0.0867112194629092,0.0867112194629092,0,0,0
6256,0.07848289422690868,0.07848289422690868,0,0,0
6257,0.08750159136558834,0.08750159136558834,0,0,0
6258,0.07798753943490355,0.07798753943490355,0,0,0
6259,0.08010777958521717,0.08010777958521717,0,0,0
6260,0.07860912049287244,0.07860912049287244,0,0,0
6261,0.07983273610864815,0.07983273610864815,0,0,0
6262,0.08428661662497018,0.08428661662497018,0,0,0
6263,0.07890992405775346,0.07890992405775346,0,0,0
6264,0.07627776245537557,0.07627776245537557,0,0,0
6265,0.07779725190055997,0.07779725190055997,0,0,0
6266,0.08493936032448944,0.08493936032448944,0,0,0
6267,0.08168405912032253,0.08168405912032253,0,0,0
6268,0.08418702353772364,0.08418702353772364,0,0,0
6269,0.07820500913811357,0.07820500913811357,0,0,0
6270,0.08005715583107974,0.08005715583107974,0,0,0
6271,0.07578560788380473,0.07578560788380473,0,0,0
6272,0.07930942615003962,0.07930942615003962,0,0,0
6273,0.08510104439368374,0.08510104439368374,0,0,0
6274,0.08182126783618801,0.08182126783618801,0,0,0
6275,0.07875798044628218,0.07875798044628218,0,0,0
6276,0.08374384653411414,0.08374384653411414,0,0,0
6277,0.08096450371177573,0.08096450371177573,0,0,0
6278,0.0772843849109976,0.0772843849109976,0,0,0
6279,0.08148465874163728,0.08148465874163728,0,0,0
6280,0.07717103805196912,0.07717103805196912,0,0,0
6281,0.07995282407653959,0.07995282407653959,0,0,0
6282,0.0783755732210059,0.0783755732210059,0,0,0
6283,0.07817215825382032,0.07817215825382032,0,0,0
6284,0.08300410363038904,0.08300410363038904,0,0,0
6285,0.0749316633139786,0.0749316633139786,0,0,0
6286,0.0799156374445087,0.0799156374445087,0,0,0
6287,0.08155989784159158,0.08155989784159158,0,0,0
6288,0.0787393009584201,0.0787393009584201,0,0,0
6289,0.08878164875664209,0.08878164875664209,0,0,0
6290,0.07671008700210798,0.07671008700210798,0,0,0
6291,0.08160961350720179,0.08160961350720179,0,0,0
6292,0.0811586107960657,0.0811586107960657,0,0,0
6293,0.08588111577065367,0.08588111577065367,0,0,0
6294,0.0785686256069886,0.0785686256069886,0,0,0
6295,0.07842782875032801,0.07842782875032801,0,0,0
6296,0.08001949314616229,0.08001949314616229,0,0,0
6297,0.08914162512672574,0.08914162512672574,0,0,0
6298,0.09142027569836692,0.09142027569836692,0,0,0
6299,0.08133461757710106,0.08133461757710106,0,0,0
6300,0.08684204479581431,0.08684204479581431,0,0,0
6301,0.0827460947789644,0.0827460947789644,0,0,0
6302,0.07491707252828698,0.07491707252828698,0,0,0
6303,0.07891433293882169,0.07891433293882169,0,0,0
6304,0.0812058330170418,0.0812058330170418,0,0,0
6305,0.07760355543149144,0.07760355543149144,0,0,0
6306,0.09648421436156097,0.09648421436156097,0,0,0
6307,0.08080327628474486,0.08080327628474486,0,0,0
6308,0.08153235324119266,0.08153235324119266,0,0,0
6309,0.08257381078836165,0.08257381078836165,0,0,0
6310,0.084404658918318,0.084404658918318,0,0,0
6311,0.08064689742107141,0.08064689742107141,0,0,0
6312,0.08243260013037607,0.08243260013037607,0,0,0
6313,0.08578257703859556,0.08578257703859556,0,0,0
6314,0.09210938970117193,0.09210938970117193,0,0,0
6315,0.08060856594851143,0.08060856594851143,0,0,0
6316,0.08179627447143982,0.08179627447143982,0,0,0
6317,0.08337797449999734,0.08337797449999734,0,0,0
6318,0.09060235684247393,0.09060235684247393,0,0,0
6319,0.08190282336191128,0.08190282336191128,0,0,0
6320,0.0793067685475475,0.0793067685475475,0,0,0
6321,0.08103682757600357,0.08103682757600357,0,0,0
6322,0.08684014087836993,0.08684014087836993,0,0,0
6323,0.08624690555428204,0.08624690555428204,0,0,0
6324,0.07939901300951054,0.07939901300951054,0,0,0
6325,0.08253359745599721,0.08253359745599721,0,0,0
6326,0.08225184149648014,0.08225184149648014,0,0,0
6327,0.08221632859816677,0.08221632859816677,0,0,0
6328,0.08220747750448554,0.08220747750448554,0,0,0
6329,0.08349682067177798,0.08349682067177798,0,0,0
6330,0.08354521532984156,0.08354521532984156,0,0,0
6331,0.0845326992045892,0.0845326992045892,0,0,0
6332,0.07633090195687194,0.07633090195687194,0,0,0
6333,0.07927025423238152,0.07927025423238152,0,0,0
6334,0.07946135829153814,0.07946135829153814,0,0,0
6335,0.08230284052459817,0.08230284052459817,0,0,0
6336,0.08211308953009154,0.08211308953009154,0,0,0
6337,0.08191568502470066,0.08191568502470066,0,0,0
6338,0.0803935073904301,0.0803935073904301,0,0,0
6339,0.07939831167459488,0.07939831167459488,0,0,0
6340,0.07998587740095038,0.07998587740095038,0,0,0
6341,0.07993530325199429,0.07993530325199429,0,0,0
6342,0.08005253411829472,0.08005253411829472,0,0,0
6343,0.07659518287370079,0.07659518287370079,0,0,0
6344,0.08295873621184575,0.08295873621184575,0,0,0
6345,0.08166572030045484,0.08166572030045484,0,0,0
6346,0.08371888797142003,0.08371888797142003,0,0,0
6347,0.08313074443293245,0.08313074443293245,0,0,0
6348,0.08020196766837646,0.08020196766837646,0,0,0
6349,0.0846736155646412,0.0846736155646412,0,0,0
6350,0.08319764329414618,0.08319764329414618,0,0,0
6351,0.0753181280666276,0.0753181280666276,0,0,0
6352,0.08341280223899766,0.08341280223899766,0,0,0
6353,0.07959878268210512,0.07959878268210512,0,0,0
6354,0.08080191086781652,0.08080191086781652,0,0,0
6355,0.07990323203174692,0.07990323203174692,0,0,0
6356,0.08188339362018987,0.08188339362018987,0,0,0
6357,0.08214144428309642,0.08214144428309642,0,0,0
6358,0.08072047268873767,0.08072047268873767,0,0,0
6359,0.08007526740823921,0.08007526740823921,0,0,0
6360,0.07537110914525233,0.07537110914525233,0,0,0
6361,0.07843478514175665,0.07843478514175665,0,0,0
6362,0.07981070493789096,0.07981070493789096,0,0,0
6363,0.08020656693138574,0.08020656693138574,0,0,0
6364,0.08050380794233397,0.08050380794233397,0,0,0
6365,0.07911729577340577,0.07911729577340577,0,0,0
6366,0.08178724505399403,0.08178724505399403,0,0,0
6367,0.0751319769769907,0.0751319769769907,0,0,0
6368,0.08208540827035904,0.08208540827035904,0,0,0
6369,0.08105237870232056,0.08105237870232056,0,0,0
6370,0.08193585188373138,0.08193585188373138,0,0,0
6371,0.08244791636733632,0.08244791636733632,0,0,0
6372,0.08149788009100839,0.08149788009100839,0,0,0
6373,0.07639345820797117,0.07639345820797117,0,0,0
6374,0.08218913780231225,0.08218913780231225,0,0,0
6375,0.08773119992723591,0.08773119992723591,0,0,0
6376,0.0827716580150943,0.0827716580150943,0,0,0
6377,0.0840160095770108,0.0840160095770108,0,0,0
6378,0.07475153650892408,0.07475153650892408,0,0,0
6379,0.08224157185146683,0.08224157185146683,0,0,0
6380,0.08116794926555533,0.08116794926555533,0,0,0
6381,0.0760328097170905,0.0760328097170905,0,0,0
6382,0.08763030073360394,0.08763030073360394,0,0,0
6383,0.08175087739762507,0.08175087739762507,0,0,0
6384,0.08713978568190023,0.08713978568190023,0,0,0
6385,0.08053269894107391,0.08053269894107391,0,0,0
6386,0.08411978322424386,0.08411978322424386,0,0,0
6387,0.0829857614283499,0.0829857614283499,0,0,0
6388,0.0736631715768262,0.0736631715768262,0,0,0
6389,0.07511814933662352,0.07511814933662352,0,0,0
6390,0.07756120015523936,0.07756120015523936,0,0,0
6391,0.08075699945421595,0.08075699945421595,0,0,0
6392,0.08209675854366076,0.08209675854366076,0,0,0
6393,0.0856730260543133,0.0856730260543133,0,0,0
6394,0.08239608846212688,0.08239608846212688,0,0,0
6395,0.07835189066827297,0.07835189066827297,0,0,0
6396,0.07900121347292473,0.07900121347292473,0,0,0
6397,0.081572262472228,0.081572262472228,0,0,0
6398,0.07950605040318087,0.07950605040318087,0,0,0
6399,0.07920104961254094,0.07920104961254094,0,0,0
6400,0.08039447302488904,0.08039447302488904,0,0,0
6401,0.07850191683361404,0.07850191683361404,0,0,0
6402,0.07875584163948109,0.07875584163948109,0,0,0
6403,0.08099666139797161,0.08099666139797161,0,0,0
6404,0.07796882936044743,0.07796882936044743,0,0,0
6405,0.07778666129237727,0.07778666129237727,0,0,0
6406,0.07934563342285783,0.07934563342285783,0,0,0
6407,0.07729299905660905,0.07729299905660905,0,0,0
6408,0.0921439651007715,0.0921439651007715,0,0,0
6409,0.0841469406885536,0.0841469406885536,0,0,0
6410,0.07903281432625495,0.07903281432625495,0,0,0
6411,0.07802966550776833,0.07802966550776833,0,0,0
6412,0.07867483902526529,0.07867483902526529,0,0,0
6413,0.07994598963935125,0.07994598963935125,0,0,0
6414,0.07850260875727001,0.07850260875727001,0,0,0
6415,0.08450743575629435,0.08450743575629435,0,0,0
6416,0.0844645801147348,0.0844645801147348,0,0,0
6417,0.08176013366564323,0.08176013366564323,0,0,0
6418,0.08314674484886621,0.08314674484886621,0,0,0
6419,0.08763695880770683,0.08763695880770683,0,0,0
6420,0.07821544661725822,0.07821544661725822,0,0,0
6421,0.08355674441707761,0.08355674441707761,0,0,0
6422,0.08587442338466644,0.08587442338466644,0,0,0
6423,0.08015861607303745,0.08015861607303745,0,0,0
6424,0.08085979550684753,0.08085979550684753,0,0,0
6425,0.08412814620686204,0.08412814620686204,0,0,0
6426,0.0827470898236099,0.0827470898236099,0,0,0
6427,0.07997284917847107,0.07997284917847107,0,0,0
6428,0.07650423716557653,0.07650423716557653,0,0,0
6429,0.07890516872468747,0.07890516872468747,0,0,0
6430,0.07737046578212788,0.07737046578212788,0,0,0
6431,0.08087651127655256,0.08087651127655256,0,0,0
6432,0.07728760042472889,0.07728760042472889,0,0,0
6433,0.0963484786058727,0.0963484786058727,0,0,0
6434,0.0784382904438596,0.0784382904438596,0,0,0
6435,0.07626437052692238,0.07626437052692238,0,0,0
6436,0.08135912185044665,0.08135912185044665,0,0,0
6437,0.076842412254528,0.076842412254528,0,0,0
6438,0.08035812585761673,0.08035812585761673,0,0,0
6439,0.08394682064260307,0.08394682064260307,0,0,0
6440,0.08393819757590168,0.08393819757590168,0,0,0
6441,0.08233027964046127,0.08233027964046127,0,0,0
6442,0.0784511409307781,0.0784511409307781,0,0,0
6443,0.08263765863682095,0.08263765863682095,0,0,0
6444,0.07673798854413785,0.07673798854413785,0,0,0
6445,0.07719465403964645,0.07719465403964645,0,0,0
6446,0.08082868021569754,0.08082868021569754,0,0,0
6447,0.07879891726923616,0.07879891726923616,0,0,0
6448,0.08065566489178884,0.08065566489178884,0,0,0
6449,0.08067120601864237,0.08067120601864237,0,0,0
6450,0.08332602405234386,0.08332602405234386,0,0,0
6451,0.07741778765461947,0.07741778765461947,0,0,0
6452,0.07918450966673463,0.07918450966673463,0,0,0
6453,0.07653104744263385,0.07653104744263385,0,0,0
6454,0.07856290728638046,0.07856290728638046,0,0,0
6455,0.07363850270446978,0.07363850270446978,0,0,0
6456,0.07904020294939217,0.07904020294939217,0,0,0
6457,0.08085179750464465,0.08085179750464465,0,0,0
6458,0.09875952079892159,0.09875952079892159,0,0,0
6459,0.07717442238017132,0.07717442238017132,0,0,0
6460,0.07938478210646856,0.07938478210646856,0,0,0
6461,0.0822836151836734,0.0822836151836734,0,0,0
6462,0.08274533540794723,0.08274533540794723,0,0,0
6463,0.0780692475504781,0.0780692475504781,0,0,0
6464,0.07804982697493151,0.07804982697493151,0,0,0
6465,0.07584570720791817,0.07584570720791817,0,0,0
6466,0.07985939536439746,0.07985939536439746,0,0,0
6467,0.07842508193693663,0.07842508193693663,0,0,0
6468,0.08041903185413073,0.08041903185413073,0,0,0
6469,0.07857669282116388,0.07857669282116388,0,0,0
6470,0.10017806811160163,0.10017806811160163,0,0,0
6471,0.0810605269905768,0.0810605269905768,0,0,0
6472,0.08052911521180679,0.08052911521180679,0,0,0
6473,0.08373954872551717,0.08373954872551717,0,0,0
6474,0.08140177730666964,0.08140177730666964,0,0,0
6475,0.08261914923787117,0.08261914923787117,0,0,0
6476,0.08241745310002252,0.08241745310002252,0,0,0
6477,0.08012119798283827,0.08012119798283827,0,0,0
6478,0.082283482543732,0.082283482543732,0,0,0
6479,0.07674926333129406,0.07674926333129406,0,0,0
6480,0.07664894322423559,0.07664894322423559,0,0,0
6481,0.08106708007031366,0.08106708007031366,0,0,0
6482,0.09367219182221513,0.09367219182221513,0,0,0
6483,0.07572093155038984,0.07572093155038984,0,0,0
6484,0.08092747256159782,0.08092747256159782,0,0,0
6485,0.08050309866666794,0.08050309866666794,0,0,0
6486,0.0840445825536,0.0840445825536,0,0,0
6487,0.08140723436678711,0.08140723436678711,0,0,0
6488,0.0821413088001703,0.0821413088001703,0,0,0
6489,0.07709938483802896,0.07709938483802896,0,0,0
6490,0.07477334955413091,0.07477334955413091,0,0,0
6491,0.08226168920335017,0.08226168920335017,0,0,0
6492,0.07538791353765287,0.07538791353765287,0,0,0
6493,0.07902562118282444,0.07902562118282444,0,0,0
6494,0.08022652850731422,0.08022652850731422,0,0,0
6495,0.07898665445023462,0.07898665445023462,0,0,0
6496,0.07808861303094186,0.07808861303094186,0,0,0
6497,0.08022141152698743,0.08022141152698743,0,0,0
6498,0.08097955123766472,0.08097955123766472,0,0,0
6499,0.07576427922437065,0.07576427922437065,0,0,0
6500,0.08120491443888138,0.08120491443888138,0,0,0
6501,0.08216329860059839,0.08216329860059839,0,0,0
6502,0.07990344015783385,0.07990344015783385,0,0,0
6503,0.07470374289703996,0.07470374289703996,0,0,0
6504,0.07965062391993247,0.07965062391993247,0,0,0
6505,0.08262575594218154,0.08262575594218154,0,0,0
6506,0.08299346640706062,0.08299346640706062,0,0,0
6507,0.07886902174275172,0.07886902174275172,0,0,0
6508,0.0835883492898,0.0835883492898,0,0,0
6509,0.08065967506876118,0.08065967506876118,0,0,0
6510,0.0770200363997566,0.0770200363997566,0,0,0
6511,0.07816190596081708,0.07816190596081708,0,0,0
6512,0.07753396181291655,0.07753396181291655,0,0,0
6513,0.07761641974119764,0.07761641974119764,0,0,0
6514,0.09899857610856232,0.09899857610856232,0,0,0
6515,0.07982896621290006,0.07982896621290006,0,0,0
6516,0.0873870175135763,0.0873870175135763,0,0,0
6517,0.07886896517715956,0.07886896517715956,0,0,0
6518,0.07765601457733858,0.07765601457733858,0,0,0
6519,0.07720862093724702,0.07720862093724702,0,0,0
6520,0.08712098482800157,0.08712098482800157,0,0,0
6521,0.09549387730658054,0.09549387730658054,0,0,0
6522,0.09222258676431681,0.09222258676431681,0,0,0
6523,0.07980859720785367,0.07980859720785367,0,0,0
6524,0.07865219357374467,0.07865219357374467,0,0,0
6525,0.0801862974308039,0.0801862974308039,0,0,0
6526,0.07708216654626947,0.07708216654626947,0,0,0
6527,0.07810640786039202,0.07810640786039202,0,0,0
6528,0.08243161596749958,0.08243161596749958,0,0,0
6529,0.08278313161511171,0.08278313161511171,0,0,0
6530,0.0762033105680817,0.0762033105680817,0,0,0
6531,0.07523716035249986,0.07523716035249986,0,0,0
6532,0.07575024634991821,0.07575024634991821,0,0,0
6533,0.12919756711313599,0.12919756711313599,0,0,0
6534,0.08078112110103432,0.08078112110103432,0,0,0
6535,0.0803347003499144,0.0803347003499144,0,0,0
6536,0.08679925552324246,0.08679925552324246,0,0,0
6537,0.07671800540073921,0.07671800540073921,0,0,0
6538,0.07915569185034226,0.07915569185034226,0,0,0
6539,0.07946445175299519,0.07946445175299519,0,0,0
6540,0.08162004186918861,0.08162004186918861,0,0,0
6541,0.07708675482947576,0.07708675482947576,0,0,0
6542,0.07912641185286798,0.07912641185286798,0,0,0
6543,0.0784583432894004,0.0784583432894004,0,0,0
6544,0.07866741932536427,0.07866741932536427,0,0,0
6545,0.08014217675908615,0.08014217675908615,0,0,0
6546,0.08469911409836066,0.08469911409836066,0,0,0
6547,0.07909566085589559,0.07909566085589559,0,0,0
6548,0.08218182446925264,0.08218182446925264,0,0,0
6549,0.08690143631477106,0.08690143631477106,0,0,0
6550,0.07725730205052778,0.07725730205052778,0,0,0
6551,0.07478067288665395,0.07478067288665395,0,0,0
6552,0.07499204477981518,0.07499204477981518,0,0,0
6553,0.0844531835694062,0.0844531835694062,0,0,0
6554,0.08179770468881256,0.08179770468881256,0,0,0
6555,0.08517837426380108,0.08517837426380108,0,0,0
6556,0.08830731783650424,0.08830731783650424,0,0,0
6557,0.08234366852986186,0.08234366852986186,0,0,0
6558,0.0801107918745593,0.0801107918745593,0,0,0
6559,0.07590461002760812,0.07590461002760812,0,0,0
6560,0.08197719868468611,0.08197719868468611,0,0,0
6561,0.0815784108677977,0.0815784108677977,0,0,0
6562,0.08667780694208647,0.08667780694208647,0,0,0
6563,0.08380607633214247,0.08380607633214247,0,0,0
6564,0.07522847836739138,0.07522847836739138,0,0,0
6565,0.0839375326115834,0.0839375326115834,0,0,0
6566,0.08026365426025893,0.08026365426025893,0,0,0
6567,0.08467362477983299,0.08467362477983299,0,0,0
6568,0.07996974199226028,0.07996974199226028,0,0,0
6569,0.07898525707423687,0.07898525707423687,0,0,0
6570,0.0820923867194276,0.0820923867194276,0,0,0
6571,0.08130591588192865,0.08130591588192865,0,0,0
6572,0.08463286216321744,0.08463286216321744,0,0,0
6573,0.07870754491733878,0.07870754491733878,0,0,0
6574,0.0779037006003292,0.0779037006003292,0,0,0
6575,0.07546289539650868,0.07546289539650868,0,0,0
6576,0.08009361338458564,0.08009361338458564,0,0,0
6577,0.08091156223886892,0.08091156223886892,0,0,0
6578,0.0806645148090626,0.0806645148090626,0,0,0
6579,0.08011517144347492,0.08011517144347492,0,0,0
6580,0.07897824647003099,0.07897824647003099,0,0,0
6581,0.08100877398330915,0.08100877398330915,0,0,0
6582,0.08474049609350531,0.08474049609350531,0,0,0
6583,0.07893434411993153,0.07893434411993153,0,0,0
6584,0.07735202677155796,0.07735202677155796,0,0,0
6585,0.07889260537922382,0.07889260537922382,0,0,0
6586,0.0812450318940376,0.0812450318940376,0,0,0
6587,0.07840015435297239,0.07840015435297239,0,0,0
6588,0.08302124040691476,0.08302124040691476,0,0,0
6589,0.07946206011662357,0.07946206011662357,0,0,0
6590,0.07707531828629344,0.07707531828629344,0,0,0
6591,0.08751962245687057,0.08751962245687057,0,0,0
6592,0.07934104298290454,0.07934104298290454,0,0,0
6593,0.0782890897244215,0.0782890897244215,0,0,0
6594,0.0760134916360441,0.0760134916360441,0,0,0
6595,0.07573436131994975,0.07573436131994975,0,0,0
6596,0.08249841836330138,0.08249841836330138,0,0,0
6597,0.07886463668393462,0.07886463668393462,0,0,0
6598,0.07862121327535103,0.07862121327535103,0,0,0
6599,0.07572090841437641,0.07572090841437641,0,0,0
6600,0.0802842273720001,0.0802842273720001,0,0,0
6601,0.07804561739689425,0.07804561739689425,0,0,0
6602,0.0852644962111586,0.0852644962111586,0,0,0
6603,0.07479048226224749,0.07479048226224749,0,0,0
6604,0.08264622190280964,0.08264622190280964,0,0,0
6605,0.07571465433820297,0.07571465433820297,0,0,0
6606,0.08373921805698621,0.08373921805698621,0,0,0
6607,0.07691808750754908,0.07691808750754908,0,0,0
6608,0.07844773336852852,0.07844773336852852,0,0,0
6609,0.07953749146116407,0.07953749146116407,0,0,0
6610,0.08169416847981904,0.08169416847981904,0,0,0
6611,0.08096888484923463,0.08096888484923463,0,0,0
6612,0.07826026734945021,0.07826026734945021,0,0,0
6613,0.07988209512672927,0.07988209512672927,0,0,0
6614,0.07940017299628571,0.07940017299628571,0,0,0
6615,0.08260562810066499,0.08260562810066499,0,0,0
6616,0.0801591661415602,0.0801591661415602,0,0,0
6617,0.07557808637226883,0.07557808637226883,0,0,0
6618,0.07665769883284443,0.07665769883284443,0,0,0
6619,0.07699351208774667,0.07699351208774667,0,0,0
6620,0.08834158026270177,0.08834158026270177,0,0,0
6621,0.0783720621348996,0.0783720621348996,0,0,0
6622,0.07756565334765535,0.07756565334765535,0,0,0
6623,0.08222928839294534,0.08222928839294534,0,0,0
6624,0.07857115635354268,0.07857115635354268,0,0,0
6625,0.07999932971832,0.07999932971832,0,0,0
6626,0.08346499669316568,0.08346499669316568,0,0,0
6627,0.07965212354534551,0.07965212354534551,0,0,0
6628,0.09536061367314112,0.09536061367314112,0,0,0
6629,0.07701039304466624,0.07701039304466624,0,0,0
6630,0.08301575736779916,0.08301575736779916,0,0,0
6631,0.07535633336948722,0.07535633336948722,0,0,0
6632,0.08097854119382407,0.08097854119382407,0,0,0
6633,0.07669943375022788,0.07669943375022788,0,0,0
6634,0.07568396578886007,0.07568396578886007,0,0,0
6635,0.10504505253936115,0.10504505253936115,0,0,0
6636,0.07723599887992207,0.07723599887992207,0,0,0
6637,0.07972912519778076,0.07972912519778076,0,0,0
6638,0.0763915564472738,0.0763915564472738,0,0,0
6639,0.09938611550942848,0.09938611550942848,0,0,0
6640,0.07787092716286056,0.07787092716286056,0,0,0
6641,0.08276277084491755,0.08276277084491755,0,0,0
6642,0.0798416618061693,0.0798416618061693,0,0,0
6643,0.07497471678805978,0.07497471678805978,0,0,0
6644,0.08458932508763514,0.08458932508763514,0,0,0
6645,0.08070593670402702,0.08070593670402702,0,0,0
6646,0.07788856170679394,0.07788856170679394,0,0,0
6647,0.07899873762538559,0.07899873762538559,0,0,0
6648,0.08172965147777607,0.08172965147777607,0,0,0
6649,0.10785618066591651,0.10785618066591651,0,0,0
6650,0.08350887424067448,0.08350887424067448,0,0,0
6651,0.07608395471776787,0.07608395471776787,0,0,0
6652,0.09243477743707205,0.09243477743707205,0,0,0
6653,0.07811647143803145,0.07811647143803145,0,0,0
6654,0.07898841239511967,0.07898841239511967,0,0,0
6655,0.08087738622960292,0.08087738622960292,0,0,0
6656,0.07862902932653301,0.07862902932653301,0,0,0
6657,0.08157925768510292,0.08157925768510292,0,0,0
6658,0.08547779045214779,0.08547779045214779,0,0,0
6659,0.08357922781847026,0.08357922781847026,0,0,0
6660,0.07780383144946475,0.07780383144946475,0,0,0
6661,0.08871384141476531,0.08871384141476531,0,0,0
6662,0.077163682074139,0.077163682074139,0,0,0
6663,0.08040087454413113,0.08040087454413113,0,0,0
6664,0.08266847644393381,0.08266847644393381,0,0,0
6665,0.08219527551218082,0.08219527551218082,0,0,0
6666,0.07993877894784275,0.07993877894784275,0,0,0
6667,0.07678252507589366,0.07678252507589366,0,0,0
6668,0.0838355486722369,0.0838355486722369,0,0,0
6669,0.07882602336375337,0.07882602336375337,0,0,0
6670,0.0797279001654763,0.0797279001654763,0,0,0
6671,0.08522313676382366,0.08522313676382366,0,0,0
6672,0.07869229083390612,0.07869229083390612,0,0,0
6673,0.07897888339663807,0.07897888339663807,0,0,0
6674,0.08172254538849781,0.08172254538849781,0,0,0
6675,0.07886579887647378,0.07886579887647378,0,0,0
6676,0.07727231977409438,0.07727231977409438,0,0,0
6677,0.08075206501311377,0.08075206501311377,0,0,0
6678,0.079617569909284,0.079617569909284,0,0,0
6679,0.07309029212123469,0.07309029212123469,0,0,0
6680,0.07069182817481066,0.07069182817481066,0,0,0
6681,0.07637553926753371,0.07637553926753371,0,0,0
6682,0.08038919556297754,0.08038919556297754,0,0,0
6683,0.07868411735092339,0.07868411735092339,0,0,0
6684,0.08171957799870717,0.08171957799870717,0,0,0
6685,0.07996073571082793,0.07996073571082793,0,0,0
6686,0.07823654068143744,0.07823654068143744,0,0,0
6687,0.07452202735370711,0.07452202735370711,0,0,0
6688,0.07509686631199561,0.07509686631199561,0,0,0
6689,0.07973098186285872,0.07973098186285872,0,0,0
6690,0.08562250111840274,0.08562250111840274,0,0,0
6691,0.08298490412141148,0.08298490412141148,0,0,0
6692,0.07879436388611794,0.07879436388611794,0,0,0
6693,0.07983280012482091,0.07983280012482091,0,0,0
6694,0.08130335905834248,0.08130335905834248,0,0,0
6695,0.0942912787983292,0.0942912787983292,0,0,0
6696,0.07338582930204116,0.07338582930204116,0,0,0
6697,0.0766529077173848,0.0766529077173848,0,0,0
6698,0.07696016103421387,0.07696016103421387,0,0,0
6699,0.08111998458441935,0.08111998458441935,0,0,0
6700,0.08272572567588404,0.08272572567588404,0,0,0
6701,0.07782454906325591,0.07782454906325591,0,0,0
6702,0.07628100590878412,0.07628100590878412,0,0,0
6703,0.08156302404638968,0.08156302404638968,0,0,0
6704,0.07573333696315163,0.07573333696315163,0,0,0
6705,0.07729521423186127,0.07729521423186127,0,0,0
6706,0.07684250058312166,0.07684250058312166,0,0,0
6707,0.07641192358967505,0.07641192358967505,0,0,0
6708,0.07524285661546808,0.07524285661546808,0,0,0
6709,0.0741325038436212,0.0741325038436212,0,0,0
6710,0.07606836820119306,0.07606836820119306,0,0,0
6711,0.07706317844751634,0.07706317844751634,0,0,0
6712,0.07438904125439494,0.07438904125439494,0,0,0
6713,0.08594417375953574,0.08594417375953574,0,0,0
6714,0.0739624590465897,0.0739624590465897,0,0,0
6715,0.07572029315327343,0.07572029315327343,0,0,0
6716,0.07458646928793505,0.07458646928793505,0,0,0
6717,0.077220487359323,0.077220487359323,0,0,0
6718,0.07626423876928656,0.07626423876928656,0,0,0
6719,0.07594200767772763,0.07594200767772763,0,0,0
6720,0.0758068204710358,0.0758068204710358,0,0,0
6721,0.07621826731452816,0.07621826731452816,0,0,0
6722,0.07414871385615122,0.07414871385615122,0,0,0
6723,0.076311184387458,0.076311184387458,0,0,0
6724,0.07978562295044724,0.07978562295044724,0,0,0
6725,0.07597363828436325,0.07597363828436325,0,0,0
6726,0.07885252988260043,0.07885252988260043,0,0,0
6727,0.07944186943534173,0.07944186943534173,0,0,0
6728,0.08443392244608779,0.08443392244608779,0,0,0
6729,0.07699969244238578,0.07699969244238578,0,0,0
6730,0.07835985082936914,0.07835985082936914,0,0,0
6731,0.07498677486651822,0.07498677486651822,0,0,0
6732,0.0825632456690073,0.0825632456690073,0,0,0
6733,0.07415771425554626,0.07415771425554626,0,0,0
6734,0.08304605476166073,0.08304605476166073,0,0,0
6735,0.0804137253251515,0.0804137253251515,0,0,0
6736,0.07629716729647235,0.07629716729647235,0,0,0
6737,0.07888544586143996,0.07888544586143996,0,0,0
6738,0.08447276712640335,0.08447276712640335,0,0,0
6739,0.07745643087515705,0.07745643087515705,0,0,0
6740,0.08121451206113163,0.08121451206113163,0,0,0
6741,0.07884290853613302,0.07884290853613302,0,0,0
6742,0.07676448192643492,0.07676448192643492,0,0,0
6743,0.0758778566592618,0.0758778566592618,0,0,0
6744,0.08915534105740096,0.08915534105740096,0,0,0
6745,0.08114627719317612,0.08114627719317612,0,0,0
6746,0.0786953566497878,0.0786953566497878,0,0,0
6747,0.07750692738122061,0.07750692738122061,0,0,0
6748,0.07554754350138337,0.07554754350138337,0,0,0
6749,0.07467029606433291,0.07467029606433291,0,0,0
6750,0.08215412958280037,0.08215412958280037,0,0,0
6751,0.0768295543170289,0.0768295543170289,0,0,0
6752,0.08015793189406395,0.08015793189406395,0,0,0
6753,0.0789125518579232,0.0789125518579232,0,0,0
6754,0.07914131164158646,0.07914131164158646,0,0,0
6755,0.0787309997371937,0.0787309997371937,0,0,0
6756,0.08102050462835714,0.08102050462835714,0,0,0
6757,0.07954820451375685,0.07954820451375685,0,0,0
6758,0.0853095807527241,0.0853095807527241,0,0,0
6759,0.07895762208653123,0.07895762208653123,0,0,0
6760,0.07862646240544946,0.07862646240544946,0,0,0
6761,0.07876613432247388,0.07876613432247388,0,0,0
6762,0.07497986749206718,0.07497986749206718,0,0,0
6763,0.08037146533790387,0.08037146533790387,0,0,0
6764,0.07910321848957162,0.07910321848957162,0,0,0
6765,0.07658132822497894,0.07658132822497894,0,0,0
6766,0.0790142424796757,0.0790142424796757,0,0,0
6767,0.0842458477341815,0.0842458477341815,0,0,0
6768,0.08734553199457495,0.08734553199457495,0,0,0
6769,0.07661704895527739,0.07661704895527739,0,0,0
6770,0.07520615623185509,0.07520615623185509,0,0,0
6771,0.07710168540085617,0.07710168540085617,0,0,0
6772,0.07605439101002719,0.07605439101002719,0,0,0
6773,0.07625981028142728,0.07625981028142728,0,0,0
6774,0.0881908283029732,0.0881908283029732,0,0,0
6775,0.07797322559513543,0.07797322559513543,0,0,0
6776,0.07876386552264816,0.07876386552264816,0,0,0
6777,0.08035320979788114,0.08035320979788114,0,0,0
6778,0.07922728624390929,0.07922728624390929,0,0,0
6779,0.08089677636560641,0.08089677636560641,0,0,0
6780,0.08849328060291316,0.08849328060291316,0,0,0
6781,0.07774245905640878,0.07774245905640878,0,0,0
6782,0.07382058342428584,0.07382058342428584,0,0,0
6783,0.0776360017296515,0.0776360017296515,0,0,0
6784,0.07555761251990732,0.07555761251990732,0,0,0
6785,0.07470449516059537,0.07470449516059537,0,0,0
6786,0.07372956399462725,0.07372956399462725,0,0,0
6787,0.08442635594033882,0.08442635594033882,0,0,0
6788,0.07791691910671561,0.07791691910671561,0,0,0
6789,0.08272185009953223,0.08272185009953223,0,0,0
6790,0.07866544462740421,0.07866544462740421,0,0,0
6791,0.07578378445223759,0.07578378445223759,0,0,0
6792,0.07768860488737885,0.07768860488737885,0,0,0
6793,0.07644727659460746,0.07644727659460746,0,0,0
6794,0.08216837970049758,0.08216837970049758,0,0,0
6795,0.07729611496784185,0.07729611496784185,0,0,0
6796,0.07959535061136673,0.07959535061136673,0,0,0
6797,0.07619327493011951,0.07619327493011951,0,0,0
6798,0.07471273780653351,0.07471273780653351,0,0,0
6799,0.08225578844155136,0.08225578844155136,0,0,0
6800,0.08078890303639989,0.08078890303639989,0,0,0
6801,0.07549720032042578,0.07549720032042578,0,0,0
6802,0.0785549379100925,0.0785549379100925,0,0,0
6803,0.08410011682855456,0.08410011682855456,0,0,0
6804,0.08241526762905874,0.08241526762905874,0,0,0
6805,0.08042777712015729,0.08042777712015729,0,0,0
6806,0.08175433956478771,0.08175433956478771,0,0,0
6807,0.08311815383402925,0.08311815383402925,0,0,0
6808,0.08299451027261584,0.08299451027261584,0,0,0
6809,0.08023763202915066,0.08023763202915066,0,0,0
6810,0.07959102388275296,0.07959102388275296,0,0,0
6811,0.07428654302891932,0.07428654302891932,0,0,0
6812,0.08420713824269019,0.08420713824269019,0,0,0
6813,0.07498127574983396,0.07498127574983396,0,0,0
6814,0.08007278371798365,0.08007278371798365,0,0,0
6815,0.07827595542920263,0.07827595542920263,0,0,0
6816,0.07598720049779666,0.07598720049779666,0,0,0
6817,0.07864872542651076,0.07864872542651076,0,0,0
6818,0.07538261009674323,0.07538261009674323,0,0,0
6819,0.0838566042090717,0.0838566042090717,0,0,0
6820,0.08791117625016916,0.08791117625016916,0,0,0
6821,0.07893895823508501,0.07893895823508501,0,0,0
6822,0.08087083697319031,0.08087083697319031,0,0,0
6823,0.0788309664318436,0.0788309664318436,0,0,0
6824,0.07747652479692509,0.07747652479692509,0,0,0
6825,0.08050743975725613,0.08050743975725613,0,0,0
6826,0.07634494130156542,0.07634494130156542,0,0,0
6827,0.07974008010014107,0.07974008010014107,0,0,0
6828,0.07909358145767137,0.07909358145767137,0,0,0
6829,0.0739222913980484,0.0739222913980484,0,0,0
6830,0.15912328885966226,0.15912328885966226,0,0,0
6831,0.0843027082124823,0.0843027082124823,0,0,0
6832,0.07779114605172684,0.07779114605172684,0,0,0
6833,0.08070976792001411,0.08070976792001411,0,0,0
6834,0.07857911033849967,0.07857911033849967,0,0,0
6835,0.07498061549114554,0.07498061549114554,0,0,0
6836,0.07345256797577206,0.07345256797577206,0,0,0
6837,0.07617362010243692,0.07617362010243692,0,0,0
6838,0.07883766773892076,0.07883766773892076,0,0,0
6839,0.07493913124658559,0.07493913124658559,0,0,0
6840,0.07590350008716709,0.07590350008716709,0,0,0
6841,0.0763412450293177,0.0763412450293177,0,0,0
6842,0.103618310666398,0.103618310666398,0,0,0
6843,0.076503001349537,0.076503001349537,0,0,0
6844,0.08077550336326424,0.08077550336326424,0,0,0
6845,0.08197303184945333,0.08197303184945333,0,0,0
6846,0.08584724249024141,0.08584724249024141,0,0,0
6847,0.07726692329896123,0.07726692329896123,0,0,0
6848,0.07706355529004022,0.07706355529004022,0,0,0
6849,0.07554504902739274,0.07554504902739274,0,0,0
6850,0.07506644765013143,0.07506644765013143,0,0,0
6851,0.07453499479513419,0.07453499479513419,0,0,0
6852,0.07990997647376437,0.07990997647376437,0,0,0
6853,0.08120198371378999,0.08120198371378999,0,0,0
6854,0.08246649242937565,0.08246649242937565,0,0,0
6855,0.07784127061696429,0.07784127061696429,0,0,0
6856,0.07696606238421641,0.07696606238421641,0,0,0
6857,0.08434123192962847,0.08434123192962847,0,0,0
6858,0.07813774010068492,0.07813774010068492,0,0,0
6859,0.0798518835125785,0.0798518835125785,0,0,0
6860,0.07899594797115576,0.07899594797115576,0,0,0
6861,0.08034129627048969,0.08034129627048969,0,0,0
6862,0.08650417812168598,0.08650417812168598,0,0,0
6863,0.07871945231760803,0.07871945231760803,0,0,0
6864,0.0739365336730292,0.0739365336730292,0,0,0
6865,0.07586254581416908,0.07586254581416908,0,0,0
6866,0.08552988883303969,0.08552988883303969,0,0,0
6867,0.08346864120348503,0.08346864120348503,0,0,0
6868,0.07843198803694625,0.07843198803694625,0,0,0
6869,0.08131314167066624,0.08131314167066624,0,0,0
6870,0.07290696411540634,0.07290696411540634,0,0,0
6871,0.08062293115807206,0.08062293115807206,0,0,0
6872,0.07503916578073251,0.07503916578073251,0,0,0
6873,0.08230285924908362,0.08230285924908362,0,0,0
6874,0.07532083091179007,0.07532083091179007,0,0,0
6875,0.07876174210717804,0.07876174210717804,0,0,0
6876,0.08812394625458278,0.08812394625458278,0,0,0
6877,0.07849360247583766,0.07849360247583766,0,0,0
6878,0.07664986925297662,0.07664986925297662,0,0,0
6879,0.07758699053604352,0.07758699053604352,0,0,0
6880,0.07405999346979354,0.07405999346979354,0,0,0
6881,0.07905644345048227,0.07905644345048227,0,0,0
6882,0.07544288294095743,0.07544288294095743,0,0,0
6883,0.08022318270645644,0.08022318270645644,0,0,0
6884,0.07635751758751116,0.07635751758751116,0,0,0
6885,0.07211292633100559,0.07211292633100559,0,0,0
6886,0.08472055539880928,0.08472055539880928,0,0,0
6887,0.08154884117998575,0.08154884117998575,0,0,0
6888,0.07594425917456024,0.07594425917456024,0,0,0
6889,0.07331322584497302,0.07331322584497302,0,0,0
6890,0.07490122563352711,0.07490122563352711,0,0,0
6891,0.07640590057953407,0.07640590057953407,0,0,0
6892,0.08366738622517962,0.08366738622517962,0,0,0
6893,0.0791993509781988,0.0791993509781988,0,0,0
6894,0.07989148584831703,0.07989148584831703,0,0,0
6895,0.07401228764731634,0.07401228764731634,0,0,0
6896,0.07211568407518298,0.07211568407518298,0,0,0
6897,0.07390186205310256,0.07390186205310256,0,0,0
6898,0.08191693985932752,0.08191693985932752,0,0,0
6899,0.07351230663296424,0.07351230663296424,0,0,0
6900,0.07242463578126933,0.07242463578126933,0,0,0
6901,0.09194809110148956,0.09194809110148956,0,0,0
6902,0.07520284356647416,0.07520284356647416,0,0,0
6903,0.07558777967565938,0.07558777967565938,0,0,0
6904,0.08452370468723147,0.08452370468723147,0,0,0
6905,0.07974244311059776,0.07974244311059776,0,0,0
6906,0.0756107828530826,0.0756107828530826,0,0,0
6907,0.07899894781018559,0.07899894781018559,0,0,0
6908,0.08088091162866667,0.08088091162866667,0,0,0
6909,0.0762145665327185,0.0762145665327185,0,0,0
6910,0.07926767054749162,0.07926767054749162,0,0,0
6911,0.07505106563238721,0.07505106563238721,0,0,0
6912,0.0817601265091645,0.0817601265091645,0,0,0
6913,0.07685281179453197,0.07685281179453197,0,0,0
6914,0.07452618409144252,0.07452618409144252,0,0,0
6915,0.07700633149790137,0.07700633149790137,0,0,0
6916,0.07662472011227357,0.07662472011227357,0,0,0
6917,0.08252234296186974,0.08252234296186974,0,0,0
6918,0.0783834430928293,0.0783834430928293,0,0,0
6919,0.07977347909227799,0.07977347909227799,0,0,0
6920,0.08006612956523895,0.08006612956523895,0,0,0
6921,0.07593154289612644,0.07593154289612644,0,0,0
6922,0.07859810588783339,0.07859810588783339,0,0,0
6923,0.08036045034072901,0.08036045034072901,0,0,0
6924,0.07744125865007702,0.07744125865007702,0,0,0
6925,0.0746017056272218,0.0746017056272218,0,0,0
6926,0.07694223581960327,0.07694223581960327,0,0,0
6927,0.07942734541077363,0.07942734541077363,0,0,0
6928,0.0765046720442019,0.0765046720442019,0,0,0
6929,0.08111180198427878,0.08111180198427878,0,0,0
6930,0.07437233293527051,0.07437233293527051,0,0,0
6931,0.07544296852460033,0.07544296852460033,0,0,0
6932,0.07790840054421048,0.07790840054421048,0,0,0
6933,0.08341446028728235,0.08341446028728235,0,0,0
6934,0.07340457113949876,0.07340457113949876,0,0,0
6935,0.0782888239543689,0.0782888239543689,0,0,0
6936,0.07138070679808918,0.07138070679808918,0,0,0
6937,0.07540962933317612,0.07540962933317612,0,0,0
6938,0.08303270959540417,0.08303270959540417,0,0,0
6939,0.08159791266447619,0.08159791266447619,0,0,0
6940,0.07624958122247144,0.07624958122247144,0,0,0
6941,0.07376410238640874,0.07376410238640874,0,0,0
6942,0.07361163189144511,0.07361163189144511,0,0,0
6943,0.07588020555282894,0.07588020555282894,0,0,0
6944,0.07528216112405062,0.07528216112405062,0,0,0
6945,0.07746754939618863,0.07746754939618863,0,0,0
6946,0.10828287330897231,0.10828287330897231,0,0,0
6947,0.08021838698340089,0.08021838698340089,0,0,0
6948,0.07926536670052692,0.07926536670052692,0,0,0
6949,0.07891390296189409,0.07891390296189409,0,0,0
6950,0.0789187228013026,0.0789187228013026,0,0,0
6951,0.08122871698517549,0.08122871698517549,0,0,0
6952,0.078105575944248,0.078105575944248,0,0,0
6953,0.07740103914157341,0.07740103914157341,0,0,0
6954,0.07655425614824421,0.07655425614824421,0,0,0
6955,0.07563368652604129,0.07563368652604129,0,0,0
6956,0.07794247695097797,0.07794247695097797,0,0,0
6957,0.07550153263697498,0.07550153263697498,0,0,0
6958,0.0718129314482212,0.0718129314482212,0,0,0
6959,0.07939917505963852,0.07939917505963852,0,0,0
6960,0.07575626426229351,0.07575626426229351,0,0,0
6961,0.08134444396158583,0.08134444396158583,0,0,0
6962,0.07665409392824299,0.07665409392824299,0,0,0
6963,0.08364509761725601,0.08364509761725601,0,0,0
6964,0.07713488763884495,0.07713488763884495,0,0,0
6965,0.07530116363379516,0.07530116363379516,0,0,0
6966,0.07851844614273623,0.07851844614273623,0,0,0
6967,0.07960786346934344,0.07960786346934344,0,0,0
6968,0.07340679200072038,0.07340679200072038,0,0,0
6969,0.07585889963727248,0.07585889963727248,0,0,0
6970,0.07949765301064442,0.07949765301064442,0,0,0
6971,0.0812004953622818,0.0812004953622818,0,0,0
6972,0.07533091071404908,0.07533091071404908,0,0,0
6973,0.07929422774989354,0.07929422774989354,0,0,0
6974,0.07742794583502569,0.07742794583502569,0,0,0
6975,0.07748623515822385,0.07748623515822385,0,0,0
6976,0.07919337816144291,0.07919337816144291,0,0,0
6977,0.09023452579582993,0.09023452579582993,0,0,0
6978,0.07628829443925306,0.07628829443925306,0,0,0
6979,0.07713212229703602,0.07713212229703602,0,0,0
6980,0.08430106045776292,0.08430106045776292,0,0,0
6981,0.07483758375440773,0.07483758375440773,0,0,0
6982,0.08116929135040234,0.08116929135040234,0,0,0
6983,0.07368337441431849,0.07368337441431849,0,0,0
6984,0.0785055331101543,0.0785055331101543,0,0,0
6985,0.07870832869881078,0.07870832869881078,0,0,0
6986,0.07669778001543723,0.07669778001543723,0,0,0
6987,0.07374286573184163,0.07374286573184163,0,0,0
6988,0.07853547787587893,0.07853547787587893,0,0,0
6989,0.07576649008612883,0.07576649008612883,0,0,0
6990,0.07803662974191339,0.07803662974191339,0,0,0
6991,0.07482268318141762,0.07482268318141762,0,0,0
6992,0.08012299935676549,0.08012299935676549,0,0,0
6993,0.0746217825891156,0.0746217825891156,0,0,0
6994,0.07870078420168475,0.07870078420168475,0,0,0
6995,0.0810862178669164,0.0810862178669164,0,0,0
6996,0.0797456086270119,0.0797456086270119,0,0,0
6997,0.07498129035689328,0.07498129035689328,0,0,0
6998,0.07581326551735401,0.07581326551735401,0,0,0
6999,0.08139103690260335,0.08139103690260335,0,0,0
7000,0.0797453261911869,0.0797453261911869,0,0,0
7001,0.07991435643481581,0.07991435643481581,0,0,0
7002,0.07897797119068473,0.07897797119068473,0,0,0
7003,0.07981535140424967,0.07981535140424967,0,0,0
7004,0.0768351442131557,0.0768351442131557,0,0,0
7005,0.07157111756111446,0.07157111756111446,0,0,0
7006,0.07876196238947542,0.07876196238947542,0,0,0
7007,0.07653410232772953,0.07653410232772953,0,0,0
7008,0.07371848625572104,0.07371848625572104,0,0,0
7009,0.07272723660265144,0.07272723660265144,0,0,0
7010,0.07686844683791462,0.07686844683791462,0,0,0
7011,0.07833769182233434,0.07833769182233434,0,0,0
7012,0.07946247225137133,0.07946247225137133,0,0,0
7013,0.07978793625768862,0.07978793625768862,0,0,0
7014,0.0782998574799613,0.0782998574799613,0,0,0
7015,0.07718013089738394,0.07718013089738394,0,0,0
7016,0.0798418389535264,0.0798418389535264,0,0,0
7017,0.07997846074010197,0.07997846074010197,0,0,0
7018,0.08025632984936237,0.08025632984936237,0,0,0
7019,0.07375073295674826,0.07375073295674826,0,0,0
7020,0.07571661746815632,0.07571661746815632,0,0,0
7021,0.07535622739478161,0.07535622739478161,0,0,0
7022,0.07913301238103916,0.07913301238103916,0,0,0
7023,0.07446127080995786,0.07446127080995786,0,0,0
7024,0.0752759451340688,0.0752759451340688,0,0,0
7025,0.0752251121754709,0.0752251121754709,0,0,0
7026,0.08004762202893433,0.08004762202893433,0,0,0
7027,0.07858616662652869,0.07858616662652869,0,0,0
7028,0.07751473490344851,0.07751473490344851,0,0,0
7029,0.07684314760722612,0.07684314760722612,0,0,0
7030,0.07625808213886462,0.07625808213886462,0,0,0
7031,0.08048887501813863,0.08048887501813863,0,0,0
7032,0.07897589708629407,0.07897589708629407,0,0,0
7033,0.0740046906039903,0.0740046906039903,0,0,0
7034,0.078964037428561,0.078964037428561,0,0,0
7035,0.07564256575546767,0.07564256575546767,0,0,0
7036,0.07938252418841187,0.07938252418841187,0,0,0
7037,0.07721712793174543,0.07721712793174543,0,0,0
7038,0.07583714502030298,0.07583714502030298,0,0,0
7039,0.08713735385160697,0.08713735385160697,0,0,0
7040,0.07640668534134563,0.07640668534134563,0,0,0
7041,0.08207329294007075,0.08207329294007075,0,0,0
7042,0.07332279925283633,0.07332279925283633,0,0,0
7043,0.08008499404317454,0.08008499404317454,0,0,0
7044,0.0790770365611503,0.0790770365611503,0,0,0
7045,0.07841174275075134,0.07841174275075134,0,0,0
7046,0.07821578963806755,0.07821578963806755,0,0,0
7047,0.07527429051697254,0.07527429051697254,0,0,0
7048,0.08207662844736326,0.08207662844736326,0,0,0
7049,0.07956072060685408,0.07956072060685408,0,0,0
7050,0.07042534218022697,0.07042534218022697,0,0,0
7051,0.07905372251805506,0.07905372251805506,0,0,0
7052,0.07593246059198129,0.07593246059198129,0,0,0
7053,0.07656509909582765,0.07656509909582765,0,0,0
7054,0.07393524903607995,0.07393524903607995,0,0,0
7055,0.08252837950069654,0.08252837950069654,0,0,0
7056,0.0786032922762005,0.0786032922762005,0,0,0
7057,0.08170730679443008,0.08170730679443008,0,0,0
7058,0.07802951982931088,0.07802951982931088,0,0,0
7059,0.07579351794954978,0.07579351794954978,0,0,0
7060,0.07364992199367598,0.07364992199367598,0,0,0
7061,0.07451733956603628,0.07451733956603628,0,0,0
7062,0.0758109106437156,0.0758109106437156,0,0,0
7063,0.07965341004493989,0.07965341004493989,0,0,0
7064,0.07336805025605779,0.07336805025605779,0,0,0
7065,0.07359146130712409,0.07359146130712409,0,0,0
7066,0.07710983300287473,0.07710983300287473,0,0,0
7067,0.0782965099144923,0.0782965099144923,0,0,0
7068,0.07884549869126395,0.07884549869126395,0,0,0
7069,0.0807825913162608,0.0807825913162608,0,0,0
7070,0.07738108599656507,0.07738108599656507,0,0,0
7071,0.0954517830947512,0.0954517830947512,0,0,0
7072,0.0765979134134556,0.0765979134134556,0,0,0
7073,0.07645058984819211,0.07645058984819211,0,0,0
7074,0.07761397869571258,0.07761397869571258,0,0,0
7075,0.0724602555365939,0.0724602555365939,0,0,0
7076,0.07395763518778901,0.07395763518778901,0,0,0
7077,0.07823343026010614,0.07823343026010614,0,0,0
7078,0.07607446561910604,0.07607446561910604,0,0,0
7079,0.0752861425280571,0.0752861425280571,0,0,0
7080,0.08355262723604315,0.08355262723604315,0,0,0
7081,0.08141912441504628,0.08141912441504628,0,0,0
7082,0.07608804292976856,0.07608804292976856,0,0,0
7083,0.07877140109868426,0.07877140109868426,0,0,0
7084,0.0806730568507,0.0806730568507,0,0,0
7085,0.08129329224558253,0.08129329224558253,0,0,0
7086,0.07464624157077387,0.07464624157077387,0,0,0
7087,0.07746059702415216,0.07746059702415216,0,0,0
7088,0.07759674197356951,0.07759674197356951,0,0,0
7089,0.0727372357719823,0.0727372357719823,0,0,0
7090,0.08054717061550994,0.08054717061550994,0,0,0
7091,0.07553114805762705,0.07553114805762705,0,0,0
7092,0.08193389845913962,0.08193389845913962,0,0,0
7093,0.07654566641308759,0.07654566641308759,0,0,0
7094,0.07709802672463029,0.07709802672463029,0,0,0
7095,0.07471003932388205,0.07471003932388205,0,0,0
7096,0.07676373794674873,0.07676373794674873,0,0,0
7097,0.07283330081324828,0.07283330081324828,0,0,0
7098,0.07671354348330121,0.07671354348330121,0,0,0
7099,0.08197936729380959,0.08197936729380959,0,0,0
7100,0.0742131837300564,0.0742131837300564,0,0,0
7101,0.07457762069411968,0.07457762069411968,0,0,0
7102,0.07551745903727256,0.07551745903727256,0,0,0
7103,0.07932824847337447,0.07932824847337447,0,0,0
7104,0.07718494259997417,0.07718494259997417,0,0,0
7105,0.08072286148212458,0.08072286148212458,0,0,0
7106,0.0801190744693342,0.0801190744693342,0,0,0
7107,0.07898748538603909,0.07898748538603909,0,0,0
7108,0.08215230870011606,0.08215230870011606,0,0,0
7109,0.07276335103731406,0.07276335103731406,0,0,0
7110,0.07611950800607079,0.07611950800607079,0,0,0
7111,0.07342322866775487,0.07342322866775487,0,0,0
7112,0.07678390323723618,0.07678390323723618,0,0,0
7113,0.0738604838322652,0.0738604838322652,0,0,0
7114,0.08602910537860896,0.08602910537860896,0,0,0
7115,0.07528940529415482,0.07528940529415482,0,0,0
7116,0.07536716739598073,0.07536716739598073,0,0,0
7117,0.07435794066833823,0.07435794066833823,0,0,0
7118,0.07604512748749633,0.07604512748749633,0,0,0
7119,0.07808890223110977,0.07808890223110977,0,0,0
7120,0.07417904654223668,0.07417904654223668,0,0,0
7121,0.0758389067394953,0.0758389067394953,0,0,0
7122,0.08290309419757441,0.08290309419757441,0,0,0
7123,0.0752725656095304,0.0752725656095304,0,0,0
7124,0.07551308691893753,0.07551308691893753,0,0,0
7125,0.07456312671695885,0.07456312671695885,0,0,0
7126,0.07977374422510988,0.07977374422510988,0,0,0
7127,0.08053133421038326,0.08053133421038326,0,0,0
7128,0.07753009300090764,0.07753009300090764,0,0,0
7129,0.07219825988929522,0.07219825988929522,0,0,0
7130,0.0773342834099343,0.0773342834099343,0,0,0
7131,0.07479422470848811,0.07479422470848811,0,0,0
7132,0.07030063622484081,0.07030063622484081,0,0,0
7133,0.07809508660514104,0.07809508660514104,0,0,0
7134,0.07572219814909131,0.07572219814909131,0,0,0
7135,0.07726171230407138,0.07726171230407138,0,0,0
7136,0.07831392427416224,0.07831392427416224,0,0,0
7137,0.0751018337905407,0.0751018337905407,0,0,0
7138,0.07832759383477662,0.07832759383477662,0,0,0
7139,0.07998044872166295,0.07998044872166295,0,0,0
7140,0.0795891764328668,0.0795891764328668,0,0,0
7141,0.08164152846132454,0.08164152846132454,0,0,0
7142,0.07732947366802316,0.07732947366802316,0,0,0
7143,0.07367759158736781,0.07367759158736781,0,0,0
7144,0.07737888091881025,0.07737888091881025,0,0,0
7145,0.07571705548386824,0.07571705548386824,0,0,0
7146,0.07247218862175941,0.07247218862175941,0,0,0
7147,0.07580913858194101,0.07580913858194101,0,0,0
7148,0.08186263542034124,0.08186263542034124,0,0,0
7149,0.07910233255671828,0.07910233255671828,0,0,0
7150,0.07550761603603237,0.07550761603603237,0,0,0
7151,0.07503869031604968,0.07503869031604968,0,0,0
7152,0.07624558761323753,0.07624558761323753,0,0,0
7153,0.07201654552236984,0.07201654552236984,0,0,0
7154,0.08056175473489259,0.08056175473489259,0,0,0
7155,0.07083307304664661,0.07083307304664661,0,0,0
7156,0.07827004496204226,0.07827004496204226,0,0,0
7157,0.07633944640034124,0.07633944640034124,0,0,0
7158,0.07651568890402191,0.07651568890402191,0,0,0
7159,0.07657128543053802,0.07657128543053802,0,0,0
7160,0.07888606886722539,0.07888606886722539,0,0,0
7161,0.07432546603836511,0.07432546603836511,0,0,0
7162,0.07647336343009221,0.07647336343009221,0,0,0
7163,0.08102624657514848,0.08102624657514848,0,0,0
7164,0.08061701069144826,0.08061701069144826,0,0,0
7165,0.0782703947471945,0.0782703947471945,0,0,0
7166,0.0772901599932658,0.0772901599932658,0,0,0
7167,0.07576871879006687,0.07576871879006687,0,0,0
7168,0.07327749580144882,0.07327749580144882,0,0,0
7169,0.07630511819335975,0.07630511819335975,0,0,0
7170,0.08057595318869541,0.08057595318869541,0,0,0
7171,0.08545806464788161,0.08545806464788161,0,0,0
7172,0.07763334726424594,0.07763334726424594,0,0,0
7173,0.07460755394085457,0.07460755394085457,0,0,0
7174,0.07714510865901646,0.07714510865901646,0,0,0
7175,0.07452275045216084,0.07452275045216084,0,0,0
7176,0.07653662307482016,0.07653662307482016,0,0,0
7177,0.07696448379245244,0.07696448379245244,0,0,0
7178,0.07777501093713861,0.07777501093713861,0,0,0
7179,0.07614577571420293,0.07614577571420293,0,0,0
7180,0.08521064204212866,0.08521064204212866,0,0,0
7181,0.08174985813859262,0.08174985813859262,0,0,0
7182,0.07636155501792305,0.07636155501792305,0,0,0
7183,0.08040610112641987,0.08040610112641987,0,0,0
7184,0.07423814542983707,0.07423814542983707,0,0,0
7185,0.07222389429807663,0.07222389429807663,0,0,0
7186,0.08495221742869992,0.08495221742869992,0,0,0
7187,0.07748830681176562,0.07748830681176562,0,0,0
7188,0.07999417587722603,0.07999417587722603,0,0,0
7189,0.07468931033815208,0.07468931033815208,0,0,0
7190,0.07314794760589537,0.07314794760589537,0,0,0
7191,0.0751521839319091,0.0751521839319091,0,0,0
7192,0.07872127751378637,0.07872127751378637,0,0,0
7193,0.07571363213815187,0.07571363213815187,0,0,0
7194,0.07392271539490473,0.07392271539490473,0,0,0
7195,0.07440334803571827,0.07440334803571827,0,0,0
7196,0.07172487597716481,0.07172487597716481,0,0,0
7197,0.08093173948949889,0.08093173948949889,0,0,0
7198,0.08239953102249849,0.08239953102249849,0,0,0
7199,0.07207222988730982,0.07207222988730982,0,0,0
7200,0.08063668581215959,0.08063668581215959,0,0,0
7201,0.07551555443359048,0.07551555443359048,0,0,0
7202,0.07634499953373482,0.07634499953373482,0,0,0
7203,0.0741455708875468,0.0741455708875468,0,0,0
7204,0.07395851955209908,0.07395851955209908,0,0,0
7205,0.07526140777688277,0.07526140777688277,0,0,0
7206,0.07192040989665609,0.07192040989665609,0,0,0
7207,0.07823164457161176,0.07823164457161176,0,0,0
7208,0.08434756933466385,0.08434756933466385,0,0,0
7209,0.0762550579874139,0.0762550579874139,0,0,0
7210,0.07661491990285485,0.07661491990285485,0,0,0
7211,0.07506972531739034,0.07506972531739034,0,0,0
7212,0.07858908990103948,0.07858908990103948,0,0,0
7213,0.07560054928456482,0.07560054928456482,0,0,0
7214,0.07315226271748543,0.07315226271748543,0,0,0
7215,0.0783503735928159,0.0783503735928159,0,0,0
7216,0.08854038572232974,0.08854038572232974,0,0,0
7217,0.08465792924949997,0.08465792924949997,0,0,0
7218,0.0806164172919173,0.0806164172919173,0,0,0
7219,0.07702182997998439,0.07702182997998439,0,0,0
7220,0.07641039156403981,0.07641039156403981,0,0,0
7221,0.07445786991401722,0.07445786991401722,0,0,0
7222,0.07728715182134979,0.07728715182134979,0,0,0
7223,0.07672065555265076,0.07672065555265076,0,0,0
7224,0.0824301869265343,0.0824301869265343,0,0,0
7225,0.07539529323970016,0.07539529323970016,0,0,0
7226,0.07452345992389478,0.07452345992389478,0,0,0
7227,0.0796046905023487,0.0796046905023487,0,0,0
7228,0.07461242583629332,0.07461242583629332,0,0,0
7229,0.07539388135467705,0.07539388135467705,0,0,0
7230,0.07579535108647849,0.07579535108647849,0,0,0
7231,0.0772623160952016,0.0772623160952016,0,0,0
7232,0.07418231548447358,0.07418231548447358,0,0,0
7233,0.0772368705978519,0.0772368705978519,0,0,0
7234,0.07765097082837631,0.07765097082837631,0,0,0
7235,0.080381347846828,0.080381347846828,0,0,0
7236,0.07594264445728377,0.07594264445728377,0,0,0
7237,0.07493907340655201,0.07493907340655201,0,0,0
7238,0.07104239985346794,0.07104239985346794,0,0,0
7239,0.07673253128795247,0.07673253128795247,0,0,0
7240,0.0836756252928784,0.0836756252928784,0,0,0
7241,0.0787539029199826,0.0787539029199826,0,0,0
7242,0.08400749797491651,0.08400749797491651,0,0,0
7243,0.07487320409793603,0.07487320409793603,0,0,0
7244,0.0791020362981056,0.0791020362981056,0,0,0
7245,0.07452066301515228,0.07452066301515228,0,0,0
7246,0.07805301989183615,0.07805301989183615,0,0,0
7247,0.07401098095272717,0.07401098095272717,0,0,0
7248,0.07657022852646678,0.07657022852646678,0,0,0
7249,0.08506444184795807,0.08506444184795807,0,0,0
7250,0.07548113343747039,0.07548113343747039,0,0,0
7251,0.07780534342715614,0.07780534342715614,0,0,0
7252,0.07611162195864477,0.07611162195864477,0,0,0
7253,0.0818782340931265,0.0818782340931265,0,0,0
7254,0.07333026444049258,0.07333026444049258,0,0,0
7255,0.0747223574864237,0.0747223574864237,0,0,0
7256,0.07741044000967552,0.07741044000967552,0,0,0
7257,0.07981533586586777,0.07981533586586777,0,0,0
7258,0.07861240855173061,0.07861240855173061,0,0,0
7259,0.07153683998867084,0.07153683998867084,0,0,0
7260,0.07371205238527373,0.07371205238527373,0,0,0
7261,0.07701228362949271,0.07701228362949271,0,0,0
7262,0.07773769411601518,0.07773769411601518,0,0,0
7263,0.07565520919467274,0.07565520919467274,0,0,0
7264,0.07439808782778289,0.07439808782778289,0,0,0
7265,0.07520083210578091,0.07520083210578091,0,0,0
7266,0.08091096942754168,0.08091096942754168,0,0,0
7267,0.07198694593420155,0.07198694593420155,0,0,0
7268,0.07398938368025579,0.07398938368025579,0,0,0
7269,0.07637408522790984,0.07637408522790984,0,0,0
7270,0.07558450230250233,0.07558450230250233,0,0,0
7271,0.07519899887081824,0.07519899887081824,0,0,0
7272,0.0743359916500355,0.0743359916500355,0,0,0
7273,0.07566286976400174,0.07566286976400174,0,0,0
7274,0.07578857399915394,0.07578857399915394,0,0,0
7275,0.07438550085613602,0.07438550085613602,0,0,0
7276,0.08010919294074963,0.08010919294074963,0,0,0
7277,0.07517011581282866,0.07517011581282866,0,0,0
7278,0.07171124170877431,0.07171124170877431,0,0,0
7279,0.07467823068758375,0.07467823068758375,0,0,0
7280,0.07428514624112531,0.07428514624112531,0,0,0
7281,0.07431047831318881,0.07431047831318881,0,0,0
7282,0.07379125411573209,0.07379125411573209,0,0,0
7283,0.07671448402106762,0.07671448402106762,0,0,0
7284,0.07573794029457004,0.07573794029457004,0,0,0
7285,0.07355003774558243,0.07355003774558243,0,0,0
7286,0.08733485825359821,0.08733485825359821,0,0,0
7287,0.07879379695575488,0.07879379695575488,0,0,0
7288,0.07790946744774517,0.07790946744774517,0,0,0
7289,0.0754281159392313,0.0754281159392313,0,0,0
7290,0.07575873177694648,0.07575873177694648,0,0,0
7291,0.07415972748085072,0.07415972748085072,0,0,0
7292,0.0798500963535748,0.0798500963535748,0,0,0
7293,0.07277391360778558,0.07277391360778558,0,0,0
7294,0.07611477512278055,0.07611477512278055,0,0,0
7295,0.07786578939933526,0.07786578939933526,0,0,0
7296,0.07738227093298185,0.07738227093298185,0,0,0
7297,0.07146810897086796,0.07146810897086796,0,0,0
7298,0.07226141537294577,0.07226141537294577,0,0,0
7299,0.07561950914953884,0.07561950914953884,0,0,0
7300,0.07289009747144423,0.07289009747144423,0,0,0
7301,0.0749088634589785,0.0749088634589785,0,0,0
7302,0.07430973345119703,0.07430973345119703,0,0,0
7303,0.07781751238201794,0.07781751238201794,0,0,0
7304,0.08102360230527426,0.08102360230527426,0,0,0
7305,0.0709042971169478,0.0709042971169478,0,0,0
7306,0.0761082353756616,0.0761082353756616,0,0,0
7307,0.07918351472012307,0.07918351472012307,0,0,0
7308,0.07474367977365066,0.07474367977365066,0,0,0
7309,0.07354719819206941,0.07354719819206941,0,0,0
7310,0.07269369987280745,0.07269369987280745,0,0,0
7311,0.07320843847762597,0.07320843847762597,0,0,0
7312,0.07466446765159306,0.07466446765159306,0,0,0
7313,0.07652738141386133,0.07652738141386133,0,0,0
7314,0.07897467999473999,0.07897467999473999,0,0,0
7315,0.07624353130200975,0.07624353130200975,0,0,0
7316,0.07900274182228666,0.07900274182228666,0,0,0
7317,0.07508881664589832,0.07508881664589832,0,0,0
7318,0.07989605104452685,0.07989605104452685,0,0,0
7319,0.07375603580945417,0.07375603580945417,0,0,0
7320,0.07757606641634514,0.07757606641634514,0,0,0
7321,0.07223203141046197,0.07223203141046197,0,0,0
7322,0.07410149766426337,0.07410149766426337,0,0,0
7323,0.07826202745108228,0.07826202745108228,0,0,0
7324,0.0775858341275077,0.0775858341275077,0,0,0
7325,0.07180334142360248,0.07180334142360248,0,0,0
7326,0.07714417880695117,0.07714417880695117,0,0,0
7327,0.07795463737688567,0.07795463737688567,0,0,0
7328,0.07200787216424942,0.07200787216424942,0,0,0
7329,0.07227395288646221,0.07227395288646221,0,0,0
7330,0.07593210365035032,0.07593210365035032,0,0,0
7331,0.07846595592012531,0.07846595592012531,0,0,0
7332,0.07220269808251607,0.07220269808251607,0,0,0
7333,0.07396740564390232,0.07396740564390232,0,0,0
7334,0.07641687950021342,0.07641687950021342,0,0,0
7335,0.07393202430715687,0.07393202430715687,0,0,0
7336,0.10349713903116553,0.10349713903116553,0,0,0
7337,0.07359085496711104,0.07359085496711104,0,0,0
7338,0.07254482251837065,0.07254482251837065,0,0,0
7339,0.07352184489565461,0.07352184489565461,0,0,0
7340,0.0784328461281563,0.0784328461281563,0,0,0
7341,0.07342001629111014,0.07342001629111014,0,0,0
7342,0.08191727013572266,0.08191727013572266,0,0,0
7343,0.07944519759008759,0.07944519759008759,0,0,0
7344,0.07228931343477023,0.07228931343477023,0,0,0
7345,0.07915328550887735,0.07915328550887735,0,0,0
7346,0.0735886891029383,0.0735886891029383,0,0,0
7347,0.07304778646089528,0.07304778646089528,0,0,0
7348,0.08120659474087388,0.08120659474087388,0,0,0
7349,0.08612290289449065,0.08612290289449065,0,0,0
7350,0.07419966053413718,0.07419966053413718,0,0,0
7351,0.07466281685782106,0.07466281685782106,0,0,0
7352,0.07366486795638737,0.07366486795638737,0,0,0
7353,0.07404280561757715,0.07404280561757715,0,0,0
7354,0.08575247179128621,0.08575247179128621,0,0,0
7355,0.07426005994018756,0.07426005994018756,0,0,0
7356,0.07359256526749385,0.07359256526749385,0,0,0
7357,0.07462499476969242,0.07462499476969242,0,0,0
7358,0.07573337980399006,0.07573337980399006,0,0,0
7359,0.07740502451595507,0.07740502451595507,0,0,0
7360,0.07695851425983403,0.07695851425983403,0,0,0
7361,0.07408139511550728,0.07408139511550728,0,0,0
7362,0.07301251511824758,0.07301251511824758,0,0,0
7363,0.07552661501655453,0.07552661501655453,0,0,0
7364,0.07377390455650656,0.07377390455650656,0,0,0
7365,0.07924011447711994,0.07924011447711994,0,0,0
7366,0.07494493622921015,0.07494493622921015,0,0,0
7367,0.07718949755163569,0.07718949755163569,0,0,0
7368,0.0744060141671645,0.0744060141671645,0,0,0
7369,0.07301436384257518,0.07301436384257518,0,0,0
7370,0.07815141289641983,0.07815141289641983,0,0,0
7371,0.07405523220567327,0.07405523220567327,0,0,0
7372,0.07688951874641996,0.07688951874641996,0,0,0
7373,0.07478441758767555,0.07478441758767555,0,0,0
7374,0.07778834149633583,0.07778834149633583,0,0,0
7375,0.07301871870693408,0.07301871870693408,0,0,0
7376,0.07283223234117031,0.07283223234117031,0,0,0
7377,0.0718008380775389,0.0718008380775389,0,0,0
7378,0.07309387487016226,0.07309387487016226,0,0,0
7379,0.0729045468921724,0.0729045468921724,0,0,0
7380,0.0738943885815771,0.0738943885815771,0,0,0
7381,0.0699170023496998,0.0699170023496998,0,0,0
7382,0.0712672207308443,0.0712672207308443,0,0,0
7383,0.08091285329704222,0.08091285329704222,0,0,0
7384,0.08952777813139715,0.08952777813139715,0,0,0
7385,0.07314161446533705,0.07314161446533705,0,0,0
7386,0.07498757992135852,0.07498757992135852,0,0,0
7387,0.07877553479844018,0.07877553479844018,0,0,0
7388,0.07260796143428276,0.07260796143428276,0,0,0
7389,0.08088854180746957,0.08088854180746957,0,0,0
7390,0.07294681325162712,0.07294681325162712,0,0,0
7391,0.07744212330956209,0.07744212330956209,0,0,0
7392,0.07370621250256111,0.07370621250256111,0,0,0
7393,0.0817829272464702,0.0817829272464702,0,0,0
7394,0.0824839268860064,0.0824839268860064,0,0,0
7395,0.07570138446202404,0.07570138446202404,0,0,0
7396,0.07565166595342912,0.07565166595342912,0,0,0
7397,0.07547655721244059,0.07547655721244059,0,0,0
7398,0.07464416197648174,0.07464416197648174,0,0,0
7399,0.07694902290639125,0.07694902290639125,0,0,0
7400,0.08244563639163971,0.08244563639163971,0,0,0
7401,0.08437260534418256,0.08437260534418256,0,0,0
7402,0.07276982490561511,0.07276982490561511,0,0,0
7403,0.07223846096741526,0.07223846096741526,0,0,0
7404,0.07293466057040189,0.07293466057040189,0,0,0
7405,0.07757292246740115,0.07757292246740115,0,0,0
7406,0.0691242242526067,0.0691242242526067,0,0,0
7407,0.07149059247029455,0.07149059247029455,0,0,0
7408,0.08071108378077808,0.08071108378077808,0,0,0
7409,0.0706510353637369,0.0706510353637369,0,0,0
7410,0.07796969666684929,0.07796969666684929,0,0,0
7411,0.07637853979280121,0.07637853979280121,0,0,0
7412,0.0785653199020185,0.0785653199020185,0,0,0
7413,0.07410959624930431,0.07410959624930431,0,0,0
7414,0.07371255721112616,0.07371255721112616,0,0,0
7415,0.07702140343424521,0.07702140343424521,0,0,0
7416,0.07630800318561103,0.07630800318561103,0,0,0
7417,0.07619769807512823,0.07619769807512823,0,0,0
7418,0.07530444487929344,0.07530444487929344,0,0,0
7419,0.07540474724220603,0.07540474724220603,0,0,0
7420,0.07283449467075498,0.07283449467075498,0,0,0
7421,0.07380610214252221,0.07380610214252221,0,0,0
7422,0.07876962335094025,0.07876962335094025,0,0,0
7423,0.07545366059792669,0.07545366059792669,0,0,0
7424,0.07430220914906577,0.07430220914906577,0,0,0
7425,0.08076622239068935,0.08076622239068935,0,0,0
7426,0.07122120408243254,0.07122120408243254,0,0,0
7427,0.07796019482377328,0.07796019482377328,0,0,0
7428,0.07336319679100263,0.07336319679100263,0,0,0
7429,0.08150387682804935,0.08150387682804935,0,0,0
7430,0.07610599343713961,0.07610599343713961,0,0,0
7431,0.07225019739646661,0.07225019739646661,0,0,0
7432,0.07495131039697873,0.07495131039697873,0,0,0
7433,0.07537301737619073,0.07537301737619073,0,0,0
7434,0.07732501478963777,0.07732501478963777,0,0,0
7435,0.0747294805845932,0.0747294805845932,0,0,0
7436,0.07603295372897073,0.07603295372897073,0,0,0
7437,0.07951623897411321,0.07951623897411321,0,0,0
7438,0.0803070725186875,0.0803070725186875,0,0,0
7439,0.0762438440793439,0.0762438440793439,0,0,0
7440,0.07186223939061165,0.07186223939061165,0,0,0
7441,0.07401177855698686,0.07401177855698686,0,0,0
7442,0.07612416755996253,0.07612416755996253,0,0,0
7443,0.07640834662475084,0.07640834662475084,0,0,0
7444,0.0739791181526686,0.0739791181526686,0,0,0
7445,0.08471930330913317,0.08471930330913317,0,0,0
7446,0.07395943175805242,0.07395943175805242,0,0,0
7447,0.08048673219194538,0.08048673219194538,0,0,0
7448,0.07737680544194422,0.07737680544194422,0,0,0
7449,0.0738995366386677,0.0738995366386677,0,0,0
7450,0.07912040344978634,0.07912040344978634,0,0,0
7451,0.07279765341234834,0.07279765341234834,0,0,0
7452,0.07640073722914646,0.07640073722914646,0,0,0
7453,0.0720062349971972,0.0720062349971972,0,0,0
7454,0.07152965713880564,0.07152965713880564,0,0,0
7455,0.071393755803767,0.071393755803767,0,0,0
7456,0.07151765690038078,0.07151765690038078,0,0,0
7457,0.075324358124482,0.075324358124482,0,0,0
7458,0.07227900594865021,0.07227900594865021,0,0,0
7459,0.07867791337010108,0.07867791337010108,0,0,0
7460,0.07858037605489555,0.07858037605489555,0,0,0
7461,0.07707931341505364,0.07707931341505364,0,0,0
7462,0.07845060733195983,0.07845060733195983,0,0,0
7463,0.07378238831695758,0.07378238831695758,0,0,0
7464,0.07244570229790713,0.07244570229790713,0,0,0
7465,0.07764549690641855,0.07764549690641855,0,0,0
7466,0.07343858402026326,0.07343858402026326,0,0,0
7467,0.07195169566885422,0.07195169566885422,0,0,0
7468,0.0708943889231274,0.0708943889231274,0,0,0
7469,0.0785444646485542,0.0785444646485542,0,0,0
7470,0.07472568387655835,0.07472568387655835,0,0,0
7471,0.08127061346251714,0.08127061346251714,0,0,0
7472,0.07243888923212101,0.07243888923212101,0,0,0
7473,0.0775671606197169,0.0775671606197169,0,0,0
7474,0.0744755985705476,0.0744755985705476,0,0,0
7475,0.07596235751713577,0.07596235751713577,0,0,0
7476,0.07379873430258349,0.07379873430258349,0,0,0
7477,0.08693697970164449,0.08693697970164449,0,0,0
7478,0.07620948533478536,0.07620948533478536,0,0,0
7479,0.07359131111910469,0.07359131111910469,0,0,0
7480,0.07695406763569305,0.07695406763569305,0,0,0
7481,0.07462401482227601,0.07462401482227601,0,0,0
7482,0.08460922166705132,0.08460922166705132,0,0,0
7483,0.0724208652973175,0.0724208652973175,0,0,0
7484,0.07347928879684523,0.07347928879684523,0,0,0
7485,0.0801934047945236,0.0801934047945236,0,0,0
7486,0.08872937548317407,0.08872937548317407,0,0,0
7487,0.07805869355797768,0.07805869355797768,0,0,0
7488,0.07546622281599986,0.07546622281599986,0,0,0
7489,0.07613811975246981,0.07613811975246981,0,0,0
7490,0.07852038172514815,0.07852038172514815,0,0,0
7491,0.07312365386046861,0.07312365386046861,0,0,0
7492,0.07195619248638027,0.07195619248638027,0,0,0
7493,0.07884749064320012,0.07884749064320012,0,0,0
7494,0.07711254834736649,0.07711254834736649,0,0,0
7495,0.07624412303496349,0.07624412303496349,0,0,0
7496,0.07328557281901962,0.07328557281901962,0,0,0
7497,0.07797847805838835,0.07797847805838835,0,0,0
7498,0.07638490827460039,0.07638490827460039,0,0,0
7499,0.07181272028308165,0.07181272028308165,0,0,0
7500,0.07267241356404204,0.07267241356404204,0,0,0
7501,0.08042353617125436,0.08042353617125436,0,0,0
7502,0.0800237137530195,0.0800237137530195,0,0,0
7503,0.0761380615203004,0.0761380615203004,0,0,0
7504,0.07767448760569096,0.07767448760569096,0,0,0
7505,0.09349237294181396,0.09349237294181396,0,0,0
7506,0.07360804492705747,0.07360804492705747,0,0,0
7507,0.08795229031851418,0.08795229031851418,0,0,0
7508,0.0738515337242892,0.0738515337242892,0,0,0
7509,0.07178915919441926,0.07178915919441926,0,0,0
7510,0.07221388248236556,0.07221388248236556,0,0,0
7511,0.07782661905022044,0.07782661905022044,0,0,0
7512,0.07661448164205802,0.07661448164205802,0,0,0
7513,0.07431077966956716,0.07431077966956716,0,0,0
7514,0.07383378006910023,0.07383378006910023,0,0,0
7515,0.07793616444656723,0.07793616444656723,0,0,0
7516,0.07212785053017892,0.07212785053017892,0,0,0
7517,0.07174922094533318,0.07174922094533318,0,0,0
7518,0.07029925620085314,0.07029925620085314,0,0,0
7519,0.07532422558257454,0.07532422558257454,0,0,0
7520,0.07859346260757823,0.07859346260757823,0,0,0
7521,0.0765859317034483,0.0765859317034483,0,0,0
7522,0.07893917645866934,0.07893917645866934,0,0,0
7523,0.0891056460769553,0.0891056460769553,0,0,0
7524,0.07331563115708138,0.07331563115708138,0,0,0
7525,0.07134605228508774,0.07134605228508774,0,0,0
7526,0.07311215624213219,0.07311215624213219,0,0,0
7527,0.07528962900764063,0.07528962900764063,0,0,0
7528,0.07340185006002062,0.07340185006002062,0,0,0
7529,0.08672640933410118,0.08672640933410118,0,0,0
7530,0.07487154977494165,0.07487154977494165,0,0,0
7531,0.07535555743073162,0.07535555743073162,0,0,0
7532,0.07278954193584229,0.07278954193584229,0,0,0
7533,0.07676916530257777,0.07676916530257777,0,0,0
7534,0.0763683294583308,0.0763683294583308,0,0,0
7535,0.07309323245365369,0.07309323245365369,0,0,0
7536,0.0706235978164171,0.0706235978164171,0,0,0
7537,0.07895127056460631,0.07895127056460631,0,0,0
7538,0.07330104561620637,0.07330104561620637,0,0,0
7539,0.07811547565813128,0.07811547565813128,0,0,0
7540,0.07711059570704636,0.07711059570704636,0,0,0
7541,0.07920613384952671,0.07920613384952671,0,0,0
7542,0.07383675255665653,0.07383675255665653,0,0,0
7543,0.07770857195320882,0.07770857195320882,0,0,0
7544,0.07506809452254522,0.07506809452254522,0,0,0
7545,0.07290997934576712,0.07290997934576712,0,0,0
7546,0.07470368623341385,0.07470368623341385,0,0,0
7547,0.07141556512368352,0.07141556512368352,0,0,0
7548,0.08432034667777388,0.08432034667777388,0,0,0
7549,0.07403638880503804,0.07403638880503804,0,0,0
7550,0.07254960956542116,0.07254960956542116,0,0,0
7551,0.07270036627979655,0.07270036627979655,0,0,0
7552,0.08028904279988062,0.08028904279988062,0,0,0
7553,0.07439463889520419,0.07439463889520419,0,0,0
7554,0.07176427386308971,0.07176427386308971,0,0,0
7555,0.07562345070274253,0.07562345070274253,0,0,0
7556,0.0754250560544039,0.0754250560544039,0,0,0
7557,0.07360645133609835,0.07360645133609835,0,0,0
7558,0.07347494206930462,0.07347494206930462,0,0,0
7559,0.07351895196265296,0.07351895196265296,0,0,0
7560,0.07636455975865063,0.07636455975865063,0,0,0
7561,0.07527377750528486,0.07527377750528486,0,0,0
7562,0.07765902088660943,0.07765902088660943,0,0,0
7563,0.07478280571338378,0.07478280571338378,0,0,0
7564,0.07122095429191463,0.07122095429191463,0,0,0
7565,0.0807525205769037,0.0807525205769037,0,0,0
7566,0.07192005109237998,0.07192005109237998,0,0,0
7567,0.07321790488142717,0.07321790488142717,0,0,0
7568,0.07602796772200811,0.07602796772200811,0,0,0
7569,0.07031606186769511,0.07031606186769511,0,0,0
7570,0.08213676742621158,0.08213676742621158,0,0,0
7571,0.0790000549076419,0.0790000549076419,0,0,0
7572,0.08211155167143595,0.08211155167143595,0,0,0
7573,0.07486892766074131,0.07486892766074131,0,0,0
7574,0.07424146182050831,0.07424146182050831,0,0,0
7575,0.07164750155061483,0.07164750155061483,0,0,0
7576,0.07552465502368777,0.07552465502368777,0,0,0
7577,0.08068941572779104,0.08068941572779104,0,0,0
7578,0.07659671328177578,0.07659671328177578,0,0,0
7579,0.07245847141664279,0.07245847141664279,0,0,0
7580,0.07509580166324188,0.07509580166324188,0,0,0
7581,0.07979005477146099,0.07979005477146099,0,0,0
7582,0.0728271685932812,0.0728271685932812,0,0,0
7583,0.07153685283111899,0.07153685283111899,0,0,0
7584,0.0752204138001329,0.0752204138001329,0,0,0
7585,0.07863133116380165,0.07863133116380165,0,0,0
7586,0.07133402141105187,0.07133402141105187,0,0,0
7587,0.08000743849889229,0.08000743849889229,0,0,0
7588,0.0705428110729707,0.0705428110729707,0,0,0
7589,0.0762726620427872,0.0762726620427872,0,0,0
7590,0.07886615728861407,0.07886615728861407,0,0,0
7591,0.0739317002069009,0.0739317002069009,0,0,0
7592,0.07158250361680984,0.07158250361680984,0,0,0
7593,0.07546261462726091,0.07546261462726091,0,0,0
7594,0.07464210679264445,0.07464210679264445,0,0,0
7595,0.07153040739266496,0.07153040739266496,0,0,0
7596,0.07575772937975432,0.07575772937975432,0,0,0
7597,0.07675288004898712,0.07675288004898712,0,0,0
7598,0.07644292486733512,0.07644292486733512,0,0,0
7599,0.08102144742090452,0.08102144742090452,0,0,0
7600,0.07658115617538754,0.07658115617538754,0,0,0
7601,0.07371630215723264,0.07371630215723264,0,0,0
7602,0.07356643465984809,0.07356643465984809,0,0,0
7603,0.07134634775942877,0.07134634775942877,0,0,0
7604,0.08216321414434596,0.08216321414434596,0,0,0
7605,0.0883583303933081,0.0883583303933081,0,0,0
7606,0.0785803459584713,0.0785803459584713,0,0,0
7607,0.07279333913404691,0.07279333913404691,0,0,0
7608,0.07030263920559694,0.07030263920559694,0,0,0
7609,0.07946647037016719,0.07946647037016719,0,0,0
7610,0.07272955535077735,0.07272955535077735,0,0,0
7611,0.07459020193078016,0.07459020193078016,0,0,0
7612,0.07831465943079245,0.07831465943079245,0,0,0
7613,0.07195166008252847,0.07195166008252847,0,0,0
7614,0.0756174153403232,0.0756174153403232,0,0,0
7615,0.07173118554055691,0.07173118554055691,0,0,0
7616,0.071798655057424,0.071798655057424,0,0,0
7617,0.07727721294290141,0.07727721294290141,0,0,0
7618,0.07600548765376995,0.07600548765376995,0,0,0
7619,0.07613099023307625,0.07613099023307625,0,0,0
7620,0.07395464779907152,0.07395464779907152,0,0,0
7621,0.07326827727650341,0.07326827727650341,0,0,0
7622,0.07257317555578131,0.07257317555578131,0,0,0
7623,0.07758558286648047,0.07758558286648047,0,0,0
7624,0.07327554933726788,0.07327554933726788,0,0,0
7625,0.08407217175944855,0.08407217175944855,0,0,0
7626,0.07627913444057892,0.07627913444057892,0,0,0
7627,0.0799733979725524,0.0799733979725524,0,0,0
7628,0.07764840596600582,0.07764840596600582,0,0,0
7629,0.07834390786133315,0.07834390786133315,0,0,0
7630,0.07413835901963084,0.07413835901963084,0,0,0
7631,0.0734660565657051,0.0734660565657051,0,0,0
7632,0.07036914980333102,0.07036914980333102,0,0,0
7633,0.07446097357100562,0.07446097357100562,0,0,0
7634,0.07425192292583616,0.07425192292583616,0,0,0
7635,0.07409164280091461,0.07409164280091461,0,0,0
7636,0.07908021541018236,0.07908021541018236,0,0,0
7637,0.07975925465947703,0.07975925465947703,0,0,0
7638,0.07182695853867029,0.07182695853867029,0,0,0
7639,0.06963674841742766,0.06963674841742766,0,0,0
7640,0.08068040650534003,0.08068040650534003,0,0,0
7641,0.0804100294450396,0.0804100294450396,0,0,0
7642,0.0736511169295562,0.0736511169295562,0,0,0
7643,0.07726829155887428,0.07726829155887428,0,0,0
7644,0.07173577598051022,0.07173577598051022,0,0,0
7645,0.07698752240915048,0.07698752240915048,0,0,0
7646,0.07787950797692726,0.07787950797692726,0,0,0
7647,0.07854199321254303,0.07854199321254303,0,0,0
7648,0.0777828024798318,0.0777828024798318,0,0,0
7649,0.074107661549198,0.074107661549198,0,0,0
7650,0.07781610000682504,0.07781610000682504,0,0,0
7651,0.07355333982329619,0.07355333982329619,0,0,0
7652,0.07587047529063727,0.07587047529063727,0,0,0
7653,0.07587547453218385,0.07587547453218385,0,0,0
7654,0.07744047437843524,0.07744047437843524,0,0,0
7655,0.07130329830473975,0.07130329830473975,0,0,0
7656,0.07098535860055372,0.07098535860055372,0,0,0
7657,0.07391166971310188,0.07391166971310188,0,0,0
7658,0.07511295672310025,0.07511295672310025,0,0,0
7659,0.07700107511329024,0.07700107511329024,0,0,0
7660,0.07712316228763054,0.07712316228763054,0,0,0
7661,0.07366229838838703,0.07366229838838703,0,0,0
7662,0.08090933373099879,0.08090933373099879,0,0,0
7663,0.07593033815685071,0.07593033815685071,0,0,0
7664,0.07350565071560834,0.07350565071560834,0,0,0
7665,0.07932816112512037,0.07932816112512037,0,0,0
7666,0.07606705219337814,0.07606705219337814,0,0,0
7667,0.07494236822975309,0.07494236822975309,0,0,0
7668,0.07554976504884268,0.07554976504884268,0,0,0
7669,0.07435602792783787,0.07435602792783787,0,0,0
7670,0.08054692008973736,0.08054692008973736,0,0,0
7671,0.07504493311831825,0.07504493311831825,0,0,0
7672,0.07315276876876228,0.07315276876876228,0,0,0
7673,0.07183467836952523,0.07183467836952523,0,0,0
7674,0.07317549333368477,0.07317549333368477,0,0,0
7675,0.07121962318687063,0.07121962318687063,0,0,0
7676,0.07233513450544131,0.07233513450544131,0,0,0
7677,0.07279709491290544,0.07279709491290544,0,0,0
7678,0.07490987703204155,0.07490987703204155,0,0,0
7679,0.07250315343078814,0.07250315343078814,0,0,0
7680,0.07482222055918292,0.07482222055918292,0,0,0
7681,0.08980802495620753,0.08980802495620753,0,0,0
7682,0.0751990208304242,0.0751990208304242,0,0,0
7683,0.07256196958846167,0.07256196958846167,0,0,0
7684,0.0738092208967397,0.0738092208967397,0,0,0
7685,0.0763074622342461,0.0763074622342461,0,0,0
7686,0.07409540054045226,0.07409540054045226,0,0,0
7687,0.07192824692710449,0.07192824692710449,0,0,0
7688,0.073992980350005,0.073992980350005,0,0,0
7689,0.07704509000637029,0.07704509000637029,0,0,0
7690,0.07122571486979723,0.07122571486979723,0,0,0
7691,0.07084028040500064,0.07084028040500064,0,0,0
7692,0.0787380309285302,0.0787380309285302,0,0,0
7693,0.07570770912264523,0.07570770912264523,0,0,0
7694,0.07852768192165777,0.07852768192165777,0,0,0
7695,0.07312621558575254,0.07312621558575254,0,0,0
7696,0.07297638999788385,0.07297638999788385,0,0,0
7697,0.07372335766099002,0.07372335766099002,0,0,0
7698,0.0741308395211634,0.0741308395211634,0,0,0
7699,0.07152232160105516,0.07152232160105516,0,0,0
7700,0.0742051833750386,0.0742051833750386,0,0,0
7701,0.0785268240265156,0.0785268240265156,0,0,0
7702,0.0705953648215846,0.0705953648215846,0,0,0
7703,0.07297033473457161,0.07297033473457161,0,0,0
7704,0.07076035704659789,0.07076035704659789,0,0,0
7705,0.07947257710130591,0.07947257710130591,0,0,0
7706,0.0733676970887341,0.0733676970887341,0,0,0
7707,0.07669884054676483,0.07669884054676483,0,0,0
7708,0.07145870339713599,0.07145870339713599,0,0,0
7709,0.07491202221104973,0.07491202221104973,0,0,0
7710,0.08121127997966189,0.08121127997966189,0,0,0
7711,0.07524984241708328,0.07524984241708328,0,0,0
7712,0.07530423547876508,0.07530423547876508,0,0,0
7713,0.07068715911162526,0.07068715911162526,0,0,0
7714,0.07298957438845384,0.07298957438845384,0,0,0
7715,0.07524022308031195,0.07524022308031195,0,0,0
7716,0.07421457125364166,0.07421457125364166,0,0,0
7717,0.07395789536990617,0.07395789536990617,0,0,0
7718,0.0750187317791738,0.0750187317791738,0,0,0
7719,0.07540118655091838,0.07540118655091838,0,0,0
7720,0.0795815784582182,0.0795815784582182,0,0,0
7721,0.07135841637653739,0.07135841637653739,0,0,0
7722,0.07180046853854467,0.07180046853854467,0,0,0
7723,0.07212385412697729,0.07212385412697729,0,0,0
7724,0.08384065918232265,0.08384065918232265,0,0,0
7725,0.0761297636322285,0.0761297636322285,0,0,0
7726,0.07298138522003826,0.07298138522003826,0,0,0
7727,0.07149276353026691,0.07149276353026691,0,0,0
7728,0.080991782640156,0.080991782640156,0,0,0
7729,0.0928475532288614,0.0928475532288614,0,0,0
7730,0.0726724392489383,0.0726724392489383,0,0,0
7731,0.07631715877275717,0.07631715877275717,0,0,0
7732,0.07669218178642423,0.07669218178642423,0,0,0
7733,0.07386981568446285,0.07386981568446285,0,0,0
7734,0.07157295481546928,0.07157295481546928,0,0,0
7735,0.07218388752325584,0.07218388752325584,0,0,0
7736,0.07305637590195004,0.07305637590195004,0,0,0
7737,0.07608262782818392,0.07608262782818392,0,0,0
7738,0.0697391701764182,0.0697391701764182,0,0,0
7739,0.07547041685565521,0.07547041685565521,0,0,0
7740,0.07723919115960598,0.07723919115960598,0,0,0
7741,0.07431824005355961,0.07431824005355961,0,0,0
7742,0.07411549887374828,0.07411549887374828,0,0,0
7743,0.07246865155665498,0.07246865155665498,0,0,0
7744,0.07316117674896591,0.07316117674896591,0,0,0
7745,0.07416264894173334,0.07416264894173334,0,0,0
7746,0.0731333751035364,0.0731333751035364,0,0,0
7747,0.07827690429985523,0.07827690429985523,0,0,0
7748,0.07341415395862178,0.07341415395862178,0,0,0
7749,0.07511113515417826,0.07511113515417826,0,0,0
7750,0.07322785836693488,0.07322785836693488,0,0,0
7751,0.0744547575810238,0.0744547575810238,0,0,0
7752,0.07467109553123776,0.07467109553123776,0,0,0
7753,0.07474227141784995,0.07474227141784995,0,0,0
7754,0.07239513118800364,0.07239513118800364,0,0,0
7755,0.07237659051622215,0.07237659051622215,0,0,0
7756,0.07702005924166817,0.07702005924166817,0,0,0
7757,0.07142719734264047,0.07142719734264047,0,0,0
7758,0.07719236043723006,0.07719236043723006,0,0,0
7759,0.07286177732442554,0.07286177732442554,0,0,0
7760,0.07636397488807377,0.07636397488807377,0,0,0
7761,0.07699944951424473,0.07699944951424473,0,0,0
7762,0.0705485579214598,0.0705485579214598,0,0,0
7763,0.07157198829870474,0.07157198829870474,0,0,0
7764,0.07647650747707016,0.07647650747707016,0,0,0
7765,0.06840297275860059,0.06840297275860059,0,0,0
7766,0.0693455689439648,0.0693455689439648,0,0,0
7767,0.07437804802075813,0.07437804802075813,0,0,0
7768,0.07104069886631087,0.07104069886631087,0,0,0
7769,0.0826746110657328,0.0826746110657328,0,0,0
7770,0.07145981529825612,0.07145981529825612,0,0,0
7771,0.07043295726180077,0.07043295726180077,0,0,0
7772,0.07207878061423176,0.07207878061423176,0,0,0
7773,0.07867675823600669,0.07867675823600669,0,0,0
7774,0.07348688966349552,0.07348688966349552,0,0,0
7775,0.07509900472666088,0.07509900472666088,0,0,0
7776,0.07429597762070204,0.07429597762070204,0,0,0
7777,0.07344466300779268,0.07344466300779268,0,0,0
7778,0.0704689716037951,0.0704689716037951,0,0,0
7779,0.06995008993697793,0.06995008993697793,0,0,0
7780,0.07167448191658447,0.07167448191658447,0,0,0
7781,0.07012517877707355,0.07012517877707355,0,0,0
7782,0.08230747037420147,0.08230747037420147,0,0,0
7783,0.07652094631798957,0.07652094631798957,0,0,0
7784,0.0763471344191777,0.0763471344191777,0,0,0
7785,0.08304766281262825,0.08304766281262825,0,0,0
7786,0.0789511096908858,0.0789511096908858,0,0,0
7787,0.07428636382284917,0.07428636382284917,0,0,0
7788,0.07296542514507708,0.07296542514507708,0,0,0
7789,0.07270147651433945,0.07270147651433945,0,0,0
7790,0.07109101273511585,0.07109101273511585,0,0,0
7791,0.07334143864481073,0.07334143864481073,0,0,0
7792,0.07695053174699608,0.07695053174699608,0,0,0
7793,0.06938903131767322,0.06938903131767322,0,0,0
7794,0.07332214967984903,0.07332214967984903,0,0,0
7795,0.07402395756032906,0.07402395756032906,0,0,0
7796,0.06895920604859528,0.06895920604859528,0,0,0
7797,0.07200169965232674,0.07200169965232674,0,0,0
7798,0.0746530745374529,0.0746530745374529,0,0,0
7799,0.07564762754267768,0.07564762754267768,0,0,0
7800,0.07202591501960628,0.07202591501960628,0,0,0
7801,0.07404658374817748,0.07404658374817748,0,0,0
7802,0.07245726540292564,0.07245726540292564,0,0,0
7803,0.06944656999487626,0.06944656999487626,0,0,0
7804,0.0682847572392539,0.0682847572392539,0,0,0
7805,0.08327540990553405,0.08327540990553405,0,0,0
7806,0.07233797072579987,0.07233797072579987,0,0,0
7807,0.07094668474440512,0.07094668474440512,0,0,0
7808,0.0713901087445648,0.0713901087445648,0,0,0
7809,0.08081379621044586,0.08081379621044586,0,0,0
7810,0.07420729277165312,0.07420729277165312,0,0,0
7811,0.0739584851421808,0.0739584851421808,0,0,0
7812,0.07048533327485386,0.07048533327485386,0,0,0
7813,0.06919297977889839,0.06919297977889839,0,0,0
7814,0.07328947216860558,0.07328947216860558,0,0,0
7815,0.07301224699538005,0.07301224699538005,0,0,0
7816,0.07525521095253919,0.07525521095253919,0,0,0
7817,0.07914403061333455,0.07914403061333455,0,0,0
7818,0.07700264051948723,0.07700264051948723,0,0,0
7819,0.07383574476759684,0.07383574476759684,0,0,0
7820,0.07469404096666135,0.07469404096666135,0,0,0
7821,0.07657849690631817,0.07657849690631817,0,0,0
7822,0.0772839231710685,0.0772839231710685,0,0,0
7823,0.07127979554628071,0.07127979554628071,0,0,0
7824,0.07505179098562191,0.07505179098562191,0,0,0
7825,0.07181110174248093,0.07181110174248093,0,0,0
7826,0.0756411351459591,0.0756411351459591,0,0,0
7827,0.07209031519136931,0.07209031519136931,0,0,0
7828,0.08093906546893873,0.08093906546893873,0,0,0
7829,0.07157512283638905,0.07157512283638905,0,0,0
7830,0.07361646829859207,0.07361646829859207,0,0,0
7831,0.07477411794427194,0.07477411794427194,0,0,0
7832,0.07582090697006176,0.07582090697006176,0,0,0
7833,0.07255722905852292,0.07255722905852292,0,0,0
7834,0.07226744539251453,0.07226744539251453,0,0,0
7835,0.08020687235617324,0.08020687235617324,0,0,0
7836,0.0747284647077322,0.0747284647077322,0,0,0
7837,0.07241627211241346,0.07241627211241346,0,0,0
7838,0.07360861421023544,0.07360861421023544,0,0,0
7839,0.06880579663342551,0.06880579663342551,0,0,0
7840,0.07491735123882168,0.07491735123882168,0,0,0
7841,0.07472222710126325,0.07472222710126325,0,0,0
7842,0.07239482943948947,0.07239482943948947,0,0,0
7843,0.07714403048157692,0.07714403048157692,0,0,0
7844,0.07171612595649142,0.07171612595649142,0,0,0
7845,0.07321262300798767,0.07321262300798767,0,0,0
7846,0.07741056412066284,0.07741056412066284,0,0,0
7847,0.07125246818912656,0.07125246818912656,0,0,0
7848,0.07266580852630891,0.07266580852630891,0,0,0
7849,0.07190987810884651,0.07190987810884651,0,0,0
7850,0.07573664786392137,0.07573664786392137,0,0,0
7851,0.07149320654571056,0.07149320654571056,0,0,0
7852,0.06930023495500025,0.06930023495500025,0,0,0
7853,0.07259037178990088,0.07259037178990088,0,0,0
7854,0.0722304871795993,0.0722304871795993,0,0,0
7855,0.07554732910112331,0.07554732910112331,0,0,0
7856,0.07291461782235849,0.07291461782235849,0,0,0
7857,0.0728876167712243,0.0728876167712243,0,0,0
7858,0.07378234807401896,0.07378234807401896,0,0,0
7859,0.07440416073720706,0.07440416073720706,0,0,0
7860,0.07484869453075685,0.07484869453075685,0,0,0
7861,0.0751189642438763,0.0751189642438763,0,0,0
7862,0.07254496491269062,0.07254496491269062,0,0,0
7863,0.07375275382870122,0.07375275382870122,0,0,0
7864,0.08032770650951486,0.08032770650951486,0,0,0
7865,0.07485622265621235,0.07485622265621235,0,0,0
7866,0.0758659850413862,0.0758659850413862,0,0,0
7867,0.07194212569217932,0.07194212569217932,0,0,0
7868,0.07753497175872326,0.07753497175872326,0,0,0
7869,0.07008339915620654,0.07008339915620654,0,0,0
7870,0.07126642724401072,0.07126642724401072,0,0,0
7871,0.07260790026109469,0.07260790026109469,0,0,0
7872,0.07533736291684602,0.07533736291684602,0,0,0
7873,0.07304617184165277,0.07304617184165277,0,0,0
7874,0.07661722345571768,0.07661722345571768,0,0,0
7875,0.07178125520677943,0.07178125520677943,0,0,0
7876,0.07533468825644568,0.07533468825644568,0,0,0
7877,0.07378932975820805,0.07378932975820805,0,0,0
7878,0.072667227028624,0.072667227028624,0,0,0
7879,0.07682491113480769,0.07682491113480769,0,0,0
7880,0.07410513335152676,0.07410513335152676,0,0,0
7881,0.07094500498159935,0.07094500498159935,0,0,0
7882,0.07055359618052055,0.07055359618052055,0,0,0
7883,0.07815121790688288,0.07815121790688288,0,0,0
7884,0.07393851601763775,0.07393851601763775,0,0,0
7885,0.068653529509902,0.068653529509902,0,0,0
7886,0.0701446316548084,0.0701446316548084,0,0,0
7887,0.07055925465139903,0.07055925465139903,0,0,0
7888,0.08516977207833215,0.08516977207833215,0,0,0
7889,0.07498920346169095,0.07498920346169095,0,0,0
7890,0.0772365560068896,0.0772365560068896,0,0,0
7891,0.07430725079029799,0.07430725079029799,0,0,0
7892,0.13098306120618394,0.13098306120618394,0,0,0
7893,0.07321671891565386,0.07321671891565386,0,0,0
7894,0.07409188161162954,0.07409188161162954,0,0,0
7895,0.07091134218008895,0.07091134218008895,0,0,0
7896,0.0682691551352802,0.0682691551352802,0,0,0
7897,0.07147908749941148,0.07147908749941148,0,0,0
7898,0.07193922996520996,0.07193922996520996,0,0,0
7899,0.06992652561319501,0.06992652561319501,0,0,0
7900,0.07209467505545993,0.07209467505545993,0,0,0
7901,0.07495069288109478,0.07495069288109478,0,0,0
7902,0.07341126979965913,0.07341126979965913,0,0,0
7903,0.07317383234438143,0.07317383234438143,0,0,0
7904,0.07521037629952557,0.07521037629952557,0,0,0
7905,0.07144565939118988,0.07144565939118988,0,0,0
7906,0.07570223451444977,0.07570223451444977,0,0,0
7907,0.0809573430175844,0.0809573430175844,0,0,0
7908,0.07235346509045676,0.07235346509045676,0,0,0
7909,0.07007179477889287,0.07007179477889287,0,0,0
7910,0.06964212450149812,0.06964212450149812,0,0,0
7911,0.07229689214574664,0.07229689214574664,0,0,0
7912,0.07456713449209929,0.07456713449209929,0,0,0
7913,0.07269776043923278,0.07269776043923278,0,0,0
7914,0.07061513395685899,0.07061513395685899,0,0,0
7915,0.09369651840901688,0.09369651840901688,0,0,0
7916,0.0708992444959126,0.0708992444959126,0,0,0
7917,0.07115384779478374,0.07115384779478374,0,0,0
7918,0.07494910644661439,0.07494910644661439,0,0,0
7919,0.07296820945645634,0.07296820945645634,0,0,0
7920,0.07291431176035028,0.07291431176035028,0,0,0
7921,0.0740187086753155,0.0740187086753155,0,0,0
7922,0.07207828647408046,0.07207828647408046,0,0,0
7923,0.07335304586510909,0.07335304586510909,0,0,0
7924,0.07038172942243125,0.07038172942243125,0,0,0
7925,0.07157251454497639,0.07157251454497639,0,0,0
7926,0.07050795902154948,0.07050795902154948,0,0,0
7927,0.07675910054853088,0.07675910054853088,0,0,0
7928,0.07743143996125773,0.07743143996125773,0,0,0
7929,0.07403477653861046,0.07403477653861046,0,0,0
7930,0.07160323118104746,0.07160323118104746,0,0,0
7931,0.06849145163830958,0.06849145163830958,0,0,0
7932,0.07283480279147625,0.07283480279147625,0,0,0
7933,0.07288853147704351,0.07288853147704351,0,0,0
7934,0.08033132729561705,0.08033132729561705,0,0,0
7935,0.07561050531895537,0.07561050531895537,0,0,0
7936,0.07607237180989039,0.07607237180989039,0,0,0
7937,0.07022841735497902,0.07022841735497902,0,0,0
7938,0.07160341671030772,0.07160341671030772,0,0,0
7939,0.080393853548326,0.080393853548326,0,0,0
7940,0.07483067853670371,0.07483067853670371,0,0,0
7941,0.08873892222580157,0.08873892222580157,0,0,0
7942,0.07365000081297599,0.07365000081297599,0,0,0
7943,0.0778817311909638,0.0778817311909638,0,0,0
7944,0.07238369454678736,0.07238369454678736,0,0,0
7945,0.0725505305454135,0.0725505305454135,0,0,0
7946,0.0702422252905212,0.0702422252905212,0,0,0
7947,0.07048029638826847,0.07048029638826847,0,0,0
7948,0.072642309885276,0.072642309885276,0,0,0
7949,0.07309707430632491,0.07309707430632491,0,0,0
7950,0.07787429482529037,0.07787429482529037,0,0,0
7951,0.07007163537568167,0.07007163537568167,0,0,0
7952,0.07126277150880349,0.07126277150880349,0,0,0
7953,0.07144676433189918,0.07144676433189918,0,0,0
7954,0.073902182967255,0.073902182967255,0,0,0
7955,0.07246936210676243,0.07246936210676243,0,0,0
7956,0.07451241443815984,0.07451241443815984,0,0,0
7957,0.0756648302470383,0.0756648302470383,0,0,0
7958,0.07100211270153522,0.07100211270153522,0,0,0
7959,0.07366973798918097,0.07366973798918097,0,0,0
7960,0.07274795676532544,0.07274795676532544,0,0,0
7961,0.075981564329643,0.075981564329643,0,0,0
7962,0.08055754349027809,0.08055754349027809,0,0,0
7963,0.07407710867884912,0.07407710867884912,0,0,0
7964,0.0815647728741169,0.0815647728741169,0,0,0
7965,0.07127099905751254,0.07127099905751254,0,0,0
7966,0.07426299429253529,0.07426299429253529,0,0,0
7967,0.06821344067391596,0.06821344067391596,0,0,0
7968,0.07130174848594163,0.07130174848594163,0,0,0
7969,0.07766889663119066,0.07766889663119066,0,0,0
7970,0.07064809316867277,0.07064809316867277,0,0,0
7971,0.0721217153201762,0.0721217153201762,0,0,0
7972,0.07597856890214116,0.07597856890214116,0,0,0
7973,0.07265066997589249,0.07265066997589249,0,0,0
7974,0.06944379318309457,0.06944379318309457,0,0,0
7975,0.07197655100179345,0.07197655100179345,0,0,0
7976,0.07211746569526822,0.07211746569526822,0,0,0
7977,0.07618943964572329,0.07618943964572329,0,0,0
7978,0.0755880736794911,0.0755880736794911,0,0,0
7979,0.07377407356704536,0.07377407356704536,0,0,0
7980,0.0740596439297262,0.0740596439297262,0,0,0
7981,0.07792776715206473,0.07792776715206473,0,0,0
7982,0.0762737009086107,0.0762737009086107,0,0,0
7983,0.07037905187002923,0.07037905187002923,0,0,0
7984,0.07362833325015872,0.07362833325015872,0,0,0
7985,0.07356670464536078,0.07356670464536078,0,0,0
7986,0.0738764694940887,0.0738764694940887,0,0,0
7987,0.07319428977605544,0.07319428977605544,0,0,0
7988,0.07598501424256124,0.07598501424256124,0,0,0
7989,0.09995201210442342,0.09995201210442342,0,0,0
7990,0.07019504443987419,0.07019504443987419,0,0,0
7991,0.07278551563228432,0.07278551563228432,0,0,0
7992,0.07356511938728784,0.07356511938728784,0,0,0
7993,0.07245738716109802,0.07245738716109802,0,0,0
7994,0.07237864981748555,0.07237864981748555,0,0,0
7995,0.07443068009850226,0.07443068009850226,0,0,0
7996,0.07295001768752148,0.07295001768752148,0,0,0
7997,0.07262197161387456,0.07262197161387456,0,0,0
7998,0.08117842193888991,0.08117842193888991,0,0,0
7999,0.07189677822354593,0.07189677822354593,0,0,0
8000,0.07242956973220173,0.07242956973220173,0,0,0
8001,0.07345552742481232,0.07345552742481232,0,0,0
8002,0.07653655239233845,0.07653655239233845,0,0,0
8003,0.07076487043186237,0.07076487043186237,0,0,0
8004,0.07124490173239457,0.07124490173239457,0,0,0
8005,0.07773930099057524,0.07773930099057524,0,0,0
8006,0.07310518445937257,0.07310518445937257,0,0,0
8007,0.07585976429675755,0.07585976429675755,0,0,0
8008,0.07509911638733588,0.07509911638733588,0,0,0
8009,0.07567964945184558,0.07567964945184558,0,0,0
8010,0.07448319149644751,0.07448319149644751,0,0,0
8011,0.07622017868255314,0.07622017868255314,0,0,0
8012,0.07475827810795684,0.07475827810795684,0,0,0
8013,0.0734499241960676,0.0734499241960676,0,0,0
8014,0.07342273452760358,0.07342273452760358,0,0,0
8015,0.07702325264874257,0.07702325264874257,0,0,0
8016,0.07213819825923756,0.07213819825923756,0,0,0
8017,0.0734123433204858,0.0734123433204858,0,0,0
8018,0.06952396417526822,0.06952396417526822,0,0,0
8019,0.0796687432417744,0.0796687432417744,0,0,0
8020,0.07143968853511308,0.07143968853511308,0,0,0
8021,0.08022827341368324,0.08022827341368324,0,0,0
8022,0.07311059583566691,0.07311059583566691,0,0,0
8023,0.07516845810766283,0.07516845810766283,0,0,0
8024,0.07029089017918236,0.07029089017918236,0,0,0
8025,0.06966007853809156,0.06966007853809156,0,0,0
8026,0.06941020488739014,0.06941020488739014,0,0,0
8027,0.0718135291612462,0.0718135291612462,0,0,0
8028,0.07684803930552382,0.07684803930552382,0,0,0
8029,0.07260828166219749,0.07260828166219749,0,0,0
8030,0.07132646686544544,0.07132646686544544,0,0,0
8031,0.07334051727268256,0.07334051727268256,0,0,0
8032,0.07221926586996567,0.07221926586996567,0,0,0
8033,0.0667234112655646,0.0667234112655646,0,0,0
8034,0.06952134480601863,0.06952134480601863,0,0,0
8035,0.07385275512933731,0.07385275512933731,0,0,0
8036,0.07129003254598693,0.07129003254598693,0,0,0
8037,0.0742059014737606,0.0742059014737606,0,0,0
8038,0.07830513753977261,0.07830513753977261,0,0,0
8039,0.07474385339178537,0.07474385339178537,0,0,0
8040,0.07797526479943802,0.07797526479943802,0,0,0
8041,0.07790715423853774,0.07790715423853774,0,0,0
8042,0.0739062694146445,0.0739062694146445,0,0,0
8043,0.07463713382419787,0.07463713382419787,0,0,0
8044,0.07303231631062533,0.07303231631062533,0,0,0
8045,0.07309344126597832,0.07309344126597832,0,0,0
8046,0.07079479147336985,0.07079479147336985,0,0,0
8047,0.07396851587844522,0.07396851587844522,0,0,0
8048,0.07131337609730269,0.07131337609730269,0,0,0
8049,0.08458418634377028,0.08458418634377028,0,0,0
8050,0.07384827821270416,0.07384827821270416,0,0,0
8051,0.07415706791767948,0.07415706791767948,0,0,0
8052,0.06847520221612956,0.06847520221612956,0,0,0
8053,0.06947726158327178,0.06947726158327178,0,0,0
8054,0.06844522343262245,0.06844522343262245,0,0,0
8055,0.07309552855593593,0.07309552855593593,0,0,0
8056,0.06938976578806576,0.06938976578806576,0,0,0
8057,0.07041834833982744,0.07041834833982744,0,0,0
8058,0.0767369193858222,0.0767369193858222,0,0,0
8059,0.07529389926869619,0.07529389926869619,0,0,0
8060,0.0722827572179468,0.0722827572179468,0,0,0
8061,0.07049216192803885,0.07049216192803885,0,0,0
8062,0.07470464941702391,0.07470464941702391,0,0,0
8063,0.07535820042616442,0.07535820042616442,0,0,0
8064,0.07308457855527338,0.07308457855527338,0,0,0
8065,0.07019340903743317,0.07019340903743317,0,0,0
8066,0.07706103179799884,0.07706103179799884,0,0,0
8067,0.07170851185525719,0.07170851185525719,0,0,0
8068,0.07454994404198308,0.07454994404198308,0,0,0
8069,0.07372541960917021,0.07372541960917021,0,0,0
8070,0.07170244536705707,0.07170244536705707,0,0,0
8071,0.0756618938359775,0.0756618938359775,0,0,0
8072,0.07208592738760145,0.07208592738760145,0,0,0
8073,0.07604362580337022,0.07604362580337022,0,0,0
8074,0.07825291803792904,0.07825291803792904,0,0,0
8075,0.07177714934866679,0.07177714934866679,0,0,0
8076,0.07530887621013742,0.07530887621013742,0,0,0
8077,0.08495674233295415,0.08495674233295415,0,0,0
8078,0.07214549811262834,0.07214549811262834,0,0,0
8079,0.07291207031199806,0.07291207031199806,0,0,0
8080,0.07138142852406752,0.07138142852406752,0,0,0
8081,0.07639108255113426,0.07639108255113426,0,0,0
8082,0.07193635551160887,0.07193635551160887,0,0,0
8083,0.07607502872614484,0.07607502872614484,0,0,0
8084,0.08037946760458381,0.08037946760458381,0,0,0
8085,0.06929166144446323,0.06929166144446323,0,0,0
8086,0.0712701658669271,0.0712701658669271,0,0,0
8087,0.0694799529094445,0.0694799529094445,0,0,0
8088,0.07065891778390658,0.07065891778390658,0,0,0
8089,0.07456764186683454,0.07456764186683454,0,0,0
8090,0.0768713015866907,0.0768713015866907,0,0,0
8091,0.07323097261159044,0.07323097261159044,0,0,0
8092,0.07139667260803674,0.07139667260803674,0,0,0
8093,0.06763205569433539,0.06763205569433539,0,0,0
8094,0.07107086313006125,0.07107086313006125,0,0,0
8095,0.06938515172192924,0.06938515172192924,0,0,0
8096,0.07971809804439545,0.07971809804439545,0,0,0
8097,0.07561062825353522,0.07561062825353522,0,0,0
8098,0.07267343801887412,0.07267343801887412,0,0,0
8099,0.07382028255807727,0.07382028255807727,0,0,0
8100,0.06671768897458126,0.06671768897458126,0,0,0
8101,0.07977891870235142,0.07977891870235142,0,0,0
8102,0.07422628420356073,0.07422628420356073,0,0,0
8103,0.07652278391546324,0.07652278391546324,0,0,0
8104,0.07307190565686476,0.07307190565686476,0,0,0
8105,0.07195728134952094,0.07195728134952094,0,0,0
8106,0.07455918065419323,0.07455918065419323,0,0,0
8107,0.07278149079923567,0.07278149079923567,0,0,0
8108,0.07083472609519958,0.07083472609519958,0,0,0
8109,0.07192572701330248,0.07192572701330248,0,0,0
8110,0.07466561327639379,0.07466561327639379,0,0,0
8111,0.06871604586118146,0.06871604586118146,0,0,0
8112,0.07339249923825264,0.07339249923825264,0,0,0
8113,0.0734087971872405,0.0734087971872405,0,0,0
8114,0.06963607561039298,0.06963607561039298,0,0,0
8115,0.06744308485404442,0.06744308485404442,0,0,0
8116,0.07030376978218555,0.07030376978218555,0,0,0
8117,0.07075881850170462,0.07075881850170462,0,0,0
8118,0.06881024747302658,0.06881024747302658,0,0,0
8119,0.06929256325881732,0.06929256325881732,0,0,0
8120,0.07567707802120008,0.07567707802120008,0,0,0
8121,0.0713058866952595,0.0713058866952595,0,0,0
8122,0.0735411785150829,0.0735411785150829,0,0,0
8123,0.07804016072891261,0.07804016072891261,0,0,0
8124,0.069213470934253,0.069213470934253,0,0,0
8125,0.07656484342327244,0.07656484342327244,0,0,0
8126,0.06932957989996985,0.06932957989996985,0,0,0
8127,0.07357238262499634,0.07357238262499634,0,0,0
8128,0.07401260419895775,0.07401260419895775,0,0,0
8129,0.07257878878398945,0.07257878878398945,0,0,0
8130,0.06921701084234212,0.06921701084234212,0,0,0
8131,0.07616916936086982,0.07616916936086982,0,0,0
8132,0.08078635528095458,0.08078635528095458,0,0,0
8133,0.07474756927082413,0.07474756927082413,0,0,0
8134,0.069840853543658,0.069840853543658,0,0,0
8135,0.07374645651955354,0.07374645651955354,0,0,0
8136,0.07394204455378808,0.07394204455378808,0,0,0
8137,0.0719080476188346,0.0719080476188346,0,0,0
8138,0.0759247308106799,0.0759247308106799,0,0,0
8139,0.07678711512371113,0.07678711512371113,0,0,0
8140,0.08007024944220718,0.08007024944220718,0,0,0
8141,0.07305838412752277,0.07305838412752277,0,0,0
8142,0.07086776986129974,0.07086776986129974,0,0,0
8143,0.07317187833158594,0.07317187833158594,0,0,0
8144,0.07328131941980437,0.07328131941980437,0,0,0
8145,0.0736778880420484,0.0736778880420484,0,0,0
8146,0.07281094926752542,0.07281094926752542,0,0,0
8147,0.07303683842091184,0.07303683842091184,0,0,0
8148,0.06918734753210294,0.06918734753210294,0,0,0
8149,0.07189792007403939,0.07189792007403939,0,0,0
8150,0.0751766063469021,0.0751766063469021,0,0,0
8151,0.07262468230175345,0.07262468230175345,0,0,0
8152,0.06586437343962882,0.06586437343962882,0,0,0
8153,0.07199057671976716,0.07199057671976716,0,0,0
8154,0.07219210708219755,0.07219210708219755,0,0,0
8155,0.07359026053822354,0.07359026053822354,0,0,0
8156,0.07408195547759533,0.07408195547759533,0,0,0
8157,0.07498379032078542,0.07498379032078542,0,0,0
8158,0.07337612325423643,0.07337612325423643,0,0,0
8159,0.0717952989630009,0.0717952989630009,0,0,0
8160,0.07685778191999386,0.07685778191999386,0,0,0
8161,0.07444718293845654,0.07444718293845654,0,0,0
8162,0.07187776218511556,0.07187776218511556,0,0,0
8163,0.07338483651217662,0.07338483651217662,0,0,0
8164,0.06826516495723474,0.06826516495723474,0,0,0
8165,0.07885015422576352,0.07885015422576352,0,0,0
8166,0.07479281821533253,0.07479281821533253,0,0,0
8167,0.07165135462817393,0.07165135462817393,0,0,0
8168,0.07134605581431012,0.07134605581431012,0,0,0
8169,0.07363616753565638,0.07363616753565638,0,0,0
8170,0.07380029039555475,0.07380029039555475,0,0,0
8171,0.07148548196020879,0.07148548196020879,0,0,0
8172,0.07344640977680683,0.07344640977680683,0,0,0
8173,0.07208776072059807,0.07208776072059807,0,0,0
8174,0.06673482138859599,0.06673482138859599,0,0,0
8175,0.07452362192500579,0.07452362192500579,0,0,0
8176,0.07216677922559411,0.07216677922559411,0,0,0
8177,0.07577406899317314,0.07577406899317314,0,0,0
8178,0.08265389070699089,0.08265389070699089,0,0,0
8179,0.07514532998596367,0.07514532998596367,0,0,0
8180,0.07195011663593744,0.07195011663593744,0,0,0
8181,0.06970047460574853,0.06970047460574853,0,0,0
8182,0.07131380646636612,0.07131380646636612,0,0,0
8183,0.07419671461378273,0.07419671461378273,0,0,0
8184,0.07128843072017557,0.07128843072017557,0,0,0
8185,0.07137930236364666,0.07137930236364666,0,0,0
8186,0.07477685024863795,0.07477685024863795,0,0,0
8187,0.07358678685207116,0.07358678685207116,0,0,0
8188,0.07306641663767789,0.07306641663767789,0,0,0
8189,0.07225020563131884,0.07225020563131884,0,0,0
8190,0.07397151169808287,0.07397151169808287,0,0,0
8191,0.07780414466795169,0.07780414466795169,0,0,0
8192,0.06863293835991308,0.06863293835991308,0,0,0
8193,0.07434718869626522,0.07434718869626522,0,0,0
8194,0.07259291204574861,0.07259291204574861,0,0,0
8195,0.07379558790279062,0.07379558790279062,0,0,0
8196,0.07263879762276222,0.07263879762276222,0,0,0
8197,0.07474006604599326,0.07474006604599326,0,0,0
8198,0.07448085926865276,0.07448085926865276,0,0,0
8199,0.06992424465715885,0.06992424465715885,0,0,0
8200,0.07487261814898566,0.07487261814898566,0,0,0
8201,0.07337213660541334,0.07337213660541334,0,0,0
8202,0.07187265304750518,0.07187265304750518,0,0,0
8203,0.07150594752870108,0.07150594752870108,0,0,0
8204,0.07299687938862726,0.07299687938862726,0,0,0
8205,0.0707990426668211,0.0707990426668211,0,0,0
8206,0.06861150544136763,0.06861150544136763,0,0,0
8207,0.07418758706434776,0.07418758706434776,0,0,0
8208,0.07415559064400823,0.07415559064400823,0,0,0
8209,0.07255345994704648,0.07255345994704648,0,0,0
8210,0.06944490282943375,0.06944490282943375,0,0,0
8211,0.07337416012428309,0.07337416012428309,0,0,0
8212,0.07541198322647497,0.07541198322647497,0,0,0
8213,0.0730637326640518,0.0730637326640518,0,0,0
8214,0.08051114411730516,0.08051114411730516,0,0,0
8215,0.0713785749516989,0.0713785749516989,0,0,0
8216,0.07132480244495366,0.07132480244495366,0,0,0
8217,0.07445173181201283,0.07445173181201283,0,0,0
8218,0.07348576575321586,0.07348576575321586,0,0,0
8219,0.07299653455418975,0.07299653455418975,0,0,0
8220,0.07831750319976556,0.07831750319976556,0,0,0
8221,0.07648313761149582,0.07648313761149582,0,0,0
8222,0.07281917568884398,0.07281917568884398,0,0,0
8223,0.0697526297483005,0.0697526297483005,0,0,0
8224,0.07117264041383016,0.07117264041383016,0,0,0
8225,0.0716787134542277,0.0716787134542277,0,0,0
8226,0.07264520022037782,0.07264520022037782,0,0,0
8227,0.07332096190044754,0.07332096190044754,0,0,0
8228,0.084570960975007,0.084570960975007,0,0,0
8229,0.06949011314856379,0.06949011314856379,0,0,0
8230,0.07064618508478529,0.07064618508478529,0,0,0
8231,0.07078150110809427,0.07078150110809427,0,0,0
8232,0.06882592800416444,0.06882592800416444,0,0,0
8233,0.07260042806401064,0.07260042806401064,0,0,0
8234,0.07197687235709868,0.07197687235709868,0,0,0
8235,0.07616565425537135,0.07616565425537135,0,0,0
8236,0.0761464030334824,0.0761464030334824,0,0,0
8237,0.07420155876561214,0.07420155876561214,0,0,0
8238,0.07099112240891707,0.07099112240891707,0,0,0
8239,0.07526852131674164,0.07526852131674164,0,0,0
8240,0.07304002393625285,0.07304002393625285,0,0,0
8241,0.07072753071981042,0.07072753071981042,0,0,0
8242,0.0737818238374434,0.0737818238374434,0,0,0
8243,0.07137298789855681,0.07137298789855681,0,0,0
8244,0.07431505331279416,0.07431505331279416,0,0,0
8245,0.07593498717209227,0.07593498717209227,0,0,0
8246,0.07350986382286799,0.07350986382286799,0,0,0
8247,0.0749275788272682,0.0749275788272682,0,0,0
8248,0.07063043970418603,0.07063043970418603,0,0,0
8249,0.07112253584751957,0.07112253584751957,0,0,0
8250,0.0682806484401226,0.0682806484401226,0,0,0
8251,0.07312483188549154,0.07312483188549154,0,0,0
8252,0.07976134964510014,0.07976134964510014,0,0,0
8253,0.07034938601090719,0.07034938601090719,0,0,0
8254,0.07242661405746874,0.07242661405746874,0,0,0
8255,0.07223715574333542,0.07223715574333542,0,0,0
8256,0.07846762632068835,0.07846762632068835,0,0,0
8257,0.07290527999008957,0.07290527999008957,0,0,0
8258,0.06870122121548966,0.06870122121548966,0,0,0
8259,0.07069897945774228,0.07069897945774228,0,0,0
8260,0.07434667156715143,0.07434667156715143,0,0,0
8261,0.07320697213474073,0.07320697213474073,0,0,0
8262,0.07258554479401362,0.07258554479401362,0,0,0
8263,0.07458380046055506,0.07458380046055506,0,0,0
8264,0.07600961939284676,0.07600961939284676,0,0,0
8265,0.06806893705537445,0.06806893705537445,0,0,0
8266,0.066741702538964,0.066741702538964,0,0,0
8267,0.07630784956640319,0.07630784956640319,0,0,0
8268,0.07160167391166876,0.07160167391166876,0,0,0
8269,0.07310884651776992,0.07310884651776992,0,0,0
8270,0.07193342645309474,0.07193342645309474,0,0,0
8271,0.07591339244850372,0.07591339244850372,0,0,0
8272,0.07197902714343447,0.07197902714343447,0,0,0
8273,0.07418416234615602,0.07418416234615602,0,0,0
8274,0.06993959628437695,0.06993959628437695,0,0,0
8275,0.07400662221602704,0.07400662221602704,0,0,0
8276,0.07120095683555853,0.07120095683555853,0,0,0
8277,0.07441430234987485,0.07441430234987485,0,0,0
8278,0.06923595786486801,0.06923595786486801,0,0,0
8279,0.07146246187192828,0.07146246187192828,0,0,0
8280,0.06988685254595782,0.06988685254595782,0,0,0
8281,0.07055382244288921,0.07055382244288921,0,0,0
8282,0.07703776172313251,0.07703776172313251,0,0,0
8283,0.07070644993923213,0.07070644993923213,0,0,0
8284,0.07256370008383926,0.07256370008383926,0,0,0
8285,0.07778928840630933,0.07778928840630933,0,0,0
8286,0.06829121071649225,0.06829121071649225,0,0,0
8287,0.07365963333531429,0.07365963333531429,0,0,0
8288,0.0721458999538108,0.0721458999538108,0,0,0
8289,0.07089092371691215,0.07089092371691215,0,0,0
8290,0.07316389557366308,0.07316389557366308,0,0,0
8291,0.06846981721096917,0.06846981721096917,0,0,0
8292,0.07983669805291452,0.07983669805291452,0,0,0
8293,0.07138864441137564,0.07138864441137564,0,0,0
8294,0.07368441097634404,0.07368441097634404,0,0,0
8295,0.06874765867465421,0.06874765867465421,0,0,0
8296,0.06995900083137185,0.06995900083137185,0,0,0
8297,0.0748565126406519,0.0748565126406519,0,0,0
8298,0.07181883995470248,0.07181883995470248,0,0,0
8299,0.075424941991897,0.075424941991897,0,0,0
8300,0.07092441677262909,0.07092441677262909,0,0,0
8301,0.06918019870002019,0.06918019870002019,0,0,0
8302,0.07167031763023451,0.07167031763023451,0,0,0
8303,0.08102207219130114,0.08102207219130114,0,0,0
8304,0.07314768600228586,0.07314768600228586,0,0,0
8305,0.07311142559506391,0.07311142559506391,0,0,0
8306,0.07231477809775817,0.07231477809775817,0,0,0
8307,0.07554044554892339,0.07554044554892339,0,0,0
8308,0.0734738745775662,0.0734738745775662,0,0,0
8309,0.0715782125725558,0.0715782125725558,0,0,0
8310,0.07791442571109847,0.07791442571109847,0,0,0
8311,0.07238724489549273,0.07238724489549273,0,0,0
8312,0.07196151494587723,0.07196151494587723,0,0,0
8313,0.07124849815705889,0.07124849815705889,0,0,0
8314,0.0730607965470929,0.0730607965470929,0,0,0
8315,0.0720462196163441,0.0720462196163441,0,0,0
8316,0.07365278919276438,0.07365278919276438,0,0,0
8317,0.07263683125768837,0.07263683125768837,0,0,0
8318,0.07178724439520585,0.07178724439520585,0,0,0
8319,0.0784981431145417,0.0784981431145417,0,0,0
8320,0.0707812895508189,0.0707812895508189,0,0,0
8321,0.07117486784332677,0.07117486784332677,0,0,0
8322,0.068404342390989,0.068404342390989,0,0,0
8323,0.07322128175904877,0.07322128175904877,0,0,0
8324,0.06795149169077999,0.06795149169077999,0,0,0
8325,0.07530967057927658,0.07530967057927658,0,0,0
8326,0.08209830483323649,0.08209830483323649,0,0,0
8327,0.07034658346521228,0.07034658346521228,0,0,0
8328,0.0719052338482518,0.0719052338482518,0,0,0
8329,0.06936893396471676,0.06936893396471676,0,0,0
8330,0.0721059219029389,0.0721059219029389,0,0,0
8331,0.071475898650916,0.071475898650916,0,0,0
8332,0.07477801048049801,0.07477801048049801,0,0,0
8333,0.07392416629744203,0.07392416629744203,0,0,0
8334,0.07033729582632843,0.07033729582632843,0,0,0
8335,0.07241325565662823,0.07241325565662823,0,0,0
8336,0.06893364761612918,0.06893364761612918,0,0,0
8337,0.0728374796086236,0.0728374796086236,0,0,0
8338,0.06990058337779421,0.06990058337779421,0,0,0
8339,0.07325827722486697,0.07325827722486697,0,0,0
8340,0.07092585679339736,0.07092585679339736,0,0,0
8341,0.07135600233940702,0.07135600233940702,0,0,0
8342,0.07285538957895417,0.07285538957895417,0,0,0
8343,0.07242808441974614,0.07242808441974614,0,0,0
8344,0.06872669955421436,0.06872669955421436,0,0,0
8345,0.07197750908763785,0.07197750908763785,0,0,0
8346,0.07620791806594322,0.07620791806594322,0,0,0
8347,0.07232512063101719,0.07232512063101719,0,0,0
8348,0.06994974162233503,0.06994974162233503,0,0,0
8349,0.06967935073924691,0.06967935073924691,0,0,0
8350,0.06749925424197786,0.06749925424197786,0,0,0
8351,0.06807180778368523,0.06807180778368523,0,0,0
8352,0.07343982390471195,0.07343982390471195,0,0,0
8353,0.07011777618409772,0.07011777618409772,0,0,0
8354,0.08008448397250552,0.08008448397250552,0,0,0
8355,0.07743032168793051,0.07743032168793051,0,0,0
8356,0.07118733418419172,0.07118733418419172,0,0,0
8357,0.06794104612383403,0.06794104612383403,0,0,0
8358,0.07042687278436988,0.07042687278436988,0,0,0
8359,0.07292944467381428,0.07292944467381428,0,0,0
8360,0.0699572089667383,0.0699572089667383,0,0,0
8361,0.06724462864038191,0.06724462864038191,0,0,0
8362,0.07993634211781778,0.07993634211781778,0,0,0
8363,0.07180206815859205,0.07180206815859205,0,0,0
8364,0.07723137074591298,0.07723137074591298,0,0,0
8365,0.06987964366807749,0.06987964366807749,0,0,0
8366,0.06981908128057655,0.06981908128057655,0,0,0
8367,0.07498343097732256,0.07498343097732256,0,0,0
8368,0.06970448086136266,0.06970448086136266,0,0,0
8369,0.06780380819384989,0.06780380819384989,0,0,0
8370,0.07337505546839614,0.07337505546839614,0,0,0
8371,0.07275813053313054,0.07275813053313054,0,0,0
8372,0.07387968603717654,0.07387968603717654,0,0,0
8373,0.06912685685644024,0.06912685685644024,0,0,0
8374,0.08181994780898094,0.08181994780898094,0,0,0
8375,0.06655136770323704,0.06655136770323704,0,0,0
8376,0.07236842860124613,0.07236842860124613,0,0,0
8377,0.06921582575887442,0.06921582575887442,0,0,0
8378,0.07462981833439124,0.07462981833439124,0,0,0
8379,0.07308997895176474,0.07308997895176474,0,0,0
8380,0.0707643317842954,0.0707643317842954,0,0,0
8381,0.07317405831264823,0.07317405831264823,0,0,0
8382,0.07080476740865331,0.07080476740865331,0,0,0
8383,0.07975646990694497,0.07975646990694497,0,0,0
8384,0.06829792834622295,0.06829792834622295,0,0,0
8385,0.0765617643728068,0.0765617643728068,0,0,0
8386,0.07326203937593259,0.07326203937593259,0,0,0
8387,0.0713911454536413,0.0713911454536413,0,0,0
8388,0.07476094963127061,0.07476094963127061,0,0,0
8389,0.06823009938785904,0.06823009938785904,0,0,0
8390,0.06840427161047333,0.06840427161047333,0,0,0
8391,0.07008804939687252,0.07008804939687252,0,0,0
8392,0.07108130198168128,0.07108130198168128,0,0,0
8393,0.07125339951170118,0.07125339951170118,0,0,0
8394,0.07969132403990156,0.07969132403990156,0,0,0
8395,0.06859894694858476,0.06859894694858476,0,0,0
8396,0.07310546527763731,0.07310546527763731,0,0,0
8397,0.07372195126586839,0.07372195126586839,0,0,0
8398,0.07077972144868813,0.07077972144868813,0,0,0
8399,0.07423024183433306,0.07423024183433306,0,0,0
8400,0.07058130087036836,0.07058130087036836,0,0,0
8401,0.07099023843674283,0.07099023843674283,0,0,0
8402,0.07205382210055464,0.07205382210055464,0,0,0
8403,0.06923085108007256,0.06923085108007256,0,0,0
8404,0.06925331943325307,0.06925331943325307,0,0,0
8405,0.07061031191168647,0.07061031191168647,0,0,0
8406,0.06756709898380857,0.06756709898380857,0,0,0
8407,0.06894480113528277,0.06894480113528277,0,0,0
8408,0.07231214034714196,0.07231214034714196,0,0,0
8409,0.0719551456798064,0.0719551456798064,0,0,0
8410,0.07188549490743562,0.07188549490743562,0,0,0
8411,0.0761928346596266,0.0761928346596266,0,0,0
8412,0.07077635501168276,0.07077635501168276,0,0,0
8413,0.06931921565218975,0.06931921565218975,0,0,0
8414,0.0729157833970691,0.0729157833970691,0,0,0
8415,0.06931911080487464,0.06931911080487464,0,0,0
8416,0.06762920192589886,0.06762920192589886,0,0,0
8417,0.06862272983907085,0.06862272983907085,0,0,0
8418,0.07403817988539997,0.07403817988539997,0,0,0
8419,0.07203899539614979,0.07203899539614979,0,0,0
8420,0.07243233458384087,0.07243233458384087,0,0,0
8421,0.07024721203273848,0.07024721203273848,0,0,0
8422,0.07098278246427837,0.07098278246427837,0,0,0
8423,0.08200254639316547,0.08200254639316547,0,0,0
8424,0.07241246123847209,0.07241246123847209,0,0,0
8425,0.07671225335645049,0.07671225335645049,0,0,0
8426,0.07263411846207946,0.07263411846207946,0,0,0
8427,0.0684053004768334,0.0684053004768334,0,0,0
8428,0.06579150445759296,0.06579150445759296,0,0,0
8429,0.07398637344962672,0.07398637344962672,0,0,0
8430,0.07040739079055033,0.07040739079055033,0,0,0
8431,0.07164976745843887,0.07164976745843887,0,0,0
8432,0.07126973402735434,0.07126973402735434,0,0,0
8433,0.07128892711510784,0.07128892711510784,0,0,0
8434,0.06758248982460875,0.06758248982460875,0,0,0
8435,0.07046416401863098,0.07046416401863098,0,0,0
8436,0.06989797969397746,0.06989797969397746,0,0,0
8437,0.06912752897723724,0.06912752897723724,0,0,0
8438,0.07220599908185632,0.07220599908185632,0,0,0
8439,0.07662054749303743,0.07662054749303743,0,0,0
8440,0.07312007826801978,0.07312007826801978,0,0,0
8441,0.06953451272688414,0.06953451272688414,0,0,0
8442,0.0743046110299857,0.0743046110299857,0,0,0
8443,0.07349075778926674,0.07349075778926674,0,0,0
8444,0.07054652606970385,0.07054652606970385,0,0,0
8445,0.07177956284661043,0.07177956284661043,0,0,0
8446,0.06852394469866627,0.06852394469866627,0,0,0
8447,0.07390452176332474,0.07390452176332474,0,0,0
8448,0.07153560603527646,0.07153560603527646,0,0,0
8449,0.06968687229642742,0.06968687229642742,0,0,0
8450,0.07354529427462503,0.07354529427462503,0,0,0
8451,0.07032837483443712,0.07032837483443712,0,0,0
8452,0.06781286457063336,0.06781286457063336,0,0,0
8453,0.07679386760451291,0.07679386760451291,0,0,0
8454,0.07142576702723377,0.07142576702723377,0,0,0
8455,0.07156940451578091,0.07156940451578091,0,0,0
8456,0.07467718089097425,0.07467718089097425,0,0,0
8457,0.07333696996302981,0.07333696996302981,0,0,0
8458,0.09814662662775893,0.09814662662775893,0,0,0
8459,0.07269620464036339,0.07269620464036339,0,0,0
8460,0.07032771702659757,0.07032771702659757,0,0,0
8461,0.07112070300469273,0.07112070300469273,0,0,0
8462,0.07141591137961338,0.07141591137961338,0,0,0
8463,0.07061871523527723,0.07061871523527723,0,0,0
8464,0.0699248987397081,0.0699248987397081,0,0,0
8465,0.07054127439072258,0.07054127439072258,0,0,0
8466,0.06921091097358026,0.06921091097358026,0,0,0
8467,0.07250032348460272,0.07250032348460272,0,0,0
8468,0.06961642656671374,0.06961642656671374,0,0,0
8469,0.06977441201084539,0.06977441201084539,0,0,0
8470,0.06685615370148107,0.06685615370148107,0,0,0
8471,0.07245652759937864,0.07245652759937864,0,0,0
8472,0.06715836356344976,0.06715836356344976,0,0,0
8473,0.06874355330671135,0.06874355330671135,0,0,0
8474,0.06943343844460814,0.06943343844460814,0,0,0
8475,0.07698507479539043,0.07698507479539043,0,0,0
8476,0.06747165488961496,0.06747165488961496,0,0,0
8477,0.06818977713977036,0.06818977713977036,0,0,0
8478,0.07069293360568975,0.07069293360568975,0,0,0
8479,0.06909847563426745,0.06909847563426745,0,0,0
8480,0.09402059155859445,0.09402059155859445,0,0,0
8481,0.06910974522562403,0.06910974522562403,0,0,0
8482,0.07027571687572881,0.07027571687572881,0,0,0
8483,0.06794684115601213,0.06794684115601213,0,0,0
8484,0.07329474703261726,0.07329474703261726,0,0,0
8485,0.07251158395880147,0.07251158395880147,0,0,0
8486,0.0697607389210086,0.0697607389210086,0,0,0
8487,0.07270013315505103,0.07270013315505103,0,0,0
8488,0.0746792946010828,0.0746792946010828,0,0,0
8489,0.06903282239248879,0.06903282239248879,0,0,0
8490,0.0743036457386456,0.0743036457386456,0,0,0
8491,0.07161716852141053,0.07161716852141053,0,0,0
8492,0.0702966332043472,0.0702966332043472,0,0,0
8493,0.07590590878144692,0.07590590878144692,0,0,0
8494,0.07462465341546033,0.07462465341546033,0,0,0
8495,0.06946575984750923,0.06946575984750923,0,0,0
8496,0.07088903602408736,0.07088903602408736,0,0,0
8497,0.06727269291877747,0.06727269291877747,0,0,0
8498,0.06898024570392935,0.06898024570392935,0,0,0
8499,0.07387470993164338,0.07387470993164338,0,0,0
8500,0.06633242376540836,0.06633242376540836,0,0,0
8501,0.07125767869384665,0.07125767869384665,0,0,0
8502,0.0707650886554467,0.0707650886554467,0,0,0
8503,0.06664937950278584,0.06664937950278584,0,0,0
8504,0.07198516470625212,0.07198516470625212,0,0,0
8505,0.07199679903293911,0.07199679903293911,0,0,0
8506,0.07135696013114955,0.07135696013114955,0,0,0
8507,0.07069880760421879,0.07069880760421879,0,0,0
8508,0.06857057033400786,0.06857057033400786,0,0,0
8509,0.0727682293049599,0.0727682293049599,0,0,0
8510,0.0709505928190131,0.0709505928190131,0,0,0
8511,0.10543728173759423,0.10543728173759423,0,0,0
8512,0.06836835657687564,0.06836835657687564,0,0,0
8513,0.07143803205537169,0.07143803205537169,0,0,0
8514,0.06969449433841203,0.06969449433841203,0,0,0
8515,0.07153864332327717,0.07153864332327717,0,0,0
8516,0.0716233660319918,0.0716233660319918,0,0,0
8517,0.07213224745110462,0.07213224745110462,0,0,0
8518,0.06891081036117516,0.06891081036117516,0,0,0
8519,0.07008726414489119,0.07008726414489119,0,0,0
8520,0.07258903529298932,0.07258903529298932,0,0,0
8521,0.07605960965156555,0.07605960965156555,0,0,0
8522,0.07106989102536126,0.07106989102536126,0,0,0
8523,0.0699122021660993,0.0699122021660993,0,0,0
8524,0.06836069522327498,0.06836069522327498,0,0,0
8525,0.06870261305256893,0.06870261305256893,0,0,0
8526,0.06961184142059401,0.06961184142059401,0,0,0
8527,0.07143429132472527,0.07143429132472527,0,0,0
8528,0.07536186248456177,0.07536186248456177,0,0,0
8529,0.06477647436488616,0.06477647436488616,0,0,0
8530,0.07859170113347079,0.07859170113347079,0,0,0
8531,0.06917275086437401,0.06917275086437401,0,0,0
8532,0.06776199509438716,0.06776199509438716,0,0,0
8533,0.06778192049578617,0.06778192049578617,0,0,0
8534,0.07309830620100624,0.07309830620100624,0,0,0
8535,0.06945407174919781,0.06945407174919781,0,0,0
8536,0.07074596507376746,0.07074596507376746,0,0,0
8537,0.0763649994409398,0.0763649994409398,0,0,0
8538,0.07343491176633458,0.07343491176633458,0,0,0
8539,0.07054063050370467,0.07054063050370467,0,0,0
8540,0.07472041131634462,0.07472041131634462,0,0,0
8541,0.07057941763808853,0.07057941763808853,0,0,0
8542,0.072458759930573,0.072458759930573,0,0,0
8543,0.07287128691218402,0.07287128691218402,0,0,0
8544,0.07239556729205344,0.07239556729205344,0,0,0
8545,0.06904324751935507,0.06904324751935507,0,0,0
8546,0.0693478813689006,0.0693478813689006,0,0,0
8547,0.07009135578808032,0.07009135578808032,0,0,0
8548,0.07129299836723428,0.07129299836723428,0,0,0
8549,0.0734953494056275,0.0734953494056275,0,0,0
8550,0.07025741393628873,0.07025741393628873,0,0,0
8551,0.07117853980315358,0.07117853980315358,0,0,0
8552,0.07069825131053988,0.07069825131053988,0,0,0
8553,0.07210442330688238,0.07210442330688238,0,0,0
8554,0.06701699291404925,0.06701699291404925,0,0,0
8555,0.07106011939284049,0.07106011939284049,0,0,0
8556,0.06748747923656513,0.06748747923656513,0,0,0
8557,0.07063934687328965,0.07063934687328965,0,0,0
8558,0.07100758289820269,0.07100758289820269,0,0,0
8559,0.07093437045420471,0.07093437045420471,0,0,0
8560,0.07090548631784163,0.07090548631784163,0,0,0
8561,0.06872976517402812,0.06872976517402812,0,0,0
8562,0.07369659537155378,0.07369659537155378,0,0,0
8563,0.06979053222427242,0.06979053222427242,0,0,0
8564,0.06949293525203278,0.06949293525203278,0,0,0
8565,0.07110573665091866,0.07110573665091866,0,0,0
8566,0.06862151554148448,0.06862151554148448,0,0,0
8567,0.06960641813317411,0.06960641813317411,0,0,0
8568,0.07179814586906057,0.07179814586906057,0,0,0
8569,0.07121334612173469,0.07121334612173469,0,0,0
8570,0.06812516761649597,0.06812516761649597,0,0,0
8571,0.07456496397131368,0.07456496397131368,0,0,0
8572,0.06861844168681848,0.06861844168681848,0,0,0
8573,0.07130243266491514,0.07130243266491514,0,0,0
8574,0.0696786821476723,0.0696786821476723,0,0,0
8575,0.06949190236628056,0.06949190236628056,0,0,0
8576,0.06875506406159777,0.06875506406159777,0,0,0
8577,0.07391641239978765,0.07391641239978765,0,0,0
8578,0.07443510476303727,0.07443510476303727,0,0,0
8579,0.07168496184443172,0.07168496184443172,0,0,0
8580,0.06931976709318788,0.06931976709318788,0,0,0
8581,0.07309391075058987,0.07309391075058987,0,0,0
8582,0.06761277751310875,0.06761277751310875,0,0,0
8583,0.07008051019358008,0.07008051019358008,0,0,0
8584,0.07340389607768309,0.07340389607768309,0,0,0
8585,0.07359066723208678,0.07359066723208678,0,0,0
8586,0.08038804219349434,0.08038804219349434,0,0,0
8587,0.07467277524502654,0.07467277524502654,0,0,0
8588,0.06877304025386509,0.06877304025386509,0,0,0
8589,0.07127498276531696,0.07127498276531696,0,0,0
8590,0.07100543967987362,0.07100543967987362,0,0,0
8591,0.07119061258670531,0.07119061258670531,0,0,0
8592,0.0687884439371134,0.0687884439371134,0,0,0
8593,0.0674344340437337,0.0674344340437337,0,0,0
8594,0.07130970815686803,0.07130970815686803,0,0,0
8595,0.07475689906430871,0.07475689906430871,0,0,0
8596,0.07485261343811687,0.07485261343811687,0,0,0
8597,0.0708498396959744,0.0708498396959744,0,0,0
8598,0.07347459806815575,0.07347459806815575,0,0,0
8599,0.07143521171651389,0.07143521171651389,0,0,0
8600,0.07159683897503112,0.07159683897503112,0,0,0
8601,0.07144321265973543,0.07144321265973543,0,0,0
8602,0.07036031841447479,0.07036031841447479,0,0,0
8603,0.07458659251661677,0.07458659251661677,0,0,0
8604,0.06881714925954216,0.06881714925954216,0,0,0
8605,0.07418535198820264,0.07418535198820264,0,0,0
8606,0.07388948149194843,0.07388948149194843,0,0,0
8607,0.07055169765494372,0.07055169765494372,0,0,0
8608,0.08062129281461239,0.08062129281461239,0,0,0
8609,0.06822720228841431,0.06822720228841431,0,0,0
8610,0.06801059175478785,0.06801059175478785,0,0,0
8611,0.07240414766496733,0.07240414766496733,0,0,0
8612,0.06818332964260328,0.06818332964260328,0,0,0
8613,0.0703396857961228,0.0703396857961228,0,0,0
8614,0.07124059206168902,0.07124059206168902,0,0,0
8615,0.0720955239314782,0.0720955239314782,0,0,0
8616,0.07124665212866507,0.07124665212866507,0,0,0
8617,0.08324707054386013,0.08324707054386013,0,0,0
8618,0.07035803657613303,0.07035803657613303,0,0,0
8619,0.06908590199523851,0.06908590199523851,0,0,0
8620,0.07096681263493865,0.07096681263493865,0,0,0
8621,0.06839943905115912,0.06839943905115912,0,0,0
8622,0.07122999429702759,0.07122999429702759,0,0,0
8623,0.06956728288021527,0.06956728288021527,0,0,0
8624,0.07079776646079201,0.07079776646079201,0,0,0
8625,0.07071328535676003,0.07071328535676003,0,0,0
8626,0.07121070886128827,0.07121070886128827,0,0,0
8627,0.0678990677391228,0.0678990677391228,0,0,0
8628,0.06875373717201383,0.06875373717201383,0,0,0
8629,0.07121339214867667,0.07121339214867667,0,0,0
8630,0.06675653228242147,0.06675653228242147,0,0,0
8631,0.07277545577993519,0.07277545577993519,0,0,0
8632,0.07396524556373295,0.07396524556373295,0,0,0
8633,0.07016034032169141,0.07016034032169141,0,0,0
8634,0.07125867305225447,0.07125867305225447,0,0,0
8635,0.07193710512824748,0.07193710512824748,0,0,0
8636,0.07084529415557259,0.07084529415557259,0,0,0
8637,0.07196481731769286,0.07196481731769286,0,0,0
8638,0.06810214772428337,0.06810214772428337,0,0,0
8639,0.07303071247511789,0.07303071247511789,0,0,0
8640,0.06740385931181281,0.06740385931181281,0,0,0
8641,0.0750173211685921,0.0750173211685921,0,0,0
8642,0.07197068862028812,0.07197068862028812,0,0,0
8643,0.0682540395738263,0.0682540395738263,0,0,0
8644,0.06793126424676493,0.06793126424676493,0,0,0
8645,0.07232661721737761,0.07232661721737761,0,0,0
8646,0.08052897678786203,0.08052897678786203,0,0,0
8647,0.06787852340034749,0.06787852340034749,0,0,0
8648,0.07213519837119077,0.07213519837119077,0,0,0
8649,0.06946244580965293,0.06946244580965293,0,0,0
8650,0.0686409793990223,0.0686409793990223,0,0,0
8651,0.07755863176364648,0.07755863176364648,0,0,0
8652,0.0679319036242209,0.0679319036242209,0,0,0
8653,0.06902692574811609,0.06902692574811609,0,0,0
8654,0.06987705875776316,0.06987705875776316,0,0,0
8655,0.07248163777158449,0.07248163777158449,0,0,0
8656,0.06990948314533423,0.06990948314533423,0,0,0
8657,0.07004397058565366,0.07004397058565366,0,0,0
8658,0.07364769167217769,0.07364769167217769,0,0,0
8659,0.07069875103862662,0.07069875103862662,0,0,0
8660,0.06636604308885963,0.06636604308885963,0,0,0
8661,0.0720449749772486,0.0720449749772486,0,0,0
8662,0.07243716765783335,0.07243716765783335,0,0,0
8663,0.07233177184274323,0.07233177184274323,0,0,0
8664,0.08091561079613473,0.08091561079613473,0,0,0
8665,0.07606135044050844,0.07606135044050844,0,0,0
8666,0.07713231635525038,0.07713231635525038,0,0,0
8667,0.0767600506936249,0.0767600506936249,0,0,0
8668,0.06733359563115396,0.06733359563115396,0,0,0
8669,0.07921065654801696,0.07921065654801696,0,0,0
8670,0.07404065558588818,0.07404065558588818,0,0,0
8671,0.07131101342996485,0.07131101342996485,0,0,0
8672,0.07280052021930092,0.07280052021930092,0,0,0
8673,0.07794756854051038,0.07794756854051038,0,0,0
8674,0.07013193655170892,0.07013193655170892,0,0,0
8675,0.07614477665016525,0.07614477665016525,0,0,0
8676,0.06899127138680533,0.06899127138680533,0,0,0
8677,0.07162464081652854,0.07162464081652854,0,0,0
8678,0.07249725619821172,0.07249725619821172,0,0,0
8679,0.07117793316903867,0.07117793316903867,0,0,0
8680,0.0710500841960311,0.0710500841960311,0,0,0
8681,0.07525262540500414,0.07525262540500414,0,0,0
8682,0.07203968888834904,0.07203968888834904,0,0,0
8683,0.06736139796282116,0.06736139796282116,0,0,0
8684,0.07277532784562361,0.07277532784562361,0,0,0
8685,0.07326899679671776,0.07326899679671776,0,0,0
8686,0.06771195091699299,0.06771195091699299,0,0,0
8687,0.06933227220648214,0.06933227220648214,0,0,0
8688,0.07315700373759396,0.07315700373759396,0,0,0
8689,0.06649598126348696,0.06649598126348696,0,0,0
8690,0.0697003365249226,0.0697003365249226,0,0,0
8691,0.07246248482873566,0.07246248482873566,0,0,0
8692,0.0734122235720095,0.0734122235720095,0,0,0
8693,0.06903889638028647,0.06903889638028647,0,0,0
8694,0.06707775269291903,0.06707775269291903,0,0,0
8695,0.07045376545896656,0.07045376545896656,0,0,0
8696,0.0703141096195108,0.0703141096195108,0,0,0
8697,0.06932113554916884,0.06932113554916884,0,0,0
8698,0.07262500640200942,0.07262500640200942,0,0,0
8699,0.07196603323283948,0.07196603323283948,0,0,0
8700,0.06948010437190533,0.06948010437190533,0,0,0
8701,0.06792579689308216,0.06792579689308216,0,0,0
8702,0.07076250271577585,0.07076250271577585,0,0,0
8703,0.07432687096297741,0.07432687096297741,0,0,0
8704,0.07919401871530633,0.07919401871530633,0,0,0
8705,0.07031805676064994,0.07031805676064994,0,0,0
8706,0.06802254797596681,0.06802254797596681,0,0,0
8707,0.06841712180328996,0.06841712180328996,0,0,0
8708,0.06974312692488495,0.06974312692488495,0,0,0
8709,0.06653178493051153,0.06653178493051153,0,0,0
8710,0.06920577786666782,0.06920577786666782,0,0,0
8711,0.07497111590285051,0.07497111590285051,0,0,0
8712,0.07112613673272886,0.07112613673272886,0,0,0
8713,0.0716577377660494,0.0716577377660494,0,0,0
8714,0.0672746021790724,0.0672746021790724,0,0,0
8715,0.07083793474655402,0.07083793474655402,0,0,0
8716,0.06869444496145374,0.06869444496145374,0,0,0
8717,0.0695220706494231,0.0695220706494231,0,0,0
8718,0.07323291544851504,0.07323291544851504,0,0,0
8719,0.06977770879472557,0.06977770879472557,0,0,0
8720,0.06660261465922783,0.06660261465922783,0,0,0
8721,0.06935856996202155,0.06935856996202155,0,0,0
8722,0.07193627884905589,0.07193627884905589,0,0,0
8723,0.06819498784055836,0.06819498784055836,0,0,0
8724,0.0744563678377553,0.0744563678377553,0,0,0
8725,0.06855809869930933,0.06855809869930933,0,0,0
8726,0.07652368023991585,0.07652368023991585,0,0,0
8727,0.06641353034463368,0.06641353034463368,0,0,0
8728,0.07180796588133824,0.07180796588133824,0,0,0
8729,0.07815983136625666,0.07815983136625666,0,0,0
8730,0.0684484524260226,0.0684484524260226,0,0,0
8731,0.06799285084401306,0.06799285084401306,0,0,0
8732,0.07294510863721371,0.07294510863721371,0,0,0
8733,0.07297751974118383,0.07297751974118383,0,0,0
8734,0.07107773550639027,0.07107773550639027,0,0,0
8735,0.0688843502614059,0.0688843502614059,0,0,0
8736,0.0705382996483853,0.0705382996483853,0,0,0
8737,0.07012257842641127,0.07012257842641127,0,0,0
8738,0.07252191742391963,0.07252191742391963,0,0,0
8739,0.07309059416385073,0.07309059416385073,0,0,0
8740,0.06901003685044615,0.06901003685044615,0,0,0
8741,0.07575738714321663,0.07575738714321663,0,0,0
8742,0.06883316521385782,0.06883316521385782,0,0,0
8743,0.06852184412510771,0.06852184412510771,0,0,0
8744,0.06879546738376743,0.06879546738376743,0,0,0
8745,0.07771185716908229,0.07771185716908229,0,0,0
8746,0.07194259311807782,0.07194259311807782,0,0,0
8747,0.06978409021700684,0.06978409021700684,0,0,0
8748,0.07507783973491505,0.07507783973491505,0,0,0
8749,0.06739241889628925,0.06739241889628925,0,0,0
8750,0.07091910274405229,0.07091910274405229,0,0,0
8751,0.07436596768859186,0.07436596768859186,0,0,0
8752,0.07329416971065496,0.07329416971065496,0,0,0
8753,0.0693560159324031,0.0693560159324031,0,0,0
8754,0.07280484341869228,0.07280484341869228,0,0,0
8755,0.07771404283611398,0.07771404283611398,0,0,0
8756,0.07049483002016418,0.07049483002016418,0,0,0
8757,0.06773180700838566,0.06773180700838566,0,0,0
8758,0.06625471273927312,0.06625471273927312,0,0,0
8759,0.06798819481934372,0.06798819481934372,0,0,0
8760,0.07054196621634458,0.07054196621634458,0,0,0
8761,0.07350381287304979,0.07350381287304979,0,0,0
8762,0.0748147270397136,0.0748147270397136,0,0,0
8763,0.07241038017367062,0.07241038017367062,0,0,0
8764,0.07100177654310276,0.07100177654310276,0,0,0
8765,0.07210632992026053,0.07210632992026053,0,0,0
8766,0.07772243415054522,0.07772243415054522,0,0,0
8767,0.0694864689323463,0.0694864689323463,0,0,0
8768,0.06850720045009726,0.06850720045009726,0,0,0
8769,0.06999747396299713,0.06999747396299713,0,0,0
8770,0.068731967947985,0.068731967947985,0,0,0
8771,0.07088833807134315,0.07088833807134315,0,0,0
8772,0.07138905551676687,0.07138905551676687,0,0,0
8773,0.06878228500289352,0.06878228500289352,0,0,0
8774,0.06901945095313222,0.06901945095313222,0,0,0
8775,0.06719282293986333,0.06719282293986333,0,0,0
8776,0.07375747847713922,0.07375747847713922,0,0,0
8777,0.07289896728961091,0.07289896728961091,0,0,0
8778,0.07156581480644252,0.07156581480644252,0,0,0
8779,0.07299743720183247,0.07299743720183247,0,0,0
8780,0.06793899393003237,0.06793899393003237,0,0,0
8781,0.0704230111288397,0.0704230111288397,0,0,0
8782,0.06944935729629115,0.06944935729629115,0,0,0
8783,0.0650708492551195,0.0650708492551195,0,0,0
8784,0.06709127824165319,0.06709127824165319,0,0,0
8785,0.07601324243372992,0.07601324243372992,0,0,0
8786,0.06801889748557617,0.06801889748557617,0,0,0
8787,0.07039629991509412,0.07039629991509412,0,0,0
8788,0.06886726176660311,0.06886726176660311,0,0,0
8789,0.0707555427951248,0.0707555427951248,0,0,0
8790,0.07001495145653423,0.07001495145653423,0,0,0
8791,0.0682379325949832,0.0682379325949832,0,0,0
8792,0.070555443042203,0.070555443042203,0,0,0
8793,0.07217829713695928,0.07217829713695928,0,0,0
8794,0.06788095292684279,0.06788095292684279,0,0,0
8795,0.07702521048486233,0.07702521048486233,0,0,0
8796,0.07083558815678484,0.07083558815678484,0,0,0
8797,0.07440612935706188,0.07440612935706188,0,0,0
8798,0.07275553635860744,0.07275553635860744,0,0,0
8799,0.07509112965903784,0.07509112965903784,0,0,0
8800,0.06788547846831773,0.06788547846831773,0,0,0
8801,0.07081007281024206,0.07081007281024206,0,0,0
8802,0.06952789416046519,0.06952789416046519,0,0,0
8803,0.06973373125258245,0.06973373125258245,0,0,0
8804,0.07135408670690499,0.07135408670690499,0,0,0
8805,0.06685670278966427,0.06685670278966427,0,0,0
8806,0.07038564862389314,0.07038564862389314,0,0,0
8807,0.07716714267275836,0.07716714267275836,0,0,0
8808,0.07165835023318466,0.07165835023318466,0,0,0
8809,0.06910983232879325,0.06910983232879325,0,0,0
8810,0.06796283490563694,0.06796283490563694,0,0,0
8811,0.06826558003300115,0.06826558003300115,0,0,0
8812,0.07050757374810546,0.07050757374810546,0,0,0
8813,0.06717677090905215,0.06717677090905215,0,0,0
8814,0.0693013233769881,0.0693013233769881,0,0,0
8815,0.07127683879317422,0.07127683879317422,0,0,0
8816,0.06768522950771608,0.06768522950771608,0,0,0
8817,0.07343337635852788,0.07343337635852788,0,0,0
8818,0.06749002135505802,0.06749002135505802,0,0,0
8819,0.06430892626705922,0.06430892626705922,0,0,0
8820,0.07061893296869177,0.07061893296869177,0,0,0
8821,0.06688323577767924,0.06688323577767924,0,0,0
8822,0.0668291819624995,0.0668291819624995,0,0,0
8823,0.07147813691316467,0.07147813691316467,0,0,0
8824,0.06986216269433498,0.06986216269433498,0,0,0
8825,0.06877495554324828,0.06877495554324828,0,0,0
8826,0.07209843563798227,0.07209843563798227,0,0,0
8827,0.06945977183549028,0.06945977183549028,0,0,0
8828,0.06912811688686672,0.06912811688686672,0,0,0
8829,0.07367497324747474,0.07367497324747474,0,0,0
8830,0.06857819242500945,0.06857819242500945,0,0,0
8831,0.06477302366769627,0.06477302366769627,0,0,0
8832,0.06987586338073015,0.06987586338073015,0,0,0
8833,0.071451139097151,0.071451139097151,0,0,0
8834,0.0681603304845722,0.0681603304845722,0,0,0
8835,0.07361615508010513,0.07361615508010513,0,0,0
8836,0.0662824452707642,0.0662824452707642,0,0,0
8837,0.06767753183253501,0.06767753183253501,0,0,0
8838,0.06754944297043901,0.06754944297043901,0,0,0
8839,0.07186295641096015,0.07186295641096015,0,0,0
8840,0.06752980446540996,0.06752980446540996,0,0,0
8841,0.07928296850111924,0.07928296850111924,0,0,0
8842,0.07211681744573932,0.07211681744573932,0,0,0
8843,0.06976313977257202,0.06976313977257202,0,0,0
8844,0.06928732942201589,0.06928732942201589,0,0,0
8845,0.07012762913578435,0.07012762913578435,0,0,0
8846,0.06888133566826582,0.06888133566826582,0,0,0
8847,0.06997258431817356,0.06997258431817356,0,0,0
8848,0.06959303517482783,0.06959303517482783,0,0,0
8849,0.07163121541471858,0.07163121541471858,0,0,0
8850,0.06956437632049385,0.06956437632049385,0,0,0
8851,0.06766703019016668,0.06766703019016668,0,0,0
8852,0.06727639164187406,0.06727639164187406,0,0,0
8853,0.06859715459378142,0.06859715459378142,0,0,0
8854,0.07925901826667159,0.07925901826667159,0,0,0
8855,0.07135938578530361,0.07135938578530361,0,0,0
8856,0.06688934692034595,0.06688934692034595,0,0,0
8857,0.0672035767255645,0.0672035767255645,0,0,0
8858,0.06994102307056126,0.06994102307056126,0,0,0
8859,0.0672830861846083,0.0672830861846083,0,0,0
8860,0.07310083709461124,0.07310083709461124,0,0,0
8861,0.06973141118099815,0.06973141118099815,0,0,0
8862,0.07104601113027648,0.07104601113027648,0,0,0
8863,0.06667605782613943,0.06667605782613943,0,0,0
8864,0.07266748858321655,0.07266748858321655,0,0,0
8865,0.0650603212416172,0.0650603212416172,0,0,0
8866,0.07455205848734629,0.07455205848734629,0,0,0
8867,0.06624931302901946,0.06624931302901946,0,0,0
8868,0.07390128134896881,0.07390128134896881,0,0,0
8869,0.07049526911424964,0.07049526911424964,0,0,0
8870,0.0728567854354256,0.0728567854354256,0,0,0
8871,0.07069998048245907,0.07069998048245907,0,0,0
8872,0.0694900018800246,0.0694900018800246,0,0,0
8873,0.06899001380722773,0.06899001380722773,0,0,0
8874,0.07204916181140825,0.07204916181140825,0,0,0
8875,0.07484974780757177,0.07484974780757177,0,0,0
8876,0.07164515917630572,0.07164515917630572,0,0,0
8877,0.07065979366827953,0.07065979366827953,0,0,0
8878,0.06745784817949722,0.06745784817949722,0,0,0
8879,0.06804602152030718,0.06804602152030718,0,0,0
8880,0.07446969290705104,0.07446969290705104,0,0,0
8881,0.07021401528465121,0.07021401528465121,0,0,0
8882,0.06935263346684606,0.06935263346684606,0,0,0
8883,0.06751186631031726,0.06751186631031726,0,0,0
8884,0.07006475309792318,0.07006475309792318,0,0,0
8885,0.07410261632972642,0.07410261632972642,0,0,0
8886,0.06796075707595599,0.06796075707595599,0,0,0
8887,0.06918347293609067,0.06918347293609067,0,0,0
8888,0.0669993688597491,0.0669993688597491,0,0,0
8889,0.06954386957774036,0.06954386957774036,0,0,0
8890,0.07292054838647968,0.07292054838647968,0,0,0
8891,0.06992821699302447,0.06992821699302447,0,0,0
8892,0.0680486362819609,0.0680486362819609,0,0,0
8893,0.07650527240414369,0.07650527240414369,0,0,0
8894,0.06813850895942826,0.06813850895942826,0,0,0
8895,0.08252381307906226,0.08252381307906226,0,0,0
8896,0.06891781140707041,0.06891781140707041,0,0,0
8897,0.07187087196660669,0.07187087196660669,0,0,0
8898,0.07169898766043939,0.07169898766043939,0,0,0
8899,0.06941722892224789,0.06941722892224789,0,0,0
8900,0.0737147530246722,0.0737147530246722,0,0,0
8901,0.07020838328294064,0.07020838328294064,0,0,0
8902,0.07248795522670996,0.07248795522670996,0,0,0
8903,0.07736232719923321,0.07736232719923321,0,0,0
8904,0.07487016195725453,0.07487016195725453,0,0,0
8905,0.07144104233501773,0.07144104233501773,0,0,0
8906,0.06791879697457741,0.06791879697457741,0,0,0
8907,0.07013785917507975,0.07013785917507975,0,0,0
8908,0.0714287642193468,0.0714287642193468,0,0,0
8909,0.07002614242465872,0.07002614242465872,0,0,0
8910,0.06870181495813947,0.06870181495813947,0,0,0
8911,0.07031452886172031,0.07031452886172031,0,0,0
8912,0.06769115683671675,0.06769115683671675,0,0,0
8913,0.06716872134098881,0.06716872134098881,0,0,0
8914,0.07208971728227641,0.07208971728227641,0,0,0
8915,0.0714603517400591,0.0714603517400591,0,0,0
8916,0.06968031083478739,0.06968031083478739,0,0,0
8917,0.0662756961231169,0.0662756961231169,0,0,0
8918,0.07973421747355085,0.07973421747355085,0,0,0
8919,0.07142930889600202,0.07142930889600202,0,0,0
8920,0.07784268769778703,0.07784268769778703,0,0,0
8921,0.07066159450301998,0.07066159450301998,0,0,0
8922,0.069157600451849,0.069157600451849,0,0,0
8923,0.06994964128458186,0.06994964128458186,0,0,0
8924,0.06842966828691333,0.06842966828691333,0,0,0
8925,0.07090979049864568,0.07090979049864568,0,0,0
8926,0.06860613362177422,0.06860613362177422,0,0,0
8927,0.07003426826313923,0.07003426826313923,0,0,0
8928,0.06780947715436157,0.06780947715436157,0,0,0
8929,0.07333640734616079,0.07333640734616079,0,0,0
8930,0.06943187627353166,0.06943187627353166,0,0,0
8931,0.0700704112256828,0.0700704112256828,0,0,0
8932,0.06930455516435598,0.06930455516435598,0,0,0
8933,0.06708834516374688,0.06708834516374688,0,0,0
8934,0.07153965660223835,0.07153965660223835,0,0,0
8935,0.06551778424335153,0.06551778424335153,0,0,0
8936,0.07316026738599728,0.07316026738599728,0,0,0
8937,0.06923171740613486,0.06923171740613486,0,0,0
8938,0.07008948976075963,0.07008948976075963,0,0,0
8939,0.07150779341004397,0.07150779341004397,0,0,0
8940,0.07301070266648342,0.07301070266648342,0,0,0
8941,0.06879982440487335,0.06879982440487335,0,0,0
8942,0.07074559646609582,0.07074559646609582,0,0,0
8943,0.07048701102796354,0.07048701102796354,0,0,0
8944,0.0671736202937992,0.0671736202937992,0,0,0
8945,0.06756490596423023,0.06756490596423023,0,0,0
8946,0.07108156309512101,0.07108156309512101,0,0,0
8947,0.07060880145352137,0.07060880145352137,0,0,0
8948,0.06834663754623187,0.06834663754623187,0,0,0
8949,0.06691560315850534,0.06691560315850534,0,0,0
8950,0.07200314575120022,0.07200314575120022,0,0,0
8951,0.06737505605346278,0.06737505605346278,0,0,0
8952,0.06688157576871545,0.06688157576871545,0,0,0
8953,0.07064200810303814,0.07064200810303814,0,0,0
8954,0.07026510621960226,0.07026510621960226,0,0,0
8955,0.07005704968775574,0.07005704968775574,0,0,0
8956,0.07062384662659545,0.07062384662659545,0,0,0
8957,0.06589848920702934,0.06589848920702934,0,0,0
8958,0.06756075255964931,0.06756075255964931,0,0,0
8959,0.06770006224120918,0.06770006224120918,0,0,0
8960,0.06741515772515222,0.06741515772515222,0,0,0
8961,0.06957971088980373,0.06957971088980373,0,0,0
8962,0.07182448612231958,0.07182448612231958,0,0,0
8963,0.07057976859964822,0.07057976859964822,0,0,0
8964,0.07402951701691277,0.07402951701691277,0,0,0
8965,0.07127745233868298,0.07127745233868298,0,0,0
8966,0.07741228981237662,0.07741228981237662,0,0,0
8967,0.07282534947520808,0.07282534947520808,0,0,0
8968,0.07124045942174762,0.07124045942174762,0,0,0
8969,0.06959098018705845,0.06959098018705845,0,0,0
8970,0.07019127170114141,0.07019127170114141,0,0,0
8971,0.06693915204194031,0.06693915204194031,0,0,0
8972,0.06483128103182505,0.06483128103182505,0,0,0
8973,0.06815215288416336,0.06815215288416336,0,0,0
8974,0.07856331549977001,0.07856331549977001,0,0,0
8975,0.06716181416260569,0.06716181416260569,0,0,0
8976,0.07052367308030003,0.07052367308030003,0,0,0
8977,0.07166380753838703,0.07166380753838703,0,0,0
8978,0.06724140940136031,0.06724140940136031,0,0,0
8979,0.07144331000745296,0.07144331000745296,0,0,0
8980,0.06525025139317701,0.06525025139317701,0,0,0
8981,0.0639700170018171,0.0639700170018171,0,0,0
8982,0.07157819100508564,0.07157819100508564,0,0,0
8983,0.06820732560989104,0.06820732560989104,0,0,0
8984,0.06847372935398628,0.06847372935398628,0,0,0
8985,0.06771629293890376,0.06771629293890376,0,0,0
8986,0.06725953960497129,0.06725953960497129,0,0,0
8987,0.0679196022254856,0.0679196022254856,0,0,0
8988,0.07051176710152313,0.07051176710152313,0,0,0
8989,0.06743088805753934,0.06743088805753934,0,0,0
8990,0.07000380117250116,0.07000380117250116,0,0,0
8991,0.0689133952714895,0.0689133952714895,0,0,0
8992,0.06637469375211942,0.06637469375211942,0,0,0
8993,0.06949300475810703,0.06949300475810703,0,0,0
8994,0.06919057088855066,0.06919057088855066,0,0,0
8995,0.06920695981304896,0.06920695981304896,0,0,0
8996,0.06868039100970093,0.06868039100970093,0,0,0
8997,0.07056817481000173,0.07056817481000173,0,0,0
8998,0.07047456498012732,0.07047456498012732,0,0,0
8999,0.07066658536266339,0.07066658536266339,0,0,0
9000,0.06896742639180861,0.06896742639180861,0,0,0
9001,0.06795874512509296,0.06795874512509296,0,0,0
9002,0.07152567117622025,0.07152567117622025,0,0,0
9003,0.06892404293543414,0.06892404293543414,0,0,0
9004,0.0709163035805288,0.0709163035805288,0,0,0
9005,0.07007337194916449,0.07007337194916449,0,0,0
9006,0.06602670262126546,0.06602670262126546,0,0,0
9007,0.0754704536674054,0.0754704536674054,0,0,0
9008,0.0683764110956537,0.0683764110956537,0,0,0
9009,0.06723831946912565,0.06723831946912565,0,0,0
9010,0.06896000438810963,0.06896000438810963,0,0,0
9011,0.07164828949852993,0.07164828949852993,0,0,0
9012,0.06865952634497692,0.06865952634497692,0,0,0
9013,0.06932790459770906,0.06932790459770906,0,0,0
9014,0.06997251961576312,0.06997251961576312,0,0,0
9015,0.06589087584104977,0.06589087584104977,0,0,0
9016,0.07044058459761895,0.07044058459761895,0,0,0
9017,0.06784434802830219,0.06784434802830219,0,0,0
9018,0.07096815452371773,0.07096815452371773,0,0,0
9019,0.06589413777385887,0.06589413777385887,0,0,0
9020,0.0739758881789289,0.0739758881789289,0,0,0
9021,0.07194040647070658,0.07194040647070658,0,0,0
9022,0.0676371025803842,0.0676371025803842,0,0,0
9023,0.06834565740274756,0.06834565740274756,0,0,0
9024,0.0706162708566377,0.0706162708566377,0,0,0
9025,0.07030057975728261,0.07030057975728261,0,0,0
9026,0.07494408245149412,0.07494408245149412,0,0,0
9027,0.06891676018896856,0.06891676018896856,0,0,0
9028,0.06767629322252776,0.06767629322252776,0,0,0
9029,0.06633144871968973,0.06633144871968973,0,0,0
9030,0.06752667340793107,0.06752667340793107,0,0,0
9031,0.06556179492097151,0.06556179492097151,0,0,0
9032,0.06611507876138938,0.06611507876138938,0,0,0
9033,0.06870769753463958,0.06870769753463958,0,0,0
9034,0.0678407160663291,0.0678407160663291,0,0,0
9035,0.07449093240460283,0.07449093240460283,0,0,0
9036,0.07119883391025819,0.07119883391025819,0,0,0
9037,0.0725153119450337,0.0725153119450337,0,0,0
9038,0.0721395330405549,0.0721395330405549,0,0,0
9039,0.0675780232015409,0.0675780232015409,0,0,0
9040,0.06791189141375453,0.06791189141375453,0,0,0
9041,0.07051146422561846,0.07051146422561846,0,0,0
9042,0.06910428091099388,0.06910428091099388,0,0,0
9043,0.06612242473975609,0.06612242473975609,0,0,0
9044,0.06613010060238211,0.06613010060238211,0,0,0
9045,0.06759945038509996,0.06759945038509996,0,0,0
9046,0.06836748206497807,0.06836748206497807,0,0,0
9047,0.07054690036334489,0.07054690036334489,0,0,0
9048,0.06590358148279943,0.06590358148279943,0,0,0
9049,0.06838479255767245,0.06838479255767245,0,0,0
9050,0.08523239656106422,0.08523239656106422,0,0,0
9051,0.07034815602788799,0.07034815602788799,0,0,0
9052,0.0745091013806431,0.0745091013806431,0,0,0
9053,0.06804330421513632,0.06804330421513632,0,0,0
9054,0.06733393041711104,0.06733393041711104,0,0,0
9055,0.07047426960382022,0.07047426960382022,0,0,0
9056,0.06772058055196938,0.06772058055196938,0,0,0
9057,0.06905042409504715,0.06905042409504715,0,0,0
9058,0.07574156956060936,0.07574156956060936,0,0,0
9059,0.07644567030825113,0.07644567030825113,0,0,0
9060,0.07155060248547479,0.07155060248547479,0,0,0
9061,0.06660714784735128,0.06660714784735128,0,0,0
9062,0.06941307659604047,0.06941307659604047,0,0,0
9063,0.06754363078231874,0.06754363078231874,0,0,0
9064,0.06738612349880369,0.06738612349880369,0,0,0
9065,0.06990801572407547,0.06990801572407547,0,0,0
9066,0.0674046159378792,0.0674046159378792,0,0,0
9067,0.06887043218471502,0.06887043218471502,0,0,0
9068,0.06779827094195705,0.06779827094195705,0,0,0
9069,0.06910585847340132,0.06910585847340132,0,0,0
9070,0.07100190222263336,0.07100190222263336,0,0,0
9071,0.06586018469380706,0.06586018469380706,0,0,0
9072,0.06837789631007533,0.06837789631007533,0,0,0
9073,0.06654276556678508,0.06654276556678508,0,0,0
9074,0.06627743181429412,0.06627743181429412,0,0,0
9075,0.0711617241368482,0.0711617241368482,0,0,0
9076,0.0679075589501544,0.0679075589501544,0,0,0
9077,0.06960554881707619,0.06960554881707619,0,0,0
9078,0.06924417193390821,0.06924417193390821,0,0,0
9079,0.06652396843817673,0.06652396843817673,0,0,0
9080,0.06899632807624967,0.06899632807624967,0,0,0
9081,0.07663815645010848,0.07663815645010848,0,0,0
9082,0.07422883063554764,0.07422883063554764,0,0,0
9083,0.06933721801952313,0.06933721801952313,0,0,0
9084,0.06898618783605726,0.06898618783605726,0,0,0
9085,0.06511875604720492,0.06511875604720492,0,0,0
9086,0.07429441192040317,0.07429441192040317,0,0,0
9087,0.071546037191231,0.071546037191231,0,0,0
9088,0.06836981669460472,0.06836981669460472,0,0,0
9089,0.06973175537821494,0.06973175537821494,0,0,0
9090,0.06984587454874265,0.06984587454874265,0,0,0
9091,0.07933509310609416,0.07933509310609416,0,0,0
9092,0.06562469115382746,0.06562469115382746,0,0,0
9093,0.07055305777803848,0.07055305777803848,0,0,0
9094,0.06862639322092659,0.06862639322092659,0,0,0
9095,0.06674914650226894,0.06674914650226894,0,0,0
9096,0.07590601485418647,0.07590601485418647,0,0,0
9097,0.07413829716020509,0.07413829716020509,0,0,0
9098,0.06892764391867738,0.06892764391867738,0,0,0
9099,0.06857758466350405,0.06857758466350405,0,0,0
9100,0.06713034942942231,0.06713034942942231,0,0,0
9101,0.06853951866689481,0.06853951866689481,0,0,0
9102,0.06819909884545364,0.06819909884545364,0,0,0
9103,0.07276609456656795,0.07276609456656795,0,0,0
9104,0.06779390151955579,0.06779390151955579,0,0,0
9105,0.07156809541935984,0.07156809541935984,0,0,0
9106,0.06700663155827083,0.06700663155827083,0,0,0
9107,0.06674359562365632,0.06674359562365632,0,0,0
9108,0.07028195477629963,0.07028195477629963,0,0,0
9109,0.06961378347324698,0.06961378347324698,0,0,0
9110,0.06817529772065188,0.06817529772065188,0,0,0
9111,0.07570251891095388,0.07570251891095388,0,0,0
9112,0.06807820881275754,0.06807820881275754,0,0,0
9113,0.07244913554505299,0.07244913554505299,0,0,0
9114,0.06654906537579863,0.06654906537579863,0,0,0
9115,0.0702365837305,0.0702365837305,0,0,0
9116,0.06904572062194347,0.06904572062194347,0,0,0
9117,0.06997793089402349,0.06997793089402349,0,0,0
9118,0.07034257701353024,0.07034257701353024,0,0,0
9119,0.06569685737945531,0.06569685737945531,0,0,0
9120,0.06925904025372706,0.06925904025372706,0,0,0
9121,0.06970951990469505,0.06970951990469505,0,0,0
9122,0.06943405218618481,0.06943405218618481,0,0,0
9123,0.07246680312642925,0.07246680312642925,0,0,0
9124,0.0670423036147105,0.0670423036147105,0,0,0
9125,0.06984399014005535,0.06984399014005535,0,0,0
9126,0.0694005888347563,0.0694005888347563,0,0,0
9127,0.0681529317639376,0.0681529317639376,0,0,0
9128,0.0682670509344653,0.0682670509344653,0,0,0
9129,0.06831555431218524,0.06831555431218524,0,0,0
9130,0.07310558144787424,0.07310558144787424,0,0,0
9131,0.06887594110479481,0.06887594110479481,0,0,0
9132,0.06984810952685382,0.06984810952685382,0,0,0
9133,0.06871787644922733,0.06871787644922733,0,0,0
9134,0.0678081393830086,0.0678081393830086,0,0,0
9135,0.06670214167158854,0.06670214167158854,0,0,0
9136,0.07076920000346083,0.07076920000346083,0,0,0
9137,0.06705859450525359,0.06705859450525359,0,0,0
9138,0.0687720729528289,0.0687720729528289,0,0,0
9139,0.06484155062782138,0.06484155062782138,0,0,0
9140,0.06982872027315591,0.06982872027315591,0,0,0
9141,0.0675676088093927,0.0675676088093927,0,0,0
9142,0.06498517478375058,0.06498517478375058,0,0,0
9143,0.06782482515432332,0.06782482515432332,0,0,0
9144,0.06857394480979756,0.06857394480979756,0,0,0
9145,0.06668006594439871,0.06668006594439871,0,0,0
9146,0.07745417810388301,0.07745417810388301,0,0,0
9147,0.06529479385598709,0.06529479385598709,0,0,0
9148,0.0662663229986241,0.0662663229986241,0,0,0
9149,0.07038067428297118,0.07038067428297118,0,0,0
9150,0.07136130293733195,0.07136130293733195,0,0,0
9151,0.07189600277496011,0.07189600277496011,0,0,0
9152,0.06749947981810883,0.06749947981810883,0,0,0
9153,0.07258788672716994,0.07258788672716994,0,0,0
9154,0.06553640736168936,0.06553640736168936,0,0,0
9155,0.07289372061036135,0.07289372061036135,0,0,0
9156,0.06981711020987284,0.06981711020987284,0,0,0
9157,0.06802357664625895,0.06802357664625895,0,0,0
9158,0.07010467105398052,0.07010467105398052,0,0,0
9159,0.06511072064504812,0.06511072064504812,0,0,0
9160,0.06779741231156022,0.06779741231156022,0,0,0
9161,0.06841979724796195,0.06841979724796195,0,0,0
9162,0.06819717742894825,0.06819717742894825,0,0,0
9163,0.07113622746577389,0.07113622746577389,0,0,0
9164,0.07126028924004028,0.07126028924004028,0,0,0
9165,0.06385639275571234,0.06385639275571234,0,0,0
9166,0.06658521451448139,0.06658521451448139,0,0,0
9167,0.07119125735602881,0.07119125735602881,0,0,0
9168,0.0748838258809165,0.0748838258809165,0,0,0
9169,0.0699108539541301,0.0699108539541301,0,0,0
9170,0.07044208285055663,0.07044208285055663,0,0,0
9171,0.067275448163089,0.067275448163089,0,0,0
9172,0.0707829731859659,0.0707829731859659,0,0,0
9173,0.07037908853472848,0.07037908853472848,0,0,0
9174,0.06586026772856712,0.06586026772856712,0,0,0
9175,0.06823665785946344,0.06823665785946344,0,0,0
9176,0.069965196430291,0.069965196430291,0,0,0
9177,0.07054830661141559,0.07054830661141559,0,0,0
9178,0.06823201212835939,0.06823201212835939,0,0,0
9179,0.07376021931045934,0.07376021931045934,0,0,0
9180,0.06779479333444645,0.06779479333444645,0,0,0
9181,0.06556287417678457,0.06556287417678457,0,0,0
9182,0.06631396701069255,0.06631396701069255,0,0,0
9183,0.07267640609490245,0.07267640609490245,0,0,0
9184,0.07400392868409031,0.07400392868409031,0,0,0
9185,0.06776724000902552,0.06776724000902552,0,0,0
9186,0.06860828723170255,0.06860828723170255,0,0,0
9187,0.06683838524316486,0.06683838524316486,0,0,0
9188,0.06911735030773439,0.06911735030773439,0,0,0
9189,0.06930405636759181,0.06930405636759181,0,0,0
9190,0.0684978281098761,0.0684978281098761,0,0,0
9191,0.06900616411707904,0.06900616411707904,0,0,0
9192,0.06799667524664026,0.06799667524664026,0,0,0
9193,0.0705049466341734,0.0705049466341734,0,0,0
9194,0.06887297984212637,0.06887297984212637,0,0,0
9195,0.07331212551185959,0.07331212551185959,0,0,0
9196,0.07908928502154977,0.07908928502154977,0,0,0
9197,0.07205764488562157,0.07205764488562157,0,0,0
9198,0.07038237085860026,0.07038237085860026,0,0,0
9199,0.06974730287727557,0.06974730287727557,0,0,0
9200,0.06881241078831647,0.06881241078831647,0,0,0
9201,0.06873795110732317,0.06873795110732317,0,0,0
9202,0.06928557775130398,0.06928557775130398,0,0,0
9203,0.0688661708447494,0.0688661708447494,0,0,0
9204,0.06796868772883165,0.06796868772883165,0,0,0
9205,0.0652093398139665,0.0652093398139665,0,0,0
9206,0.064972957204047,0.064972957204047,0,0,0
9207,0.06759458054837428,0.06759458054837428,0,0,0
9208,0.06821942054911663,0.06821942054911663,0,0,0
9209,0.06702880208429537,0.06702880208429537,0,0,0
9210,0.06877813792150271,0.06877813792150271,0,0,0
9211,0.06797974042006229,0.06797974042006229,0,0,0
9212,0.07188603522157982,0.07188603522157982,0,0,0
9213,0.0713584422084846,0.0713584422084846,0,0,0
9214,0.0658052632291066,0.0658052632291066,0,0,0
9215,0.0698393958767778,0.0698393958767778,0,0,0
9216,0.06851993226691296,0.06851993226691296,0,0,0
9217,0.06569077280399047,0.06569077280399047,0,0,0
9218,0.06800218387261818,0.06800218387261818,0,0,0
9219,0.07365126015716478,0.07365126015716478,0,0,0
9220,0.0675537466120563,0.0675537466120563,0,0,0
9221,0.07012524548918009,0.07012524548918009,0,0,0
9222,0.07193890160047695,0.07193890160047695,0,0,0
9223,0.07487929690825312,0.07487929690825312,0,0,0
9224,0.06900124879259813,0.06900124879259813,0,0,0
9225,0.06950007437875397,0.06950007437875397,0,0,0
9226,0.07035750444782407,0.07035750444782407,0,0,0
9227,0.06967893438903909,0.06967893438903909,0,0,0
9228,0.0689119745634104,0.0689119745634104,0,0,0
9229,0.06730754281345167,0.06730754281345167,0,0,0
9230,0.0675110555204906,0.0675110555204906,0,0,0
9231,0.06804514744956243,0.06804514744956243,0,0,0
9232,0.07313551400837145,0.07313551400837145,0,0,0
9233,0.06832681066895786,0.06832681066895786,0,0,0
9234,0.06815832583723884,0.06815832583723884,0,0,0
9235,0.07013067995247088,0.07013067995247088,0,0,0
9236,0.06735866301153835,0.06735866301153835,0,0,0
9237,0.07091812377697543,0.07091812377697543,0,0,0
9238,0.0723242188166631,0.0723242188166631,0,0,0
9239,0.06465254738730819,0.06465254738730819,0,0,0
9240,0.07318730936630775,0.07318730936630775,0,0,0
9241,0.06779158634966925,0.06779158634966925,0,0,0
9242,0.07004346943607456,0.07004346943607456,0,0,0
9243,0.06847813480386608,0.06847813480386608,0,0,0
9244,0.0634443604044224,0.0634443604044224,0,0,0
9245,0.07191440659134012,0.07191440659134012,0,0,0
9246,0.06858581147695843,0.06858581147695843,0,0,0
9247,0.06794667753734086,0.06794667753734086,0,0,0
9248,0.07048797774079599,0.07048797774079599,0,0,0
9249,0.07072276563236587,0.07072276563236587,0,0,0
9250,0.06715966319959414,0.06715966319959414,0,0,0
9251,0.07074962272063683,0.07074962272063683,0,0,0
9252,0.06451730621292402,0.06451730621292402,0,0,0
9253,0.07512410308577512,0.07512410308577512,0,0,0
9254,0.07021847033971235,0.07021847033971235,0,0,0
9255,0.06938835365795776,0.06938835365795776,0,0,0
9256,0.0668598302198868,0.0668598302198868,0,0,0
9257,0.0690722806673301,0.0690722806673301,0,0,0
9258,0.06733313148939296,0.06733313148939296,0,0,0
9259,0.06843037275891554,0.06843037275891554,0,0,0
9260,0.06721990251619565,0.06721990251619565,0,0,0
9261,0.066114339585367,0.066114339585367,0,0,0
9262,0.073772874611773,0.073772874611773,0,0,0
9263,0.06944028141075059,0.06944028141075059,0,0,0
9264,0.06776209479491961,0.06776209479491961,0,0,0
9265,0.07514138284482454,0.07514138284482454,0,0,0
9266,0.07192441330928552,0.07192441330928552,0,0,0
9267,0.06714603491127491,0.06714603491127491,0,0,0
9268,0.06878041750506352,0.06878041750506352,0,0,0
9269,0.06613795228890683,0.06613795228890683,0,0,0
9270,0.06970201971891679,0.06970201971891679,0,0,0
9271,0.06846811308672554,0.06846811308672554,0,0,0
9272,0.07113189524725864,0.07113189524725864,0,0,0
9273,0.06610799669043015,0.06610799669043015,0,0,0
9274,0.06776325786976438,0.06776325786976438,0,0,0
9275,0.0655888152357779,0.0655888152357779,0,0,0
9276,0.0694794651415003,0.0694794651415003,0,0,0
9277,0.06947697199096806,0.06947697199096806,0,0,0
9278,0.0660482115161262,0.0660482115161262,0,0,0
9279,0.06696419378644541,0.06696419378644541,0,0,0
9280,0.06776145904472,0.06776145904472,0,0,0
9281,0.06689198648459033,0.06689198648459033,0,0,0
9282,0.07134189946871054,0.07134189946871054,0,0,0
9283,0.06584679756901766,0.06584679756901766,0,0,0
9284,0.06812036022739976,0.06812036022739976,0,0,0
9285,0.06884942840980857,0.06884942840980857,0,0,0
9286,0.0663895420730114,0.0663895420730114,0,0,0
9287,0.07199706372461821,0.07199706372461821,0,0,0
9288,0.07082700003918849,0.07082700003918849,0,0,0
9289,0.07427928635948583,0.07427928635948583,0,0,0
9290,0.07080023304412239,0.07080023304412239,0,0,0
9291,0.06863498168164178,0.06863498168164178,0,0,0
9292,0.0627160245846761,0.0627160245846761,0,0,0
9293,0.06612393309019114,0.06612393309019114,0,0,0
9294,0.06587225350698359,0.06587225350698359,0,0,0
9295,0.0703687575204592,0.0703687575204592,0,0,0
9296,0.064557936532717,0.064557936532717,0,0,0
9297,0.07009745536274031,0.07009745536274031,0,0,0
9298,0.0693100173712561,0.0693100173712561,0,0,0
9299,0.06931177409071672,0.06931177409071672,0,0,0
9300,0.06895727076028522,0.06895727076028522,0,0,0
9301,0.07287475809847054,0.07287475809847054,0,0,0
9302,0.06745968876700652,0.06745968876700652,0,0,0
9303,0.07144306575585353,0.07144306575585353,0,0,0
9304,0.07399262331034008,0.07399262331034008,0,0,0
9305,0.0697417680762316,0.0697417680762316,0,0,0
9306,0.07198581099510193,0.07198581099510193,0,0,0
9307,0.06503899885635626,0.06503899885635626,0,0,0
9308,0.06679104106794846,0.06679104106794846,0,0,0
9309,0.06497629937764846,0.06497629937764846,0,0,0
9310,0.06610774689991224,0.06610774689991224,0,0,0
9311,0.07527087369051419,0.07527087369051419,0,0,0
9312,0.07122179169796015,0.07122179169796015,0,0,0
9313,0.06599489829846118,0.06599489829846118,0,0,0
9314,0.06570732064153019,0.06570732064153019,0,0,0
9315,0.0705908840816272,0.0705908840816272,0,0,0
9316,0.0671074136503433,0.0671074136503433,0,0,0
9317,0.06836536987439583,0.06836536987439583,0,0,0
9318,0.06937037124053429,0.06937037124053429,0,0,0
9319,0.06984278079318373,0.06984278079318373,0,0,0
9320,0.06938236549888786,0.06938236549888786,0,0,0
9321,0.06882624043837975,0.06882624043837975,0,0,0
9322,0.06457890687804473,0.06457890687804473,0,0,0
9323,0.06843640841543674,0.06843640841543674,0,0,0
9324,0.08800612169464953,0.08800612169464953,0,0,0
9325,0.06515490018615597,0.06515490018615597,0,0,0
9326,0.07503318031759638,0.07503318031759638,0,0,0
9327,0.06657802421403558,0.06657802421403558,0,0,0
9328,0.06662683757512193,0.06662683757512193,0,0,0
9329,0.06375061936284367,0.06375061936284367,0,0,0
9330,0.06671161224183284,0.06671161224183284,0,0,0
9331,0.06874660118237923,0.06874660118237923,0,0,0
9332,0.06768178979032918,0.06768178979032918,0,0,0
9333,0.06565779624016661,0.06565779624016661,0,0,0
9334,0.07165406933544498,0.07165406933544498,0,0,0
9335,0.0676851445122769,0.0676851445122769,0,0,0
9336,0.06489353499522335,0.06489353499522335,0,0,0
9337,0.06698961820649474,0.06698961820649474,0,0,0
9338,0.06618386193325645,0.06618386193325645,0,0,0
9339,0.06642514800554827,0.06642514800554827,0,0,0
9340,0.07393538118585159,0.07393538118585159,0,0,0
9341,0.06735591472763765,0.06735591472763765,0,0,0
9342,0.06936022227531985,0.06936022227531985,0,0,0
9343,0.06925624707027485,0.06925624707027485,0,0,0
9344,0.0690101656670633,0.0690101656670633,0,0,0
9345,0.07093999221136696,0.07093999221136696,0,0,0
9346,0.06848713334061597,0.06848713334061597,0,0,0
9347,0.0645263385223715,0.0645263385223715,0,0,0
9348,0.06651666701624268,0.06651666701624268,0,0,0
9349,0.06602876986327924,0.06602876986327924,0,0,0
9350,0.06667883213805526,0.06667883213805526,0,0,0
9351,0.0675777924296103,0.0675777924296103,0,0,0
9352,0.0693870841672546,0.0693870841672546,0,0,0
9353,0.07479008493062697,0.07479008493062697,0,0,0
9354,0.06648626060862291,0.06648626060862291,0,0,0
9355,0.06573245228317223,0.06573245228317223,0,0,0
9356,0.06869708266305297,0.06869708266305297,0,0,0
9357,0.07132642971057641,0.07132642971057641,0,0,0
9358,0.06695084862018887,0.06695084862018887,0,0,0
9359,0.0706759026568187,0.0706759026568187,0,0,0
9360,0.06658135075122118,0.06658135075122118,0,0,0
9361,0.0672437888325045,0.0672437888325045,0,0,0
9362,0.07241855689177387,0.07241855689177387,0,0,0
9363,0.06921969795305478,0.06921969795305478,0,0,0
9364,0.06461154100926299,0.06461154100926299,0,0,0
9365,0.09500555899974547,0.09500555899974547,0,0,0
9366,0.06961496811556189,0.06961496811556189,0,0,0
9367,0.06889050277440172,0.06889050277440172,0,0,0
9368,0.06498066909415157,0.06498066909415157,0,0,0
9369,0.06969710772759036,0.06969710772759036,0,0,0
9370,0.07000845170726902,0.07000845170726902,0,0,0
9371,0.07089079053778398,0.07089079053778398,0,0,0
9372,0.06923607413313891,0.06923607413313891,0,0,0
9373,0.06899838286795114,0.06899838286795114,0,0,0
9374,0.06700153550819347,0.06700153550819347,0,0,0
9375,0.06717114483839587,0.06717114483839587,0,0,0
9376,0.06668489024435219,0.06668489024435219,0,0,0
9377,0.06927024651514857,0.06927024651514857,0,0,0
9378,0.0684741584486083,0.0684741584486083,0,0,0
9379,0.06992772594094276,0.06992772594094276,0,0,0
9380,0.06823871176885932,0.06823871176885932,0,0,0
9381,0.06836455432992232,0.06836455432992232,0,0,0
9382,0.06501780563083134,0.06501780563083134,0,0,0
9383,0.06890134189866091,0.06890134189866091,0,0,0
9384,0.06831046507546776,0.06831046507546776,0,0,0
9385,0.07273199056324206,0.07273199056324206,0,0,0
9386,0.06430467198553838,0.06430467198553838,0,0,0
9387,0.06496785350732114,0.06496785350732114,0,0,0
9388,0.06633267904582776,0.06633267904582776,0,0,0
9389,0.0639785408581558,0.0639785408581558,0,0,0
9390,0.07204977795481682,0.07204977795481682,0,0,0
9391,0.06703538437815089,0.06703538437815089,0,0,0
9392,0.06820856299447386,0.06820856299447386,0,0,0
9393,0.07085998219094779,0.07085998219094779,0,0,0
9394,0.06797193868183776,0.06797193868183776,0,0,0
9395,0.06973929100326802,0.06973929100326802,0,0,0
9396,0.07185126458735842,0.07185126458735842,0,0,0
9397,0.0700858153991009,0.0700858153991009,0,0,0
9398,0.07079816864509332,0.07079816864509332,0,0,0
9399,0.06604144085002572,0.06604144085002572,0,0,0
9400,0.06560587932012583,0.06560587932012583,0,0,0
9401,0.06638524495065212,0.06638524495065212,0,0,0
9402,0.07151006696451652,0.07151006696451652,0,0,0
9403,0.07017761900236733,0.07017761900236733,0,0,0
9404,0.06605875050943148,0.06605875050943148,0,0,0
9405,0.07169444359054691,0.07169444359054691,0,0,0
9406,0.06397416810260008,0.06397416810260008,0,0,0
9407,0.0718693949870373,0.0718693949870373,0,0,0
9408,0.06457050017228252,0.06457050017228252,0,0,0
9409,0.06644567386492302,0.06644567386492302,0,0,0
9410,0.06633696195326354,0.06633696195326354,0,0,0
9411,0.06932084713327258,0.06932084713327258,0,0,0
9412,0.06652615268371607,0.06652615268371607,0,0,0
9413,0.06476904481257263,0.06476904481257263,0,0,0
9414,0.06924980315134714,0.06924980315134714,0,0,0
9415,0.0685193568075958,0.0685193568075958,0,0,0
9416,0.07066757609381487,0.07066757609381487,0,0,0
9417,0.07780536822974682,0.07780536822974682,0,0,0
9418,0.06729375218090258,0.06729375218090258,0,0,0
9419,0.06752199664908021,0.06752199664908021,0,0,0
9420,0.06669265139651925,0.06669265139651925,0,0,0
9421,0.0683456614711567,0.0683456614711567,0,0,0
9422,0.06785657516631641,0.06785657516631641,0,0,0
9423,0.06626818721231661,0.06626818721231661,0,0,0
9424,0.0697234082770975,0.0697234082770975,0,0,0
9425,0.06624855512851163,0.06624855512851163,0,0,0
9426,0.06879072606955704,0.06879072606955704,0,0,0
9427,0.06621323888631243,0.06621323888631243,0,0,0
9428,0.06905847915301197,0.06905847915301197,0,0,0
9429,0.06747314363325897,0.06747314363325897,0,0,0
9430,0.06750192032440712,0.06750192032440712,0,0,0
9431,0.07106315717101097,0.07106315717101097,0,0,0
9432,0.06528148530541282,0.06528148530541282,0,0,0
9433,0.0652255455130025,0.0652255455130025,0,0,0
9434,0.07000586812041308,0.07000586812041308,0,0,0
9435,0.06839119358674477,0.06839119358674477,0,0,0
9436,0.06858220495479672,0.06858220495479672,0,0,0
9437,0.0672647439335522,0.0672647439335522,0,0,0
9438,0.06654155215150431,0.06654155215150431,0,0,0
9439,0.07360291833940305,0.07360291833940305,0,0,0
9440,0.06851103294052575,0.06851103294052575,0,0,0
9441,0.06702369402505849,0.06702369402505849,0,0,0
9442,0.06553936230116769,0.06553936230116769,0,0,0
9443,0.07033370229366578,0.07033370229366578,0,0,0
9444,0.06679246187406152,0.06679246187406152,0,0,0
9445,0.06907587390589087,0.06907587390589087,0,0,0
9446,0.06753429986144367,0.06753429986144367,0,0,0
9447,0.06942967335252385,0.06942967335252385,0,0,0
9448,0.06923883398504634,0.06923883398504634,0,0,0
9449,0.07140487157984783,0.07140487157984783,0,0,0
9450,0.0667709058248683,0.0667709058248683,0,0,0
9451,0.06523785892089731,0.06523785892089731,0,0,0
9452,0.06614029196728217,0.06614029196728217,0,0,0
9453,0.06845784442205179,0.06845784442205179,0,0,0
9454,0.06862689995844114,0.06862689995844114,0,0,0
9455,0.07146303708616056,0.07146303708616056,0,0,0
9456,0.06878916125156377,0.06878916125156377,0,0,0
9457,0.07305743898216047,0.07305743898216047,0,0,0
9458,0.06556587509418789,0.06556587509418789,0,0,0
9459,0.06531706619027414,0.06531706619027414,0,0,0
9460,0.10894373441605192,0.10894373441605192,0,0,0
9461,0.06670506504413329,0.06670506504413329,0,0,0
9462,0.06596775529415984,0.06596775529415984,0,0,0
9463,0.06940802912178792,0.06940802912178792,0,0,0
9464,0.06984951268685491,0.06984951268685491,0,0,0
9465,0.0680756830169182,0.0680756830169182,0,0,0
9466,0.07028577280671973,0.07028577280671973,0,0,0
9467,0.07128962286208805,0.07128962286208805,0,0,0
9468,0.06919855884227313,0.06919855884227313,0,0,0
9469,0.0651048273338299,0.0651048273338299,0,0,0
9470,0.0651881493824093,0.0651881493824093,0,0,0
9471,0.06631330459525711,0.06631330459525711,0,0,0
9472,0.0679149658076073,0.0679149658076073,0,0,0
9473,0.0662051302037741,0.0662051302037741,0,0,0
9474,0.0669316758254641,0.0669316758254641,0,0,0
9475,0.06706954715283293,0.06706954715283293,0,0,0
9476,0.07056176564411114,0.07056176564411114,0,0,0
9477,0.06758856415552528,0.06758856415552528,0,0,0
9478,0.06614896125699345,0.06614896125699345,0,0,0
9479,0.07279136374984917,0.07279136374984917,0,0,0
9480,0.06613180472662575,0.06613180472662575,0,0,0
9481,0.0653905676873891,0.0653905676873891,0,0,0
9482,0.06786008164482682,0.06786008164482682,0,0,0
9483,0.06730652487787761,0.06730652487787761,0,0,0
9484,0.07030389217757865,0.07030389217757865,0,0,0
9485,0.06773832812905312,0.06773832812905312,0,0,0
9486,0.06625389092062649,0.06625389092062649,0,0,0
9487,0.06691553541704227,0.06691553541704227,0,0,0
9488,0.06501012109220028,0.06501012109220028,0,0,0
9489,0.06775458666839097,0.06775458666839097,0,0,0
9490,0.0664786821427314,0.0664786821427314,0,0,0
9491,0.07431055968137164,0.07431055968137164,0,0,0
9492,0.07157223377572863,0.07157223377572863,0,0,0
9493,0.07123007860622908,0.07123007860622908,0,0,0
9494,0.06486585001020055,0.06486585001020055,0,0,0
9495,0.06317518695600723,0.06317518695600723,0,0,0
9496,0.06603687854581758,0.06603687854581758,0,0,0
9497,0.06876396995625998,0.06876396995625998,0,0,0
9498,0.06707972768498094,0.06707972768498094,0,0,0
9499,0.06505950736372094,0.06505950736372094,0,0,0
9500,0.068942468956505,0.068942468956505,0,0,0
9501,0.06603402899284112,0.06603402899284112,0,0,0
9502,0.06807978225773886,0.06807978225773886,0,0,0
9503,0.07731604796687239,0.07731604796687239,0,0,0
9504,0.06846159422083904,0.06846159422083904,0,0,0
9505,0.06557991365460973,0.06557991365460973,0,0,0
9506,0.06986826138668939,0.06986826138668939,0,0,0
9507,0.06582734096599252,0.06582734096599252,0,0,0
9508,0.0661534302818932,0.0661534302818932,0,0,0
9509,0.06519874949988566,0.06519874949988566,0,0,0
9510,0.06553094138048197,0.06553094138048197,0,0,0
9511,0.07470758102442089,0.07470758102442089,0,0,0
9512,0.06881032374344374,0.06881032374344374,0,0,0
9513,0.06808389586053397,0.06808389586053397,0,0,0
9514,0.06800887919962406,0.06800887919962406,0,0,0
9515,0.06784027658010784,0.06784027658010784,0,0,0
9516,0.0936831833892747,0.0936831833892747,0,0,0
9517,0.06835716207952876,0.06835716207952876,0,0,0
9518,0.06941247834382873,0.06941247834382873,0,0,0
9519,0.07091900853342131,0.07091900853342131,0,0,0
9520,0.06745562173034016,0.06745562173034016,0,0,0
9521,0.0715655711430468,0.0715655711430468,0,0,0
9522,0.07152643348825605,0.07152643348825605,0,0,0
9523,0.06870418850724634,0.06870418850724634,0,0,0
9524,0.06522463619905083,0.06522463619905083,0,0,0
9525,0.06786475438428552,0.06786475438428552,0,0,0
9526,0.066949018032143,0.066949018032143,0,0,0
9527,0.0653254795623453,0.0653254795623453,0,0,0
9528,0.06654360625696809,0.06654360625696809,0,0,0
9529,0.06654855809909732,0.06654855809909732,0,0,0
9530,0.06836035122212611,0.06836035122212611,0,0,0
9531,0.06628793428995107,0.06628793428995107,0,0,0
9532,0.06621213046539771,0.06621213046539771,0,0,0
9533,0.06830928278596778,0.06830928278596778,0,0,0
9534,0.06540357615602643,0.06540357615602643,0,0,0
9535,0.06596751569917328,0.06596751569917328,0,0,0
9536,0.0699464186633888,0.0699464186633888,0,0,0
9537,0.0658361683354566,0.0658361683354566,0,0,0
9538,0.06724140386244185,0.06724140386244185,0,0,0
9539,0.07857523152702733,0.07857523152702733,0,0,0
9540,0.06567709956710276,0.06567709956710276,0,0,0
9541,0.06384751288906525,0.06384751288906525,0,0,0
9542,0.0688516130965007,0.0688516130965007,0,0,0
9543,0.06651436861016248,0.06651436861016248,0,0,0
9544,0.07505815760477592,0.07505815760477592,0,0,0
9545,0.06382688904475224,0.06382688904475224,0,0,0
9546,0.0702073898558554,0.0702073898558554,0,0,0
9547,0.069495198561957,0.069495198561957,0,0,0
9548,0.0658853599115422,0.0658853599115422,0,0,0
9549,0.06899017693572923,0.06899017693572923,0,0,0
9550,0.07062742398365547,0.07062742398365547,0,0,0
9551,0.06597132441636763,0.06597132441636763,0,0,0
9552,0.07302623614668846,0.07302623614668846,0,0,0
9553,0.06646192524778216,0.06646192524778216,0,0,0
9554,0.06749755315678685,0.06749755315678685,0,0,0
9555,0.06848432447173093,0.06848432447173093,0,0,0
9556,0.06882331824224246,0.06882331824224246,0,0,0
9557,0.06609657122508476,0.06609657122508476,0,0,0
9558,0.06725384706729337,0.06725384706729337,0,0,0
9559,0.07120049220362776,0.07120049220362776,0,0,0
9560,0.06771218541421388,0.06771218541421388,0,0,0
9561,0.06775208356741227,0.06775208356741227,0,0,0
9562,0.06507516387653978,0.06507516387653978,0,0,0
9563,0.0666895811691096,0.0666895811691096,0,0,0
9564,0.06474712348886226,0.06474712348886226,0,0,0
9565,0.06514600389882137,0.06514600389882137,0,0,0
9566,0.07252033893018961,0.07252033893018961,0,0,0
9567,0.06674996243887826,0.06674996243887826,0,0,0
9568,0.06995310408896521,0.06995310408896521,0,0,0
9569,0.0665047235394779,0.0665047235394779,0,0,0
9570,0.06710541267928324,0.06710541267928324,0,0,0
9571,0.06811567542976454,0.06811567542976454,0,0,0
9572,0.07192269702883143,0.07192269702883143,0,0,0
9573,0.07069778677664305,0.07069778677664305,0,0,0
9574,0.06704677827656269,0.06704677827656269,0,0,0
9575,0.06691739918958199,0.06691739918958199,0,0,0
9576,0.06445443086130054,0.06445443086130054,0,0,0
9577,0.0692940969510298,0.0692940969510298,0,0,0
9578,0.0657803121169931,0.0657803121169931,0,0,0
9579,0.06756315174463548,0.06756315174463548,0,0,0
9580,0.0654627543530966,0.0654627543530966,0,0,0
9581,0.07053787467118941,0.07053787467118941,0,0,0
9582,0.07186697148963024,0.07186697148963024,0,0,0
9583,0.06919218884094765,0.06919218884094765,0,0,0
9584,0.06706523042368262,0.06706523042368262,0,0,0
9585,0.07238540058269312,0.07238540058269312,0,0,0
9586,0.06565460744068811,0.06565460744068811,0,0,0
9587,0.07052042168614112,0.07052042168614112,0,0,0
9588,0.06545733121272765,0.06545733121272765,0,0,0
9589,0.06814263663009594,0.06814263663009594,0,0,0
9590,0.06627634290213648,0.06627634290213648,0,0,0
9591,0.0653229145039069,0.0653229145039069,0,0,0
9592,0.06371973327508099,0.06371973327508099,0,0,0
9593,0.065684586665348,0.065684586665348,0,0,0
9594,0.06448274615563844,0.06448274615563844,0,0,0
9595,0.06391587083865154,0.06391587083865154,0,0,0
9596,0.07062839893134017,0.07062839893134017,0,0,0
9597,0.06449735439137409,0.06449735439137409,0,0,0
9598,0.06739079344429467,0.06739079344429467,0,0,0
9599,0.06725432811991165,0.06725432811991165,0,0,0
9600,0.06703835353255272,0.06703835353255272,0,0,0
9601,0.06742369398278625,0.06742369398278625,0,0,0
9602,0.06646901986708767,0.06646901986708767,0,0,0
9603,0.06687347791892917,0.06687347791892917,0,0,0
9604,0.065965186804533,0.065965186804533,0,0,0
9605,0.06635214809916522,0.06635214809916522,0,0,0
9606,0.06817025877535343,0.06817025877535343,0,0,0
9607,0.06393279610691886,0.06393279610691886,0,0,0
9608,0.0669721164985707,0.0669721164985707,0,0,0
9609,0.07018652832821796,0.07018652832821796,0,0,0
9610,0.06438983844495133,0.06438983844495133,0,0,0
9611,0.0711446775025443,0.0711446775025443,0,0,0
9612,0.0676336828129072,0.0676336828129072,0,0,0
9613,0.07309196899203878,0.07309196899203878,0,0,0
9614,0.06879015502176787,0.06879015502176787,0,0,0
9615,0.06764801366156653,0.06764801366156653,0,0,0
9616,0.08161943234307201,0.08161943234307201,0,0,0
9617,0.06593406729792294,0.06593406729792294,0,0,0
9618,0.0656913713012871,0.0656913713012871,0,0,0
9619,0.06564555317163467,0.06564555317163467,0,0,0
9620,0.06870280970868312,0.06870280970868312,0,0,0
9621,0.06648742829106356,0.06648742829106356,0,0,0
9622,0.0684022333865103,0.0684022333865103,0,0,0
9623,0.06344257657857318,0.06344257657857318,0,0,0
9624,0.07023487102828528,0.07023487102828528,0,0,0
9625,0.07003673999325226,0.07003673999325226,0,0,0
9626,0.06620104586411464,0.06620104586411464,0,0,0
9627,0.06899526009434148,0.06899526009434148,0,0,0
9628,0.06416229413528192,0.06416229413528192,0,0,0
9629,0.06571208891507826,0.06571208891507826,0,0,0
9630,0.06794160653493907,0.06794160653493907,0,0,0
9631,0.06636146088375856,0.06636146088375856,0,0,0
9632,0.06705788537663848,0.06705788537663848,0,0,0
9633,0.06795444594402063,0.06795444594402063,0,0,0
9634,0.06493351211477268,0.06493351211477268,0,0,0
9635,0.06736136281764821,0.06736136281764821,0,0,0
9636,0.0711597902700305,0.0711597902700305,0,0,0
9637,0.06998992417203753,0.06998992417203753,0,0,0
9638,0.06912910943164637,0.06912910943164637,0,0,0
9639,0.06618805513962318,0.06618805513962318,0,0,0
9640,0.0685880926290625,0.0685880926290625,0,0,0
9641,0.07330859521109807,0.07330859521109807,0,0,0
9642,0.06807486467847698,0.06807486467847698,0,0,0
9643,0.07200073122390006,0.07200073122390006,0,0,0
9644,0.06778638697180309,0.06778638697180309,0,0,0
9645,0.0679203113541007,0.0679203113541007,0,0,0
9646,0.06537654314582285,0.06537654314582285,0,0,0
9647,0.06726189575305111,0.06726189575305111,0,0,0
9648,0.06690818144890823,0.06690818144890823,0,0,0
9649,0.06949122054012198,0.06949122054012198,0,0,0
9650,0.0702680655215916,0.0702680655215916,0,0,0
9651,0.06658188042868125,0.06658188042868125,0,0,0
9652,0.06721582293118301,0.06721582293118301,0,0,0
9653,0.06508185400774605,0.06508185400774605,0,0,0
9654,0.06379974917753746,0.06379974917753746,0,0,0
9655,0.06477402552570168,0.06477402552570168,0,0,0
9656,0.0694201138164652,0.0694201138164652,0,0,0
9657,0.07034546308415501,0.07034546308415501,0,0,0
9658,0.06589547701572117,0.06589547701572117,0,0,0
9659,0.06639449063100313,0.06639449063100313,0,0,0
9660,0.06482119044583094,0.06482119044583094,0,0,0
9661,0.06808561929746677,0.06808561929746677,0,0,0
9662,0.0674603800044248,0.0674603800044248,0,0,0
9663,0.06879029324964474,0.06879029324964474,0,0,0
9664,0.06577380280941725,0.06577380280941725,0,0,0
9665,0.06519486470834206,0.06519486470834206,0,0,0
9666,0.07150337698036119,0.07150337698036119,0,0,0
9667,0.069499645186098,0.069499645186098,0,0,0
9668,0.06555396161581341,0.06555396161581341,0,0,0
9669,0.06865358318349249,0.06865358318349249,0,0,0
9670,0.0675436998472402,0.0675436998472402,0,0,0
9671,0.063761823810637,0.063761823810637,0,0,0
9672,0.0665875262531795,0.0665875262531795,0,0,0
9673,0.06713230241286128,0.06713230241286128,0,0,0
9674,0.07071783089716184,0.07071783089716184,0,0,0
9675,0.06592431968372119,0.06592431968372119,0,0,0
9676,0.06682554005007994,0.06682554005007994,0,0,0
9677,0.0680959887410465,0.0680959887410465,0,0,0
9678,0.07273707019263193,0.07273707019263193,0,0,0
9679,0.06938252558833674,0.06938252558833674,0,0,0
9680,0.06665665009304096,0.06665665009304096,0,0,0
9681,0.0652984146420893,0.0652984146420893,0,0,0
9682,0.06537912344854128,0.06537912344854128,0,0,0
9683,0.06519738594560247,0.06519738594560247,0,0,0
9684,0.07044461320497487,0.07044461320497487,0,0,0
9685,0.06521674716158916,0.06521674716158916,0,0,0
9686,0.06785651178736436,0.06785651178736436,0,0,0
9687,0.06510623666997019,0.06510623666997019,0,0,0
9688,0.0706458897084782,0.0706458897084782,0,0,0
9689,0.06971695303524796,0.06971695303524796,0,0,0
9690,0.06640050893551425,0.06640050893551425,0,0,0
9691,0.06648855313266579,0.06648855313266579,0,0,0
9692,0.06803587681956981,0.06803587681956981,0,0,0
9693,0.06627326870435163,0.06627326870435163,0,0,0
9694,0.08864262513816357,0.08864262513816357,0,0,0
9695,0.06862370748268931,0.06862370748268931,0,0,0
9696,0.06532883354903836,0.06532883354903836,0,0,0
9697,0.06662207841873169,0.06662207841873169,0,0,0
9698,0.06370695405884792,0.06370695405884792,0,0,0
9699,0.06634611920698692,0.06634611920698692,0,0,0
9700,0.076311624461883,0.076311624461883,0,0,0
9701,0.06448968774393986,0.06448968774393986,0,0,0
9702,0.06437986579380538,0.06437986579380538,0,0,0
9703,0.06543926556447618,0.06543926556447618,0,0,0
9704,0.06433635636379845,0.06433635636379845,0,0,0
9705,0.07628826444086276,0.07628826444086276,0,0,0
9706,0.06519685352319166,0.06519685352319166,0,0,0
9707,0.06733051481607713,0.06733051481607713,0,0,0
9708,0.0685415213045321,0.0685415213045321,0,0,0
9709,0.06646813971823767,0.06646813971823767,0,0,0
9710,0.06952936114057114,0.06952936114057114,0,0,0
9711,0.06797043861527192,0.06797043861527192,0,0,0
9712,0.06484143749663704,0.06484143749663704,0,0,0
9713,0.06263969730781882,0.06263969730781882,0,0,0
9714,0.06601012723618432,0.06601012723618432,0,0,0
9715,0.07231764603210122,0.07231764603210122,0,0,0
9716,0.06901980142452215,0.06901980142452215,0,0,0
9717,0.06832667008826607,0.06832667008826607,0,0,0
9718,0.0656006763640203,0.0656006763640203,0,0,0
9719,0.06702255036093686,0.06702255036093686,0,0,0
9720,0.0731063027326998,0.0731063027326998,0,0,0
9721,0.0700540118115513,0.0700540118115513,0,0,0
9722,0.07022640765889694,0.07022640765889694,0,0,0
9723,0.0699525219633391,0.0699525219633391,0,0,0
9724,0.07071517721602791,0.07071517721602791,0,0,0
9725,0.06943636137600008,0.06943636137600008,0,0,0
9726,0.0675162184787424,0.0675162184787424,0,0,0
9727,0.06952241514074176,0.06952241514074176,0,0,0
9728,0.06705630438304261,0.06705630438304261,0,0,0
9729,0.06798358330209005,0.06798358330209005,0,0,0
9730,0.06501411156434762,0.06501411156434762,0,0,0
9731,0.06385897001937817,0.06385897001937817,0,0,0
9732,0.06534495185080327,0.06534495185080327,0,0,0
9733,0.06611887571450911,0.06611887571450911,0,0,0
9734,0.0677669261043009,0.0677669261043009,0,0,0
9735,0.06542663609510974,0.06542663609510974,0,0,0
9736,0.07247459628668271,0.07247459628668271,0,0,0
9737,0.0664218545058056,0.0664218545058056,0,0,0
9738,0.06518193162781627,0.06518193162781627,0,0,0
9739,0.06857626424416115,0.06857626424416115,0,0,0
9740,0.06861889499582742,0.06861889499582742,0,0,0
9741,0.07082743535896666,0.07082743535896666,0,0,0
9742,0.07157592284248064,0.07157592284248064,0,0,0
9743,0.0691724544587104,0.0691724544587104,0,0,0
9744,0.06483969700179602,0.06483969700179602,0,0,0
9745,0.06835773283321607,0.06835773283321607,0,0,0
9746,0.06828043933369611,0.06828043933369611,0,0,0
9747,0.06825872383227474,0.06825872383227474,0,0,0
9748,0.06689671858360893,0.06689671858360893,0,0,0
9749,0.0648246055076781,0.0648246055076781,0,0,0
9750,0.06491353750032813,0.06491353750032813,0,0,0
9751,0.06633007849909757,0.06633007849909757,0,0,0
9752,0.06610589033286822,0.06610589033286822,0,0,0
9753,0.06808016586460565,0.06808016586460565,0,0,0
9754,0.06269814603422817,0.06269814603422817,0,0,0
9755,0.06566491654436839,0.06566491654436839,0,0,0
9756,0.06985333782473677,0.06985333782473677,0,0,0
9757,0.07257548352017214,0.07257548352017214,0,0,0
9758,0.07035492840958268,0.07035492840958268,0,0,0
9759,0.07067187699048143,0.07067187699048143,0,0,0
9760,0.06807574218041018,0.06807574218041018,0,0,0
9761,0.0662075332611015,0.0662075332611015,0,0,0
9762,0.0713115549695335,0.0713115549695335,0,0,0
9763,0.0676294568877079,0.0676294568877079,0,0,0
9764,0.0681034820644479,0.0681034820644479,0,0,0
9765,0.06491884451947715,0.06491884451947715,0,0,0
9766,0.06831027033101571,0.06831027033101571,0,0,0
9767,0.07057693041861057,0.07057693041861057,0,0,0
9768,0.07105799534014966,0.07105799534014966,0,0,0
9769,0.06597574525757839,0.06597574525757839,0,0,0
9770,0.06764462673546452,0.06764462673546452,0,0,0
9771,0.07021644985989521,0.07021644985989521,0,0,0
9772,0.07411492380656694,0.07411492380656694,0,0,0
9773,0.07023483318717856,0.07023483318717856,0,0,0
9774,0.0730980588613372,0.0730980588613372,0,0,0
9775,0.06565789515642743,0.06565789515642743,0,0,0
9776,0.07041226170564953,0.07041226170564953,0,0,0
9777,0.07134451844582432,0.07134451844582432,0,0,0
9778,0.06953157317873679,0.06953157317873679,0,0,0
9779,0.06867464749436629,0.06867464749436629,0,0,0
9780,0.07169873316429164,0.07169873316429164,0,0,0
9781,0.06701267613588195,0.06701267613588195,0,0,0
9782,0.06616943417803238,0.06616943417803238,0,0,0
9783,0.06591399435542132,0.06591399435542132,0,0,0
9784,0.06531108994232981,0.06531108994232981,0,0,0
9785,0.06970655418148167,0.06970655418148167,0,0,0
9786,0.06425258389821178,0.06425258389821178,0,0,0
9787,0.06647352942902791,0.06647352942902791,0,0,0
9788,0.06497336379987628,0.06497336379987628,0,0,0
9789,0.06274566500398673,0.06274566500398673,0,0,0
9790,0.07009974107342332,0.07009974107342332,0,0,0
9791,0.06543838007277564,0.06543838007277564,0,0,0
9792,0.06850302317424824,0.06850302317424824,0,0,0
9793,0.06783049994785535,0.06783049994785535,0,0,0
9794,0.06677700667396973,0.06677700667396973,0,0,0
9795,0.06646138213967022,0.06646138213967022,0,0,0
9796,0.06962921774308932,0.06962921774308932,0,0,0
9797,0.06809317266666576,0.06809317266666576,0,0,0
9798,0.06519467060111071,0.06519467060111071,0,0,0
9799,0.06343622814471785,0.06343622814471785,0,0,0
9800,0.0666813972945276,0.0666813972945276,0,0,0
9801,0.0642543907620405,0.0642543907620405,0,0,0
9802,0.06496716427959894,0.06496716427959894,0,0,0
9803,0.06513133591139003,0.06513133591139003,0,0,0
9804,0.06647775091819073,0.06647775091819073,0,0,0
9805,0.06581113889421288,0.06581113889421288,0,0,0
9806,0.06787076386574067,0.06787076386574067,0,0,0
9807,0.07040465691764104,0.07040465691764104,0,0,0
9808,0.06450788823789672,0.06450788823789672,0,0,0
9809,0.06617153823179633,0.06617153823179633,0,0,0
9810,0.06509237844300897,0.06509237844300897,0,0,0
9811,0.07426200787487783,0.07426200787487783,0,0,0
9812,0.0698707182646582,0.0698707182646582,0,0,0
9813,0.06963626868826778,0.06963626868826778,0,0,0
9814,0.06653024138588655,0.06653024138588655,0,0,0
9815,0.06989404196409803,0.06989404196409803,0,0,0
9816,0.06471972241017379,0.06471972241017379,0,0,0
9817,0.06429450939360418,0.06429450939360418,0,0,0
9818,0.06955615911436708,0.06955615911436708,0,0,0
9819,0.06697321212605427,0.06697321212605427,0,0,0
9820,0.06683398136182835,0.06683398136182835,0,0,0
9821,0.07530624453762644,0.07530624453762644,0,0,0
9822,0.0636781087929481,0.0636781087929481,0,0,0
9823,0.06750222873923026,0.06750222873923026,0,0,0
9824,0.06826236628388103,0.06826236628388103,0,0,0
9825,0.07118906482662025,0.07118906482662025,0,0,0
9826,0.06695898171318204,0.06695898171318204,0,0,0
9827,0.06452990725244347,0.06452990725244347,0,0,0
9828,0.06440694448783209,0.06440694448783209,0,0,0
9829,0.06937269665496915,0.06937269665496915,0,0,0
9830,0.06844168793606131,0.06844168793606131,0,0,0
9831,0.06383407870797735,0.06383407870797735,0,0,0
9832,0.06842611450701952,0.06842611450701952,0,0,0
9833,0.0674037419651684,0.0674037419651684,0,0,0
9834,0.06687680337774127,0.06687680337774127,0,0,0
9835,0.06975537548331838,0.06975537548331838,0,0,0
9836,0.06814768861391042,0.06814768861391042,0,0,0
9837,0.06362741989524741,0.06362741989524741,0,0,0
9838,0.06275810384632725,0.06275810384632725,0,0,0
9839,0.06533859807409738,0.06533859807409738,0,0,0
9840,0.06373817806965426,0.06373817806965426,0,0,0
9841,0.07142710055861819,0.07142710055861819,0,0,0
9842,0.065687132901267,0.065687132901267,0,0,0
9843,0.06484883906025636,0.06484883906025636,0,0,0
9844,0.06383657465247732,0.06383657465247732,0,0,0
9845,0.06422658818528841,0.06422658818528841,0,0,0
9846,0.06974550282680675,0.06974550282680675,0,0,0
9847,0.06565090072782416,0.06565090072782416,0,0,0
9848,0.07100370996876766,0.07100370996876766,0,0,0
9849,0.07371533613063787,0.07371533613063787,0,0,0
9850,0.06674519132234548,0.06674519132234548,0,0,0
9851,0.06407458737100426,0.06407458737100426,0,0,0
9852,0.06813160408484309,0.06813160408484309,0,0,0
9853,0.07214117501127093,0.07214117501127093,0,0,0
9854,0.07745639734754436,0.07745639734754436,0,0,0
9855,0.06601798406949169,0.06601798406949169,0,0,0
9856,0.0632389682884279,0.0632389682884279,0,0,0
9857,0.06994196596114259,0.06994196596114259,0,0,0
9858,0.06825276782834216,0.06825276782834216,0,0,0
9859,0.06895131593276012,0.06895131593276012,0,0,0
9860,0.0672037961255563,0.0672037961255563,0,0,0
9861,0.06934260900475477,0.06934260900475477,0,0,0
9862,0.07081586078397538,0.07081586078397538,0,0,0
9863,0.06600791304127167,0.06600791304127167,0,0,0
9864,0.07728906564022366,0.07728906564022366,0,0,0
9865,0.0634980344850766,0.0634980344850766,0,0,0
9866,0.06559671888029889,0.06559671888029889,0,0,0
9867,0.06966354830288574,0.06966354830288574,0,0,0
9868,0.06319211835139676,0.06319211835139676,0,0,0
9869,0.06524109595308178,0.06524109595308178,0,0,0
9870,0.06804358792540274,0.06804358792540274,0,0,0
9871,0.06385486416126553,0.06385486416126553,0,0,0
9872,0.0646436037985902,0.0646436037985902,0,0,0
9873,0.0672649183849755,0.0672649183849755,0,0,0
9874,0.06744436846163712,0.06744436846163712,0,0,0
9875,0.06685468824090142,0.06685468824090142,0,0,0
9876,0.06735820666347679,0.06735820666347679,0,0,0
9877,0.06361193273608622,0.06361193273608622,0,0,0
9878,0.06780838093867428,0.06780838093867428,0,0,0
9879,0.06682945307540267,0.06682945307540267,0,0,0
9880,0.06526468576569307,0.06526468576569307,0,0,0
9881,0.06848506198117607,0.06848506198117607,0,0,0
9882,0.06568987128373824,0.06568987128373824,0,0,0
9883,0.0642745447296061,0.0642745447296061,0,0,0
9884,0.06647509728607379,0.06647509728607379,0,0,0
9885,0.06444718306394,0.06444718306394,0,0,0
9886,0.06595949495309278,0.06595949495309278,0,0,0
9887,0.06903020792493694,0.06903020792493694,0,0,0
9888,0.06986467501050547,0.06986467501050547,0,0,0
9889,0.06845365827412982,0.06845365827412982,0,0,0
9890,0.0723896353064399,0.0723896353064399,0,0,0
9891,0.06687614826583549,0.06687614826583549,0,0,0
9892,0.06823508912011196,0.06823508912011196,0,0,0
9893,0.06907788070997126,0.06907788070997126,0,0,0
9894,0.0649268289929942,0.0649268289929942,0,0,0
9895,0.06573681048068561,0.06573681048068561,0,0,0
9896,0.07326390496210049,0.07326390496210049,0,0,0
9897,0.06637418328931458,0.06637418328931458,0,0,0
9898,0.07073721985675786,0.07073721985675786,0,0,0
9899,0.06888335492265851,0.06888335492265851,0,0,0
9900,0.0659309775127392,0.0659309775127392,0,0,0
9901,0.07308312309415717,0.07308312309415717,0,0,0
9902,0.06776473484933376,0.06776473484933376,0,0,0
9903,0.06506507711386994,0.06506507711386994,0,0,0
9904,0.06591568191192652,0.06591568191192652,0,0,0
9905,0.06543717209837939,0.06543717209837939,0,0,0
9906,0.06421398793004061,0.06421398793004061,0,0,0
9907,0.06679669336268776,0.06679669336268776,0,0,0
9908,0.06682799888872787,0.06682799888872787,0,0,0
9909,0.06846334177412484,0.06846334177412484,0,0,0
9910,0.07063528365994755,0.07063528365994755,0,0,0
9911,0.06941927498892735,0.06941927498892735,0,0,0
9912,0.0677476852740112,0.0677476852740112,0,0,0
9913,0.07938279809528276,0.07938279809528276,0,0,0
9914,0.0653895364682141,0.0653895364682141,0,0,0
9915,0.06475056085343424,0.06475056085343424,0,0,0
9916,0.06632858490277278,0.06632858490277278,0,0,0
9917,0.06592827459405128,0.06592827459405128,0,0,0
9918,0.0672847096269068,0.0672847096269068,0,0,0
9919,0.07442820356472542,0.07442820356472542,0,0,0
9920,0.06422270756018789,0.06422270756018789,0,0,0
9921,0.06427533826545666,0.06427533826545666,0,0,0
9922,0.06986941024661064,0.06986941024661064,0,0,0
9923,0.07033337535042512,0.07033337535042512,0,0,0
9924,0.06458749484859015,0.06458749484859015,0,0,0
9925,0.06595516910678462,0.06595516910678462,0,0,0
9926,0.06390270600585561,0.06390270600585561,0,0,0
9927,0.06819487995419063,0.06819487995419063,0,0,0
9928,0.07509688905587322,0.07509688905587322,0,0,0
9929,0.06930910472414996,0.06930910472414996,0,0,0
9930,0.06764840128782548,0.06764840128782548,0,0,0
9931,0.06528701025404428,0.06528701025404428,0,0,0
9932,0.06715166588362895,0.06715166588362895,0,0,0
9933,0.06767802528644863,0.06767802528644863,0,0,0
9934,0.0661595436303239,0.0661595436303239,0,0,0
9935,0.0776099517549339,0.0776099517549339,0,0,0
9936,0.06780674269324855,0.06780674269324855,0,0,0
9937,0.06470265857091076,0.06470265857091076,0,0,0
9938,0.06700703256616466,0.06700703256616466,0,0,0
9939,0.0648339536825293,0.0648339536825293,0,0,0
9940,0.07023421400471737,0.07023421400471737,0,0,0
9941,0.06357718165963888,0.06357718165963888,0,0,0
9942,0.06684933382233507,0.06684933382233507,0,0,0
9943,0.0691372220845599,0.0691372220845599,0,0,0
9944,0.06561942212283611,0.06561942212283611,0,0,0
9945,0.07070154706506353,0.07070154706506353,0,0,0
9946,0.06730982837708373,0.06730982837708373,0,0,0
9947,0.06855538840356626,0.06855538840356626,0,0,0
9948,0.0661725016604913,0.0661725016604913,0,0,0
9949,0.06867165206686447,0.06867165206686447,0,0,0
9950,0.07422141186696918,0.07422141186696918,0,0,0
9951,0.06548566405514353,0.06548566405514353,0,0,0
9952,0.0660546119079778,0.0660546119079778,0,0,0
9953,0.06501474202071365,0.06501474202071365,0,0,0
9954,0.06895948809228446,0.06895948809228446,0,0,0
9955,0.0692793756331268,0.0692793756331268,0,0,0
9956,0.06739386367170434,0.06739386367170434,0,0,0
9957,0.067993354542475,0.067993354542475,0,0,0
9958,0.06465937716788367,0.06465937716788367,0,0,0
9959,0.06800100971993647,0.06800100971993647,0,0,0
9960,0.06533046591242678,0.06533046591242678,0,0,0
9961,0.06357992930631888,0.06357992930631888,0,0,0
9962,0.0654982709276833,0.0654982709276833,0,0,0
9963,0.0710477608403093,0.0710477608403093,0,0,0
9964,0.0717801334532468,0.0717801334532468,0,0,0
9965,0.06479699890080251,0.06479699890080251,0,0,0
9966,0.06741626300898038,0.06741626300898038,0,0,0
9967,0.07157197584839244,0.07157197584839244,0,0,0
9968,0.06273713546167863,0.06273713546167863,0,0,0
9969,0.06760241346139657,0.06760241346139657,0,0,0
9970,0.06567346843841829,0.06567346843841829,0,0,0
9971,0.06633549418888594,0.06633549418888594,0,0,0
9972,0.07467786467781193,0.07467786467781193,0,0,0
9973,0.06709218387933154,0.06709218387933154,0,0,0
9974,0.06597616788195937,0.06597616788195937,0,0,0
9975,0.07060362447641398,0.07060362447641398,0,0,0
9976,0.06458879330832708,0.06458879330832708,0,0,0
9977,0.06656909567352973,0.06656909567352973,0,0,0
9978,0.0659195591058386,0.0659195591058386,0,0,0
9979,0.06965665529040914,0.06965665529040914,0,0,0
9980,0.06946518752527864,0.06946518752527864,0,0,0
9981,0.06758366250678112,0.06758366250678112,0,0,0
9982,0.0661896770133784,0.0661896770133784,0,0,0
9983,0.06856004408511676,0.06856004408511676,0,0,0
9984,0.06371623508043979,0.06371623508043979,0,0,0
9985,0.06363196249463056,0.06363196249463056,0,0,0
9986,0.06570790698261637,0.06570790698261637,0,0,0
9987,0.06460781508174382,0.06460781508174382,0,0,0
9988,0.06744410180927891,0.06744410180927891,0,0,0
9989,0.07061868523688693,0.07061868523688693,0,0,0
9990,0.06686796934196823,0.06686796934196823,0,0,0
9991,0.06891445041094955,0.06891445041094955,0,0,0
9992,0.0663922001656733,0.0663922001656733,0,0,0
9993,0.06774151006615475,0.06774151006615475,0,0,0
9994,0.06764501867521751,0.06764501867521751,0,0,0
9995,0.06909607189070237,0.06909607189070237,0,0,0
9996,0.06668042367030132,0.06668042367030132,0,0,0
9997,0.06648685935100443,0.06648685935100443,0,0,0
9998,0.0701978781113499,0.0701978781113499,0,0,0
9999,0.06266771472598377,0.06266771472598377,0,0,0
