epoch,total_loss,l1_param,l2_perf_db,l3_perf_gen,sim_calls_per_epoch
0,6133.011946828742,6133.011946828742,0,0,0
1,5935.954051770662,5935.954051770662,0,0,0
2,6093.773935819927,6093.773935819927,0,0,0
3,5729.9803466796875,5729.9803466796875,0,0,0
4,5723.37428203382,5723.37428203382,0,0,0
5,5484.816174155788,5484.816174155788,0,0,0
6,5329.964777093184,5329.964777093184,0,0,0
7,5118.982010690789,5118.982010690789,0,0,0
8,5124.24096478914,5124.24096478914,0,0,0
9,4666.221713819002,4666.221713819002,0,0,0
10,4702.537390859504,4702.537390859504,0,0,0
11,4591.175741095292,4591.175741095292,0,0,0
12,4495.000269839638,4495.000269839638,0,0,0
13,4256.613718936318,4256.613718936318,0,0,0
14,4172.12438242059,4172.12438242059,0,0,0
15,4071.1264809056333,4071.1264809056333,0,0,0
16,3896.8736122532896,3896.8736122532896,0,0,0
17,3687.0188502261512,3687.0188502261512,0,0,0
18,3495.4130000064247,3495.4130000064247,0,0,0
19,3427.5051193237305,3427.5051193237305,0,0,0
20,3337.0131362111947,3337.0131362111947,0,0,0
21,3258.6441582127622,3258.6441582127622,0,0,0
22,3010.4777394344933,3010.4777394344933,0,0,0
23,2884.4205912539833,2884.4205912539833,0,0,0
24,2558.6581689934983,2558.6581689934983,0,0,0
25,2553.899431931345,2553.899431931345,0,0,0
26,2301.663666775352,2301.663666775352,0,0,0
27,2255.410484313965,2255.410484313965,0,0,0
28,2146.0912586011386,2146.0912586011386,0,0,0
29,1971.4527834842079,1971.4527834842079,0,0,0
30,1999.1135623329565,1999.1135623329565,0,0,0
31,1613.6928329467773,1613.6928329467773,0,0,0
32,1663.1822338104248,1663.1822338104248,0,0,0
33,1676.364567405299,1676.364567405299,0,0,0
34,1782.866013978657,1782.866013978657,0,0,0
35,1303.9185680590178,1303.9185680590178,0,0,0
36,1348.999310342889,1348.999310342889,0,0,0
37,1202.7587537263569,1202.7587537263569,0,0,0
38,1337.4518278523494,1337.4518278523494,0,0,0
39,1189.72319613005,1189.72319613005,0,0,0
40,1053.8284838827033,1053.8284838827033,0,0,0
41,1159.1917712562963,1159.1917712562963,0,0,0
42,898.7049866726524,898.7049866726524,0,0,0
43,955.228849310624,955.228849310624,0,0,0
44,755.8081519478246,755.8081519478246,0,0,0
45,875.2700389058966,875.2700389058966,0,0,0
46,737.2217810279444,737.2217810279444,0,0,0
47,632.1982582995767,632.1982582995767,0,0,0
48,615.500710788526,615.500710788526,0,0,0
49,575.7055824681332,575.7055824681332,0,0,0
50,591.4096152656957,591.4096152656957,0,0,0
51,426.5025351674933,426.5025351674933,0,0,0
52,464.82216067063183,464.82216067063183,0,0,0
53,493.4456215406719,493.4456215406719,0,0,0
54,557.9041128409536,557.9041128409536,0,0,0
55,533.898176870848,533.898176870848,0,0,0
56,478.3951742774562,478.3951742774562,0,0,0
57,435.08430450841,435.08430450841,0,0,0
58,359.74680187827664,359.74680187827664,0,0,0
59,503.20288068369814,503.20288068369814,0,0,0
60,356.3041168765018,356.3041168765018,0,0,0
61,302.2251872514424,302.2251872514424,0,0,0
62,305.4635136754889,305.4635136754889,0,0,0
63,312.70997991059954,312.70997991059954,0,0,0
64,276.617908251913,276.617908251913,0,0,0
65,297.65521535120513,297.65521535120513,0,0,0
66,228.39528757020048,228.39528757020048,0,0,0
67,206.53484201431274,206.53484201431274,0,0,0
68,192.13996907911803,192.13996907911803,0,0,0
69,247.60789847373962,247.60789847373962,0,0,0
70,185.9859052331824,185.9859052331824,0,0,0
71,179.27454913289924,179.27454913289924,0,0,0
72,160.18557706632112,160.18557706632112,0,0,0
73,218.80753128152145,218.80753128152145,0,0,0
74,168.7414483522114,168.7414483522114,0,0,0
75,176.32243451319243,176.32243451319243,0,0,0
76,144.23147412350303,144.23147412350303,0,0,0
77,151.9671147873527,151.9671147873527,0,0,0
78,123.3148429017318,123.3148429017318,0,0,0
79,114.79219728394558,114.79219728394558,0,0,0
80,130.6466989517212,130.6466989517212,0,0,0
81,151.89398165753013,151.89398165753013,0,0,0
82,156.72259810096338,156.72259810096338,0,0,0
83,98.59826286215531,98.59826286215531,0,0,0
84,95.52558435891804,95.52558435891804,0,0,0
85,114.01291830916153,114.01291830916153,0,0,0
86,74.23145632367385,74.23145632367385,0,0,0
87,101.50544889977104,101.50544889977104,0,0,0
88,136.01619490824248,136.01619490824248,0,0,0
89,82.79907583562951,82.79907583562951,0,0,0
90,93.5498153379089,93.5498153379089,0,0,0
91,100.10663282557537,100.10663282557537,0,0,0
92,81.71585404245477,81.71585404245477,0,0,0
93,81.35629739886836,81.35629739886836,0,0,0
94,54.271075913780614,54.271075913780614,0,0,0
95,98.79455260226601,98.79455260226601,0,0,0
96,79.52167333427228,79.52167333427228,0,0,0
97,71.81312971993496,71.81312971993496,0,0,0
98,60.79289697659643,60.79289697659643,0,0,0
99,91.17384432491504,91.17384432491504,0,0,0
100,64.16878222164355,64.16878222164355,0,0,0
101,42.70835803684435,42.70835803684435,0,0,0
102,65.15990874955529,65.15990874955529,0,0,0
103,54.32107410462279,54.32107410462279,0,0,0
104,34.07727631455973,34.07727631455973,0,0,0
105,44.78340538551933,44.78340538551933,0,0,0
106,35.54603222483083,35.54603222483083,0,0,0
107,49.27828343134178,49.27828343134178,0,0,0
108,68.8944535067207,68.8944535067207,0,0,0
109,43.2447348974253,43.2447348974253,0,0,0
110,25.03889804451089,25.03889804451089,0,0,0
111,35.31171168151655,35.31171168151655,0,0,0
112,38.97855380334352,38.97855380334352,0,0,0
113,44.42771345690677,44.42771345690677,0,0,0
114,39.555691941788325,39.555691941788325,0,0,0
115,29.55876066653352,29.55876066653352,0,0,0
116,29.171345912312205,29.171345912312205,0,0,0
117,33.04204532190373,33.04204532190373,0,0,0
118,22.677343176383722,22.677343176383722,0,0,0
119,30.227446913719177,30.227446913719177,0,0,0
120,25.24305837719064,25.24305837719064,0,0,0
121,35.33393583956518,35.33393583956518,0,0,0
122,27.589367370856436,27.589367370856436,0,0,0
123,31.68180745996927,31.68180745996927,0,0,0
124,29.091971173882484,29.091971173882484,0,0,0
125,19.419814138036024,19.419814138036024,0,0,0
126,26.98996848495383,26.98996848495383,0,0,0
127,23.085535243153572,23.085535243153572,0,0,0
128,17.85829987337715,17.85829987337715,0,0,0
129,25.265786158411128,25.265786158411128,0,0,0
130,32.09189796369327,32.09189796369327,0,0,0
131,20.758973281634482,20.758973281634482,0,0,0
132,20.470775771297905,20.470775771297905,0,0,0
133,34.32163030222843,34.32163030222843,0,0,0
134,16.772175598301384,16.772175598301384,0,0,0
135,14.969116677579127,14.969116677579127,0,0,0
136,17.65552831245096,17.65552831245096,0,0,0
137,16.042464668813505,16.042464668813505,0,0,0
138,20.127037523608458,20.127037523608458,0,0,0
139,12.157030005988322,12.157030005988322,0,0,0
140,8.442663303331324,8.442663303331324,0,0,0
141,8.144975966528841,8.144975966528841,0,0,0
142,14.015372431591937,14.015372431591937,0,0,0
143,21.7817262536601,21.7817262536601,0,0,0
144,12.10979247250055,12.10979247250055,0,0,0
145,7.904197461510959,7.904197461510959,0,0,0
146,12.823902422660275,12.823902422660275,0,0,0
147,8.475328073689813,8.475328073689813,0,0,0
148,19.021889978333522,19.021889978333522,0,0,0
149,12.917246766780552,12.917246766780552,0,0,0
150,11.962209096080379,11.962209096080379,0,0,0
151,12.900287440732905,12.900287440732905,0,0,0
152,11.789903119206429,11.789903119206429,0,0,0
153,8.37847764711631,8.37847764711631,0,0,0
154,6.687736040667484,6.687736040667484,0,0,0
155,13.52211834411872,13.52211834411872,0,0,0
156,17.64333154496394,17.64333154496394,0,0,0
157,12.770602212924706,12.770602212924706,0,0,0
158,7.349977383488103,7.349977383488103,0,0,0
159,9.119165026827863,9.119165026827863,0,0,0
160,9.913018556017624,9.913018556017624,0,0,0
161,11.854559884259576,11.854559884259576,0,0,0
162,6.749318462453391,6.749318462453391,0,0,0
163,16.881135426461697,16.881135426461697,0,0,0
164,5.194082197390105,5.194082197390105,0,0,0
165,7.458721556945851,7.458721556945851,0,0,0
166,6.417338358728509,6.417338358728509,0,0,0
167,6.325712891001451,6.325712891001451,0,0,0
168,8.145111247897148,8.145111247897148,0,0,0
169,5.697403831701529,5.697403831701529,0,0,0
170,12.286498752863784,12.286498752863784,0,0,0
171,5.390033195677557,5.390033195677557,0,0,0
172,7.642170403740908,7.642170403740908,0,0,0
173,5.564535110404617,5.564535110404617,0,0,0
174,4.0722075547826915,4.0722075547826915,0,0,0
175,10.399394289051232,10.399394289051232,0,0,0
176,5.301622102919378,5.301622102919378,0,0,0
177,3.369750199349303,3.369750199349303,0,0,0
178,6.303550101424518,6.303550101424518,0,0,0
179,3.9235867701078715,3.9235867701078715,0,0,0
180,2.7347607855734073,2.7347607855734073,0,0,0
181,3.9787281484980332,3.9787281484980332,0,0,0
182,3.777043669239471,3.777043669239471,0,0,0
183,2.9954507727372017,2.9954507727372017,0,0,0
184,4.509514592980084,4.509514592980084,0,0,0
185,4.59650372360882,4.59650372360882,0,0,0
186,5.653001282168062,5.653001282168062,0,0,0
187,2.850099788684594,2.850099788684594,0,0,0
188,6.754174335222495,6.754174335222495,0,0,0
189,4.619740545749664,4.619740545749664,0,0,0
190,6.303366385792431,6.303366385792431,0,0,0
191,3.118245042076236,3.118245042076236,0,0,0
192,5.506379651003762,5.506379651003762,0,0,0
193,5.510789530449792,5.510789530449792,0,0,0
194,3.578495427966118,3.578495427966118,0,0,0
195,3.8951643324996295,3.8951643324996295,0,0,0
196,2.9145324379205704,2.9145324379205704,0,0,0
197,2.7675509617516867,2.7675509617516867,0,0,0
198,3.914617147100599,3.914617147100599,0,0,0
199,2.2203081908978914,2.2203081908978914,0,0,0
200,3.713612649785845,3.713612649785845,0,0,0
201,3.746054715623981,3.746054715623981,0,0,0
202,3.140240707287663,3.140240707287663,0,0,0
203,3.847672416583488,3.847672416583488,0,0,0
204,3.7424364607585106,3.7424364607585106,0,0,0
205,3.7786521009708705,3.7786521009708705,0,0,0
206,4.1413623004367475,4.1413623004367475,0,0,0
207,4.76132307005556,4.76132307005556,0,0,0
208,3.524521281844691,3.524521281844691,0,0,0
209,1.8978271633386612,1.8978271633386612,0,0,0
210,2.4013482151847136,2.4013482151847136,0,0,0
211,7.714438472531344,7.714438472531344,0,0,0
212,2.128525405730072,2.128525405730072,0,0,0
213,1.2239355982134217,1.2239355982134217,0,0,0
214,3.4922288989550188,3.4922288989550188,0,0,0
215,1.8544615107147318,1.8544615107147318,0,0,0
216,2.2534453010088518,2.2534453010088518,0,0,0
217,4.88965444462864,4.88965444462864,0,0,0
218,2.315490293659662,2.315490293659662,0,0,0
219,3.2970781106697884,3.2970781106697884,0,0,0
220,1.8330186923083507,1.8330186923083507,0,0,0
221,1.5949628380568404,1.5949628380568404,0,0,0
222,2.2458803030221084,2.2458803030221084,0,0,0
223,1.7818283921009617,1.7818283921009617,0,0,0
224,1.3561619680963064,1.3561619680963064,0,0,0
225,1.9139165748891078,1.9139165748891078,0,0,0
226,1.44717906180181,1.44717906180181,0,0,0
227,2.913833586401061,2.913833586401061,0,0,0
228,5.195316609975539,5.195316609975539,0,0,0
229,1.585296519492802,1.585296519492802,0,0,0
230,1.3758213751410182,1.3758213751410182,0,0,0
231,4.2614449713575215,4.2614449713575215,0,0,0
232,1.2571867182850838,1.2571867182850838,0,0,0
233,2.010059144543974,2.010059144543974,0,0,0
234,2.1900499494452226,2.1900499494452226,0,0,0
235,1.8199037462472916,1.8199037462472916,0,0,0
236,2.2972941179024544,2.2972941179024544,0,0,0
237,1.1581263981367413,1.1581263981367413,0,0,0
238,2.0180703852521744,2.0180703852521744,0,0,0
239,1.6671056716065658,1.6671056716065658,0,0,0
240,1.328714585225833,1.328714585225833,0,0,0
241,1.1300558765467845,1.1300558765467845,0,0,0
242,1.0416248542697806,1.0416248542697806,0,0,0
243,1.5180349828381288,1.5180349828381288,0,0,0
244,1.5933866006763358,1.5933866006763358,0,0,0
245,1.6353081335362636,1.6353081335362636,0,0,0
246,1.1752767402090525,1.1752767402090525,0,0,0
247,1.063277525337119,1.063277525337119,0,0,0
248,2.075400872450126,2.075400872450126,0,0,0
249,1.499945870355556,1.499945870355556,0,0,0
250,1.7353639504627179,1.7353639504627179,0,0,0
251,1.1304380293739469,1.1304380293739469,0,0,0
252,0.8199245686593809,0.8199245686593809,0,0,0
253,0.8545171300831594,0.8545171300831594,0,0,0
254,1.4889959069459062,1.4889959069459062,0,0,0
255,1.5319394175159304,1.5319394175159304,0,0,0
256,0.7053416339974654,0.7053416339974654,0,0,0
257,1.0406673378066014,1.0406673378066014,0,0,0
258,0.7026174731160465,0.7026174731160465,0,0,0
259,0.7571903392672539,0.7571903392672539,0,0,0
260,1.1217122873977612,1.1217122873977612,0,0,0
261,0.7685500293185836,0.7685500293185836,0,0,0
262,0.7672918125202781,0.7672918125202781,0,0,0
263,1.5602939979810464,1.5602939979810464,0,0,0
264,0.9350229776219318,0.9350229776219318,0,0,0
265,1.0115926308851493,1.0115926308851493,0,0,0
266,0.6413644658107507,0.6413644658107507,0,0,0
267,0.7497447846751464,0.7497447846751464,0,0,0
268,0.8817226451478506,0.8817226451478506,0,0,0
269,2.038213338898985,2.038213338898985,0,0,0
270,0.7260367540936721,0.7260367540936721,0,0,0
271,0.5856068467623309,0.5856068467623309,0,0,0
272,0.6972181248037439,0.6972181248037439,0,0,0
273,0.7704284493076173,0.7704284493076173,0,0,0
274,0.8558095889656168,0.8558095889656168,0,0,0
275,0.5533672281001744,0.5533672281001744,0,0,0
276,0.5124252885580063,0.5124252885580063,0,0,0
277,0.716377396724726,0.716377396724726,0,0,0
278,0.6062883817051586,0.6062883817051586,0,0,0
279,1.0741609731002857,1.0741609731002857,0,0,0
280,1.0345437432590283,1.0345437432590283,0,0,0
281,1.266547139145826,1.266547139145826,0,0,0
282,0.6053627176504386,0.6053627176504386,0,0,0
283,1.1163211857017719,1.1163211857017719,0,0,0
284,0.764983951261169,0.764983951261169,0,0,0
285,0.501891439682559,0.501891439682559,0,0,0
286,1.0820349803880642,1.0820349803880642,0,0,0
287,0.5981098848738169,0.5981098848738169,0,0,0
288,1.043031398403017,1.043031398403017,0,0,0
289,0.5220195215783621,0.5220195215783621,0,0,0
290,0.5669674053788185,0.5669674053788185,0,0,0
291,0.5166429536123025,0.5166429536123025,0,0,0
292,0.5343807688669154,0.5343807688669154,0,0,0
293,0.7942180186510086,0.7942180186510086,0,0,0
294,0.6676434356915323,0.6676434356915323,0,0,0
295,0.8091259947732875,0.8091259947732875,0,0,0
296,0.5018420105701998,0.5018420105701998,0,0,0
297,0.9001002464639513,0.9001002464639513,0,0,0
298,0.6704734708917769,0.6704734708917769,0,0,0
299,0.4732988072853339,0.4732988072853339,0,0,0
300,0.8861685661893142,0.8861685661893142,0,0,0
301,0.4877920542892657,0.4877920542892657,0,0,0
302,0.4624383488768025,0.4624383488768025,0,0,0
303,0.48057033278440175,0.48057033278440175,0,0,0
304,0.5390013079894217,0.5390013079894217,0,0,0
305,0.7812707016342565,0.7812707016342565,0,0,0
306,0.9763612139381861,0.9763612139381861,0,0,0
307,0.5546229011134097,0.5546229011134097,0,0,0
308,0.6946740777868974,0.6946740777868974,0,0,0
309,0.5982570608979777,0.5982570608979777,0,0,0
310,0.7410988431227835,0.7410988431227835,0,0,0
311,0.5283753973873038,0.5283753973873038,0,0,0
312,0.45405682882196025,0.45405682882196025,0,0,0
313,0.5881035029888153,0.5881035029888153,0,0,0
314,0.5405098007697808,0.5405098007697808,0,0,0
315,0.5998885855078697,0.5998885855078697,0,0,0
316,0.41373277612422643,0.41373277612422643,0,0,0
317,0.7826749172649885,0.7826749172649885,0,0,0
318,0.6240080661679569,0.6240080661679569,0,0,0
319,0.38164075856146057,0.38164075856146057,0,0,0
320,0.4271071690477823,0.4271071690477823,0,0,0
321,0.4723436781450322,0.4723436781450322,0,0,0
322,0.47076088190078735,0.47076088190078735,0,0,0
323,0.49947696492860194,0.49947696492860194,0,0,0
324,0.5765211150834435,0.5765211150834435,0,0,0
325,0.40372799846686813,0.40372799846686813,0,0,0
326,0.39390190102552114,0.39390190102552114,0,0,0
327,0.7674756685369893,0.7674756685369893,0,0,0
328,0.5028877599458945,0.5028877599458945,0,0,0
329,0.4519832224438065,0.4519832224438065,0,0,0
330,0.4499473112978433,0.4499473112978433,0,0,0
331,0.33112505235170064,0.33112505235170064,0,0,0
332,0.4259473061875293,0.4259473061875293,0,0,0
333,0.3400549982723437,0.3400549982723437,0,0,0
334,0.42138018184586573,0.42138018184586573,0,0,0
335,0.42999285302664103,0.42999285302664103,0,0,0
336,0.6067326021821875,0.6067326021821875,0,0,0
337,0.39117605513647985,0.39117605513647985,0,0,0
338,0.3847178024680991,0.3847178024680991,0,0,0
339,0.439320832490921,0.439320832490921,0,0,0
340,0.4143266670013729,0.4143266670013729,0,0,0
341,0.3538060447103099,0.3538060447103099,0,0,0
342,0.46054338703030034,0.46054338703030034,0,0,0
343,0.4411833819590117,0.4411833819590117,0,0,0
344,0.39539973908349085,0.39539973908349085,0,0,0
345,0.3475395499875671,0.3475395499875671,0,0,0
346,0.38473356515169144,0.38473356515169144,0,0,0
347,0.3591859575949217,0.3591859575949217,0,0,0
348,0.40081290743852915,0.40081290743852915,0,0,0
349,0.3555162780378994,0.3555162780378994,0,0,0
350,0.39540914171620417,0.39540914171620417,0,0,0
351,0.36571986777217763,0.36571986777217763,0,0,0
352,0.431254738255551,0.431254738255551,0,0,0
353,0.48297980270887675,0.48297980270887675,0,0,0
354,0.3444181555195859,0.3444181555195859,0,0,0
355,0.3323034463744414,0.3323034463744414,0,0,0
356,0.34924215431276123,0.34924215431276123,0,0,0
357,0.7214358743084105,0.7214358743084105,0,0,0
358,0.39347522196016815,0.39347522196016815,0,0,0
359,0.36773651289312465,0.36773651289312465,0,0,0
360,0.399810223987228,0.399810223987228,0,0,0
361,0.4061189709525359,0.4061189709525359,0,0,0
362,0.37943097556892197,0.37943097556892197,0,0,0
363,0.36769008871756104,0.36769008871756104,0,0,0
364,0.41631637121501724,0.41631637121501724,0,0,0
365,0.43276424078564896,0.43276424078564896,0,0,0
366,0.3422256276795739,0.3422256276795739,0,0,0
367,0.37852329800003454,0.37852329800003454,0,0,0
368,0.38270773307273265,0.38270773307273265,0,0,0
369,0.37960942795402125,0.37960942795402125,0,0,0
370,0.34815137245153127,0.34815137245153127,0,0,0
371,0.354919875922956,0.354919875922956,0,0,0
372,0.39178647493061264,0.39178647493061264,0,0,0
373,0.3264094771523225,0.3264094771523225,0,0,0
374,0.41805022013814824,0.41805022013814824,0,0,0
375,0.4125973582267761,0.4125973582267761,0,0,0
376,0.32791292824243246,0.32791292824243246,0,0,0
377,0.3241908056171317,0.3241908056171317,0,0,0
378,0.42795911901875544,0.42795911901875544,0,0,0
379,0.3334377651151858,0.3334377651151858,0,0,0
380,0.6660189291364268,0.6660189291364268,0,0,0
381,0.3342236249070418,0.3342236249070418,0,0,0
382,0.4291357092167202,0.4291357092167202,0,0,0
383,0.3558499993462312,0.3558499993462312,0,0,0
384,0.3427315409246244,0.3427315409246244,0,0,0
385,0.3262075472034906,0.3262075472034906,0,0,0
386,0.32642087261927755,0.32642087261927755,0,0,0
387,0.40182870940158244,0.40182870940158244,0,0,0
388,0.33927436878806666,0.33927436878806666,0,0,0
389,0.3533866021193956,0.3533866021193956,0,0,0
390,0.33420185666335256,0.33420185666335256,0,0,0
391,0.35233641376620844,0.35233641376620844,0,0,0
392,0.34656670846437154,0.34656670846437154,0,0,0
393,0.3478456680711947,0.3478456680711947,0,0,0
394,0.3318123480207042,0.3318123480207042,0,0,0
395,0.3579036028761613,0.3579036028761613,0,0,0
396,0.35757197674952057,0.35757197674952057,0,0,0
397,0.39037201984932546,0.39037201984932546,0,0,0
398,0.3223270052357724,0.3223270052357724,0,0,0
399,0.3267491812768735,0.3267491812768735,0,0,0
400,0.3377822386591058,0.3377822386591058,0,0,0
401,0.3190609389229825,0.3190609389229825,0,0,0
402,0.3128781585316909,0.3128781585316909,0,0,0
403,0.36018242961482,0.36018242961482,0,0,0
404,0.41741855599378286,0.41741855599378286,0,0,0
405,0.3352815673539513,0.3352815673539513,0,0,0
406,0.41524086814177663,0.41524086814177663,0,0,0
407,0.33774225100090627,0.33774225100090627,0,0,0
408,0.3356042072961205,0.3356042072961205,0,0,0
409,0.3442554756214744,0.3442554756214744,0,0,0
410,0.3204429871157596,0.3204429871157596,0,0,0
411,0.3374264412804654,0.3374264412804654,0,0,0
412,0.312790542056686,0.312790542056686,0,0,0
413,0.34493634026301534,0.34493634026301534,0,0,0
414,0.3215234663925673,0.3215234663925673,0,0,0
415,0.3220074443440688,0.3220074443440688,0,0,0
416,0.3256205085076784,0.3256205085076784,0,0,0
417,0.3702404914717925,0.3702404914717925,0,0,0
418,0.305479402604856,0.305479402604856,0,0,0
419,0.31410253361651774,0.31410253361651774,0,0,0
420,0.3214360036348042,0.3214360036348042,0,0,0
421,0.3048651688977292,0.3048651688977292,0,0,0
422,0.3256104980644427,0.3256104980644427,0,0,0
423,0.42477882614261225,0.42477882614261225,0,0,0
424,0.3184254177306828,0.3184254177306828,0,0,0
425,0.30950256240995305,0.30950256240995305,0,0,0
426,0.3153483255913383,0.3153483255913383,0,0,0
427,0.3143288971562135,0.3143288971562135,0,0,0
428,0.3130336301891427,0.3130336301891427,0,0,0
429,0.31918969083773463,0.31918969083773463,0,0,0
430,0.3503042177150124,0.3503042177150124,0,0,0
431,0.31952270669372457,0.31952270669372457,0,0,0
432,0.3358224418602492,0.3358224418602492,0,0,0
433,0.31840675284988,0.31840675284988,0,0,0
434,0.37430926216276067,0.37430926216276067,0,0,0
435,0.3948752284049988,0.3948752284049988,0,0,0
436,0.3075435051792546,0.3075435051792546,0,0,0
437,0.3260920314412368,0.3260920314412368,0,0,0
438,0.3126918720571618,0.3126918720571618,0,0,0
439,0.3245560507241048,0.3245560507241048,0,0,0
440,0.31827433172025177,0.31827433172025177,0,0,0
441,0.3279980224998374,0.3279980224998374,0,0,0
442,0.310828602627704,0.310828602627704,0,0,0
443,0.3195418229228572,0.3195418229228572,0,0,0
444,0.3018159956524247,0.3018159956524247,0,0,0
445,0.3059022340335344,0.3059022340335344,0,0,0
446,0.4077913957206826,0.4077913957206826,0,0,0
447,0.31118602344864293,0.31118602344864293,0,0,0
448,0.31559963681195913,0.31559963681195913,0,0,0
449,0.3461566069408467,0.3461566069408467,0,0,0
450,0.3393916981784921,0.3393916981784921,0,0,0
451,0.31300729670022664,0.31300729670022664,0,0,0
452,0.31518839927096115,0.31518839927096115,0,0,0
453,0.2984378824108525,0.2984378824108525,0,0,0
454,0.30605179855698034,0.30605179855698034,0,0,0
455,0.3003298154002742,0.3003298154002742,0,0,0
456,0.3077910315049322,0.3077910315049322,0,0,0
457,0.30584590685995,0.30584590685995,0,0,0
458,0.3324531010891262,0.3324531010891262,0,0,0
459,0.3107348798136962,0.3107348798136962,0,0,0
460,0.3001343553003512,0.3001343553003512,0,0,0
461,0.2987788217632394,0.2987788217632394,0,0,0
462,0.30780559268436936,0.30780559268436936,0,0,0
463,0.3052244962830293,0.3052244962830293,0,0,0
464,0.29782659795723465,0.29782659795723465,0,0,0
465,0.3151819980458209,0.3151819980458209,0,0,0
466,0.29418173981340306,0.29418173981340306,0,0,0
467,0.32457559202846725,0.32457559202846725,0,0,0
468,0.3090397739096692,0.3090397739096692,0,0,0
469,0.32933397198978226,0.32933397198978226,0,0,0
470,0.31604705045097753,0.31604705045097753,0,0,0
471,0.29846654636295217,0.29846654636295217,0,0,0
472,0.30186500439518377,0.30186500439518377,0,0,0
473,0.2954283297846192,0.2954283297846192,0,0,0
474,0.32660121196194697,0.32660121196194697,0,0,0
475,0.3179130122849816,0.3179130122849816,0,0,0
476,0.3163011074066162,0.3163011074066162,0,0,0
477,0.2936210593110637,0.2936210593110637,0,0,0
478,0.30640119706329544,0.30640119706329544,0,0,0
479,0.29324593943984884,0.29324593943984884,0,0,0
480,0.3071749151537293,0.3071749151537293,0,0,0
481,0.3023667378645194,0.3023667378645194,0,0,0
482,0.3079308118475111,0.3079308118475111,0,0,0
483,0.3005822469529353,0.3005822469529353,0,0,0
484,0.31516888541610616,0.31516888541610616,0,0,0
485,0.3061749495958027,0.3061749495958027,0,0,0
486,0.30359733732123123,0.30359733732123123,0,0,0
487,0.29313511166133377,0.29313511166133377,0,0,0
488,0.3030173578544667,0.3030173578544667,0,0,0
489,0.2974253712516082,0.2974253712516082,0,0,0
490,0.29613557536351054,0.29613557536351054,0,0,0
491,0.29633403177324097,0.29633403177324097,0,0,0
492,0.2913795266496508,0.2913795266496508,0,0,0
493,0.29600882608639567,0.29600882608639567,0,0,0
494,0.2942313610723144,0.2942313610723144,0,0,0
495,0.4465612678935653,0.4465612678935653,0,0,0
496,0.29754523070235,0.29754523070235,0,0,0
497,0.30350813269615173,0.30350813269615173,0,0,0
498,0.2977215651618807,0.2977215651618807,0,0,0
499,0.2909695686478364,0.2909695686478364,0,0,0
500,0.30696139170935277,0.30696139170935277,0,0,0
501,0.2994762470847682,0.2994762470847682,0,0,0
502,0.3029328055287662,0.3029328055287662,0,0,0
503,0.2893194669955655,0.2893194669955655,0,0,0
504,0.28696566271154506,0.28696566271154506,0,0,0
505,0.3037957105981676,0.3037957105981676,0,0,0
506,0.29154720941656515,0.29154720941656515,0,0,0
507,0.2889393520982642,0.2889393520982642,0,0,0
508,0.32660614228562307,0.32660614228562307,0,0,0
509,0.2805352489414968,0.2805352489414968,0,0,0
510,0.31159706139250803,0.31159706139250803,0,0,0
511,0.29647268119611236,0.29647268119611236,0,0,0
512,0.29711535376937764,0.29711535376937764,0,0,0
513,0.2844176135565105,0.2844176135565105,0,0,0
514,0.2880357021563931,0.2880357021563931,0,0,0
515,0.2894246095889493,0.2894246095889493,0,0,0
516,0.3013279320378053,0.3013279320378053,0,0,0
517,0.280316434408489,0.280316434408489,0,0,0
518,0.3237593848454325,0.3237593848454325,0,0,0
519,0.2911744427524115,0.2911744427524115,0,0,0
520,0.2810209754266237,0.2810209754266237,0,0,0
521,0.30113927784718963,0.30113927784718963,0,0,0
522,0.2894526900429475,0.2894526900429475,0,0,0
523,0.2864396003516097,0.2864396003516097,0,0,0
524,0.29867644451166453,0.29867644451166453,0,0,0
525,0.3021011850551555,0.3021011850551555,0,0,0
526,0.28457569997561605,0.28457569997561605,0,0,0
527,0.2846150033568081,0.2846150033568081,0,0,0
528,0.26955153479387883,0.26955153479387883,0,0,0
529,0.28995834761544276,0.28995834761544276,0,0,0
530,0.27399475362740067,0.27399475362740067,0,0,0
531,0.3223117766411681,0.3223117766411681,0,0,0
532,0.28412550491722005,0.28412550491722005,0,0,0
533,0.2826442416561277,0.2826442416561277,0,0,0
534,0.27378513820861516,0.27378513820861516,0,0,0
535,0.27299155490963084,0.27299155490963084,0,0,0
536,0.2874763270742015,0.2874763270742015,0,0,0
537,0.2715781617321466,0.2715781617321466,0,0,0
538,0.27402206549518987,0.27402206549518987,0,0,0
539,0.2851161921494885,0.2851161921494885,0,0,0
540,0.27151373930667577,0.27151373930667577,0,0,0
541,0.26619426317905126,0.26619426317905126,0,0,0
542,0.28592347824259806,0.28592347824259806,0,0,0
543,0.27150120978292663,0.27150120978292663,0,0,0
544,0.27936536857956334,0.27936536857956334,0,0,0
545,0.2813219726085663,0.2813219726085663,0,0,0
546,0.26684227468151794,0.26684227468151794,0,0,0
547,0.3513093061353031,0.3513093061353031,0,0,0
548,0.27574435935208674,0.27574435935208674,0,0,0
549,0.2691702834869686,0.2691702834869686,0,0,0
550,0.25977231130788203,0.25977231130788203,0,0,0
551,0.282795681765205,0.282795681765205,0,0,0
552,0.2790466680338508,0.2790466680338508,0,0,0
553,0.2830009750629726,0.2830009750629726,0,0,0
554,0.2651641086528176,0.2651641086528176,0,0,0
555,0.27925681009104375,0.27925681009104375,0,0,0
556,0.2713311636134198,0.2713311636134198,0,0,0
557,0.2609755969361255,0.2609755969361255,0,0,0
558,0.2705719196482709,0.2705719196482709,0,0,0
559,0.27492506841295644,0.27492506841295644,0,0,0
560,0.2580289793641944,0.2580289793641944,0,0,0
561,0.2677276342322952,0.2677276342322952,0,0,0
562,0.2591646995983626,0.2591646995983626,0,0,0
563,0.2756512631711207,0.2756512631711207,0,0,0
564,0.2622767914282648,0.2622767914282648,0,0,0
565,0.2768203451445228,0.2768203451445228,0,0,0
566,0.2511963558040167,0.2511963558040167,0,0,0
567,0.24987920922668358,0.24987920922668358,0,0,0
568,0.25060517497752843,0.25060517497752843,0,0,0
569,0.24949951234616732,0.24949951234616732,0,0,0
570,0.252901932910869,0.252901932910869,0,0,0
571,0.25977345203098495,0.25977345203098495,0,0,0
572,0.2501143201401359,0.2501143201401359,0,0,0
573,0.2715355953887889,0.2715355953887889,0,0,0
574,0.2554178924152726,0.2554178924152726,0,0,0
575,0.2535299741123852,0.2535299741123852,0,0,0
576,0.25317296032842834,0.25317296032842834,0,0,0
577,0.2540742617688681,0.2540742617688681,0,0,0
578,0.25050530543452815,0.25050530543452815,0,0,0
579,0.2504776700546867,0.2504776700546867,0,0,0
580,0.24980821891834862,0.24980821891834862,0,0,0
581,0.24666109445847964,0.24666109445847964,0,0,0
582,0.23864916790472834,0.23864916790472834,0,0,0
583,0.25029192433545466,0.25029192433545466,0,0,0
584,0.26240763028985575,0.26240763028985575,0,0,0
585,0.2488035732193997,0.2488035732193997,0,0,0
586,0.24335461188303797,0.24335461188303797,0,0,0
587,0.24907807417606054,0.24907807417606054,0,0,0
588,0.2570045249242532,0.2570045249242532,0,0,0
589,0.2393329331749364,0.2393329331749364,0,0,0
590,0.24982579954360662,0.24982579954360662,0,0,0
591,0.2612848630861232,0.2612848630861232,0,0,0
592,0.2489525401278546,0.2489525401278546,0,0,0
593,0.24289414992457942,0.24289414992457942,0,0,0
594,0.248875178004566,0.248875178004566,0,0,0
595,0.2489812879970199,0.2489812879970199,0,0,0
596,0.23894547082875905,0.23894547082875905,0,0,0
597,0.2581245546278201,0.2581245546278201,0,0,0
598,0.2434930260244169,0.2434930260244169,0,0,0
599,0.24764808894772278,0.24764808894772278,0,0,0
600,0.24361005268598857,0.24361005268598857,0,0,0
601,0.2421093928186517,0.2421093928186517,0,0,0
602,0.23988668855867887,0.23988668855867887,0,0,0
603,0.23771253620323382,0.23771253620323382,0,0,0
604,0.23716923829756284,0.23716923829756284,0,0,0
605,0.24789547724159142,0.24789547724159142,0,0,0
606,0.23825402204927645,0.23825402204927645,0,0,0
607,0.258144011622981,0.258144011622981,0,0,0
608,0.2368211628575074,0.2368211628575074,0,0,0
609,0.2348208439193274,0.2348208439193274,0,0,0
610,0.24413252857170606,0.24413252857170606,0,0,0
611,0.23057983345107028,0.23057983345107028,0,0,0
612,0.23431260138750076,0.23431260138750076,0,0,0
613,0.23773379231754102,0.23773379231754102,0,0,0
614,0.25306339640366404,0.25306339640366404,0,0,0
615,0.26123904123118047,0.26123904123118047,0,0,0
616,0.23264934475484647,0.23264934475484647,0,0,0
617,0.23256615157190122,0.23256615157190122,0,0,0
618,0.2338950081091178,0.2338950081091178,0,0,0
619,0.24687961175253517,0.24687961175253517,0,0,0
620,0.22997015949926877,0.22997015949926877,0,0,0
621,0.2498417167287124,0.2498417167287124,0,0,0
622,0.22923657337301656,0.22923657337301656,0,0,0
623,0.2407400043387162,0.2407400043387162,0,0,0
624,0.2264817310006995,0.2264817310006995,0,0,0
625,0.24953704719480715,0.24953704719480715,0,0,0
626,0.23731016799023277,0.23731016799023277,0,0,0
627,0.23434171315870786,0.23434171315870786,0,0,0
628,0.21988049188726827,0.21988049188726827,0,0,0
629,0.230625219643116,0.230625219643116,0,0,0
630,0.2484656070408068,0.2484656070408068,0,0,0
631,0.2336633460302102,0.2336633460302102,0,0,0
632,0.23158978670835495,0.23158978670835495,0,0,0
633,0.238896665604491,0.238896665604491,0,0,0
634,0.2304432780334824,0.2304432780334824,0,0,0
635,0.23401991591641777,0.23401991591641777,0,0,0
636,0.22821700455326782,0.22821700455326782,0,0,0
637,0.22768737179668327,0.22768737179668327,0,0,0
638,0.22330144283018613,0.22330144283018613,0,0,0
639,0.21764640000305677,0.21764640000305677,0,0,0
640,0.22282997087428444,0.22282997087428444,0,0,0
641,0.23301373990742782,0.23301373990742782,0,0,0
642,0.2354510402993152,0.2354510402993152,0,0,0
643,0.2184576376488334,0.2184576376488334,0,0,0
644,0.23647660644430862,0.23647660644430862,0,0,0
645,0.22303079970573125,0.22303079970573125,0,0,0
646,0.23011535562967,0.23011535562967,0,0,0
647,0.2231155904500108,0.2231155904500108,0,0,0
648,0.22117420991784648,0.22117420991784648,0,0,0
649,0.22899220413283297,0.22899220413283297,0,0,0
650,0.23115950038558558,0.23115950038558558,0,0,0
651,0.23466114307704725,0.23466114307704725,0,0,0
652,0.22502088860461586,0.22502088860461586,0,0,0
653,0.23202295170018547,0.23202295170018547,0,0,0
654,0.22508871751396278,0.22508871751396278,0,0,0
655,0.2255006318813876,0.2255006318813876,0,0,0
656,0.22746488451957703,0.22746488451957703,0,0,0
657,0.232607375634344,0.232607375634344,0,0,0
658,0.21943899636205874,0.21943899636205874,0,0,0
659,0.23309077871473213,0.23309077871473213,0,0,0
660,0.2272033593372295,0.2272033593372295,0,0,0
661,0.21941867157032616,0.21941867157032616,0,0,0
662,0.22262370939317502,0.22262370939317502,0,0,0
663,0.22486903792933413,0.22486903792933413,0,0,0
664,0.22226636464658536,0.22226636464658536,0,0,0
665,0.2175085003438749,0.2175085003438749,0,0,0
666,0.2133700051590016,0.2133700051590016,0,0,0
667,0.2210850017635446,0.2210850017635446,0,0,0
668,0.24222623517638758,0.24222623517638758,0,0,0
669,0.2513044864723557,0.2513044864723557,0,0,0
670,0.22554818658452286,0.22554818658452286,0,0,0
671,0.21876244090105357,0.21876244090105357,0,0,0
672,0.22406024211331418,0.22406024211331418,0,0,0
673,0.21885711072306885,0.21885711072306885,0,0,0
674,0.23443115306527992,0.23443115306527992,0,0,0
675,0.22014472084610084,0.22014472084610084,0,0,0
676,0.21874246785515233,0.21874246785515233,0,0,0
677,0.22340893078791468,0.22340893078791468,0,0,0
678,0.22024075177155042,0.22024075177155042,0,0,0
679,0.22807849865210683,0.22807849865210683,0,0,0
680,0.2222719345437853,0.2222719345437853,0,0,0
681,0.2158425575808475,0.2158425575808475,0,0,0
682,0.21342788205335014,0.21342788205335014,0,0,0
683,0.22174135281851418,0.22174135281851418,0,0,0
684,0.21400609730105652,0.21400609730105652,0,0,0
685,0.21347012135543322,0.21347012135543322,0,0,0
686,0.22248603756490506,0.22248603756490506,0,0,0
687,0.21069327232084775,0.21069327232084775,0,0,0
688,0.2181174049251958,0.2181174049251958,0,0,0
689,0.2295506004440157,0.2295506004440157,0,0,0
690,0.21201097377036748,0.21201097377036748,0,0,0
691,0.2119649629059591,0.2119649629059591,0,0,0
692,0.21511632909900263,0.21511632909900263,0,0,0
693,0.21080075988644048,0.21080075988644048,0,0,0
694,0.22270041939459348,0.22270041939459348,0,0,0
695,0.2149989863759593,0.2149989863759593,0,0,0
696,0.2284825303052601,0.2284825303052601,0,0,0
697,0.21327941433379524,0.21327941433379524,0,0,0
698,0.2157948252401854,0.2157948252401854,0,0,0
699,0.2136069865603196,0.2136069865603196,0,0,0
700,0.21018444472237638,0.21018444472237638,0,0,0
701,0.23628881652104228,0.23628881652104228,0,0,0
702,0.20926598890831596,0.20926598890831596,0,0,0
703,0.21020711252563878,0.21020711252563878,0,0,0
704,0.21165940047878967,0.21165940047878967,0,0,0
705,0.2195222930688607,0.2195222930688607,0,0,0
706,0.21793121648462196,0.21793121648462196,0,0,0
707,0.22653943574742266,0.22653943574742266,0,0,0
708,0.21275115679753454,0.21275115679753454,0,0,0
709,0.23539393316758306,0.23539393316758306,0,0,0
710,0.20805397159174868,0.20805397159174868,0,0,0
711,0.21875749097058647,0.21875749097058647,0,0,0
712,0.2318726095714067,0.2318726095714067,0,0,0
713,0.2137780765953817,0.2137780765953817,0,0,0
714,0.2189469015912006,0.2189469015912006,0,0,0
715,0.21896623114221975,0.21896623114221975,0,0,0
716,0.21290130991684764,0.21290130991684764,0,0,0
717,0.21907470257658707,0.21907470257658707,0,0,0
718,0.21473746001720428,0.21473746001720428,0,0,0
719,0.23115479985350057,0.23115479985350057,0,0,0
720,0.21760218668925135,0.21760218668925135,0,0,0
721,0.2297046410017892,0.2297046410017892,0,0,0
722,0.20572836226538607,0.20572836226538607,0,0,0
723,0.2038416360553942,0.2038416360553942,0,0,0
724,0.21149981178735433,0.21149981178735433,0,0,0
725,0.23912183901197032,0.23912183901197032,0,0,0
726,0.22063089201324865,0.22063089201324865,0,0,0
727,0.20901141394125788,0.20901141394125788,0,0,0
728,0.21702728930272555,0.21702728930272555,0,0,0
729,0.22704178369358965,0.22704178369358965,0,0,0
730,0.2063179557260714,0.2063179557260714,0,0,0
731,0.2242522231842342,0.2242522231842342,0,0,0
732,0.2275975538711799,0.2275975538711799,0,0,0
733,0.2067998808465506,0.2067998808465506,0,0,0
734,0.231429154935636,0.231429154935636,0,0,0
735,0.2116716190388328,0.2116716190388328,0,0,0
736,0.2125094176123017,0.2125094176123017,0,0,0
737,0.21872657733528236,0.21872657733528236,0,0,0
738,0.21134492715722636,0.21134492715722636,0,0,0
739,0.21024363291891,0.21024363291891,0,0,0
740,0.20896309378900027,0.20896309378900027,0,0,0
741,0.2092587520417414,0.2092587520417414,0,0,0
742,0.22004668336165578,0.22004668336165578,0,0,0
743,0.200160466526684,0.200160466526684,0,0,0
744,0.2084677533099526,0.2084677533099526,0,0,0
745,0.2187371979418554,0.2187371979418554,0,0,0
746,0.21060474295365184,0.21060474295365184,0,0,0
747,0.21639045641610496,0.21639045641610496,0,0,0
748,0.20716286293770136,0.20716286293770136,0,0,0
749,0.20772213704491915,0.20772213704491915,0,0,0
750,0.20178104270445674,0.20178104270445674,0,0,0
751,0.19976372310989782,0.19976372310989782,0,0,0
752,0.2085195742547512,0.2085195742547512,0,0,0
753,0.21011149765629517,0.21011149765629517,0,0,0
754,0.21596615683091314,0.21596615683091314,0,0,0
755,0.21655927872971484,0.21655927872971484,0,0,0
756,0.20877618891628166,0.20877618891628166,0,0,0
757,0.20646014731181295,0.20646014731181295,0,0,0
758,0.20076986127778104,0.20076986127778104,0,0,0
759,0.2057680911139438,0.2057680911139438,0,0,0
760,0.21485757121914312,0.21485757121914312,0,0,0
761,0.23370346819099627,0.23370346819099627,0,0,0
762,0.2061314147553946,0.2061314147553946,0,0,0
763,0.2316415858896155,0.2316415858896155,0,0,0
764,0.1991893586359526,0.1991893586359526,0,0,0
765,0.21298192166968397,0.21298192166968397,0,0,0
766,0.21129268643103147,0.21129268643103147,0,0,0
767,0.20935753772133275,0.20935753772133275,0,0,0
768,0.20070613626586764,0.20070613626586764,0,0,0
769,0.19903502044709107,0.19903502044709107,0,0,0
770,0.19782417463628868,0.19782417463628868,0,0,0
771,0.22194192205604754,0.22194192205604754,0,0,0
772,0.2000601499488479,0.2000601499488479,0,0,0
773,0.20252907903570877,0.20252907903570877,0,0,0
774,0.20076550660949005,0.20076550660949005,0,0,0
775,0.2164708920999577,0.2164708920999577,0,0,0
776,0.19566753153738223,0.19566753153738223,0,0,0
777,0.21462568444641014,0.21462568444641014,0,0,0
778,0.20378203866513153,0.20378203866513153,0,0,0
779,0.20573534424367704,0.20573534424367704,0,0,0
780,0.2181282302266673,0.2181282302266673,0,0,0
781,0.20226597236959556,0.20226597236959556,0,0,0
782,0.2087164834926003,0.2087164834926003,0,0,0
783,0.27278193086385727,0.27278193086385727,0,0,0
784,0.21154630576309405,0.21154630576309405,0,0,0
785,0.25259357651597575,0.25259357651597575,0,0,0
786,0.2069895091025453,0.2069895091025453,0,0,0
787,0.21726043012581372,0.21726043012581372,0,0,0
788,0.2068636138972483,0.2068636138972483,0,0,0
789,0.2025104984641075,0.2025104984641075,0,0,0
790,0.2011852813394446,0.2011852813394446,0,0,0
791,0.2023984534960044,0.2023984534960044,0,0,0
792,0.19396332023959412,0.19396332023959412,0,0,0
793,0.20729603971305646,0.20729603971305646,0,0,0
794,0.19552906171271675,0.19552906171271675,0,0,0
795,0.20491248114328636,0.20491248114328636,0,0,0
796,0.1938667066003147,0.1938667066003147,0,0,0
797,0.19043182228740893,0.19043182228740893,0,0,0
798,0.19806101447657534,0.19806101447657534,0,0,0
799,0.2163905246477378,0.2163905246477378,0,0,0
800,0.20325516517225065,0.20325516517225065,0,0,0
801,0.20612199643724843,0.20612199643724843,0,0,0
802,0.20519523871572395,0.20519523871572395,0,0,0
803,0.194759971805309,0.194759971805309,0,0,0
804,0.19905332436687068,0.19905332436687068,0,0,0
805,0.19079411461165077,0.19079411461165077,0,0,0
806,0.2027923382426563,0.2027923382426563,0,0,0
807,0.19790769446837275,0.19790769446837275,0,0,0
808,0.20094319864323265,0.20094319864323265,0,0,0
809,0.2049134487384244,0.2049134487384244,0,0,0
810,0.20235664593546013,0.20235664593546013,0,0,0
811,0.1971627814989341,0.1971627814989341,0,0,0
812,0.19600767054055868,0.19600767054055868,0,0,0
813,0.189594378596858,0.189594378596858,0,0,0
814,0.19684994612869464,0.19684994612869464,0,0,0
815,0.19194809308177546,0.19194809308177546,0,0,0
816,0.19588792873056313,0.19588792873056313,0,0,0
817,0.20076270558332143,0.20076270558332143,0,0,0
818,0.19398687858330577,0.19398687858330577,0,0,0
819,0.20115397988181366,0.20115397988181366,0,0,0
820,0.19816923690469643,0.19816923690469643,0,0,0
821,0.1952194587180489,0.1952194587180489,0,0,0
822,0.18506112263390892,0.18506112263390892,0,0,0
823,0.19721608099184537,0.19721608099184537,0,0,0
824,0.18861454568411173,0.18861454568411173,0,0,0
825,0.22079295527778173,0.22079295527778173,0,0,0
826,0.19311343407944628,0.19311343407944628,0,0,0
827,0.1964218116512424,0.1964218116512424,0,0,0
828,0.20455203519055717,0.20455203519055717,0,0,0
829,0.19489387775722303,0.19489387775722303,0,0,0
830,0.2024327794972219,0.2024327794972219,0,0,0
831,0.1888184090586085,0.1888184090586085,0,0,0
832,0.19221938715169304,0.19221938715169304,0,0,0
833,0.1896557917720393,0.1896557917720393,0,0,0
834,0.188067332694405,0.188067332694405,0,0,0
835,0.1910144806300339,0.1910144806300339,0,0,0
836,0.1964375772758534,0.1964375772758534,0,0,0
837,0.19278754803695178,0.19278754803695178,0,0,0
838,0.2086668289021442,0.2086668289021442,0,0,0
839,0.188550863022867,0.188550863022867,0,0,0
840,0.20385795674825968,0.20385795674825968,0,0,0
841,0.20140315435434641,0.20140315435434641,0,0,0
842,0.18939381171213954,0.18939381171213954,0,0,0
843,0.20908476922072863,0.20908476922072863,0,0,0
844,0.1908667918882872,0.1908667918882872,0,0,0
845,0.18912124516148315,0.18912124516148315,0,0,0
846,0.19965711883024165,0.19965711883024165,0,0,0
847,0.20539326416818718,0.20539326416818718,0,0,0
848,0.19641646233044172,0.19641646233044172,0,0,0
849,0.19223703012654655,0.19223703012654655,0,0,0
850,0.19983537965699247,0.19983537965699247,0,0,0
851,0.1969347631460742,0.1969347631460742,0,0,0
852,0.19825946147504606,0.19825946147504606,0,0,0
853,0.19614874218639575,0.19614874218639575,0,0,0
854,0.19509953927052648,0.19509953927052648,0,0,0
855,0.18857591011022268,0.18857591011022268,0,0,0
856,0.19296913123444506,0.19296913123444506,0,0,0
857,0.20603139973000476,0.20603139973000476,0,0,0
858,0.1999603305992327,0.1999603305992327,0,0,0
859,0.19121955648848885,0.19121955648848885,0,0,0
860,0.18760116163053012,0.18760116163053012,0,0,0
861,0.18730882947382174,0.18730882947382174,0,0,0
862,0.1867968679258698,0.1867968679258698,0,0,0
863,0.1946360561016359,0.1946360561016359,0,0,0
864,0.18367483682538333,0.18367483682538333,0,0,0
865,0.21323127809323764,0.21323127809323764,0,0,0
866,0.18440567407953112,0.18440567407953112,0,0,0
867,0.194126721667616,0.194126721667616,0,0,0
868,0.18583748371977554,0.18583748371977554,0,0,0
869,0.1818736966111158,0.1818736966111158,0,0,0
870,0.18360259619198346,0.18360259619198346,0,0,0
871,0.19450347145137034,0.19450347145137034,0,0,0
872,0.1827195743589025,0.1827195743589025,0,0,0
873,0.18502429362974668,0.18502429362974668,0,0,0
874,0.17839397882160388,0.17839397882160388,0,0,0
875,0.18003891094734795,0.18003891094734795,0,0,0
876,0.20294639350552307,0.20294639350552307,0,0,0
877,0.18872711023217753,0.18872711023217753,0,0,0
878,0.18979520585976148,0.18979520585976148,0,0,0
879,0.18414660347135445,0.18414660347135445,0,0,0
880,0.18338489708931824,0.18338489708931824,0,0,0
881,0.1818310830153917,0.1818310830153917,0,0,0
882,0.21168351918458939,0.21168351918458939,0,0,0
883,0.19116207525918358,0.19116207525918358,0,0,0
884,0.18482513333621778,0.18482513333621778,0,0,0
885,0.18253031882800555,0.18253031882800555,0,0,0
886,0.18284404258194722,0.18284404258194722,0,0,0
887,0.19566242592899422,0.19566242592899422,0,0,0
888,0.19189503318385073,0.19189503318385073,0,0,0
889,0.1883485046656508,0.1883485046656508,0,0,0
890,0.2042038334827674,0.2042038334827674,0,0,0
891,0.1805892610236218,0.1805892610236218,0,0,0
892,0.1966515063847366,0.1966515063847366,0,0,0
893,0.19042762898300825,0.19042762898300825,0,0,0
894,0.1801430971214646,0.1801430971214646,0,0,0
895,0.1835202884517218,0.1835202884517218,0,0,0
896,0.18528097436616295,0.18528097436616295,0,0,0
897,0.18416730059604897,0.18416730059604897,0,0,0
898,0.18643820952428014,0.18643820952428014,0,0,0
899,0.17951430478378347,0.17951430478378347,0,0,0
900,0.1812208365452917,0.1812208365452917,0,0,0
901,0.18825043149684606,0.18825043149684606,0,0,0
902,0.18661485024188695,0.18661485024188695,0,0,0
903,0.18461842442813672,0.18461842442813672,0,0,0
904,0.1755359568878224,0.1755359568878224,0,0,0
905,0.1815590772189592,0.1815590772189592,0,0,0
906,0.1754522505951555,0.1754522505951555,0,0,0
907,0.18656302596393384,0.18656302596393384,0,0,0
908,0.19400163779133245,0.19400163779133245,0,0,0
909,0.19178650214483864,0.19178650214483864,0,0,0
910,0.19483595753186628,0.19483595753186628,0,0,0
911,0.18766941090947703,0.18766941090947703,0,0,0
912,0.1823842117660924,0.1823842117660924,0,0,0
913,0.1893977416973365,0.1893977416973365,0,0,0
914,0.188090809277798,0.188090809277798,0,0,0
915,0.17672587715481458,0.17672587715481458,0,0,0
916,0.18378532246539467,0.18378532246539467,0,0,0
917,0.18576803176026596,0.18576803176026596,0,0,0
918,0.17572007132203957,0.17572007132203957,0,0,0
919,0.18273932310311417,0.18273932310311417,0,0,0
920,0.18438743309755073,0.18438743309755073,0,0,0
921,0.18550107941815727,0.18550107941815727,0,0,0
922,0.18552071130589434,0.18552071130589434,0,0,0
923,0.19261658623030312,0.19261658623030312,0,0,0
924,0.18228809378649058,0.18228809378649058,0,0,0
925,0.17725839112934313,0.17725839112934313,0,0,0
926,0.1845061055531627,0.1845061055531627,0,0,0
927,0.17835939557928787,0.17835939557928787,0,0,0
928,0.18233493774345047,0.18233493774345047,0,0,0
929,0.1888043086387609,0.1888043086387609,0,0,0
930,0.20752814255262675,0.20752814255262675,0,0,0
931,0.1816833305515741,0.1816833305515741,0,0,0
932,0.18335328035448728,0.18335328035448728,0,0,0
933,0.18008731933016525,0.18008731933016525,0,0,0
934,0.18140283187753276,0.18140283187753276,0,0,0
935,0.18464062127627826,0.18464062127627826,0,0,0
936,0.17673611797784505,0.17673611797784505,0,0,0
937,0.18128488212823868,0.18128488212823868,0,0,0
938,0.18812423199415207,0.18812423199415207,0,0,0
939,0.18370727273194412,0.18370727273194412,0,0,0
940,0.17874975678952118,0.17874975678952118,0,0,0
941,0.17011563715181852,0.17011563715181852,0,0,0
942,0.17066773046788417,0.17066773046788417,0,0,0
943,0.18377403875714854,0.18377403875714854,0,0,0
944,0.18071029727396212,0.18071029727396212,0,0,0
945,0.19038390074121325,0.19038390074121325,0,0,0
946,0.17202466040065414,0.17202466040065414,0,0,0
947,0.18054106655089477,0.18054106655089477,0,0,0
948,0.17354748711774223,0.17354748711774223,0,0,0
949,0.1869909004553368,0.1869909004553368,0,0,0
950,0.18796105722063466,0.18796105722063466,0,0,0
951,0.17286614289409236,0.17286614289409236,0,0,0
952,0.17885018689067742,0.17885018689067742,0,0,0
953,0.18247926960650243,0.18247926960650243,0,0,0
954,0.18502670761786008,0.18502670761786008,0,0,0
955,0.17841436870788274,0.17841436870788274,0,0,0
956,0.17424307018518448,0.17424307018518448,0,0,0
957,0.17061488291150645,0.17061488291150645,0,0,0
958,0.17039905606131805,0.17039905606131805,0,0,0
959,0.16960158924523153,0.16960158924523153,0,0,0
960,0.16976102186661018,0.16976102186661018,0,0,0
961,0.17193335588825376,0.17193335588825376,0,0,0
962,0.1716218100566613,0.1716218100566613,0,0,0
963,0.17157814749761632,0.17157814749761632,0,0,0
964,0.1769778606923003,0.1769778606923003,0,0,0
965,0.1832516499255833,0.1832516499255833,0,0,0
966,0.18477041764478935,0.18477041764478935,0,0,0
967,0.18230674121724932,0.18230674121724932,0,0,0
968,0.16693289479927012,0.16693289479927012,0,0,0
969,0.17831336844124293,0.17831336844124293,0,0,0
970,0.18976718814749466,0.18976718814749466,0,0,0
971,0.17966380127166448,0.17966380127166448,0,0,0
972,0.16713858435028478,0.16713858435028478,0,0,0
973,0.1729246860272006,0.1729246860272006,0,0,0
974,0.1797101938802945,0.1797101938802945,0,0,0
975,0.17361591677916677,0.17361591677916677,0,0,0
976,0.16998508866680295,0.16998508866680295,0,0,0
977,0.17091471897928337,0.17091471897928337,0,0,0
978,0.17489217437411608,0.17489217437411608,0,0,0
979,0.1800777882729706,0.1800777882729706,0,0,0
980,0.17785272139467692,0.17785272139467692,0,0,0
981,0.17895644687508283,0.17895644687508283,0,0,0
982,0.17662008047888153,0.17662008047888153,0,0,0
983,0.17163404351786563,0.17163404351786563,0,0,0
984,0.17646093039136185,0.17646093039136185,0,0,0
985,0.1892037285785926,0.1892037285785926,0,0,0
986,0.18877916979162315,0.18877916979162315,0,0,0
987,0.2219315206533984,0.2219315206533984,0,0,0
988,0.17633295882689326,0.17633295882689326,0,0,0
989,0.18464532925894386,0.18464532925894386,0,0,0
990,0.18056409021741465,0.18056409021741465,0,0,0
991,0.1670977822259853,0.1670977822259853,0,0,0
992,0.17492535337805748,0.17492535337805748,0,0,0
993,0.1716607632605653,0.1716607632605653,0,0,0
994,0.17219492087238714,0.17219492087238714,0,0,0
995,0.17467257596160235,0.17467257596160235,0,0,0
996,0.17837147944067655,0.17837147944067655,0,0,0
997,0.17597265149417676,0.17597265149417676,0,0,0
998,0.17374569256054728,0.17374569256054728,0,0,0
999,0.17055889277866013,0.17055889277866013,0,0,0
1000,0.17205675260016792,0.17205675260016792,0,0,0
1001,0.16729203709646276,0.16729203709646276,0,0,0
1002,0.1763552990006773,0.1763552990006773,0,0,0
1003,0.17497100583032557,0.17497100583032557,0,0,0
1004,0.17209740649712713,0.17209740649712713,0,0,0
1005,0.18728346044295713,0.18728346044295713,0,0,0
1006,0.17156643342030675,0.17156643342030675,0,0,0
1007,0.1788841883995031,0.1788841883995031,0,0,0
1008,0.17331966208784202,0.17331966208784202,0,0,0
1009,0.16701175684207364,0.16701175684207364,0,0,0
1010,0.17397252215366615,0.17397252215366615,0,0,0
1011,0.16867587323251523,0.16867587323251523,0,0,0
1012,0.17470966259899892,0.17470966259899892,0,0,0
1013,0.15986467427329012,0.15986467427329012,0,0,0
1014,0.16466207076844416,0.16466207076844416,0,0,0
1015,0.17057426783599353,0.17057426783599353,0,0,0
1016,0.17027903603095756,0.17027903603095756,0,0,0
1017,0.17236125469207764,0.17236125469207764,0,0,0
1018,0.18882010975166372,0.18882010975166372,0,0,0
1019,0.17433416215996994,0.17433416215996994,0,0,0
1020,0.1784963441130362,0.1784963441130362,0,0,0
1021,0.1964548498784241,0.1964548498784241,0,0,0
1022,0.1700817817135861,0.1700817817135861,0,0,0
1023,0.17033615178967776,0.17033615178967776,0,0,0
1024,0.1839341172262242,0.1839341172262242,0,0,0
1025,0.18577065789385847,0.18577065789385847,0,0,0
1026,0.16610024222417882,0.16610024222417882,0,0,0
1027,0.16356394655610385,0.16356394655610385,0,0,0
1028,0.16224049227802376,0.16224049227802376,0,0,0
1029,0.17034337767644933,0.17034337767644933,0,0,0
1030,0.1670990005919808,0.1670990005919808,0,0,0
1031,0.16649838733045677,0.16649838733045677,0,0,0
1032,0.1838083227998332,0.1838083227998332,0,0,0
1033,0.16747252643108368,0.16747252643108368,0,0,0
1034,0.1675078741421825,0.1675078741421825,0,0,0
1035,0.17240118647092267,0.17240118647092267,0,0,0
1036,0.16027283884192767,0.16027283884192767,0,0,0
1037,0.16045105731800982,0.16045105731800982,0,0,0
1038,0.24745452404022217,0.24745452404022217,0,0,0
1039,0.1738787350293837,0.1738787350293837,0,0,0
1040,0.16774716149819524,0.16774716149819524,0,0,0
1041,0.1924375274071568,0.1924375274071568,0,0,0
1042,0.17893936798760765,0.17893936798760765,0,0,0
1043,0.17348826676607132,0.17348826676607132,0,0,0
1044,0.18139915481994026,0.18139915481994026,0,0,0
1045,0.16119404529270373,0.16119404529270373,0,0,0
1046,0.17266308437836797,0.17266308437836797,0,0,0
1047,0.17064885951970754,0.17064885951970754,0,0,0
1048,0.1771912606138932,0.1771912606138932,0,0,0
1049,0.1634478612165702,0.1634478612165702,0,0,0
1050,0.17442860591568446,0.17442860591568446,0,0,0
1051,0.1987761986490927,0.1987761986490927,0,0,0
1052,0.1738429093047192,0.1738429093047192,0,0,0
1053,0.16569191393883606,0.16569191393883606,0,0,0
1054,0.16986463101286636,0.16986463101286636,0,0,0
1055,0.1667399324084583,0.1667399324084583,0,0,0
1056,0.1654880242912393,0.1654880242912393,0,0,0
1057,0.16384851363928696,0.16384851363928696,0,0,0
1058,0.1875924777827765,0.1875924777827765,0,0,0
1059,0.16995113205752874,0.16995113205752874,0,0,0
1060,0.16305038489793477,0.16305038489793477,0,0,0
1061,0.18530913932543053,0.18530913932543053,0,0,0
1062,0.16444377424685577,0.16444377424685577,0,0,0
1063,0.1614568964823296,0.1614568964823296,0,0,0
1064,0.17291774208608426,0.17291774208608426,0,0,0
1065,0.16092197832308316,0.16092197832308316,0,0,0
1066,0.16800129746920184,0.16800129746920184,0,0,0
1067,0.16717370168158882,0.16717370168158882,0,0,0
1068,0.16900435874336645,0.16900435874336645,0,0,0
1069,0.16636001416727117,0.16636001416727117,0,0,0
1070,0.17167870739572927,0.17167870739572927,0,0,0
1071,0.16849803493211143,0.16849803493211143,0,0,0
1072,0.15543276208796,0.15543276208796,0,0,0
1073,0.16420037671923637,0.16420037671923637,0,0,0
1074,0.16895832474294462,0.16895832474294462,0,0,0
1075,0.17019910149668394,0.17019910149668394,0,0,0
1076,0.1647526388497729,0.1647526388497729,0,0,0
1077,0.16782563140517787,0.16782563140517787,0,0,0
1078,0.16584693111087145,0.16584693111087145,0,0,0
1079,0.16930936316126272,0.16930936316126272,0,0,0
1080,0.1706777040503527,0.1706777040503527,0,0,0
1081,0.17878830785814084,0.17878830785814084,0,0,0
1082,0.16570420641648143,0.16570420641648143,0,0,0
1083,0.1589824492601972,0.1589824492601972,0,0,0
1084,0.16534489236379923,0.16534489236379923,0,0,0
1085,0.18176746917398354,0.18176746917398354,0,0,0
1086,0.1662332125400242,0.1662332125400242,0,0,0
1087,0.1669362240323895,0.1669362240323895,0,0,0
1088,0.1658248048471777,0.1658248048471777,0,0,0
1089,0.15951959141775182,0.15951959141775182,0,0,0
1090,0.162969552960835,0.162969552960835,0,0,0
1091,0.16098553040309957,0.16098553040309957,0,0,0
1092,0.16951483958645872,0.16951483958645872,0,0,0
1093,0.1650680707473504,0.1650680707473504,0,0,0
1094,0.1621809946863275,0.1621809946863275,0,0,0
1095,0.17356703567661738,0.17356703567661738,0,0,0
1096,0.16028835742097153,0.16028835742097153,0,0,0
1097,0.15736876957510648,0.15736876957510648,0,0,0
1098,0.16091686271523176,0.16091686271523176,0,0,0
1099,0.18834162621121658,0.18834162621121658,0,0,0
1100,0.16470878747733017,0.16470878747733017,0,0,0
1101,0.16613583286341868,0.16613583286341868,0,0,0
1102,0.16292961843703924,0.16292961843703924,0,0,0
1103,0.16013902170877709,0.16013902170877709,0,0,0
1104,0.15754745194786474,0.15754745194786474,0,0,0
1105,0.16769764042998614,0.16769764042998614,0,0,0
1106,0.2123292637498755,0.2123292637498755,0,0,0
1107,0.1726821204157252,0.1726821204157252,0,0,0
1108,0.17483751613058543,0.17483751613058543,0,0,0
1109,0.16764745429942482,0.16764745429942482,0,0,0
1110,0.1638248370666253,0.1638248370666253,0,0,0
1111,0.16674347515953214,0.16674347515953214,0,0,0
1112,0.16462503020700656,0.16462503020700656,0,0,0
1113,0.16977808232370176,0.16977808232370176,0,0,0
1114,0.1626851901804146,0.1626851901804146,0,0,0
1115,0.17358200271662913,0.17358200271662913,0,0,0
1116,0.16871045902371407,0.16871045902371407,0,0,0
1117,0.16229894188673874,0.16229894188673874,0,0,0
1118,0.16222092940619118,0.16222092940619118,0,0,0
1119,0.1657973337722452,0.1657973337722452,0,0,0
1120,0.16561263348711164,0.16561263348711164,0,0,0
1121,0.15751849859952927,0.15751849859952927,0,0,0
1122,0.16818476723212944,0.16818476723212944,0,0,0
1123,0.16891883980286748,0.16891883980286748,0,0,0
1124,0.1663657158221069,0.1663657158221069,0,0,0
1125,0.1582010058980239,0.1582010058980239,0,0,0
1126,0.15833149575873426,0.15833149575873426,0,0,0
1127,0.17006013209098264,0.17006013209098264,0,0,0
1128,0.15964334105190478,0.15964334105190478,0,0,0
1129,0.18916899573646093,0.18916899573646093,0,0,0
1130,0.15731222319759822,0.15731222319759822,0,0,0
1131,0.16306547075510025,0.16306547075510025,0,0,0
1132,0.16547771523657598,0.16547771523657598,0,0,0
1133,0.16382734222631706,0.16382734222631706,0,0,0
1134,0.16721839908706515,0.16721839908706515,0,0,0
1135,0.15738462048925853,0.15738462048925853,0,0,0
1136,0.1566481853001996,0.1566481853001996,0,0,0
1137,0.1642229415868458,0.1642229415868458,0,0,0
1138,0.1863843608451517,0.1863843608451517,0,0,0
1139,0.16357595944090894,0.16357595944090894,0,0,0
1140,0.16365364840940425,0.16365364840940425,0,0,0
1141,0.16331847051256582,0.16331847051256582,0,0,0
1142,0.16438221970671102,0.16438221970671102,0,0,0
1143,0.16339526972488352,0.16339526972488352,0,0,0
1144,0.17807378933617943,0.17807378933617943,0,0,0
1145,0.15973155612224027,0.15973155612224027,0,0,0
1146,0.1602122128794068,0.1602122128794068,0,0,0
1147,0.1620967758721427,0.1620967758721427,0,0,0
1148,0.1634464028634523,0.1634464028634523,0,0,0
1149,0.16233501348056292,0.16233501348056292,0,0,0
1150,0.16641245547093844,0.16641245547093844,0,0,0
1151,0.15975150485572062,0.15975150485572062,0,0,0
1152,0.15801501352536051,0.15801501352536051,0,0,0
1153,0.15846025277125209,0.15846025277125209,0,0,0
1154,0.15783070125862173,0.15783070125862173,0,0,0
1155,0.16038852596753522,0.16038852596753522,0,0,0
1156,0.1763201557884091,0.1763201557884091,0,0,0
1157,0.16425561257883123,0.16425561257883123,0,0,0
1158,0.16528605316814624,0.16528605316814624,0,0,0
1159,0.15013320822464793,0.15013320822464793,0,0,0
1160,0.1628954512508292,0.1628954512508292,0,0,0
1161,0.16103537596370043,0.16103537596370043,0,0,0
1162,0.16338685350982765,0.16338685350982765,0,0,0
1163,0.17991588362737707,0.17991588362737707,0,0,0
1164,0.1658014704130198,0.1658014704130198,0,0,0
1165,0.16797780245542526,0.16797780245542526,0,0,0
1166,0.1547558097855041,0.1547558097855041,0,0,0
1167,0.1582656034121388,0.1582656034121388,0,0,0
1168,0.16375488846709854,0.16375488846709854,0,0,0
1169,0.1610264868328446,0.1610264868328446,0,0,0
1170,0.16486315233142754,0.16486315233142754,0,0,0
1171,0.1597635869524981,0.1597635869524981,0,0,0
1172,0.1660767050558015,0.1660767050558015,0,0,0
1173,0.15714914469342484,0.15714914469342484,0,0,0
1174,0.1556486997165178,0.1556486997165178,0,0,0
1175,0.1608749543757815,0.1608749543757815,0,0,0
1176,0.16559324178256488,0.16559324178256488,0,0,0
1177,0.15356545816910894,0.15356545816910894,0,0,0
1178,0.1635503200323958,0.1635503200323958,0,0,0
1179,0.1588769182562828,0.1588769182562828,0,0,0
1180,0.15377110085989298,0.15377110085989298,0,0,0
1181,0.15530092406429744,0.15530092406429744,0,0,0
1182,0.1622404818864245,0.1622404818864245,0,0,0
1183,0.15793413649264135,0.15793413649264135,0,0,0
1184,0.156521080748031,0.156521080748031,0,0,0
1185,0.16271267380369336,0.16271267380369336,0,0,0
1186,0.1561479803762938,0.1561479803762938,0,0,0
1187,0.15522246180396332,0.15522246180396332,0,0,0
1188,0.17006893730477282,0.17006893730477282,0,0,0
1189,0.16141288374599658,0.16141288374599658,0,0,0
1190,0.15613006369063728,0.15613006369063728,0,0,0
1191,0.16283677145838737,0.16283677145838737,0,0,0
1192,0.15490984387303652,0.15490984387303652,0,0,0
1193,0.15100668351116933,0.15100668351116933,0,0,0
1194,0.16513887871252864,0.16513887871252864,0,0,0
1195,0.15266839748150424,0.15266839748150424,0,0,0
1196,0.14900667239960871,0.14900667239960871,0,0,0
1197,0.14595997235492655,0.14595997235492655,0,0,0
1198,0.1612459144702083,0.1612459144702083,0,0,0
1199,0.14695972537523821,0.14695972537523821,0,0,0
1200,0.16230376182418121,0.16230376182418121,0,0,0
1201,0.16286801252710192,0.16286801252710192,0,0,0
1202,0.15268385998512568,0.15268385998512568,0,0,0
1203,0.1568044165247365,0.1568044165247365,0,0,0
1204,0.15111706582339188,0.15111706582339188,0,0,0
1205,0.16599297170576297,0.16599297170576297,0,0,0
1206,0.16794877636589503,0.16794877636589503,0,0,0
1207,0.16088035232142398,0.16088035232142398,0,0,0
1208,0.16328338984596102,0.16328338984596102,0,0,0
1209,0.15623600859391062,0.15623600859391062,0,0,0
1210,0.16238107708723923,0.16238107708723923,0,0,0
1211,0.15577579230854385,0.15577579230854385,0,0,0
1212,0.15351332626060435,0.15351332626060435,0,0,0
1213,0.14779589070301308,0.14779589070301308,0,0,0
1214,0.16936902446966423,0.16936902446966423,0,0,0
1215,0.17196885280703245,0.17196885280703245,0,0,0
1216,0.15379919582291654,0.15379919582291654,0,0,0
1217,0.15745495710718005,0.15745495710718005,0,0,0
1218,0.15981037208908483,0.15981037208908483,0,0,0
1219,0.15094158327893206,0.15094158327893206,0,0,0
1220,0.16840777134424761,0.16840777134424761,0,0,0
1221,0.15119561592214986,0.15119561592214986,0,0,0
1222,0.16295554881033145,0.16295554881033145,0,0,0
1223,0.1545150217257048,0.1545150217257048,0,0,0
1224,0.15231182916383995,0.15231182916383995,0,0,0
1225,0.15662577611051107,0.15662577611051107,0,0,0
1226,0.16174984527261635,0.16174984527261635,0,0,0
1227,0.1619595595096287,0.1619595595096287,0,0,0
1228,0.15805316010588094,0.15805316010588094,0,0,0
1229,0.15004764183571465,0.15004764183571465,0,0,0
1230,0.15458640965976214,0.15458640965976214,0,0,0
1231,0.15743756235430115,0.15743756235430115,0,0,0
1232,0.16500791358320335,0.16500791358320335,0,0,0
1233,0.1579658753777805,0.1579658753777805,0,0,0
1234,0.15801485157326647,0.15801485157326647,0,0,0
1235,0.15617980180602326,0.15617980180602326,0,0,0
1236,0.1525403555286558,0.1525403555286558,0,0,0
1237,0.15578855025140861,0.15578855025140861,0,0,0
1238,0.15534411664856107,0.15534411664856107,0,0,0
1239,0.15492987201402061,0.15492987201402061,0,0,0
1240,0.1544154705969911,0.1544154705969911,0,0,0
1241,0.1664875328148666,0.1664875328148666,0,0,0
1242,0.15718021086956324,0.15718021086956324,0,0,0
1243,0.15292227503500486,0.15292227503500486,0,0,0
1244,0.1578025394364407,0.1578025394364407,0,0,0
1245,0.15803215338995583,0.15803215338995583,0,0,0
1246,0.1617589010611961,0.1617589010611961,0,0,0
1247,0.1488247190259005,0.1488247190259005,0,0,0
1248,0.15950476868372215,0.15950476868372215,0,0,0
1249,0.15905425599531123,0.15905425599531123,0,0,0
1250,0.1476994241146665,0.1476994241146665,0,0,0
1251,0.16142711180605387,0.16142711180605387,0,0,0
1252,0.15144511743595726,0.15144511743595726,0,0,0
1253,0.15817380931816602,0.15817380931816602,0,0,0
1254,0.15947889869934634,0.15947889869934634,0,0,0
1255,0.1577492207288742,0.1577492207288742,0,0,0
1256,0.16170592292359,0.16170592292359,0,0,0
1257,0.1503945424368507,0.1503945424368507,0,0,0
1258,0.1649921861918349,0.1649921861918349,0,0,0
1259,0.18707744620348277,0.18707744620348277,0,0,0
1260,0.14838980177515432,0.14838980177515432,0,0,0
1261,0.159505222188799,0.159505222188799,0,0,0
1262,0.15492353509915502,0.15492353509915502,0,0,0
1263,0.15230713843515045,0.15230713843515045,0,0,0
1264,0.15363282455425514,0.15363282455425514,0,0,0
1265,0.15064017219763054,0.15064017219763054,0,0,0
1266,0.14880544045253805,0.14880544045253805,0,0,0
1267,0.15611253502337555,0.15611253502337555,0,0,0
1268,0.16621785728554977,0.16621785728554977,0,0,0
1269,0.1583422989045319,0.1583422989045319,0,0,0
1270,0.1520395914190694,0.1520395914190694,0,0,0
1271,0.15090556638805488,0.15090556638805488,0,0,0
1272,0.162732928403114,0.162732928403114,0,0,0
1273,0.1726088261133746,0.1726088261133746,0,0,0
1274,0.15642556469691427,0.15642556469691427,0,0,0
1275,0.15728774196223208,0.15728774196223208,0,0,0
1276,0.14623439194340454,0.14623439194340454,0,0,0
1277,0.1565865546857056,0.1565865546857056,0,0,0
1278,0.1489694945906338,0.1489694945906338,0,0,0
1279,0.1477085002943089,0.1477085002943089,0,0,0
1280,0.1558774856752471,0.1558774856752471,0,0,0
1281,0.16193207235712753,0.16193207235712753,0,0,0
1282,0.1469436046716414,0.1469436046716414,0,0,0
1283,0.15548109223968104,0.15548109223968104,0,0,0
1284,0.15048197049059367,0.15048197049059367,0,0,0
1285,0.1477256805488938,0.1477256805488938,0,0,0
1286,0.15460365677350446,0.15460365677350446,0,0,0
1287,0.15417155290120527,0.15417155290120527,0,0,0
1288,0.16538215683479057,0.16538215683479057,0,0,0
1289,0.15794955860627324,0.15794955860627324,0,0,0
1290,0.1584593900724461,0.1584593900724461,0,0,0
1291,0.15542649379686305,0.15542649379686305,0,0,0
1292,0.16332665360287615,0.16332665360287615,0,0,0
1293,0.14751194986073593,0.14751194986073593,0,0,0
1294,0.15087232758340083,0.15087232758340083,0,0,0
1295,0.14687766036704966,0.14687766036704966,0,0,0
1296,0.1482367141074256,0.1482367141074256,0,0,0
1297,0.15634729987696597,0.15634729987696597,0,0,0
1298,0.15025584556554494,0.15025584556554494,0,0,0
1299,0.15093808581954554,0.15093808581954554,0,0,0
1300,0.15231106371471756,0.15231106371471756,0,0,0
1301,0.1553408044733499,0.1553408044733499,0,0,0
1302,0.15044009803157105,0.15044009803157105,0,0,0
1303,0.1600677267109093,0.1600677267109093,0,0,0
1304,0.16119543835520744,0.16119543835520744,0,0,0
1305,0.1579851568921616,0.1579851568921616,0,0,0
1306,0.15407193059984006,0.15407193059984006,0,0,0
1307,0.1485357819811294,0.1485357819811294,0,0,0
1308,0.14741958893443408,0.14741958893443408,0,0,0
1309,0.15134142888219734,0.15134142888219734,0,0,0
1310,0.1508572483925443,0.1508572483925443,0,0,0
1311,0.15716930694485964,0.15716930694485964,0,0,0
1312,0.15552013504662013,0.15552013504662013,0,0,0
1313,0.15471520039596057,0.15471520039596057,0,0,0
1314,0.14640551060438156,0.14640551060438156,0,0,0
1315,0.15683233816372721,0.15683233816372721,0,0,0
1316,0.14679722174217827,0.14679722174217827,0,0,0
1317,0.15371029941659226,0.15371029941659226,0,0,0
1318,0.14834041971909373,0.14834041971909373,0,0,0
1319,0.15125656500458717,0.15125656500458717,0,0,0
1320,0.18007002261124158,0.18007002261124158,0,0,0
1321,0.15457884869293162,0.15457884869293162,0,0,0
1322,0.15062773345332398,0.15062773345332398,0,0,0
1323,0.1509729215973302,0.1509729215973302,0,0,0
1324,0.15263393835017555,0.15263393835017555,0,0,0
1325,0.1437763483508637,0.1437763483508637,0,0,0
1326,0.1544656961372024,0.1544656961372024,0,0,0
1327,0.15380745753645897,0.15380745753645897,0,0,0
1328,0.14701414951368383,0.14701414951368383,0,0,0
1329,0.14582967620931173,0.14582967620931173,0,0,0
1330,0.145988448473968,0.145988448473968,0,0,0
1331,0.15022145388157745,0.15022145388157745,0,0,0
1332,0.15265577051200366,0.15265577051200366,0,0,0
1333,0.15425274991675428,0.15425274991675428,0,0,0
1334,0.14751400916199936,0.14751400916199936,0,0,0
1335,0.1624956127060087,0.1624956127060087,0,0,0
1336,0.14829071277850553,0.14829071277850553,0,0,0
1337,0.15278851789863487,0.15278851789863487,0,0,0
1338,0.14819475361391118,0.14819475361391118,0,0,0
1339,0.1511016425333525,0.1511016425333525,0,0,0
1340,0.15536271800336085,0.15536271800336085,0,0,0
1341,0.1516761964088992,0.1516761964088992,0,0,0
1342,0.1487684240074534,0.1487684240074534,0,0,0
1343,0.1473721122663272,0.1473721122663272,0,0,0
1344,0.1517577853642012,0.1517577853642012,0,0,0
1345,0.15031644603923747,0.15031644603923747,0,0,0
1346,0.14917028852199254,0.14917028852199254,0,0,0
1347,0.144069444780287,0.144069444780287,0,0,0
1348,0.15374497912432017,0.15374497912432017,0,0,0
1349,0.14663583530407204,0.14663583530407204,0,0,0
1350,0.14381559408809008,0.14381559408809008,0,0,0
1351,0.14537372812628746,0.14537372812628746,0,0,0
1352,0.14615689276864655,0.14615689276864655,0,0,0
1353,0.15336122442232936,0.15336122442232936,0,0,0
1354,0.14556556430302167,0.14556556430302167,0,0,0
1355,0.14605930016229027,0.14605930016229027,0,0,0
1356,0.14916248697983592,0.14916248697983592,0,0,0
1357,0.15071186521335653,0.15071186521335653,0,0,0
1358,0.14440038564958071,0.14440038564958071,0,0,0
1359,0.13709444258558123,0.13709444258558123,0,0,0
1360,0.1531486081841745,0.1531486081841745,0,0,0
1361,0.14528493896911018,0.14528493896911018,0,0,0
1362,0.14479521387501768,0.14479521387501768,0,0,0
1363,0.1763289449246306,0.1763289449246306,0,0,0
1364,0.15351823874210058,0.15351823874210058,0,0,0
1365,0.15340391879803256,0.15340391879803256,0,0,0
1366,0.14440651492852913,0.14440651492852913,0,0,0
1367,0.15244190688980253,0.15244190688980253,0,0,0
1368,0.15283572771831563,0.15283572771831563,0,0,0
1369,0.1479182657050459,0.1479182657050459,0,0,0
1370,0.14532379570760226,0.14532379570760226,0,0,0
1371,0.14790527777452217,0.14790527777452217,0,0,0
1372,0.14522079260725723,0.14522079260725723,0,0,0
1373,0.14972552382632306,0.14972552382632306,0,0,0
1374,0.15130987116380742,0.15130987116380742,0,0,0
1375,0.15413041432437144,0.15413041432437144,0,0,0
1376,0.1568882994745907,0.1568882994745907,0,0,0
1377,0.14826363834895587,0.14826363834895587,0,0,0
1378,0.17134402986419828,0.17134402986419828,0,0,0
1379,0.1480675329895396,0.1480675329895396,0,0,0
1380,0.14572857516376594,0.14572857516376594,0,0,0
1381,0.14538053580020605,0.14538053580020605,0,0,0
1382,0.1562773567673407,0.1562773567673407,0,0,0
1383,0.15839239347137904,0.15839239347137904,0,0,0
1384,0.1460396569026144,0.1460396569026144,0,0,0
1385,0.14519797441990753,0.14519797441990753,0,0,0
1386,0.14807669681153798,0.14807669681153798,0,0,0
1387,0.1486455964806833,0.1486455964806833,0,0,0
1388,0.14098931594114555,0.14098931594114555,0,0,0
1389,0.15064099823173724,0.15064099823173724,0,0,0
1390,0.15500985301638903,0.15500985301638903,0,0,0
1391,0.16177745045799957,0.16177745045799957,0,0,0
1392,0.14618998824765808,0.14618998824765808,0,0,0
1393,0.1494485279055018,0.1494485279055018,0,0,0
1394,0.14393758950264832,0.14393758950264832,0,0,0
1395,0.14996915702757083,0.14996915702757083,0,0,0
1396,0.1521665481360335,0.1521665481360335,0,0,0
1397,0.14403616342889636,0.14403616342889636,0,0,0
1398,0.14132596238663322,0.14132596238663322,0,0,0
1399,0.14999277262311234,0.14999277262311234,0,0,0
1400,0.1496142811681095,0.1496142811681095,0,0,0
1401,0.16197007953336365,0.16197007953336365,0,0,0
1402,0.15178916524899633,0.15178916524899633,0,0,0
1403,0.1585711023133052,0.1585711023133052,0,0,0
1404,0.1491149532559671,0.1491149532559671,0,0,0
1405,0.1488898069058594,0.1488898069058594,0,0,0
1406,0.14675252668951688,0.14675252668951688,0,0,0
1407,0.14811593764706663,0.14811593764706663,0,0,0
1408,0.14712632859223768,0.14712632859223768,0,0,0
1409,0.1614010247745012,0.1614010247745012,0,0,0
1410,0.1466468794173316,0.1466468794173316,0,0,0
1411,0.14941814188894473,0.14941814188894473,0,0,0
1412,0.14503196372013344,0.14503196372013344,0,0,0
1413,0.147907636079349,0.147907636079349,0,0,0
1414,0.14930917028533786,0.14930917028533786,0,0,0
1415,0.1449183017799729,0.1449183017799729,0,0,0
1416,0.145496824070027,0.145496824070027,0,0,0
1417,0.14620007574558258,0.14620007574558258,0,0,0
1418,0.15077531631839902,0.15077531631839902,0,0,0
1419,0.1546701100703917,0.1546701100703917,0,0,0
1420,0.16174173551170448,0.16174173551170448,0,0,0
1421,0.14599907143335594,0.14599907143335594,0,0,0
1422,0.14393501473884834,0.14393501473884834,0,0,0
1423,0.14842287705917107,0.14842287705917107,0,0,0
1424,0.14902323817736224,0.14902323817736224,0,0,0
1425,0.15070365879096484,0.15070365879096484,0,0,0
1426,0.1481533891668445,0.1481533891668445,0,0,0
1427,0.14390962296410612,0.14390962296410612,0,0,0
1428,0.15082494091046483,0.15082494091046483,0,0,0
1429,0.1471635216945096,0.1471635216945096,0,0,0
1430,0.14306726718419477,0.14306726718419477,0,0,0
1431,0.1440244173925174,0.1440244173925174,0,0,0
1432,0.14517396688461304,0.14517396688461304,0,0,0
1433,0.1490730288389482,0.1490730288389482,0,0,0
1434,0.15172379601158595,0.15172379601158595,0,0,0
1435,0.14076085702369087,0.14076085702369087,0,0,0
1436,0.14664557007582565,0.14664557007582565,0,0,0
1437,0.15243092140084818,0.15243092140084818,0,0,0
1438,0.1460477792118725,0.1460477792118725,0,0,0
1439,0.14813162484451345,0.14813162484451345,0,0,0
1440,0.14890984759518974,0.14890984759518974,0,0,0
1441,0.1538179697174775,0.1538179697174775,0,0,0
1442,0.14523140341043472,0.14523140341043472,0,0,0
1443,0.1591309340376603,0.1591309340376603,0,0,0
1444,0.1431113903067614,0.1431113903067614,0,0,0
1445,0.14549585118105537,0.14549585118105537,0,0,0
1446,0.15048946185331596,0.15048946185331596,0,0,0
1447,0.1476881186428823,0.1476881186428823,0,0,0
1448,0.1473418799670119,0.1473418799670119,0,0,0
1449,0.15449851535652814,0.15449851535652814,0,0,0
1450,0.14164332398458532,0.14164332398458532,0,0,0
1451,0.1528066400634615,0.1528066400634615,0,0,0
1452,0.14404108492951645,0.14404108492951645,0,0,0
1453,0.1512851871942219,0.1512851871942219,0,0,0
1454,0.14719283521959656,0.14719283521959656,0,0,0
1455,0.1405428271544607,0.1405428271544607,0,0,0
1456,0.150934255632915,0.150934255632915,0,0,0
1457,0.14255258421364583,0.14255258421364583,0,0,0
1458,0.1504564616633089,0.1504564616633089,0,0,0
1459,0.14729721412846916,0.14729721412846916,0,0,0
1460,0.1401156861531107,0.1401156861531107,0,0,0
1461,0.1480500082436361,0.1480500082436361,0,0,0
1462,0.14123320657955973,0.14123320657955973,0,0,0
1463,0.1407025609361498,0.1407025609361498,0,0,0
1464,0.15933212853576006,0.15933212853576006,0,0,0
1465,0.15586634842973007,0.15586634842973007,0,0,0
1466,0.14705024796881175,0.14705024796881175,0,0,0
1467,0.14736097247192734,0.14736097247192734,0,0,0
1468,0.1616675551784666,0.1616675551784666,0,0,0
1469,0.1510359937031018,0.1510359937031018,0,0,0
1470,0.14589974813555417,0.14589974813555417,0,0,0
1471,0.143478690205436,0.143478690205436,0,0,0
1472,0.13920198302519948,0.13920198302519948,0,0,0
1473,0.14540546367827215,0.14540546367827215,0,0,0
1474,0.14591099204201446,0.14591099204201446,0,0,0
1475,0.14871113159154592,0.14871113159154592,0,0,0
1476,0.1420018704313981,0.1420018704313981,0,0,0
1477,0.1456635615935451,0.1456635615935451,0,0,0
1478,0.14728231708470144,0.14728231708470144,0,0,0
1479,0.14879626192544637,0.14879626192544637,0,0,0
1480,0.14721096169791723,0.14721096169791723,0,0,0
1481,0.15220266933503904,0.15220266933503904,0,0,0
1482,0.15706630815800868,0.15706630815800868,0,0,0
1483,0.13829562499334938,0.13829562499334938,0,0,0
1484,0.14096186172805333,0.14096186172805333,0,0,0
1485,0.15192632769283496,0.15192632769283496,0,0,0
1486,0.1539702817405525,0.1539702817405525,0,0,0
1487,0.13640957208056198,0.13640957208056198,0,0,0
1488,0.14463606006220767,0.14463606006220767,0,0,0
1489,0.152439565446816,0.152439565446816,0,0,0
1490,0.15412932203004234,0.15412932203004234,0,0,0
1491,0.15700655312914596,0.15700655312914596,0,0,0
1492,0.14338370667476402,0.14338370667476402,0,0,0
1493,0.13829540304447474,0.13829540304447474,0,0,0
1494,0.14153771259282766,0.14153771259282766,0,0,0
1495,0.15103734186605403,0.15103734186605403,0,0,0
1496,0.14003332155315498,0.14003332155315498,0,0,0
1497,0.15622354828213392,0.15622354828213392,0,0,0
1498,0.14283275800315956,0.14283275800315956,0,0,0
1499,0.14619926049521095,0.14619926049521095,0,0,0
1500,0.14178698862853803,0.14178698862853803,0,0,0
1501,0.15052106015776334,0.15052106015776334,0,0,0
1502,0.146344408785042,0.146344408785042,0,0,0
1503,0.1425110233065329,0.1425110233065329,0,0,0
1504,0.14359235567481896,0.14359235567481896,0,0,0
1505,0.14238412364533073,0.14238412364533073,0,0,0
1506,0.14460462880762,0.14460462880762,0,0,0
1507,0.1453336530217999,0.1453336530217999,0,0,0
1508,0.14868441478986488,0.14868441478986488,0,0,0
1509,0.14807656034827232,0.14807656034827232,0,0,0
1510,0.15186960995197296,0.15186960995197296,0,0,0
1511,0.1419538079123748,0.1419538079123748,0,0,0
1512,0.13773823078525693,0.13773823078525693,0,0,0
1513,0.14087379645360143,0.14087379645360143,0,0,0
1514,0.1396757340744922,0.1396757340744922,0,0,0
1515,0.14196726797442688,0.14196726797442688,0,0,0
1516,0.14607558222977737,0.14607558222977737,0,0,0
1517,0.14396968679992775,0.14396968679992775,0,0,0
1518,0.1485469280497024,0.1485469280497024,0,0,0
1519,0.14140587731411583,0.14140587731411583,0,0,0
1520,0.14326089365701927,0.14326089365701927,0,0,0
1521,0.13952429337721123,0.13952429337721123,0,0,0
1522,0.13817917398716273,0.13817917398716273,0,0,0
1523,0.1449449097639636,0.1449449097639636,0,0,0
1524,0.14039622090364756,0.14039622090364756,0,0,0
1525,0.1495533085575229,0.1495533085575229,0,0,0
1526,0.14679899086293421,0.14679899086293421,0,0,0
1527,0.14601490352498858,0.14601490352498858,0,0,0
1528,0.14471205461182093,0.14471205461182093,0,0,0
1529,0.145221320814208,0.145221320814208,0,0,0
1530,0.1414534441734615,0.1414534441734615,0,0,0
1531,0.14776192213359632,0.14776192213359632,0,0,0
1532,0.14480138962206088,0.14480138962206088,0,0,0
1533,0.14970030674808904,0.14970030674808904,0,0,0
1534,0.1406183097707598,0.1406183097707598,0,0,0
1535,0.14444158775241753,0.14444158775241753,0,0,0
1536,0.13710236431736694,0.13710236431736694,0,0,0
1537,0.14227553829550743,0.14227553829550743,0,0,0
1538,0.14608020923639597,0.14608020923639597,0,0,0
1539,0.14026131657393356,0.14026131657393356,0,0,0
1540,0.15568187185808233,0.15568187185808233,0,0,0
1541,0.14637867988724457,0.14637867988724457,0,0,0
1542,0.14067880123069412,0.14067880123069412,0,0,0
1543,0.13442221225092285,0.13442221225092285,0,0,0
1544,0.14014753699302673,0.14014753699302673,0,0,0
1545,0.14459095111018733,0.14459095111018733,0,0,0
1546,0.14614205670199895,0.14614205670199895,0,0,0
1547,0.14458908591615527,0.14458908591615527,0,0,0
1548,0.1473728441878369,0.1473728441878369,0,0,0
1549,0.14507883649907613,0.14507883649907613,0,0,0
1550,0.15295694984103503,0.15295694984103503,0,0,0
1551,0.1451701692452556,0.1451701692452556,0,0,0
1552,0.14617264074714562,0.14617264074714562,0,0,0
1553,0.1423327116981933,0.1423327116981933,0,0,0
1554,0.14315860032251007,0.14315860032251007,0,0,0
1555,0.1442577101682362,0.1442577101682362,0,0,0
1556,0.13764703332593567,0.13764703332593567,0,0,0
1557,0.13439833647326418,0.13439833647326418,0,0,0
1558,0.13798913673350685,0.13798913673350685,0,0,0
1559,0.14778407584679754,0.14778407584679754,0,0,0
1560,0.14895356132795937,0.14895356132795937,0,0,0
1561,0.13958678198488136,0.13958678198488136,0,0,0
1562,0.14667263627052307,0.14667263627052307,0,0,0
1563,0.13390222132990234,0.13390222132990234,0,0,0
1564,0.15486958956247882,0.15486958956247882,0,0,0
1565,0.14743802853320775,0.14743802853320775,0,0,0
1566,0.14960724997677302,0.14960724997677302,0,0,0
1567,0.13914739477791285,0.13914739477791285,0,0,0
1568,0.1394286089037594,0.1394286089037594,0,0,0
1569,0.13920454622099274,0.13920454622099274,0,0,0
1570,0.14131079182813042,0.14131079182813042,0,0,0
1571,0.1413047943068178,0.1413047943068178,0,0,0
1572,0.14306485888205075,0.14306485888205075,0,0,0
1573,0.15494863610518606,0.15494863610518606,0,0,0
1574,0.1420168476669412,0.1420168476669412,0,0,0
1575,0.14500706878147626,0.14500706878147626,0,0,0
1576,0.14186737353080198,0.14186737353080198,0,0,0
1577,0.13865798927451434,0.13865798927451434,0,0,0
1578,0.14512374036406217,0.14512374036406217,0,0,0
1579,0.13692582281012283,0.13692582281012283,0,0,0
1580,0.14994690214332781,0.14994690214332781,0,0,0
1581,0.13834517978523908,0.13834517978523908,0,0,0
1582,0.1414531232102921,0.1414531232102921,0,0,0
1583,0.1430664625214903,0.1430664625214903,0,0,0
1584,0.13594386216841245,0.13594386216841245,0,0,0
1585,0.13882558812436305,0.13882558812436305,0,0,0
1586,0.15001755756767174,0.15001755756767174,0,0,0
1587,0.13865904823729866,0.13865904823729866,0,0,0
1588,0.14117594298563504,0.14117594298563504,0,0,0
1589,0.14376238184539894,0.14376238184539894,0,0,0
1590,0.13751450671177162,0.13751450671177162,0,0,0
1591,0.16053320957641853,0.16053320957641853,0,0,0
1592,0.15271100048956118,0.15271100048956118,0,0,0
1593,0.13553330263024882,0.13553330263024882,0,0,0
1594,0.14434361065688886,0.14434361065688886,0,0,0
1595,0.14217761511865415,0.14217761511865415,0,0,0
1596,0.1364788309131798,0.1364788309131798,0,0,0
1597,0.14212583397564135,0.14212583397564135,0,0,0
1598,0.14981593015162567,0.14981593015162567,0,0,0
1599,0.14498501231795863,0.14498501231795863,0,0,0
1600,0.13833141699433327,0.13833141699433327,0,0,0
1601,0.13810103288606593,0.13810103288606593,0,0,0
1602,0.13790202081987732,0.13790202081987732,0,0,0
1603,0.14345710646165044,0.14345710646165044,0,0,0
1604,0.1383629805947605,0.1383629805947605,0,0,0
1605,0.13886523168337972,0.13886523168337972,0,0,0
1606,0.13577990096650625,0.13577990096650625,0,0,0
1607,0.15932022015515127,0.15932022015515127,0,0,0
1608,0.13957591570521655,0.13957591570521655,0,0,0
1609,0.13838380849675128,0.13838380849675128,0,0,0
1610,0.1393033381747572,0.1393033381747572,0,0,0
1611,0.1427168642219744,0.1427168642219744,0,0,0
1612,0.14100097041381032,0.14100097041381032,0,0,0
1613,0.14644978332676387,0.14644978332676387,0,0,0
1614,0.1383454395752204,0.1383454395752204,0,0,0
1615,0.1451861468192778,0.1451861468192778,0,0,0
1616,0.14468407513279663,0.14468407513279663,0,0,0
1617,0.13968610253773237,0.13968610253773237,0,0,0
1618,0.13763862358112083,0.13763862358112083,0,0,0
1619,0.14242997687113912,0.14242997687113912,0,0,0
1620,0.14154813203372454,0.14154813203372454,0,0,0
1621,0.13828852478610842,0.13828852478610842,0,0,0
1622,0.13842761928313657,0.13842761928313657,0,0,0
1623,0.13758302127060137,0.13758302127060137,0,0,0
1624,0.14855764865090973,0.14855764865090973,0,0,0
1625,0.14418458997419006,0.14418458997419006,0,0,0
1626,0.14395127974842725,0.14395127974842725,0,0,0
1627,0.14472584642077746,0.14472584642077746,0,0,0
1628,0.14598648250102997,0.14598648250102997,0,0,0
1629,0.13436399557088552,0.13436399557088552,0,0,0
1630,0.14344958274772293,0.14344958274772293,0,0,0
1631,0.13985260889718407,0.13985260889718407,0,0,0
1632,0.1347199725477319,0.1347199725477319,0,0,0
1633,0.13972975392090647,0.13972975392090647,0,0,0
1634,0.15021145520241638,0.15021145520241638,0,0,0
1635,0.1330436568119024,0.1330436568119024,0,0,0
1636,0.13555795424862913,0.13555795424862913,0,0,0
1637,0.13792363613059647,0.13792363613059647,0,0,0
1638,0.14896848954652486,0.14896848954652486,0,0,0
1639,0.162148777003351,0.162148777003351,0,0,0
1640,0.14945063877262568,0.14945063877262568,0,0,0
1641,0.13601842640261902,0.13601842640261902,0,0,0
1642,0.13845586972801308,0.13845586972801308,0,0,0
1643,0.14569820895006783,0.14569820895006783,0,0,0
1644,0.14370134139531537,0.14370134139531537,0,0,0
1645,0.13464198045824705,0.13464198045824705,0,0,0
1646,0.14492847280282722,0.14492847280282722,0,0,0
1647,0.14215235706222684,0.14215235706222684,0,0,0
1648,0.1408370276422877,0.1408370276422877,0,0,0
1649,0.14804731387841075,0.14804731387841075,0,0,0
1650,0.13970148132035606,0.13970148132035606,0,0,0
1651,0.14681516685768178,0.14681516685768178,0,0,0
1652,0.1361084831388373,0.1361084831388373,0,0,0
1653,0.13380598119999232,0.13380598119999232,0,0,0
1654,0.14815362484047287,0.14815362484047287,0,0,0
1655,0.13442171639517733,0.13442171639517733,0,0,0
1656,0.14451744917191958,0.14451744917191958,0,0,0
1657,0.14227010819472766,0.14227010819472766,0,0,0
1658,0.13345679405488467,0.13345679405488467,0,0,0
1659,0.14910161730490232,0.14910161730490232,0,0,0
1660,0.13665389995041646,0.13665389995041646,0,0,0
1661,0.13752200807395734,0.13752200807395734,0,0,0
1662,0.13713423790116058,0.13713423790116058,0,0,0
1663,0.1393621922715714,0.1393621922715714,0,0,0
1664,0.1423600139586549,0.1423600139586549,0,0,0
1665,0.15308919862696999,0.15308919862696999,0,0,0
1666,0.13595872352782049,0.13595872352782049,0,0,0
1667,0.1343052426451131,0.1343052426451131,0,0,0
1668,0.13414363798342252,0.13414363798342252,0,0,0
1669,0.13726661217055822,0.13726661217055822,0,0,0
1670,0.1318138065306764,0.1318138065306764,0,0,0
1671,0.14143637685399307,0.14143637685399307,0,0,0
1672,0.13847191455332855,0.13847191455332855,0,0,0
1673,0.13715238614301933,0.13715238614301933,0,0,0
1674,0.13707683705969861,0.13707683705969861,0,0,0
1675,0.1415325607124128,0.1415325607124128,0,0,0
1676,0.13832690096215197,0.13832690096215197,0,0,0
1677,0.1348312289306992,0.1348312289306992,0,0,0
1678,0.1370621484361197,0.1370621484361197,0,0,0
1679,0.13587694066135506,0.13587694066135506,0,0,0
1680,0.14192035343301923,0.14192035343301923,0,0,0
1681,0.1489036789065913,0.1489036789065913,0,0,0
1682,0.14102600808990629,0.14102600808990629,0,0,0
1683,0.13255750603581729,0.13255750603581729,0,0,0
1684,0.13451619642345528,0.13451619642345528,0,0,0
1685,0.1262800207263545,0.1262800207263545,0,0,0
1686,0.14333570238791013,0.14333570238791013,0,0,0
1687,0.13704429292365125,0.13704429292365125,0,0,0
1688,0.13611938000509613,0.13611938000509613,0,0,0
1689,0.1502721492005022,0.1502721492005022,0,0,0
1690,0.13490332290530205,0.13490332290530205,0,0,0
1691,0.13047503778024724,0.13047503778024724,0,0,0
1692,0.13770205939286634,0.13770205939286634,0,0,0
1693,0.13140969409754402,0.13140969409754402,0,0,0
1694,0.1286256640757385,0.1286256640757385,0,0,0
1695,0.13395889966111435,0.13395889966111435,0,0,0
1696,0.14564530453399607,0.14564530453399607,0,0,0
1697,0.13485486589764295,0.13485486589764295,0,0,0
1698,0.14045296099625135,0.14045296099625135,0,0,0
1699,0.13977739783494095,0.13977739783494095,0,0,0
1700,0.1327860574973257,0.1327860574973257,0,0,0
1701,0.14621450104995778,0.14621450104995778,0,0,0
1702,0.1366852068979489,0.1366852068979489,0,0,0
1703,0.1335233596986846,0.1335233596986846,0,0,0
1704,0.13362195421206324,0.13362195421206324,0,0,0
1705,0.13207519328907916,0.13207519328907916,0,0,0
1706,0.13900818107159515,0.13900818107159515,0,0,0
1707,0.14486748195792498,0.14486748195792498,0,0,0
1708,0.13496638167845576,0.13496638167845576,0,0,0
1709,0.13148485692708115,0.13148485692708115,0,0,0
1710,0.1437841793032069,0.1437841793032069,0,0,0
1711,0.13260775118281967,0.13260775118281967,0,0,0
1712,0.13959933346823641,0.13959933346823641,0,0,0
1713,0.13785957270546964,0.13785957270546964,0,0,0
1714,0.12998995420179868,0.12998995420179868,0,0,0
1715,0.13991898239443176,0.13991898239443176,0,0,0
1716,0.1394670209602306,0.1394670209602306,0,0,0
1717,0.14272178435011915,0.14272178435011915,0,0,0
1718,0.1381561491442354,0.1381561491442354,0,0,0
1719,0.1456958906430947,0.1456958906430947,0,0,0
1720,0.13584979603949346,0.13584979603949346,0,0,0
1721,0.15290510438774763,0.15290510438774763,0,0,0
1722,0.13610721810867912,0.13610721810867912,0,0,0
1723,0.14863160350605062,0.14863160350605062,0,0,0
1724,0.13120602777129725,0.13120602777129725,0,0,0
1725,0.15178420473086207,0.15178420473086207,0,0,0
1726,0.14082446576733337,0.14082446576733337,0,0,0
1727,0.15162334983286105,0.15162334983286105,0,0,0
1728,0.1467572256530586,0.1467572256530586,0,0,0
1729,0.15119952218312965,0.15119952218312965,0,0,0
1730,0.13664039440060916,0.13664039440060916,0,0,0
1731,0.1422197171731999,0.1422197171731999,0,0,0
1732,0.13390443395627172,0.13390443395627172,0,0,0
1733,0.13319497143751696,0.13319497143751696,0,0,0
1734,0.13722552104215874,0.13722552104215874,0,0,0
1735,0.12884364630046644,0.12884364630046644,0,0,0
1736,0.13421614683772387,0.13421614683772387,0,0,0
1737,0.1406774569891001,0.1406774569891001,0,0,0
1738,0.1331305903823752,0.1331305903823752,0,0,0
1739,0.1360744626114243,0.1360744626114243,0,0,0
1740,0.14436239239416623,0.14436239239416623,0,0,0
1741,0.13869086437319456,0.13869086437319456,0,0,0
1742,0.1335371675852098,0.1335371675852098,0,0,0
1743,0.14293084411244644,0.14293084411244644,0,0,0
1744,0.14194277595532567,0.14194277595532567,0,0,0
1745,0.13943283279475413,0.13943283279475413,0,0,0
1746,0.1345294488495902,0.1345294488495902,0,0,0
1747,0.1358581030447232,0.1358581030447232,0,0,0
1748,0.1337089187612659,0.1337089187612659,0,0,0
1749,0.13563990200820722,0.13563990200820722,0,0,0
1750,0.14746744577821932,0.14746744577821932,0,0,0
1751,0.13711627945303917,0.13711627945303917,0,0,0
1752,0.13337573075765058,0.13337573075765058,0,0,0
1753,0.12932639647471278,0.12932639647471278,0,0,0
1754,0.1485946533319197,0.1485946533319197,0,0,0
1755,0.1494460158834332,0.1494460158834332,0,0,0
1756,0.13663560799077937,0.13663560799077937,0,0,0
1757,0.144211611269336,0.144211611269336,0,0,0
1758,0.13757798428598203,0.13757798428598203,0,0,0
1759,0.13904581062103571,0.13904581062103571,0,0,0
1760,0.13091987743973732,0.13091987743973732,0,0,0
1761,0.13598880446270892,0.13598880446270892,0,0,0
1762,0.1368446250103022,0.1368446250103022,0,0,0
1763,0.13582220908842588,0.13582220908842588,0,0,0
1764,0.1284573046784652,0.1284573046784652,0,0,0
1765,0.14484162863932157,0.14484162863932157,0,0,0
1766,0.13983492219918653,0.13983492219918653,0,0,0
1767,0.1430331237222019,0.1430331237222019,0,0,0
1768,0.13192644970197426,0.13192644970197426,0,0,0
1769,0.13476154639532692,0.13476154639532692,0,0,0
1770,0.13313056842276924,0.13313056842276924,0,0,0
1771,0.1269529750080485,0.1269529750080485,0,0,0
1772,0.132847794772763,0.132847794772763,0,0,0
1773,0.1358773163274715,0.1358773163274715,0,0,0
1774,0.13497316170679896,0.13497316170679896,0,0,0
1775,0.1350671896024754,0.1350671896024754,0,0,0
1776,0.13776384607741707,0.13776384607741707,0,0,0
1777,0.1341665042074103,0.1341665042074103,0,0,0
1778,0.13178137885896782,0.13178137885896782,0,0,0
1779,0.13508856316146098,0.13508856316146098,0,0,0
1780,0.13478297426512367,0.13478297426512367,0,0,0
1781,0.13286271808963074,0.13286271808963074,0,0,0
1782,0.14787202250016362,0.14787202250016362,0,0,0
1783,0.13342469969862386,0.13342469969862386,0,0,0
1784,0.1286451271490047,0.1286451271490047,0,0,0
1785,0.12895944185162844,0.12895944185162844,0,0,0
1786,0.14271284973150805,0.14271284973150805,0,0,0
1787,0.14339231542850794,0.14339231542850794,0,0,0
1788,0.13682200249872709,0.13682200249872709,0,0,0
1789,0.13555257296875903,0.13555257296875903,0,0,0
1790,0.1433077709455239,0.1433077709455239,0,0,0
1791,0.12848660820408872,0.12848660820408872,0,0,0
1792,0.1353411566662161,0.1353411566662161,0,0,0
1793,0.12394014177353758,0.12394014177353758,0,0,0
1794,0.13237938716223366,0.13237938716223366,0,0,0
1795,0.13518060743808746,0.13518060743808746,0,0,0
1796,0.12944785583960383,0.12944785583960383,0,0,0
1797,0.13878970397146126,0.13878970397146126,0,0,0
1798,0.15142782561873136,0.15142782561873136,0,0,0
1799,0.126204648496289,0.126204648496289,0,0,0
1800,0.12933240281908134,0.12933240281908134,0,0,0
1801,0.13462160331638237,0.13462160331638237,0,0,0
1802,0.13614677873096967,0.13614677873096967,0,0,0
1803,0.13439657480308884,0.13439657480308884,0,0,0
1804,0.13590578323132113,0.13590578323132113,0,0,0
1805,0.13610081453072398,0.13610081453072398,0,0,0
1806,0.13616423093174634,0.13616423093174634,0,0,0
1807,0.13217321273527646,0.13217321273527646,0,0,0
1808,0.1460775850634826,0.1460775850634826,0,0,0
1809,0.13489952212885806,0.13489952212885806,0,0,0
1810,0.13757529501852236,0.13757529501852236,0,0,0
1811,0.1283858259649653,0.1283858259649653,0,0,0
1812,0.13541831154572337,0.13541831154572337,0,0,0
1813,0.1352582932694962,0.1352582932694962,0,0,0
1814,0.133950153855901,0.133950153855901,0,0,0
1815,0.13078435628037705,0.13078435628037705,0,0,0
1816,0.1464124306252128,0.1464124306252128,0,0,0
1817,0.1405557297954434,0.1405557297954434,0,0,0
1818,0.13614052298821902,0.13614052298821902,0,0,0
1819,0.1342005729675293,0.1342005729675293,0,0,0
1820,0.13968643722565552,0.13968643722565552,0,0,0
1821,0.13599914037867597,0.13599914037867597,0,0,0
1822,0.12738428402103877,0.12738428402103877,0,0,0
1823,0.13818746707157084,0.13818746707157084,0,0,0
1824,0.1368366213221299,0.1368366213221299,0,0,0
1825,0.12885464825912527,0.12885464825912527,0,0,0
1826,0.14229142861930946,0.14229142861930946,0,0,0
1827,0.12898298000034533,0.12898298000034533,0,0,0
1828,0.13626131042838097,0.13626131042838097,0,0,0
1829,0.1393125866980929,0.1393125866980929,0,0,0
1830,0.13496539408439084,0.13496539408439084,0,0,0
1831,0.13479642766086677,0.13479642766086677,0,0,0
1832,0.13376008640778692,0.13376008640778692,0,0,0
1833,0.13755293170872487,0.13755293170872487,0,0,0
1834,0.13068217372423724,0.13068217372423724,0,0,0
1835,0.1327126283002527,0.1327126283002527,0,0,0
1836,0.12863764421720253,0.12863764421720253,0,0,0
1837,0.1351359470894462,0.1351359470894462,0,0,0
1838,0.1362571306526661,0.1362571306526661,0,0,0
1839,0.13363789316070707,0.13363789316070707,0,0,0
1840,0.1331733088744314,0.1331733088744314,0,0,0
1841,0.13608219749049136,0.13608219749049136,0,0,0
1842,0.133267894779381,0.133267894779381,0,0,0
1843,0.13208563900307604,0.13208563900307604,0,0,0
1844,0.13921827881744034,0.13921827881744034,0,0,0
1845,0.1343787083108174,0.1343787083108174,0,0,0
1846,0.1308111224911715,0.1308111224911715,0,0,0
1847,0.13193346579608164,0.13193346579608164,0,0,0
1848,0.1323788683665426,0.1323788683665426,0,0,0
1849,0.13530426393998296,0.13530426393998296,0,0,0
1850,0.1332112727196593,0.1332112727196593,0,0,0
1851,0.13932806469107928,0.13932806469107928,0,0,0
1852,0.12891843993412822,0.12891843993412822,0,0,0
1853,0.13043748528549545,0.13043748528549545,0,0,0
1854,0.13795496288098788,0.13795496288098788,0,0,0
1855,0.14030635513757406,0.14030635513757406,0,0,0
1856,0.1310368454770038,0.1310368454770038,0,0,0
1857,0.12694615880517582,0.12694615880517582,0,0,0
1858,0.13463821203300827,0.13463821203300827,0,0,0
1859,0.13780262262413376,0.13780262262413376,0,0,0
1860,0.13357987411712346,0.13357987411712346,0,0,0
1861,0.13172732332819387,0.13172732332819387,0,0,0
1862,0.13617642439509692,0.13617642439509692,0,0,0
1863,0.13027948356772723,0.13027948356772723,0,0,0
1864,0.13686086276644155,0.13686086276644155,0,0,0
1865,0.1284865538932775,0.1284865538932775,0,0,0
1866,0.13071619562412562,0.13071619562412562,0,0,0
1867,0.13059724475208082,0.13059724475208082,0,0,0
1868,0.13652144588137927,0.13652144588137927,0,0,0
1869,0.13322859963304118,0.13322859963304118,0,0,0
1870,0.12999608936278442,0.12999608936278442,0,0,0
1871,0.1289050169289112,0.1289050169289112,0,0,0
1872,0.13231076653066434,0.13231076653066434,0,0,0
1873,0.12845702449742116,0.12845702449742116,0,0,0
1874,0.13220473555357834,0.13220473555357834,0,0,0
1875,0.13334498887783602,0.13334498887783602,0,0,0
1876,0.13917964677277364,0.13917964677277364,0,0,0
1877,0.12931893432610914,0.12931893432610914,0,0,0
1878,0.13290230204400263,0.13290230204400263,0,0,0
1879,0.12546355728256076,0.12546355728256076,0,0,0
1880,0.1312061956054286,0.1312061956054286,0,0,0
1881,0.1342680862075404,0.1342680862075404,0,0,0
1882,0.13914109139065994,0.13914109139065994,0,0,0
1883,0.12855437692058713,0.12855437692058713,0,0,0
1884,0.13634852555237317,0.13634852555237317,0,0,0
1885,0.13099495164657893,0.13099495164657893,0,0,0
1886,0.1306908207112237,0.1306908207112237,0,0,0
1887,0.12084174038548219,0.12084174038548219,0,0,0
1888,0.1350510222347159,0.1350510222347159,0,0,0
1889,0.13198770759137055,0.13198770759137055,0,0,0
1890,0.13154463215093865,0.13154463215093865,0,0,0
1891,0.14026229495280668,0.14026229495280668,0,0,0
1892,0.1337642604975324,0.1337642604975324,0,0,0
1893,0.12603670378264628,0.12603670378264628,0,0,0
1894,0.14001743475857534,0.14001743475857534,0,0,0
1895,0.13514532913502894,0.13514532913502894,0,0,0
1896,0.12698415941313693,0.12698415941313693,0,0,0
1897,0.12638442335944428,0.12638442335944428,0,0,0
1898,0.1442969770807969,0.1442969770807969,0,0,0
1899,0.12934425649674317,0.12934425649674317,0,0,0
1900,0.13233161580405736,0.13233161580405736,0,0,0
1901,0.1270809391219365,0.1270809391219365,0,0,0
1902,0.12821706913803754,0.12821706913803754,0,0,0
1903,0.1289108409301231,0.1289108409301231,0,0,0
1904,0.1345513374789765,0.1345513374789765,0,0,0
1905,0.13292068478308225,0.13292068478308225,0,0,0
1906,0.13933842217451647,0.13933842217451647,0,0,0
1907,0.13783132069204984,0.13783132069204984,0,0,0
1908,0.14235981808681236,0.14235981808681236,0,0,0
1909,0.14011612495309428,0.14011612495309428,0,0,0
1910,0.13594565873867587,0.13594565873867587,0,0,0
1911,0.13595851295088468,0.13595851295088468,0,0,0
1912,0.13818332121560448,0.13818332121560448,0,0,0
1913,0.13533012745411774,0.13533012745411774,0,0,0
1914,0.13554576764765539,0.13554576764765539,0,0,0
1915,0.13898927345871925,0.13898927345871925,0,0,0
1916,0.13516599371245033,0.13516599371245033,0,0,0
1917,0.14123020399557917,0.14123020399557917,0,0,0
1918,0.14188740010324277,0.14188740010324277,0,0,0
1919,0.13263996200341927,0.13263996200341927,0,0,0
1920,0.129704525792285,0.129704525792285,0,0,0
1921,0.13323159104115084,0.13323159104115084,0,0,0
1922,0.1416143473041685,0.1416143473041685,0,0,0
1923,0.12926947188220525,0.12926947188220525,0,0,0
1924,0.13079284896191798,0.13079284896191798,0,0,0
1925,0.13843256097875142,0.13843256097875142,0,0,0
1926,0.14038324610967384,0.14038324610967384,0,0,0
1927,0.13131939639386378,0.13131939639386378,0,0,0
1928,0.12787752284815437,0.12787752284815437,0,0,0
1929,0.12901065380949722,0.12901065380949722,0,0,0
1930,0.13525795211133204,0.13525795211133204,0,0,0
1931,0.13730359704870926,0.13730359704870926,0,0,0
1932,0.13192225110373998,0.13192225110373998,0,0,0
1933,0.12800556813415728,0.12800556813415728,0,0,0
1934,0.12699853785728155,0.12699853785728155,0,0,0
1935,0.13702540589790596,0.13702540589790596,0,0,0
1936,0.14083908164971753,0.14083908164971753,0,0,0
1937,0.12998333887050026,0.12998333887050026,0,0,0
1938,0.13246700775466466,0.13246700775466466,0,0,0
1939,0.13778697816949143,0.13778697816949143,0,0,0
1940,0.124816697483,0.124816697483,0,0,0
1941,0.1256140152874746,0.1256140152874746,0,0,0
1942,0.13614002419145485,0.13614002419145485,0,0,0
1943,0.13116225462995076,0.13116225462995076,0,0,0
1944,0.13427703631551643,0.13427703631551643,0,0,0
1945,0.13107751839255033,0.13107751839255033,0,0,0
1946,0.13374596559687665,0.13374596559687665,0,0,0
1947,0.1312887629396037,0.1312887629396037,0,0,0
1948,0.13861538195296338,0.13861538195296338,0,0,0
1949,0.1319589299198828,0.1319589299198828,0,0,0
1950,0.13313451232878784,0.13313451232878784,0,0,0
1951,0.12922026020915886,0.12922026020915886,0,0,0
1952,0.13349453399055883,0.13349453399055883,0,0,0
1953,0.13596035461676748,0.13596035461676748,0,0,0
1954,0.13465477290906405,0.13465477290906405,0,0,0
1955,0.12836337501281186,0.12836337501281186,0,0,0
1956,0.1338537000119686,0.1338537000119686,0,0,0
1957,0.13195759587382017,0.13195759587382017,0,0,0
1958,0.1355255159892534,0.1355255159892534,0,0,0
1959,0.1265873195309388,0.1265873195309388,0,0,0
1960,0.1270835164346193,0.1270835164346193,0,0,0
1961,0.13132839453847786,0.13132839453847786,0,0,0
1962,0.13306369887370811,0.13306369887370811,0,0,0
1963,0.1284380306146647,0.1284380306146647,0,0,0
1964,0.13164112187529864,0.13164112187529864,0,0,0
1965,0.12851499432795926,0.12851499432795926,0,0,0
1966,0.1356393949765908,0.1356393949765908,0,0,0
1967,0.13527712245520793,0.13527712245520793,0,0,0
1968,0.12879496420684614,0.12879496420684614,0,0,0
1969,0.13117601310736254,0.13117601310736254,0,0,0
1970,0.13555783994103732,0.13555783994103732,0,0,0
1971,0.1310669709193079,0.1310669709193079,0,0,0
1972,0.12450122147014267,0.12450122147014267,0,0,0
1973,0.12912383499114136,0.12912383499114136,0,0,0
1974,0.13047465721243307,0.13047465721243307,0,0,0
1975,0.1335831880569458,0.1335831880569458,0,0,0
1976,0.1228094000957514,0.1228094000957514,0,0,0
1977,0.12803312332222336,0.12803312332222336,0,0,0
1978,0.1308752137579416,0.1308752137579416,0,0,0
1979,0.13843362405896187,0.13843362405896187,0,0,0
1980,0.13011970410221502,0.13011970410221502,0,0,0
1981,0.13785761751626668,0.13785761751626668,0,0,0
1982,0.12989531300569834,0.12989531300569834,0,0,0
1983,0.1238579277537371,0.1238579277537371,0,0,0
1984,0.13115449269351206,0.13115449269351206,0,0,0
1985,0.13364136140597493,0.13364136140597493,0,0,0
1986,0.12660939638551913,0.12660939638551913,0,0,0
1987,0.13098674385171188,0.13098674385171188,0,0,0
1988,0.13383452123717257,0.13383452123717257,0,0,0
1989,0.12954230528128774,0.12954230528128774,0,0,0
1990,0.12889549371443296,0.12889549371443296,0,0,0
1991,0.13007139277301336,0.13007139277301336,0,0,0
1992,0.12979676437221074,0.12979676437221074,0,0,0
1993,0.1271679197487078,0.1271679197487078,0,0,0
1994,0.12482397964126185,0.12482397964126185,0,0,0
1995,0.1328207103437499,0.1328207103437499,0,0,0
1996,0.13751446906673281,0.13751446906673281,0,0,0
1997,0.13934761540670143,0.13934761540670143,0,0,0
1998,0.12778002807968541,0.12778002807968541,0,0,0
1999,0.13547252000946747,0.13547252000946747,0,0,0
2000,0.12572332148097062,0.12572332148097062,0,0,0
2001,0.13489428437069842,0.13489428437069842,0,0,0
2002,0.1273302041778439,0.1273302041778439,0,0,0
2003,0.12091040709301044,0.12091040709301044,0,0,0
2004,0.1322332010849526,0.1322332010849526,0,0,0
2005,0.1355045773088932,0.1355045773088932,0,0,0
2006,0.12821473102820546,0.12821473102820546,0,0,0
2007,0.13349551982001254,0.13349551982001254,0,0,0
2008,0.12549595907330513,0.12549595907330513,0,0,0
2009,0.13163387618566813,0.13163387618566813,0,0,0
2010,0.1274574416640558,0.1274574416640558,0,0,0
2011,0.12537592414178347,0.12537592414178347,0,0,0
2012,0.13016321804178388,0.13016321804178388,0,0,0
2013,0.13236107049803986,0.13236107049803986,0,0,0
2014,0.1299598552286625,0.1299598552286625,0,0,0
2015,0.12401468993017548,0.12401468993017548,0,0,0
2016,0.13158994383717837,0.13158994383717837,0,0,0
2017,0.12749401303498367,0.12749401303498367,0,0,0
2018,0.12594188377261162,0.12594188377261162,0,0,0
2019,0.1275819830204311,0.1275819830204311,0,0,0
2020,0.12952775782660433,0.12952775782660433,0,0,0
2021,0.12470543364945211,0.12470543364945211,0,0,0
2022,0.13064520610006233,0.13064520610006233,0,0,0
2023,0.1312297231664783,0.1312297231664783,0,0,0
2024,0.13040233854400485,0.13040233854400485,0,0,0
2025,0.12602252944519646,0.12602252944519646,0,0,0
2026,0.13224134241279803,0.13224134241279803,0,0,0
2027,0.12390000549586196,0.12390000549586196,0,0,0
2028,0.13159111044124552,0.13159111044124552,0,0,0
2029,0.12578965096097244,0.12578965096097244,0,0,0
2030,0.12492418073509869,0.12492418073509869,0,0,0
2031,0.12687052158932938,0.12687052158932938,0,0,0
2032,0.12517230447969938,0.12517230447969938,0,0,0
2033,0.12600972836739138,0.12600972836739138,0,0,0
2034,0.1375411629284683,0.1375411629284683,0,0,0
2035,0.12836119807080218,0.12836119807080218,0,0,0
2036,0.12991383750187724,0.12991383750187724,0,0,0
2037,0.1262753878376986,0.1262753878376986,0,0,0
2038,0.12079459683675516,0.12079459683675516,0,0,0
2039,0.1302352098650054,0.1302352098650054,0,0,0
2040,0.12455296869340696,0.12455296869340696,0,0,0
2041,0.12390958223687976,0.12390958223687976,0,0,0
2042,0.11707631929924614,0.11707631929924614,0,0,0
2043,0.12308767379114502,0.12308767379114502,0,0,0
2044,0.13333695519127345,0.13333695519127345,0,0,0
2045,0.1261195811001878,0.1261195811001878,0,0,0
2046,0.12405886324612718,0.12405886324612718,0,0,0
2047,0.13487368214287257,0.13487368214287257,0,0,0
2048,0.1252746980049108,0.1252746980049108,0,0,0
2049,0.123628405756072,0.123628405756072,0,0,0
2050,0.13220837633860738,0.13220837633860738,0,0,0
2051,0.12355919946965419,0.12355919946965419,0,0,0
2052,0.1245355013954012,0.1245355013954012,0,0,0
2053,0.1340456183411573,0.1340456183411573,0,0,0
2054,0.13244900597553505,0.13244900597553505,0,0,0
2055,0.13429093929497818,0.13429093929497818,0,0,0
2056,0.12412248983194954,0.12412248983194954,0,0,0
2057,0.13177396102171196,0.13177396102171196,0,0,0
2058,0.12505659637482544,0.12505659637482544,0,0,0
2059,0.12602554849888148,0.12602554849888148,0,0,0
2060,0.1295433707143131,0.1295433707143131,0,0,0
2061,0.12712298274824493,0.12712298274824493,0,0,0
2062,0.1307931889436747,0.1307931889436747,0,0,0
2063,0.13223248131965337,0.13223248131965337,0,0,0
2064,0.13750117409386134,0.13750117409386134,0,0,0
2065,0.12374195848640643,0.12374195848640643,0,0,0
2066,0.12775880196376851,0.12775880196376851,0,0,0
2067,0.12744729828677678,0.12744729828677678,0,0,0
2068,0.12894920789097486,0.12894920789097486,0,0,0
2069,0.1293679987521548,0.1293679987521548,0,0,0
2070,0.12542711315970673,0.12542711315970673,0,0,0
2071,0.12778203307013764,0.12778203307013764,0,0,0
2072,0.1264045440444821,0.1264045440444821,0,0,0
2073,0.1295857251082596,0.1295857251082596,0,0,0
2074,0.12573202915097537,0.12573202915097537,0,0,0
2075,0.1293799012507263,0.1293799012507263,0,0,0
2076,0.12764607075797885,0.12764607075797885,0,0,0
2077,0.13303899000349798,0.13303899000349798,0,0,0
2078,0.13251085422540965,0.13251085422540965,0,0,0
2079,0.12283281354527724,0.12283281354527724,0,0,0
2080,0.131645543598815,0.131645543598815,0,0,0
2081,0.1294004475991977,0.1294004475991977,0,0,0
2082,0.13603688972560982,0.13603688972560982,0,0,0
2083,0.13543666389427686,0.13543666389427686,0,0,0
2084,0.12809672010572334,0.12809672010572334,0,0,0
2085,0.13603402007567256,0.13603402007567256,0,0,0
2086,0.12628795971211634,0.12628795971211634,0,0,0
2087,0.1302497912394373,0.1302497912394373,0,0,0
2088,0.12459907014118998,0.12459907014118998,0,0,0
2089,0.12976395064278654,0.12976395064278654,0,0,0
2090,0.12902019290547623,0.12902019290547623,0,0,0
2091,0.13229912784146636,0.13229912784146636,0,0,0
2092,0.12446373583454835,0.12446373583454835,0,0,0
2093,0.13104025333335526,0.13104025333335526,0,0,0
2094,0.13400554362880557,0.13400554362880557,0,0,0
2095,0.12307672928038396,0.12307672928038396,0,0,0
2096,0.12095198113667338,0.12095198113667338,0,0,0
2097,0.12289260210175264,0.12289260210175264,0,0,0
2098,0.12918534423959882,0.12918534423959882,0,0,0
2099,0.12627664463300453,0.12627664463300453,0,0,0
2100,0.13758667813319908,0.13758667813319908,0,0,0
2101,0.12631125846191457,0.12631125846191457,0,0,0
2102,0.12649387885865412,0.12649387885865412,0,0,0
2103,0.12501509330774607,0.12501509330774607,0,0,0
2104,0.12444232345411652,0.12444232345411652,0,0,0
2105,0.12622925658759318,0.12622925658759318,0,0,0
2106,0.12222860145725702,0.12222860145725702,0,0,0
2107,0.12416373938322067,0.12416373938322067,0,0,0
2108,0.12437689029856731,0.12437689029856731,0,0,0
2109,0.12334752925916721,0.12334752925916721,0,0,0
2110,0.12560462363456426,0.12560462363456426,0,0,0
2111,0.12698899778096298,0.12698899778096298,0,0,0
2112,0.12988560058568654,0.12988560058568654,0,0,0
2113,0.13031532262500964,0.13031532262500964,0,0,0
2114,0.12225392696104552,0.12225392696104552,0,0,0
2115,0.12969842474711568,0.12969842474711568,0,0,0
2116,0.12403124002249617,0.12403124002249617,0,0,0
2117,0.12386774605042056,0.12386774605042056,0,0,0
2118,0.1253998479560802,0.1253998479560802,0,0,0
2119,0.12261534697915379,0.12261534697915379,0,0,0
2120,0.12622415215561264,0.12622415215561264,0,0,0
2121,0.12385633823118712,0.12385633823118712,0,0,0
2122,0.12124226810900789,0.12124226810900789,0,0,0
2123,0.1269237844175414,0.1269237844175414,0,0,0
2124,0.125681797140523,0.125681797140523,0,0,0
2125,0.1237345996655916,0.1237345996655916,0,0,0
2126,0.12772475241830475,0.12772475241830475,0,0,0
2127,0.12171336047743496,0.12171336047743496,0,0,0
2128,0.1260317054234053,0.1260317054234053,0,0,0
2129,0.12096665927061909,0.12096665927061909,0,0,0
2130,0.13095399345222272,0.13095399345222272,0,0,0
2131,0.12858927798898598,0.12858927798898598,0,0,0
2132,0.12538822485428108,0.12538822485428108,0,0,0
2133,0.12279378995299339,0.12279378995299339,0,0,0
2134,0.13165941442313947,0.13165941442313947,0,0,0
2135,0.12730741344000163,0.12730741344000163,0,0,0
2136,0.12606875676857798,0.12606875676857798,0,0,0
2137,0.128259460784887,0.128259460784887,0,0,0
2138,0.12492206124098677,0.12492206124098677,0,0,0
2139,0.12983938875166992,0.12983938875166992,0,0,0
2140,0.12077203785118304,0.12077203785118304,0,0,0
2141,0.13021233128873924,0.13021233128873924,0,0,0
2142,0.12601879435150246,0.12601879435150246,0,0,0
2143,0.14066357734171966,0.14066357734171966,0,0,0
2144,0.12150605591504197,0.12150605591504197,0,0,0
2145,0.1192032143865761,0.1192032143865761,0,0,0
2146,0.12731367859401202,0.12731367859401202,0,0,0
2147,0.13181013064949135,0.13181013064949135,0,0,0
2148,0.1265371771235215,0.1265371771235215,0,0,0
2149,0.12598194025064768,0.12598194025064768,0,0,0
2150,0.13202501304055514,0.13202501304055514,0,0,0
2151,0.1241817748860309,0.1241817748860309,0,0,0
2152,0.12013395052207143,0.12013395052207143,0,0,0
2153,0.12309621647000313,0.12309621647000313,0,0,0
2154,0.12945309104888061,0.12945309104888061,0,0,0
2155,0.12960617636379443,0.12960617636379443,0,0,0
2156,0.12064241049321074,0.12064241049321074,0,0,0
2157,0.124456724053935,0.124456724053935,0,0,0
2158,0.1264556481650001,0.1264556481650001,0,0,0
2159,0.13364661955519727,0.13364661955519727,0,0,0
2160,0.12639325798342102,0.12639325798342102,0,0,0
2161,0.12596731181991727,0.12596731181991727,0,0,0
2162,0.12581993874750638,0.12581993874750638,0,0,0
2163,0.1287587339940824,0.1287587339940824,0,0,0
2164,0.11979357427672337,0.11979357427672337,0,0,0
2165,0.11980549736242545,0.11980549736242545,0,0,0
2166,0.12666957648961166,0.12666957648961166,0,0,0
2167,0.12430904982121367,0.12430904982121367,0,0,0
2168,0.12732716394882454,0.12732716394882454,0,0,0
2169,0.12404367543364826,0.12404367543364826,0,0,0
2170,0.1209082381897851,0.1209082381897851,0,0,0
2171,0.12288241441312589,0.12288241441312589,0,0,0
2172,0.12460010322301011,0.12460010322301011,0,0,0
2173,0.12994354963302612,0.12994354963302612,0,0,0
2174,0.12505747966076197,0.12505747966076197,0,0,0
2175,0.14242367916985563,0.14242367916985563,0,0,0
2176,0.12362604176527575,0.12362604176527575,0,0,0
2177,0.1264058714242358,0.1264058714242358,0,0,0
2178,0.12666507261364082,0.12666507261364082,0,0,0
2179,0.1281729243499668,0.1281729243499668,0,0,0
2180,0.12239946562208627,0.12239946562208627,0,0,0
2181,0.1284523941576481,0.1284523941576481,0,0,0
2182,0.12679769314433398,0.12679769314433398,0,0,0
2183,0.11810996638316858,0.11810996638316858,0,0,0
2184,0.13512802261270976,0.13512802261270976,0,0,0
2185,0.14055573842243144,0.14055573842243144,0,0,0
2186,0.12497798333826818,0.12497798333826818,0,0,0
2187,0.13250352618725678,0.13250352618725678,0,0,0
2188,0.13568989658042005,0.13568989658042005,0,0,0
2189,0.12455893915734793,0.12455893915734793,0,0,0
2190,0.12543760338111928,0.12543760338111928,0,0,0
2191,0.11770852047361825,0.11770852047361825,0,0,0
2192,0.12827843976648232,0.12827843976648232,0,0,0
2193,0.13007683718675062,0.13007683718675062,0,0,0
2194,0.1250558040643993,0.1250558040643993,0,0,0
2195,0.12308142961640108,0.12308142961640108,0,0,0
2196,0.12034997814580013,0.12034997814580013,0,0,0
2197,0.1321632442505736,0.1321632442505736,0,0,0
2198,0.11993218252533361,0.11993218252533361,0,0,0
2199,0.1277445527283769,0.1277445527283769,0,0,0
2200,0.1250160548247789,0.1250160548247789,0,0,0
2201,0.1252118207906422,0.1252118207906422,0,0,0
2202,0.13191238771143712,0.13191238771143712,0,0,0
2203,0.12288444253959153,0.12288444253959153,0,0,0
2204,0.12467856411086886,0.12467856411086886,0,0,0
2205,0.12617428247865878,0.12617428247865878,0,0,0
2206,0.13003706265436976,0.13003706265436976,0,0,0
2207,0.12056845995156389,0.12056845995156389,0,0,0
2208,0.1287654735344021,0.1287654735344021,0,0,0
2209,0.12124851502870258,0.12124851502870258,0,0,0
2210,0.12542611576224627,0.12542611576224627,0,0,0
2211,0.12892962835336985,0.12892962835336985,0,0,0
2212,0.13562045756139254,0.13562045756139254,0,0,0
2213,0.1192681895274865,0.1192681895274865,0,0,0
2214,0.12935992663628176,0.12935992663628176,0,0,0
2215,0.1307794187021883,0.1307794187021883,0,0,0
2216,0.12371640691631719,0.12371640691631719,0,0,0
2217,0.12283912575558613,0.12283912575558613,0,0,0
2218,0.12510941334460912,0.12510941334460912,0,0,0
2219,0.12581463883581914,0.12581463883581914,0,0,0
2220,0.13359604442590162,0.13359604442590162,0,0,0
2221,0.1281703292931381,0.1281703292931381,0,0,0
2222,0.12133182251923963,0.12133182251923963,0,0,0
2223,0.13119889266396823,0.13119889266396823,0,0,0
2224,0.12457553120820146,0.12457553120820146,0,0,0
2225,0.11996243247076084,0.11996243247076084,0,0,0
2226,0.12617380407295728,0.12617380407295728,0,0,0
2227,0.12406206836825923,0.12406206836825923,0,0,0
2228,0.12225123318402391,0.12225123318402391,0,0,0
2229,0.12176287880069331,0.12176287880069331,0,0,0
2230,0.1189676783978939,0.1189676783978939,0,0,0
2231,0.12640063739136645,0.12640063739136645,0,0,0
2232,0.1261388418313704,0.1261388418313704,0,0,0
2233,0.12530867500524773,0.12530867500524773,0,0,0
2234,0.12040323254309203,0.12040323254309203,0,0,0
2235,0.12079624047404841,0.12079624047404841,0,0,0
2236,0.12990901148632952,0.12990901148632952,0,0,0
2237,0.12761472793001877,0.12761472793001877,0,0,0
2238,0.1349517171712298,0.1349517171712298,0,0,0
2239,0.1275653274435746,0.1275653274435746,0,0,0
2240,0.12896567367409406,0.12896567367409406,0,0,0
2241,0.12476363817327901,0.12476363817327901,0,0,0
2242,0.12034151958007562,0.12034151958007562,0,0,0
2243,0.12548143573497472,0.12548143573497472,0,0,0
2244,0.11719685792922974,0.11719685792922974,0,0,0
2245,0.1260825779877211,0.1260825779877211,0,0,0
2246,0.1272145029353468,0.1272145029353468,0,0,0
2247,0.12395946034475376,0.12395946034475376,0,0,0
2248,0.12123121478055653,0.12123121478055653,0,0,0
2249,0.1225791965660296,0.1225791965660296,0,0,0
2250,0.11869478598237038,0.11869478598237038,0,0,0
2251,0.12319572799299892,0.12319572799299892,0,0,0
2252,0.12155500054359436,0.12155500054359436,0,0,0
2253,0.12367290709363787,0.12367290709363787,0,0,0
2254,0.12856167172522923,0.12856167172522923,0,0,0
2255,0.11624039239005039,0.11624039239005039,0,0,0
2256,0.12482655675787675,0.12482655675787675,0,0,0
2257,0.12302875910934649,0.12302875910934649,0,0,0
2258,0.1298491168571146,0.1298491168571146,0,0,0
2259,0.11886919172186601,0.11886919172186601,0,0,0
2260,0.13282899480116994,0.13282899480116994,0,0,0
2261,0.1166349663154075,0.1166349663154075,0,0,0
2262,0.12229513122062934,0.12229513122062934,0,0,0
2263,0.1224151790926331,0.1224151790926331,0,0,0
2264,0.12477713588036989,0.12477713588036989,0,0,0
2265,0.12088914274385101,0.12088914274385101,0,0,0
2266,0.12407489238600981,0.12407489238600981,0,0,0
2267,0.12393824716931895,0.12393824716931895,0,0,0
2268,0.12297877414446128,0.12297877414446128,0,0,0
2269,0.13262952981810822,0.13262952981810822,0,0,0
2270,0.12488648373829692,0.12488648373829692,0,0,0
2271,0.12198889824120622,0.12198889824120622,0,0,0
2272,0.1251478485370937,0.1251478485370937,0,0,0
2273,0.1254277397927485,0.1254277397927485,0,0,0
2274,0.1271437277135096,0.1271437277135096,0,0,0
2275,0.12826840834398018,0.12826840834398018,0,0,0
2276,0.12355101049730652,0.12355101049730652,0,0,0
2277,0.12329130698191493,0.12329130698191493,0,0,0
2278,0.11921040066762974,0.11921040066762974,0,0,0
2279,0.12310992534223356,0.12310992534223356,0,0,0
2280,0.12450016250735835,0.12450016250735835,0,0,0
2281,0.13427947892954475,0.13427947892954475,0,0,0
2282,0.12094441585634884,0.12094441585634884,0,0,0
2283,0.1278369877683489,0.1278369877683489,0,0,0
2284,0.13097707123348587,0.13097707123348587,0,0,0
2285,0.11884127733738799,0.11884127733738799,0,0,0
2286,0.1237282739265969,0.1237282739265969,0,0,0
2287,0.1192967193691354,0.1192967193691354,0,0,0
2288,0.12888208913959956,0.12888208913959956,0,0,0
2289,0.12440682692747367,0.12440682692747367,0,0,0
2290,0.1204007881644525,0.1204007881644525,0,0,0
2291,0.1237870566546917,0.1237870566546917,0,0,0
2292,0.12376851804162327,0.12376851804162327,0,0,0
2293,0.11784670050991208,0.11784670050991208,0,0,0
2294,0.12400617352441738,0.12400617352441738,0,0,0
2295,0.13314903488284663,0.13314903488284663,0,0,0
2296,0.13227276111903943,0.13227276111903943,0,0,0
2297,0.11910792910738995,0.11910792910738995,0,0,0
2298,0.11636245329129069,0.11636245329129069,0,0,0
2299,0.12388823063750017,0.12388823063750017,0,0,0
2300,0.1271142008665361,0.1271142008665361,0,0,0
2301,0.11872707405372669,0.11872707405372669,0,0,0
2302,0.12349047707883935,0.12349047707883935,0,0,0
2303,0.1241019276019774,0.1241019276019774,0,0,0
2304,0.12486356771305988,0.12486356771305988,0,0,0
2305,0.1249451574526335,0.1249451574526335,0,0,0
2306,0.1181288392920243,0.1181288392920243,0,0,0
2307,0.11906778479093,0.11906778479093,0,0,0
2308,0.12145068359218146,0.12145068359218146,0,0,0
2309,0.11994703094425954,0.11994703094425954,0,0,0
2310,0.12050864531805641,0.12050864531805641,0,0,0
2311,0.13671456061695753,0.13671456061695753,0,0,0
2312,0.12249214359019932,0.12249214359019932,0,0,0
2313,0.11905216739365929,0.11905216739365929,0,0,0
2314,0.11428598079242204,0.11428598079242204,0,0,0
2315,0.12500956438873945,0.12500956438873945,0,0,0
2316,0.1260148077026794,0.1260148077026794,0,0,0
2317,0.1262274696246574,0.1262274696246574,0,0,0
2318,0.12296508331047862,0.12296508331047862,0,0,0
2319,0.13367700870884092,0.13367700870884092,0,0,0
2320,0.12348056564989843,0.12348056564989843,0,0,0
2321,0.13524768815228813,0.13524768815228813,0,0,0
2322,0.12242776175078593,0.12242776175078593,0,0,0
2323,0.12116275492467378,0.12116275492467378,0,0,0
2324,0.12642362615779826,0.12642362615779826,0,0,0
2325,0.12442551651283314,0.12442551651283314,0,0,0
2326,0.11936502393923308,0.11936502393923308,0,0,0
2327,0.11952238902449608,0.11952238902449608,0,0,0
2328,0.13007490630996854,0.13007490630996854,0,0,0
2329,0.11524344823862377,0.11524344823862377,0,0,0
2330,0.12236091043604047,0.12236091043604047,0,0,0
2331,0.12289211879435338,0.12289211879435338,0,0,0
2332,0.11758107966498325,0.11758107966498325,0,0,0
2333,0.12719465615717987,0.12719465615717987,0,0,0
2334,0.12481132169303141,0.12481132169303141,0,0,0
2335,0.12365370851598288,0.12365370851598288,0,0,0
2336,0.12304993914930444,0.12304993914930444,0,0,0
2337,0.11930341077478308,0.11930341077478308,0,0,0
2338,0.11760933481548962,0.11760933481548962,0,0,0
2339,0.13073304295539856,0.13073304295539856,0,0,0
2340,0.12343349739124901,0.12343349739124901,0,0,0
2341,0.11468730278705296,0.11468730278705296,0,0,0
2342,0.11596202105283737,0.11596202105283737,0,0,0
2343,0.1204106823394173,0.1204106823394173,0,0,0
2344,0.1268548206671288,0.1268548206671288,0,0,0
2345,0.12858899212197253,0.12858899212197253,0,0,0
2346,0.12465561847937734,0.12465561847937734,0,0,0
2347,0.12116421406206332,0.12116421406206332,0,0,0
2348,0.1273500903656608,0.1273500903656608,0,0,0
2349,0.1227822723357301,0.1227822723357301,0,0,0
2350,0.11921198744522898,0.11921198744522898,0,0,0
2351,0.12366029659384176,0.12366029659384176,0,0,0
2352,0.12135907399811242,0.12135907399811242,0,0,0
2353,0.12296362319274952,0.12296362319274952,0,0,0
2354,0.12062139887558787,0.12062139887558787,0,0,0
2355,0.11880534828493469,0.11880534828493469,0,0,0
2356,0.11823319937837751,0.11823319937837751,0,0,0
2357,0.13383546138280317,0.13383546138280317,0,0,0
2358,0.12135513126850128,0.12135513126850128,0,0,0
2359,0.1156386662470667,0.1156386662470667,0,0,0
2360,0.12201005475301492,0.12201005475301492,0,0,0
2361,0.12459206424261395,0.12459206424261395,0,0,0
2362,0.12690326689105286,0.12690326689105286,0,0,0
2363,0.12721523995462217,0.12721523995462217,0,0,0
2364,0.131903711510332,0.131903711510332,0,0,0
2365,0.11525692104509003,0.11525692104509003,0,0,0
2366,0.11820231103583385,0.11820231103583385,0,0,0
2367,0.12376696832085911,0.12376696832085911,0,0,0
2368,0.12045086959474965,0.12045086959474965,0,0,0
2369,0.12151209617915906,0.12151209617915906,0,0,0
2370,0.12582938196627716,0.12582938196627716,0,0,0
2371,0.12023289344812695,0.12023289344812695,0,0,0
2372,0.12160372930137735,0.12160372930137735,0,0,0
2373,0.12246872269009289,0.12246872269009289,0,0,0
2374,0.1262344657198379,0.1262344657198379,0,0,0
2375,0.13069981709122658,0.13069981709122658,0,0,0
2376,0.11376093308392324,0.11376093308392324,0,0,0
2377,0.11682355698002012,0.11682355698002012,0,0,0
2378,0.12214766932945502,0.12214766932945502,0,0,0
2379,0.12287557870149612,0.12287557870149612,0,0,0
2380,0.12325212006506167,0.12325212006506167,0,0,0
2381,0.12140164406676042,0.12140164406676042,0,0,0
2382,0.11903246805856102,0.11903246805856102,0,0,0
2383,0.12324003247838271,0.12324003247838271,0,0,0
2384,0.12352612438170534,0.12352612438170534,0,0,0
2385,0.11339976756196272,0.11339976756196272,0,0,0
2386,0.11543377047698748,0.11543377047698748,0,0,0
2387,0.11919426016117397,0.11919426016117397,0,0,0
2388,0.11581374332308769,0.11581374332308769,0,0,0
2389,0.12650500551650398,0.12650500551650398,0,0,0
2390,0.12250703945755959,0.12250703945755959,0,0,0
2391,0.11523573531916267,0.11523573531916267,0,0,0
2392,0.12204658514574955,0.12204658514574955,0,0,0
2393,0.11791346339802992,0.11791346339802992,0,0,0
2394,0.12486467471248225,0.12486467471248225,0,0,0
2395,0.1221685174264406,0.1221685174264406,0,0,0
2396,0.12213100159638807,0.12213100159638807,0,0,0
2397,0.12289518784535558,0.12289518784535558,0,0,0
2398,0.12640774544132383,0.12640774544132383,0,0,0
2399,0.12333678395340317,0.12333678395340317,0,0,0
2400,0.11637901397127855,0.11637901397127855,0,0,0
2401,0.12160148785302513,0.12160148785302513,0,0,0
2402,0.12351904466356102,0.12351904466356102,0,0,0
2403,0.12537241315371112,0.12537241315371112,0,0,0
2404,0.1305426849346412,0.1305426849346412,0,0,0
2405,0.11985373595043232,0.11985373595043232,0,0,0
2406,0.125735804438591,0.125735804438591,0,0,0
2407,0.12466067428651609,0.12466067428651609,0,0,0
2408,0.11895421127739705,0.11895421127739705,0,0,0
2409,0.12462784408738739,0.12462784408738739,0,0,0
2410,0.1191446963501604,0.1191446963501604,0,0,0
2411,0.11606748068803235,0.11606748068803235,0,0,0
2412,0.13187243985502342,0.13187243985502342,0,0,0
2413,0.11737100270233657,0.11737100270233657,0,0,0
2414,0.12226760387420654,0.12226760387420654,0,0,0
2415,0.12076016319425482,0.12076016319425482,0,0,0
2416,0.1162309472106005,0.1162309472106005,0,0,0
2417,0.11930885558065615,0.11930885558065615,0,0,0
2418,0.13171921866504768,0.13171921866504768,0,0,0
2419,0.1280303609214331,0.1280303609214331,0,0,0
2420,0.12054827083882533,0.12054827083882533,0,0,0
2421,0.11813940460744657,0.11813940460744657,0,0,0
2422,0.12086340922274087,0.12086340922274087,0,0,0
2423,0.12171025319319022,0.12171025319319022,0,0,0
2424,0.13282360744319463,0.13282360744319463,0,0,0
2425,0.11569872361264731,0.11569872361264731,0,0,0
2426,0.12048997514342007,0.12048997514342007,0,0,0
2427,0.11703859622541227,0.11703859622541227,0,0,0
2428,0.11986550041719486,0.11986550041719486,0,0,0
2429,0.12452210387901257,0.12452210387901257,0,0,0
2430,0.11970197703493268,0.11970197703493268,0,0,0
2431,0.12218128448646319,0.12218128448646319,0,0,0
2432,0.12154717841430714,0.12154717841430714,0,0,0
2433,0.11632349753850385,0.11632349753850385,0,0,0
2434,0.1218410797025028,0.1218410797025028,0,0,0
2435,0.11612849525715176,0.11612849525715176,0,0,0
2436,0.12535682614696653,0.12535682614696653,0,0,0
2437,0.12901047852478528,0.12901047852478528,0,0,0
2438,0.11704245356744841,0.11704245356744841,0,0,0
2439,0.11782565556074444,0.11782565556074444,0,0,0
2440,0.12113657672154277,0.12113657672154277,0,0,0
2441,0.1188486528239752,0.1188486528239752,0,0,0
2442,0.12229781578245916,0.12229781578245916,0,0,0
2443,0.1263193268524973,0.1263193268524973,0,0,0
2444,0.12524847764717906,0.12524847764717906,0,0,0
2445,0.12210945294875848,0.12210945294875848,0,0,0
2446,0.10911782144715912,0.10911782144715912,0,0,0
2447,0.12157928982847616,0.12157928982847616,0,0,0
2448,0.12022917364772998,0.12022917364772998,0,0,0
2449,0.11755244159384777,0.11755244159384777,0,0,0
2450,0.11351164391166285,0.11351164391166285,0,0,0
2451,0.11605467068913736,0.11605467068913736,0,0,0
2452,0.12034654950625018,0.12034654950625018,0,0,0
2453,0.1200342299906831,0.1200342299906831,0,0,0
2454,0.11657037703614485,0.11657037703614485,0,0,0
2455,0.11734852881023758,0.11734852881023758,0,0,0
2456,0.1580089448313964,0.1580089448313964,0,0,0
2457,0.13633060494535848,0.13633060494535848,0,0,0
2458,0.12203838205651234,0.12203838205651234,0,0,0
2459,0.11735378264596588,0.11735378264596588,0,0,0
2460,0.11758178570552875,0.11758178570552875,0,0,0
2461,0.11071047461346577,0.11071047461346577,0,0,0
2462,0.11829676165392525,0.11829676165392525,0,0,0
2463,0.12759671438681452,0.12759671438681452,0,0,0
2464,0.1235001316588176,0.1235001316588176,0,0,0
2465,0.1196919422792761,0.1196919422792761,0,0,0
2466,0.12759294909866234,0.12759294909866234,0,0,0
2467,0.11771656317930472,0.11771656317930472,0,0,0
2468,0.11358939287693877,0.11358939287693877,0,0,0
2469,0.11716898766003157,0.11716898766003157,0,0,0
2470,0.12347808146947309,0.12347808146947309,0,0,0
2471,0.12091812040460737,0.12091812040460737,0,0,0
2472,0.1315178698615024,0.1315178698615024,0,0,0
2473,0.12258071668053928,0.12258071668053928,0,0,0
2474,0.11550346409019671,0.11550346409019671,0,0,0
2475,0.12167273775527351,0.12167273775527351,0,0,0
2476,0.11930967396811436,0.11930967396811436,0,0,0
2477,0.11316472438997344,0.11316472438997344,0,0,0
2478,0.11424837614360608,0.11424837614360608,0,0,0
2479,0.1176032376916785,0.1176032376916785,0,0,0
2480,0.1301306039094925,0.1301306039094925,0,0,0
2481,0.11458724737167358,0.11458724737167358,0,0,0
2482,0.11516010290698002,0.11516010290698002,0,0,0
2483,0.11952823341677063,0.11952823341677063,0,0,0
2484,0.1168604375500428,0.1168604375500428,0,0,0
2485,0.12208015550124018,0.12208015550124018,0,0,0
2486,0.11618590590200926,0.11618590590200926,0,0,0
2487,0.11742207976548295,0.11742207976548295,0,0,0
2488,0.11529615697892089,0.11529615697892089,0,0,0
2489,0.1260355160032448,0.1260355160032448,0,0,0
2490,0.12265965469965809,0.12265965469965809,0,0,0
2491,0.11813411842051305,0.11813411842051305,0,0,0
2492,0.11852015103948743,0.11852015103948743,0,0,0
2493,0.12080855138207737,0.12080855138207737,0,0,0
2494,0.11572946196323947,0.11572946196323947,0,0,0
2495,0.12037644643140466,0.12037644643140466,0,0,0
2496,0.12239569856932289,0.12239569856932289,0,0,0
2497,0.12123794049808853,0.12123794049808853,0,0,0
2498,0.11532968988544062,0.11532968988544062,0,0,0
2499,0.11842725327924679,0.11842725327924679,0,0,0
2500,0.11319958830350324,0.11319958830350324,0,0,0
2501,0.12082415662313763,0.12082415662313763,0,0,0
2502,0.12190173389880281,0.12190173389880281,0,0,0
2503,0.1258560107334664,0.1258560107334664,0,0,0
2504,0.12175296913636358,0.12175296913636358,0,0,0
2505,0.11850635707378387,0.11850635707378387,0,0,0
2506,0.12628295684331342,0.12628295684331342,0,0,0
2507,0.11547705491906718,0.11547705491906718,0,0,0
2508,0.11518571702273268,0.11518571702273268,0,0,0
2509,0.11939108048222567,0.11939108048222567,0,0,0
2510,0.11401923275307606,0.11401923275307606,0,0,0
2511,0.11888785503412548,0.11888785503412548,0,0,0
2512,0.11664844578818272,0.11664844578818272,0,0,0
2513,0.12626910641005165,0.12626910641005165,0,0,0
2514,0.12153487417258714,0.12153487417258714,0,0,0
2515,0.11648347660114891,0.11648347660114891,0,0,0
2516,0.12361668265963856,0.12361668265963856,0,0,0
2517,0.12524728751496264,0.12524728751496264,0,0,0
2518,0.12093745995508998,0.12093745995508998,0,0,0
2519,0.117870610795523,0.117870610795523,0,0,0
2520,0.1172979905417091,0.1172979905417091,0,0,0
2521,0.11926978159891932,0.11926978159891932,0,0,0
2522,0.11871236856830747,0.11871236856830747,0,0,0
2523,0.11877013409608289,0.11877013409608289,0,0,0
2524,0.12904130745875209,0.12904130745875209,0,0,0
2525,0.11951678971710958,0.11951678971710958,0,0,0
2526,0.11740335449576378,0.11740335449576378,0,0,0
2527,0.12143278416050107,0.12143278416050107,0,0,0
2528,0.11608103015705158,0.11608103015705158,0,0,0
2529,0.11031755608947653,0.11031755608947653,0,0,0
2530,0.11831841519788693,0.11831841519788693,0,0,0
2531,0.11671552709058712,0.11671552709058712,0,0,0
2532,0.13087386814387222,0.13087386814387222,0,0,0
2533,0.1196680472869622,0.1196680472869622,0,0,0
2534,0.12395294422381803,0.12395294422381803,0,0,0
2535,0.11206891015172005,0.11206891015172005,0,0,0
2536,0.12103953761489768,0.12103953761489768,0,0,0
2537,0.11508727308950926,0.11508727308950926,0,0,0
2538,0.12082364312128017,0.12082364312128017,0,0,0
2539,0.12028412579705841,0.12028412579705841,0,0,0
2540,0.1211282528544727,0.1211282528544727,0,0,0
2541,0.11764864662760183,0.11764864662760183,0,0,0
2542,0.12251423397346546,0.12251423397346546,0,0,0
2543,0.122886957110543,0.122886957110543,0,0,0
2544,0.11934166323197515,0.11934166323197515,0,0,0
2545,0.12301504278653547,0.12301504278653547,0,0,0
2546,0.12046711186045095,0.12046711186045095,0,0,0
2547,0.11406673177292473,0.11406673177292473,0,0,0
2548,0.11837737085787874,0.11837737085787874,0,0,0
2549,0.1174103807854025,0.1174103807854025,0,0,0
2550,0.11225228344923571,0.11225228344923571,0,0,0
2551,0.11739360894027509,0.11739360894027509,0,0,0
2552,0.11840163935956202,0.11840163935956202,0,0,0
2553,0.12308192076651674,0.12308192076651674,0,0,0
2554,0.1106662946312051,0.1106662946312051,0,0,0
2555,0.11994664145535544,0.11994664145535544,0,0,0
2556,0.11513027999746173,0.11513027999746173,0,0,0
2557,0.11931624538020084,0.11931624538020084,0,0,0
2558,0.11482572065372217,0.11482572065372217,0,0,0
2559,0.11596935693370669,0.11596935693370669,0,0,0
2560,0.11860126943180435,0.11860126943180435,0,0,0
2561,0.12021947416820024,0.12021947416820024,0,0,0
2562,0.12289891274351823,0.12289891274351823,0,0,0
2563,0.116799629636501,0.116799629636501,0,0,0
2564,0.12405193832359816,0.12405193832359816,0,0,0
2565,0.12435601690882131,0.12435601690882131,0,0,0
2566,0.11600390370739133,0.11600390370739133,0,0,0
2567,0.11665345689183787,0.11665345689183787,0,0,0
2568,0.11731788104302004,0.11731788104302004,0,0,0
2569,0.12361108923428937,0.12361108923428937,0,0,0
2570,0.11638005940537703,0.11638005940537703,0,0,0
2571,0.12264184967467659,0.12264184967467659,0,0,0
2572,0.11727660815966756,0.11727660815966756,0,0,0
2573,0.11982843966076248,0.11982843966076248,0,0,0
2574,0.1196540760758676,0.1196540760758676,0,0,0
2575,0.10932002549892977,0.10932002549892977,0,0,0
2576,0.11867593052355867,0.11867593052355867,0,0,0
2577,0.12427217474109248,0.12427217474109248,0,0,0
2578,0.11779214598630604,0.11779214598630604,0,0,0
2579,0.11601113331945319,0.11601113331945319,0,0,0
2580,0.12165431599867971,0.12165431599867971,0,0,0
2581,0.11670846629299615,0.11670846629299615,0,0,0
2582,0.1166871190071106,0.1166871190071106,0,0,0
2583,0.1203057254223447,0.1203057254223447,0,0,0
2584,0.123795601098161,0.123795601098161,0,0,0
2585,0.11579698618305356,0.11579698618305356,0,0,0
2586,0.1139966731793002,0.1139966731793002,0,0,0
2587,0.11675223433657696,0.11675223433657696,0,0,0
2588,0.12109548382853207,0.12109548382853207,0,0,0
2589,0.11269650510267208,0.11269650510267208,0,0,0
2590,0.13794276726089025,0.13794276726089025,0,0,0
2591,0.11573418053357225,0.11573418053357225,0,0,0
2592,0.11711028571191587,0.11711028571191587,0,0,0
2593,0.12250229147704024,0.12250229147704024,0,0,0
2594,0.12022086311327784,0.12022086311327784,0,0,0
2595,0.1171818950066441,0.1171818950066441,0,0,0
2596,0.11221356925211455,0.11221356925211455,0,0,0
2597,0.11468139682945452,0.11468139682945452,0,0,0
2598,0.12123368366768486,0.12123368366768486,0,0,0
2599,0.11714338628869307,0.11714338628869307,0,0,0
2600,0.11373683222030338,0.11373683222030338,0,0,0
2601,0.11170827852267969,0.11170827852267969,0,0,0
2602,0.1172091802091975,0.1172091802091975,0,0,0
2603,0.1127145498206741,0.1127145498206741,0,0,0
2604,0.11202405863686611,0.11202405863686611,0,0,0
2605,0.11910386883506649,0.11910386883506649,0,0,0
2606,0.11650045765073676,0.11650045765073676,0,0,0
2607,0.11596654414346344,0.11596654414346344,0,0,0
2608,0.11027966263262849,0.11027966263262849,0,0,0
2609,0.11736036503785535,0.11736036503785535,0,0,0
2610,0.117491662110153,0.117491662110153,0,0,0
2611,0.12296806609160021,0.12296806609160021,0,0,0
2612,0.11242434794181272,0.11242434794181272,0,0,0
2613,0.11995300611383036,0.11995300611383036,0,0,0
2614,0.11619198969320248,0.11619198969320248,0,0,0
2615,0.11970678952179457,0.11970678952179457,0,0,0
2616,0.11135713638443696,0.11135713638443696,0,0,0
2617,0.12558037042617798,0.12558037042617798,0,0,0
2618,0.12350983858892792,0.12350983858892792,0,0,0
2619,0.12602866009662025,0.12602866009662025,0,0,0
2620,0.11317536921093338,0.11317536921093338,0,0,0
2621,0.11078239124464362,0.11078239124464362,0,0,0
2622,0.11456559618052684,0.11456559618052684,0,0,0
2623,0.11327430860776651,0.11327430860776651,0,0,0
2624,0.11727920056957948,0.11727920056957948,0,0,0
2625,0.11000171244928711,0.11000171244928711,0,0,0
2626,0.10997237735673,0.10997237735673,0,0,0
2627,0.11837226622983028,0.11837226622983028,0,0,0
2628,0.12006621592138943,0.12006621592138943,0,0,0
2629,0.11795900683653981,0.11795900683653981,0,0,0
2630,0.12009528906721818,0.12009528906721818,0,0,0
2631,0.12233648233507809,0.12233648233507809,0,0,0
2632,0.11337868888911448,0.11337868888911448,0,0,0
2633,0.11633971078615439,0.11633971078615439,0,0,0
2634,0.1161594208525984,0.1161594208525984,0,0,0
2635,0.11629305368191317,0.11629305368191317,0,0,0
2636,0.1117189895165594,0.1117189895165594,0,0,0
2637,0.11789157653325483,0.11789157653325483,0,0,0
2638,0.13392940673388934,0.13392940673388934,0,0,0
2639,0.11490095485197871,0.11490095485197871,0,0,0
2640,0.11333743365187395,0.11333743365187395,0,0,0
2641,0.11524654718998231,0.11524654718998231,0,0,0
2642,0.11420439105284841,0.11420439105284841,0,0,0
2643,0.11894163234453452,0.11894163234453452,0,0,0
2644,0.1165843017791447,0.1165843017791447,0,0,0
2645,0.12157744081004669,0.12157744081004669,0,0,0
2646,0.11670277699043877,0.11670277699043877,0,0,0
2647,0.1191465113508074,0.1191465113508074,0,0,0
2648,0.1144626056285281,0.1144626056285281,0,0,0
2649,0.1258197546397385,0.1258197546397385,0,0,0
2650,0.11715742514321678,0.11715742514321678,0,0,0
2651,0.11006748735120422,0.11006748735120422,0,0,0
2652,0.11488284886275467,0.11488284886275467,0,0,0
2653,0.11527439206838608,0.11527439206838608,0,0,0
2654,0.11797191457528818,0.11797191457528818,0,0,0
2655,0.1115870644387446,0.1115870644387446,0,0,0
2656,0.11406756153232173,0.11406756153232173,0,0,0
2657,0.11909536978131846,0.11909536978131846,0,0,0
2658,0.11859209972776864,0.11859209972776864,0,0,0
2659,0.11899179337840331,0.11899179337840331,0,0,0
2660,0.1161344670935681,0.1161344670935681,0,0,0
2661,0.1124120264461166,0.1124120264461166,0,0,0
2662,0.11941617315537051,0.11941617315537051,0,0,0
2663,0.119762575842048,0.119762575842048,0,0,0
2664,0.12249325392277617,0.12249325392277617,0,0,0
2665,0.1159223531813998,0.1159223531813998,0,0,0
2666,0.115809247878037,0.115809247878037,0,0,0
2667,0.11876495751111131,0.11876495751111131,0,0,0
2668,0.11120292426724183,0.11120292426724183,0,0,0
2669,0.11808767169713974,0.11808767169713974,0,0,0
2670,0.11941889497010331,0.11941889497010331,0,0,0
2671,0.11442425043175095,0.11442425043175095,0,0,0
2672,0.1100240787981372,0.1100240787981372,0,0,0
2673,0.11382229567358368,0.11382229567358368,0,0,0
2674,0.11572286310164552,0.11572286310164552,0,0,0
2675,0.1139545270094746,0.1139545270094746,0,0,0
2676,0.11665280300535653,0.11665280300535653,0,0,0
2677,0.11385648991716535,0.11385648991716535,0,0,0
2678,0.12029068995463221,0.12029068995463221,0,0,0
2679,0.11493857008846182,0.11493857008846182,0,0,0
2680,0.11712749302387238,0.11712749302387238,0,0,0
2681,0.11453088588620487,0.11453088588620487,0,0,0
2682,0.11428067882202174,0.11428067882202174,0,0,0
2683,0.12056122484960054,0.12056122484960054,0,0,0
2684,0.12711800085870842,0.12711800085870842,0,0,0
2685,0.11697598958486005,0.11697598958486005,0,0,0
2686,0.11814865117010317,0.11814865117010317,0,0,0
2687,0.11171357666975573,0.11171357666975573,0,0,0
2688,0.12254214816187557,0.12254214816187557,0,0,0
2689,0.11344039126446373,0.11344039126446373,0,0,0
2690,0.11893194345267195,0.11893194345267195,0,0,0
2691,0.11827722936868668,0.11827722936868668,0,0,0
2692,0.12218630823649858,0.12218630823649858,0,0,0
2693,0.12436591245626148,0.12436591245626148,0,0,0
2694,0.1174600971372504,0.1174600971372504,0,0,0
2695,0.11537439376115799,0.11537439376115799,0,0,0
2696,0.11554181673809101,0.11554181673809101,0,0,0
2697,0.10772760526130074,0.10772760526130074,0,0,0
2698,0.11160885905356784,0.11160885905356784,0,0,0
2699,0.11384269389274873,0.11384269389274873,0,0,0
2700,0.11343506390326902,0.11343506390326902,0,0,0
2701,0.11138366378451649,0.11138366378451649,0,0,0
2702,0.11913427651712769,0.11913427651712769,0,0,0
2703,0.14217285360944898,0.14217285360944898,0,0,0
2704,0.11182984464654797,0.11182984464654797,0,0,0
2705,0.1140556829540353,0.1140556829540353,0,0,0
2706,0.11328037220396493,0.11328037220396493,0,0,0
2707,0.11521194287036594,0.11521194287036594,0,0,0
2708,0.11386161238739365,0.11386161238739365,0,0,0
2709,0.11270025686213844,0.11270025686213844,0,0,0
2710,0.10919802145738351,0.10919802145738351,0,0,0
2711,0.11232396038739305,0.11232396038739305,0,0,0
2712,0.1050745254676593,0.1050745254676593,0,0,0
2713,0.11496872945051444,0.11496872945051444,0,0,0
2714,0.11730759590864182,0.11730759590864182,0,0,0
2715,0.1180099805718974,0.1180099805718974,0,0,0
2716,0.1243362830657708,0.1243362830657708,0,0,0
2717,0.11523216492251347,0.11523216492251347,0,0,0
2718,0.11170402267261555,0.11170402267261555,0,0,0
2719,0.11260529685961573,0.11260529685961573,0,0,0
2720,0.11580913651146386,0.11580913651146386,0,0,0
2721,0.11845553431071733,0.11845553431071733,0,0,0
2722,0.11722827330231667,0.11722827330231667,0,0,0
2723,0.11995302081892364,0.11995302081892364,0,0,0
2724,0.11278949325021945,0.11278949325021945,0,0,0
2725,0.10965213738381863,0.10965213738381863,0,0,0
2726,0.11222636033045619,0.11222636033045619,0,0,0
2727,0.11253589499545724,0.11253589499545724,0,0,0
2728,0.11197793366093385,0.11197793366093385,0,0,0
2729,0.11564743832538002,0.11564743832538002,0,0,0
2730,0.11079109401295059,0.11079109401295059,0,0,0
2731,0.1200450343128882,0.1200450343128882,0,0,0
2732,0.11214915564969967,0.11214915564969967,0,0,0
2733,0.1182430500262662,0.1182430500262662,0,0,0
2734,0.11820357861487489,0.11820357861487489,0,0,0
2735,0.11317841767480499,0.11317841767480499,0,0,0
2736,0.10787063895871765,0.10787063895871765,0,0,0
2737,0.12304593191335075,0.12304593191335075,0,0,0
2738,0.11832582401601892,0.11832582401601892,0,0,0
2739,0.11483614460418098,0.11483614460418098,0,0,0
2740,0.1164943128824234,0.1164943128824234,0,0,0
2741,0.11196466633363773,0.11196466633363773,0,0,0
2742,0.11523880142914622,0.11523880142914622,0,0,0
2743,0.12796627788951523,0.12796627788951523,0,0,0
2744,0.11408149117701932,0.11408149117701932,0,0,0
2745,0.11429575693450476,0.11429575693450476,0,0,0
2746,0.11287231606088187,0.11287231606088187,0,0,0
2747,0.11737616203333202,0.11737616203333202,0,0,0
2748,0.11457214916222974,0.11457214916222974,0,0,0
2749,0.11413088146793215,0.11413088146793215,0,0,0
2750,0.12163735200700007,0.12163735200700007,0,0,0
2751,0.11283853532452333,0.11283853532452333,0,0,0
2752,0.1221557253677594,0.1221557253677594,0,0,0
2753,0.12198886334111816,0.12198886334111816,0,0,0
2754,0.1143420897424221,0.1143420897424221,0,0,0
2755,0.11192327649577667,0.11192327649577667,0,0,0
2756,0.11544354652103625,0.11544354652103625,0,0,0
2757,0.12409191755087752,0.12409191755087752,0,0,0
2758,0.11355526706105784,0.11355526706105784,0,0,0
2759,0.11426886641665508,0.11426886641665508,0,0,0
2760,0.12076248581472196,0.12076248581472196,0,0,0
2761,0.1134147273474618,0.1134147273474618,0,0,0
2762,0.11524828346936326,0.11524828346936326,0,0,0
2763,0.11575817904974285,0.11575817904974285,0,0,0
2764,0.11312751785704964,0.11312751785704964,0,0,0
2765,0.12236476669970311,0.12236476669970311,0,0,0
2766,0.11040187509436357,0.11040187509436357,0,0,0
2767,0.11405787107191588,0.11405787107191588,0,0,0
2768,0.11026810403717191,0.11026810403717191,0,0,0
2769,0.1222299451106473,0.1222299451106473,0,0,0
2770,0.11708884568590867,0.11708884568590867,0,0,0
2771,0.11494672719977404,0.11494672719977404,0,0,0
2772,0.11600622260256817,0.11600622260256817,0,0,0
2773,0.10791436367129024,0.10791436367129024,0,0,0
2774,0.12549134520323654,0.12549134520323654,0,0,0
2775,0.11386288329958916,0.11386288329958916,0,0,0
2776,0.1173806253232454,0.1173806253232454,0,0,0
2777,0.11075453930779507,0.11075453930779507,0,0,0
2778,0.11546462127252628,0.11546462127252628,0,0,0
2779,0.11401931314091933,0.11401931314091933,0,0,0
2780,0.11333168886209789,0.11333168886209789,0,0,0
2781,0.12063565850257874,0.12063565850257874,0,0,0
2782,0.10994798219517658,0.10994798219517658,0,0,0
2783,0.11399191068975549,0.11399191068975549,0,0,0
2784,0.11435072378892648,0.11435072378892648,0,0,0
2785,0.11416972281509324,0.11416972281509324,0,0,0
2786,0.12413969616356649,0.12413969616356649,0,0,0
2787,0.11402074384846185,0.11402074384846185,0,0,0
2788,0.11083788444337092,0.11083788444337092,0,0,0
2789,0.12146594238124396,0.12146594238124396,0,0,0
2790,0.11061628545193296,0.11061628545193296,0,0,0
2791,0.11811304161030996,0.11811304161030996,0,0,0
2792,0.11073496055446173,0.11073496055446173,0,0,0
2793,0.118763635817327,0.118763635817327,0,0,0
2794,0.11809364843525384,0.11809364843525384,0,0,0
2795,0.11535209515377094,0.11535209515377094,0,0,0
2796,0.11294851707000482,0.11294851707000482,0,0,0
2797,0.1068595900739494,0.1068595900739494,0,0,0
2798,0.10857554917272769,0.10857554917272769,0,0,0
2799,0.11775142160293303,0.11775142160293303,0,0,0
2800,0.11319242358991974,0.11319242358991974,0,0,0
2801,0.11874962794153314,0.11874962794153314,0,0,0
2802,0.1110851445088261,0.1110851445088261,0,0,0
2803,0.11698888634380541,0.11698888634380541,0,0,0
2804,0.11673951717583757,0.11673951717583757,0,0,0
2805,0.11410750958480333,0.11410750958480333,0,0,0
2806,0.1118911234171767,0.1118911234171767,0,0,0
2807,0.11692388728260994,0.11692388728260994,0,0,0
2808,0.11185448871631372,0.11185448871631372,0,0,0
2809,0.11386659623760927,0.11386659623760927,0,0,0
2810,0.11282326869274441,0.11282326869274441,0,0,0
2811,0.11464661418607361,0.11464661418607361,0,0,0
2812,0.12094592106969733,0.12094592106969733,0,0,0
2813,0.12112656814095221,0.12112656814095221,0,0,0
2814,0.12271380836242124,0.12271380836242124,0,0,0
2815,0.1139303463462152,0.1139303463462152,0,0,0
2816,0.11294541723634068,0.11294541723634068,0,0,0
2817,0.10858632820217233,0.10858632820217233,0,0,0
2818,0.11039423766104799,0.11039423766104799,0,0,0
2819,0.11465118178411533,0.11465118178411533,0,0,0
2820,0.10701365925763782,0.10701365925763782,0,0,0
2821,0.10990413905758607,0.10990413905758607,0,0,0
2822,0.1160362919694499,0.1160362919694499,0,0,0
2823,0.11351987003887955,0.11351987003887955,0,0,0
2824,0.12058032872645479,0.12058032872645479,0,0,0
2825,0.11854531076785765,0.11854531076785765,0,0,0
2826,0.12172165709106546,0.12172165709106546,0,0,0
2827,0.11326116833247636,0.11326116833247636,0,0,0
2828,0.11553326602044858,0.11553326602044858,0,0,0
2829,0.11557285311190706,0.11557285311190706,0,0,0
2830,0.11664848245288197,0.11664848245288197,0,0,0
2831,0.1178284770760097,0.1178284770760097,0,0,0
2832,0.10964718774745338,0.10964718774745338,0,0,0
2833,0.11538058666414336,0.11538058666414336,0,0,0
2834,0.10898861347844727,0.10898861347844727,0,0,0
2835,0.1092948374387465,0.1092948374387465,0,0,0
2836,0.1145425562403704,0.1145425562403704,0,0,0
2837,0.1084505021572113,0.1084505021572113,0,0,0
2838,0.11615548988706187,0.11615548988706187,0,0,0
2839,0.11025263820039599,0.11025263820039599,0,0,0
2840,0.11527935141011288,0.11527935141011288,0,0,0
2841,0.11502210080231491,0.11502210080231491,0,0,0
2842,0.11022869517144404,0.11022869517144404,0,0,0
2843,0.10585760648705457,0.10585760648705457,0,0,0
2844,0.1134552702699837,0.1134552702699837,0,0,0
2845,0.11961883326110087,0.11961883326110087,0,0,0
2846,0.11237046749968278,0.11237046749968278,0,0,0
2847,0.10640612617135048,0.10640612617135048,0,0,0
2848,0.1100735790831478,0.1100735790831478,0,0,0
2849,0.11322108283638954,0.11322108283638954,0,0,0
2850,0.11147546787795268,0.11147546787795268,0,0,0
2851,0.11352065146753662,0.11352065146753662,0,0,0
2852,0.10937403240486195,0.10937403240486195,0,0,0
2853,0.14169802653946376,0.14169802653946376,0,0,0
2854,0.11227538162156155,0.11227538162156155,0,0,0
2855,0.1096977285648647,0.1096977285648647,0,0,0
2856,0.10624376115830321,0.10624376115830321,0,0,0
2857,0.10911856826983,0.10911856826983,0,0,0
2858,0.11067432263179829,0.11067432263179829,0,0,0
2859,0.1155421861300343,0.1155421861300343,0,0,0
2860,0.12132319719775726,0.12132319719775726,0,0,0
2861,0.11200199472276788,0.11200199472276788,0,0,0
2862,0.10962424956654247,0.10962424956654247,0,0,0
2863,0.11067191295717892,0.11067191295717892,0,0,0
2864,0.10528022305745828,0.10528022305745828,0,0,0
2865,0.11504278273174637,0.11504278273174637,0,0,0
2866,0.11195628227371919,0.11195628227371919,0,0,0
2867,0.12032859988118473,0.12032859988118473,0,0,0
2868,0.11290096315114122,0.11290096315114122,0,0,0
2869,0.11773696580999776,0.11773696580999776,0,0,0
2870,0.11128796950766914,0.11128796950766914,0,0,0
2871,0.10424916073679924,0.10424916073679924,0,0,0
2872,0.10550360695311897,0.10550360695311897,0,0,0
2873,0.1151422236702944,0.1151422236702944,0,0,0
2874,0.10876148409749332,0.10876148409749332,0,0,0
2875,0.11465010948871311,0.11465010948871311,0,0,0
2876,0.10999046305292531,0.10999046305292531,0,0,0
2877,0.11630816620431449,0.11630816620431449,0,0,0
2878,0.11807642641820405,0.11807642641820405,0,0,0
2879,0.11806459999398182,0.11806459999398182,0,0,0
2880,0.10491353253784932,0.10491353253784932,0,0,0
2881,0.11026545025800404,0.11026545025800404,0,0,0
2882,0.1085476465523243,0.1085476465523243,0,0,0
2883,0.11262767075708038,0.11262767075708038,0,0,0
2884,0.11615079621735372,0.11615079621735372,0,0,0
2885,0.1161466325192075,0.1161466325192075,0,0,0
2886,0.1165138777149351,0.1165138777149351,0,0,0
2887,0.1071381307158031,0.1071381307158031,0,0,0
2888,0.11650141877563376,0.11650141877563376,0,0,0
2889,0.11213072938354392,0.11213072938354392,0,0,0
2890,0.11406324156805088,0.11406324156805088,0,0,0
2891,0.10907450935950405,0.10907450935950405,0,0,0
2892,0.11459296059451606,0.11459296059451606,0,0,0
2893,0.11565580179816798,0.11565580179816798,0,0,0
2894,0.1275824951498132,0.1275824951498132,0,0,0
2895,0.12375701924687937,0.12375701924687937,0,0,0
2896,0.11741403666766066,0.11741403666766066,0,0,0
2897,0.12494170391245892,0.12494170391245892,0,0,0
2898,0.11359651543592152,0.11359651543592152,0,0,0
2899,0.10913105563897836,0.10913105563897836,0,0,0
2900,0.11167462425012338,0.11167462425012338,0,0,0
2901,0.11074630484769218,0.11074630484769218,0,0,0
2902,0.11254986336356715,0.11254986336356715,0,0,0
2903,0.10877236998394917,0.10877236998394917,0,0,0
2904,0.1092465308151747,0.1092465308151747,0,0,0
2905,0.11748944722900265,0.11748944722900265,0,0,0
2906,0.11793570151846659,0.11793570151846659,0,0,0
2907,0.112153678152122,0.112153678152122,0,0,0
2908,0.11033699837954421,0.11033699837954421,0,0,0
2909,0.11723943858554489,0.11723943858554489,0,0,0
2910,0.10684981373579878,0.10684981373579878,0,0,0
2911,0.11414435309799094,0.11414435309799094,0,0,0
2912,0.11316228775601637,0.11316228775601637,0,0,0
2913,0.12327823680090277,0.12327823680090277,0,0,0
2914,0.11306208274082134,0.11306208274082134,0,0,0
2915,0.10877543158437077,0.10877543158437077,0,0,0
2916,0.11934669080533479,0.11934669080533479,0,0,0
2917,0.10915890571318175,0.10915890571318175,0,0,0
2918,0.11618630284149396,0.11618630284149396,0,0,0
2919,0.11107387236858669,0.11107387236858669,0,0,0
2920,0.11293349669952142,0.11293349669952142,0,0,0
2921,0.11594365086210401,0.11594365086210401,0,0,0
2922,0.10918619032753141,0.10918619032753141,0,0,0
2923,0.10817359603549305,0.10817359603549305,0,0,0
2924,0.11056316692970301,0.11056316692970301,0,0,0
2925,0.11458497376818406,0.11458497376818406,0,0,0
2926,0.1242352077051213,0.1242352077051213,0,0,0
2927,0.10907563018171411,0.10907563018171411,0,0,0
2928,0.11753452843741367,0.11753452843741367,0,0,0
2929,0.11589095643476437,0.11589095643476437,0,0,0
2930,0.11041375347658207,0.11041375347658207,0,0,0
2931,0.10810667492057148,0.10810667492057148,0,0,0
2932,0.11373236853825419,0.11373236853825419,0,0,0
2933,0.11014648624940922,0.11014648624940922,0,0,0
2934,0.11958224424406101,0.11958224424406101,0,0,0
2935,0.10866069558419679,0.10866069558419679,0,0,0
2936,0.1138545255127706,0.1138545255127706,0,0,0
2937,0.11172443726345112,0.11172443726345112,0,0,0
2938,0.12037396127063978,0.12037396127063978,0,0,0
2939,0.10710563843971804,0.10710563843971804,0,0,0
2940,0.10948551387379044,0.10948551387379044,0,0,0
2941,0.11234520816881406,0.11234520816881406,0,0,0
2942,0.10504640521187532,0.10504640521187532,0,0,0
2943,0.11250438501960353,0.11250438501960353,0,0,0
2944,0.11188174882217457,0.11188174882217457,0,0,0
2945,0.11602649288742166,0.11602649288742166,0,0,0
2946,0.11681775297773511,0.11681775297773511,0,0,0
2947,0.11310538904447305,0.11310538904447305,0,0,0
2948,0.11382224146080644,0.11382224146080644,0,0,0
2949,0.11877148353347652,0.11877148353347652,0,0,0
2950,0.11062611796353992,0.11062611796353992,0,0,0
2951,0.10529811562676179,0.10529811562676179,0,0,0
2952,0.11524471130810286,0.11524471130810286,0,0,0
2953,0.1137227600342349,0.1137227600342349,0,0,0
2954,0.10965495693840478,0.10965495693840478,0,0,0
2955,0.11056592785998394,0.11056592785998394,0,0,0
2956,0.11367036617900196,0.11367036617900196,0,0,0
2957,0.10929812706614796,0.10929812706614796,0,0,0
2958,0.11705815674442994,0.11705815674442994,0,0,0
2959,0.10980556777825481,0.10980556777825481,0,0,0
2960,0.11580273293350872,0.11580273293350872,0,0,0
2961,0.1125177163630724,0.1125177163630724,0,0,0
2962,0.12112822226787869,0.12112822226787869,0,0,0
2963,0.10653527610396084,0.10653527610396084,0,0,0
2964,0.10711536595695897,0.10711536595695897,0,0,0
2965,0.11320619343927033,0.11320619343927033,0,0,0
2966,0.11372195654793789,0.11372195654793789,0,0,0
2967,0.11314852712185759,0.11314852712185759,0,0,0
2968,0.11171219752807367,0.11171219752807367,0,0,0
2969,0.1118778057004276,0.1118778057004276,0,0,0
2970,0.11024697193581807,0.11024697193581807,0,0,0
2971,0.11533864234623156,0.11533864234623156,0,0,0
2972,0.11148938909173012,0.11148938909173012,0,0,0
2973,0.10925808333252605,0.10925808333252605,0,0,0
2974,0.10895819922811106,0.10895819922811106,0,0,0
2975,0.10930531668035608,0.10930531668035608,0,0,0
2976,0.11188354147107978,0.11188354147107978,0,0,0
2977,0.10786452948262817,0.10786452948262817,0,0,0
2978,0.1088822438920799,0.1088822438920799,0,0,0
2979,0.11038865619584133,0.11038865619584133,0,0,0
2980,0.11028342282301501,0.11028342282301501,0,0,0
2981,0.10862851711480241,0.10862851711480241,0,0,0
2982,0.10778622152773958,0.10778622152773958,0,0,0
2983,0.1093112045016728,0.1093112045016728,0,0,0
2984,0.11157220553018544,0.11157220553018544,0,0,0
2985,0.11085468530654907,0.11085468530654907,0,0,0
2986,0.10989158610372167,0.10989158610372167,0,0,0
2987,0.11154228174372723,0.11154228174372723,0,0,0
2988,0.1164848373124474,0.1164848373124474,0,0,0
2989,0.11539872127928232,0.11539872127928232,0,0,0
2990,0.11576068695438535,0.11576068695438535,0,0,0
2991,0.10653438458317205,0.10653438458317205,0,0,0
2992,0.11055016498032369,0.11055016498032369,0,0,0
2993,0.11069758569723681,0.11069758569723681,0,0,0
2994,0.10925558836836564,0.10925558836836564,0,0,0
2995,0.10805902600680527,0.10805902600680527,0,0,0
2996,0.1152174080673017,0.1152174080673017,0,0,0
2997,0.10716179307354123,0.10716179307354123,0,0,0
2998,0.11096753091796448,0.11096753091796448,0,0,0
2999,0.11265203866519426,0.11265203866519426,0,0,0
3000,0.10974509700348503,0.10974509700348503,0,0,0
3001,0.1123268594475169,0.1123268594475169,0,0,0
3002,0.11441083566138618,0.11441083566138618,0,0,0
3003,0.10820877120683067,0.10820877120683067,0,0,0
3004,0.11499064101984627,0.11499064101984627,0,0,0
3005,0.122287515158716,0.122287515158716,0,0,0
3006,0.10962301502494436,0.10962301502494436,0,0,0
3007,0.10825282874468126,0.10825282874468126,0,0,0
3008,0.11791451804732021,0.11791451804732021,0,0,0
3009,0.1111339220875188,0.1111339220875188,0,0,0
3010,0.11515901257333003,0.11515901257333003,0,0,0
3011,0.10659378492518475,0.10659378492518475,0,0,0
3012,0.11219556159094761,0.11219556159094761,0,0,0
3013,0.11186410672962666,0.11186410672962666,0,0,0
3014,0.1184643728560523,0.1184643728560523,0,0,0
3015,0.11178691802840483,0.11178691802840483,0,0,0
3016,0.11130217158872831,0.11130217158872831,0,0,0
3017,0.1092356549281823,0.1092356549281823,0,0,0
3018,0.10450865083227032,0.10450865083227032,0,0,0
3019,0.10616569750403103,0.10616569750403103,0,0,0
3020,0.11204113497545845,0.11204113497545845,0,0,0
3021,0.11328612140526897,0.11328612140526897,0,0,0
3022,0.11949526126447477,0.11949526126447477,0,0,0
3023,0.11018355857384832,0.11018355857384832,0,0,0
3024,0.11394924886132542,0.11394924886132542,0,0,0
3025,0.11500216079385657,0.11500216079385657,0,0,0
3026,0.10470979268613614,0.10470979268613614,0,0,0
3027,0.1072780023279943,0.1072780023279943,0,0,0
3028,0.1182302107152186,0.1182302107152186,0,0,0
3029,0.10733053970493768,0.10733053970493768,0,0,0
3030,0.11055016331374645,0.11055016331374645,0,0,0
3031,0.11242241667289483,0.11242241667289483,0,0,0
3032,0.11603942258577597,0.11603942258577597,0,0,0
3033,0.11218881871747344,0.11218881871747344,0,0,0
3034,0.10827549635187576,0.10827549635187576,0,0,0
3035,0.11622091804287936,0.11622091804287936,0,0,0
3036,0.11482717508548185,0.11482717508548185,0,0,0
3037,0.10713804689677138,0.10713804689677138,0,0,0
3038,0.11408323127972453,0.11408323127972453,0,0,0
3039,0.10576477352725833,0.10576477352725833,0,0,0
3040,0.1046433168414392,0.1046433168414392,0,0,0
3041,0.10848689961590265,0.10848689961590265,0,0,0
3042,0.10612153242293157,0.10612153242293157,0,0,0
3043,0.10684055501693174,0.10684055501693174,0,0,0
3044,0.10774818200029825,0.10774818200029825,0,0,0
3045,0.11278820567225155,0.11278820567225155,0,0,0
3046,0.11534742638468742,0.11534742638468742,0,0,0
3047,0.11372893333042923,0.11372893333042923,0,0,0
3048,0.11301249167636822,0.11301249167636822,0,0,0
3049,0.11099115023879629,0.11099115023879629,0,0,0
3050,0.10952542114414666,0.10952542114414666,0,0,0
3051,0.10902796920977141,0.10902796920977141,0,0,0
3052,0.10663811842861928,0.10663811842861928,0,0,0
3053,0.10991692670473927,0.10991692670473927,0,0,0
3054,0.11238076008464161,0.11238076008464161,0,0,0
3055,0.11427234583779385,0.11427234583779385,0,0,0
3056,0.11615550655283426,0.11615550655283426,0,0,0
3057,0.10646097812997668,0.10646097812997668,0,0,0
3058,0.11403335248561282,0.11403335248561282,0,0,0
3059,0.10920433405982821,0.10920433405982821,0,0,0
3060,0.11614687691785787,0.11614687691785787,0,0,0
3061,0.10399679623936352,0.10399679623936352,0,0,0
3062,0.12071415644727256,0.12071415644727256,0,0,0
3063,0.1106200996590288,0.1106200996590288,0,0,0
3064,0.1027168482542038,0.1027168482542038,0,0,0
3065,0.1075047631012766,0.1075047631012766,0,0,0
3066,0.11178337390485563,0.11178337390485563,0,0,0
3067,0.10940037569717358,0.10940037569717358,0,0,0
3068,0.10437486359947606,0.10437486359947606,0,0,0
3069,0.11834102918050791,0.11834102918050791,0,0,0
3070,0.10840897948334091,0.10840897948334091,0,0,0
3071,0.1083445523522402,0.1083445523522402,0,0,0
3072,0.1159570924937725,0.1159570924937725,0,0,0
3073,0.11146946780775722,0.11146946780775722,0,0,0
3074,0.11210896535531471,0.11210896535531471,0,0,0
3075,0.10470938349240705,0.10470938349240705,0,0,0
3076,0.11104993424133251,0.11104993424133251,0,0,0
3077,0.11399602262597335,0.11399602262597335,0,0,0
3078,0.1125789853303056,0.1125789853303056,0,0,0
3079,0.1042342015395039,0.1042342015395039,0,0,0
3080,0.10638919492301188,0.10638919492301188,0,0,0
3081,0.10989111524663474,0.10989111524663474,0,0,0
3082,0.10540857930716716,0.10540857930716716,0,0,0
3083,0.11253712659603671,0.11253712659603671,0,0,0
3084,0.11848564132263786,0.11848564132263786,0,0,0
3085,0.10684179534253321,0.10684179534253321,0,0,0
3086,0.11275392692340047,0.11275392692340047,0,0,0
3087,0.10672539541203725,0.10672539541203725,0,0,0
3088,0.11161746241544422,0.11161746241544422,0,0,0
3089,0.10927125046911992,0.10927125046911992,0,0,0
3090,0.11156994594555152,0.11156994594555152,0,0,0
3091,0.10754378610535671,0.10754378610535671,0,0,0
3092,0.1055702492594719,0.1055702492594719,0,0,0
3093,0.10788192992147647,0.10788192992147647,0,0,0
3094,0.1035455597662612,0.1035455597662612,0,0,0
3095,0.10961813930618136,0.10961813930618136,0,0,0
3096,0.10776004087375968,0.10776004087375968,0,0,0
3097,0.11119780787511875,0.11119780787511875,0,0,0
3098,0.10394343616146791,0.10394343616146791,0,0,0
3099,0.11728281684611973,0.11728281684611973,0,0,0
3100,0.1032450757920742,0.1032450757920742,0,0,0
3101,0.10683435848669003,0.10683435848669003,0,0,0
3102,0.10228258283122589,0.10228258283122589,0,0,0
3103,0.11029697935047902,0.11029697935047902,0,0,0
3104,0.10585017306239981,0.10585017306239981,0,0,0
3105,0.11532651064427275,0.11532651064427275,0,0,0
3106,0.10982393816505608,0.10982393816505608,0,0,0
3107,0.10858453888642161,0.10858453888642161,0,0,0
3108,0.11281952987376012,0.11281952987376012,0,0,0
3109,0.11219296133831928,0.11219296133831928,0,0,0
3110,0.10785446904207531,0.10785446904207531,0,0,0
3111,0.12087022405313819,0.12087022405313819,0,0,0
3112,0.10293865370515146,0.10293865370515146,0,0,0
3113,0.10812692648093951,0.10812692648093951,0,0,0
3114,0.11911742624483611,0.11911742624483611,0,0,0
3115,0.10588452896397364,0.10588452896397364,0,0,0
3116,0.10681119404341045,0.10681119404341045,0,0,0
3117,0.10793443514328253,0.10793443514328253,0,0,0
3118,0.10800119077688769,0.10800119077688769,0,0,0
3119,0.11176121117253053,0.11176121117253053,0,0,0
3120,0.10993290182791259,0.10993290182791259,0,0,0
3121,0.11249652289246258,0.11249652289246258,0,0,0
3122,0.11184083709591314,0.11184083709591314,0,0,0
3123,0.10974822428665663,0.10974822428665663,0,0,0
3124,0.10379231250599812,0.10379231250599812,0,0,0
3125,0.10583656830222983,0.10583656830222983,0,0,0
3126,0.1057426911827765,0.1057426911827765,0,0,0
3127,0.1088529359549284,0.1088529359549284,0,0,0
3128,0.10257460471046598,0.10257460471046598,0,0,0
3129,0.11513257193330087,0.11513257193330087,0,0,0
3130,0.10838282500442706,0.10838282500442706,0,0,0
3131,0.11095521402986426,0.11095521402986426,0,0,0
3132,0.10495873913168907,0.10495873913168907,0,0,0
3133,0.11152176029588047,0.11152176029588047,0,0,0
3134,0.10955340023103513,0.10955340023103513,0,0,0
3135,0.11679582866398912,0.11679582866398912,0,0,0
3136,0.10713689519386542,0.10713689519386542,0,0,0
3137,0.11781925276706093,0.11781925276706093,0,0,0
3138,0.1105346999278194,0.1105346999278194,0,0,0
3139,0.10661826831729788,0.10661826831729788,0,0,0
3140,0.10392662274994348,0.10392662274994348,0,0,0
3141,0.107918151801354,0.107918151801354,0,0,0
3142,0.10971811668653238,0.10971811668653238,0,0,0
3143,0.10910536888006486,0.10910536888006486,0,0,0
3144,0.10701688241801764,0.10701688241801764,0,0,0
3145,0.10658411720865651,0.10658411720865651,0,0,0
3146,0.10691483475660023,0.10691483475660023,0,0,0
3147,0.10823396250213448,0.10823396250213448,0,0,0
3148,0.106857793503686,0.106857793503686,0,0,0
3149,0.11173748362221216,0.11173748362221216,0,0,0
3150,0.10193642895472677,0.10193642895472677,0,0,0
3151,0.10571172372683098,0.10571172372683098,0,0,0
3152,0.1088623749582391,0.1088623749582391,0,0,0
3153,0.10857398935446613,0.10857398935446613,0,0,0
3154,0.10976400559670046,0.10976400559670046,0,0,0
3155,0.11222940644151286,0.11222940644151286,0,0,0
3156,0.10724811736298234,0.10724811736298234,0,0,0
3157,0.10942093204510839,0.10942093204510839,0,0,0
3158,0.1144210772686883,0.1144210772686883,0,0,0
3159,0.10725409223845131,0.10725409223845131,0,0,0
3160,0.10288756752484723,0.10288756752484723,0,0,0
3161,0.12245662324130535,0.12245662324130535,0,0,0
3162,0.10417242446228077,0.10417242446228077,0,0,0
3163,0.11002404713316967,0.11002404713316967,0,0,0
3164,0.10528426127214181,0.10528426127214181,0,0,0
3165,0.10437660291790962,0.10437660291790962,0,0,0
3166,0.1101327285562691,0.1101327285562691,0,0,0
3167,0.10667046139899053,0.10667046139899053,0,0,0
3168,0.11033337886788343,0.11033337886788343,0,0,0
3169,0.10823277638931024,0.10823277638931024,0,0,0
3170,0.1147687446914221,0.1147687446914221,0,0,0
3171,0.11560596211960442,0.11560596211960442,0,0,0
3172,0.11038732518883128,0.11038732518883128,0,0,0
3173,0.110795060270711,0.110795060270711,0,0,0
3174,0.10268521201061576,0.10268521201061576,0,0,0
3175,0.10161622848949935,0.10161622848949935,0,0,0
3176,0.12067763566186554,0.12067763566186554,0,0,0
3177,0.10867884245358016,0.10867884245358016,0,0,0
3178,0.10680247529556877,0.10680247529556877,0,0,0
3179,0.1052448726014087,0.1052448726014087,0,0,0
3180,0.10302205266136873,0.10302205266136873,0,0,0
3181,0.10965451892269285,0.10965451892269285,0,0,0
3182,0.10787467903604633,0.10787467903604633,0,0,0
3183,0.11076258024887035,0.11076258024887035,0,0,0
3184,0.09949446234263871,0.09949446234263871,0,0,0
3185,0.10937006163753961,0.10937006163753961,0,0,0
3186,0.13544788682147077,0.13544788682147077,0,0,0
3187,0.1068460880533645,0.1068460880533645,0,0,0
3188,0.12068134859988564,0.12068134859988564,0,0,0
3189,0.11294933879061748,0.11294933879061748,0,0,0
3190,0.11085494705720951,0.11085494705720951,0,0,0
3191,0.10698291502500835,0.10698291502500835,0,0,0
3192,0.1048325884499048,0.1048325884499048,0,0,0
3193,0.11225102822247304,0.11225102822247304,0,0,0
3194,0.10161839111855156,0.10161839111855156,0,0,0
3195,0.10704854375829823,0.10704854375829823,0,0,0
3196,0.10752345151022862,0.10752345151022862,0,0,0
3197,0.11033298447728157,0.11033298447728157,0,0,0
3198,0.10800566151738167,0.10800566151738167,0,0,0
3199,0.10727831740912638,0.10727831740912638,0,0,0
3200,0.11008038411014959,0.11008038411014959,0,0,0
3201,0.1059358070947622,0.1059358070947622,0,0,0
3202,0.10721579723452267,0.10721579723452267,0,0,0
3203,0.10899543213216882,0.10899543213216882,0,0,0
3204,0.10368891197599862,0.10368891197599862,0,0,0
3205,0.12273303438958369,0.12273303438958369,0,0,0
3206,0.10770603386979354,0.10770603386979354,0,0,0
3207,0.10629477038195259,0.10629477038195259,0,0,0
3208,0.11001946394772906,0.11001946394772906,0,0,0
3209,0.1052400520757625,0.1052400520757625,0,0,0
3210,0.10529514774680138,0.10529514774680138,0,0,0
3211,0.11122268310895092,0.11122268310895092,0,0,0
3212,0.11054942698070877,0.11054942698070877,0,0,0
3213,0.10921918894899518,0.10921918894899518,0,0,0
3214,0.10451511205419113,0.10451511205419113,0,0,0
3215,0.10601076307265382,0.10601076307265382,0,0,0
3216,0.1067909749322816,0.1067909749322816,0,0,0
3217,0.10619049842812513,0.10619049842812513,0,0,0
3218,0.1080769253404517,0.1080769253404517,0,0,0
3219,0.10201907510820188,0.10201907510820188,0,0,0
3220,0.11201715587001097,0.11201715587001097,0,0,0
3221,0.1084019759375798,0.1084019759375798,0,0,0
3222,0.11257647075935413,0.11257647075935413,0,0,0
3223,0.1209172573136656,0.1209172573136656,0,0,0
3224,0.11049026113591696,0.11049026113591696,0,0,0
3225,0.10610966168736156,0.10610966168736156,0,0,0
3226,0.10405828235180754,0.10405828235180754,0,0,0
3227,0.10521357075164192,0.10521357075164192,0,0,0
3228,0.10803191520665821,0.10803191520665821,0,0,0
3229,0.10442346471704934,0.10442346471704934,0,0,0
3230,0.1072936630562732,0.1072936630562732,0,0,0
3231,0.10452635331373465,0.10452635331373465,0,0,0
3232,0.10830620156699106,0.10830620156699106,0,0,0
3233,0.10354849068742049,0.10354849068742049,0,0,0
3234,0.12046807357355167,0.12046807357355167,0,0,0
3235,0.1043341776454135,0.1043341776454135,0,0,0
3236,0.10656701038150411,0.10656701038150411,0,0,0
3237,0.10621422195905134,0.10621422195905134,0,0,0
3238,0.11152219478237002,0.11152219478237002,0,0,0
3239,0.11341233375041108,0.11341233375041108,0,0,0
3240,0.10672830594213385,0.10672830594213385,0,0,0
3241,0.10745351389050484,0.10745351389050484,0,0,0
3242,0.1154524656502824,0.1154524656502824,0,0,0
3243,0.12184571817909416,0.12184571817909416,0,0,0
3244,0.1049825239338373,0.1049825239338373,0,0,0
3245,0.11062249962828662,0.11062249962828662,0,0,0
3246,0.10938317446332228,0.10938317446332228,0,0,0
3247,0.10417411986150239,0.10417411986150239,0,0,0
3248,0.10468166615617902,0.10468166615617902,0,0,0
3249,0.1015206045029979,0.1015206045029979,0,0,0
3250,0.11030406955825656,0.11030406955825656,0,0,0
3251,0.10996820365912036,0.10996820365912036,0,0,0
3252,0.10799507120330083,0.10799507120330083,0,0,0
3253,0.10661026757014425,0.10661026757014425,0,0,0
3254,0.10891008200614076,0.10891008200614076,0,0,0
3255,0.11080403106385156,0.11080403106385156,0,0,0
3256,0.1085463758361967,0.1085463758361967,0,0,0
3257,0.10827409476041794,0.10827409476041794,0,0,0
3258,0.1065519946186166,0.1065519946186166,0,0,0
3259,0.11616728866570875,0.11616728866570875,0,0,0
3260,0.1069862138676016,0.1069862138676016,0,0,0
3261,0.10803466368662684,0.10803466368662684,0,0,0
3262,0.10409464020478099,0.10409464020478099,0,0,0
3263,0.10845806743753583,0.10845806743753583,0,0,0
3264,0.10540296627502692,0.10540296627502692,0,0,0
3265,0.10504722752069172,0.10504722752069172,0,0,0
3266,0.10650241267132132,0.10650241267132132,0,0,0
3267,0.10956570908035103,0.10956570908035103,0,0,0
3268,0.106142564725719,0.106142564725719,0,0,0
3269,0.10703047325736598,0.10703047325736598,0,0,0
3270,0.10737192346469353,0.10737192346469353,0,0,0
3271,0.11159345350767437,0.11159345350767437,0,0,0
3272,0.10748555962192385,0.10748555962192385,0,0,0
3273,0.10556716393483312,0.10556716393483312,0,0,0
3274,0.10247947020750296,0.10247947020750296,0,0,0
3275,0.10731361678948528,0.10731361678948528,0,0,0
3276,0.10695198864529007,0.10695198864529007,0,0,0
3277,0.10741428962271464,0.10741428962271464,0,0,0
3278,0.10393768548965454,0.10393768548965454,0,0,0
3279,0.10872801510911238,0.10872801510911238,0,0,0
3280,0.10503927637871943,0.10503927637871943,0,0,0
3281,0.11622204974685844,0.11622204974685844,0,0,0
3282,0.10266962990556892,0.10266962990556892,0,0,0
3283,0.10364181567963801,0.10364181567963801,0,0,0
3284,0.11221909346549135,0.11221909346549135,0,0,0
3285,0.10711778170968357,0.10711778170968357,0,0,0
3286,0.10215255490651257,0.10215255490651257,0,0,0
3287,0.10123736979930024,0.10123736979930024,0,0,0
3288,0.10646139947991622,0.10646139947991622,0,0,0
3289,0.10200257579746999,0.10200257579746999,0,0,0
3290,0.11125276669075615,0.11125276669075615,0,0,0
3291,0.10449248856227648,0.10449248856227648,0,0,0
3292,0.1040922022963825,0.1040922022963825,0,0,0
3293,0.10562171806630336,0.10562171806630336,0,0,0
3294,0.10706904657969349,0.10706904657969349,0,0,0
3295,0.11149555709409087,0.11149555709409087,0,0,0
3296,0.10514362774005062,0.10514362774005062,0,0,0
3297,0.10901064700201939,0.10901064700201939,0,0,0
3298,0.10225784259015008,0.10225784259015008,0,0,0
3299,0.10537905402873692,0.10537905402873692,0,0,0
3300,0.10749283001611107,0.10749283001611107,0,0,0
3301,0.10781327223307208,0.10781327223307208,0,0,0
3302,0.10505158003223569,0.10505158003223569,0,0,0
3303,0.10803178354705635,0.10803178354705635,0,0,0
3304,0.1096406145707557,0.1096406145707557,0,0,0
3305,0.10431859838335138,0.10431859838335138,0,0,0
3306,0.10241821937655148,0.10241821937655148,0,0,0
3307,0.10789062857235733,0.10789062857235733,0,0,0
3308,0.11156668464996312,0.11156668464996312,0,0,0
3309,0.11105974391102791,0.11105974391102791,0,0,0
3310,0.11274173287184615,0.11274173287184615,0,0,0
3311,0.10657787871988196,0.10657787871988196,0,0,0
3312,0.10362639317387029,0.10362639317387029,0,0,0
3313,0.10746607272640656,0.10746607272640656,0,0,0
3314,0.11692706122994423,0.11692706122994423,0,0,0
3315,0.10521582886576653,0.10521582886576653,0,0,0
3316,0.10150592636905219,0.10150592636905219,0,0,0
3317,0.10043103532179405,0.10043103532179405,0,0,0
3318,0.10330588792107608,0.10330588792107608,0,0,0
3319,0.10942764874351651,0.10942764874351651,0,0,0
3320,0.10710162865488153,0.10710162865488153,0,0,0
3321,0.10521354683135685,0.10521354683135685,0,0,0
3322,0.10653878807237274,0.10653878807237274,0,0,0
3323,0.10909345844074299,0.10909345844074299,0,0,0
3324,0.10371667381964232,0.10371667381964232,0,0,0
3325,0.1005086749792099,0.1005086749792099,0,0,0
3326,0.1004253615086016,0.1004253615086016,0,0,0
3327,0.1021271014684125,0.1021271014684125,0,0,0
3328,0.10399736081691165,0.10399736081691165,0,0,0
3329,0.11097539108442633,0.11097539108442633,0,0,0
3330,0.10492662771752007,0.10492662771752007,0,0,0
3331,0.10775425040016048,0.10775425040016048,0,0,0
3332,0.11359180255155814,0.11359180255155814,0,0,0
3333,0.10435213736797634,0.10435213736797634,0,0,0
3334,0.10781212445152433,0.10781212445152433,0,0,0
3335,0.10711461648737129,0.10711461648737129,0,0,0
3336,0.1039382929080411,0.1039382929080411,0,0,0
3337,0.10377293472227297,0.10377293472227297,0,0,0
3338,0.10445173427854713,0.10445173427854713,0,0,0
3339,0.1077864839646377,0.1077864839646377,0,0,0
3340,0.10538707193183272,0.10538707193183272,0,0,0
3341,0.10729783518533957,0.10729783518533957,0,0,0
3342,0.11211157001947102,0.11211157001947102,0,0,0
3343,0.1028361444018389,0.1028361444018389,0,0,0
3344,0.10503072056331132,0.10503072056331132,0,0,0
3345,0.10443715006113052,0.10443715006113052,0,0,0
3346,0.1211669617577603,0.1211669617577603,0,0,0
3347,0.11373869976715038,0.11373869976715038,0,0,0
3348,0.10754858839668725,0.10754858839668725,0,0,0
3349,0.11451530338902223,0.11451530338902223,0,0,0
3350,0.11288051542482878,0.11288051542482878,0,0,0
3351,0.10350642323886093,0.10350642323886093,0,0,0
3352,0.1014790599675555,0.1014790599675555,0,0,0
3353,0.10803673367359136,0.10803673367359136,0,0,0
3354,0.10972392362983603,0.10972392362983603,0,0,0
3355,0.10817841460046015,0.10817841460046015,0,0,0
3356,0.10594089397866475,0.10594089397866475,0,0,0
3357,0.10243257233186771,0.10243257233186771,0,0,0
3358,0.10898815987533644,0.10898815987533644,0,0,0
3359,0.10089794115016334,0.10089794115016334,0,0,0
3360,0.11254343949258327,0.11254343949258327,0,0,0
3361,0.10473823076800297,0.10473823076800297,0,0,0
3362,0.10298583058542327,0.10298583058542327,0,0,0
3363,0.10206004702731182,0.10206004702731182,0,0,0
3364,0.1178418935129517,0.1178418935129517,0,0,0
3365,0.10796393120759412,0.10796393120759412,0,0,0
3366,0.10948931259152136,0.10948931259152136,0,0,0
3367,0.10715020075440407,0.10715020075440407,0,0,0
3368,0.11199607425614407,0.11199607425614407,0,0,0
3369,0.10913984203024914,0.10913984203024914,0,0,0
3370,0.11951436200424244,0.11951436200424244,0,0,0
3371,0.10671409043042283,0.10671409043042283,0,0,0
3372,0.10936103761196136,0.10936103761196136,0,0,0
3373,0.10300153356633689,0.10300153356633689,0,0,0
3374,0.0989231406465957,0.0989231406465957,0,0,0
3375,0.13001956653438115,0.13001956653438115,0,0,0
3376,0.10362803641902774,0.10362803641902774,0,0,0
3377,0.11072337656821075,0.11072337656821075,0,0,0
3378,0.10570387944186989,0.10570387944186989,0,0,0
3379,0.10559895291532341,0.10559895291532341,0,0,0
3380,0.1017140461818168,0.1017140461818168,0,0,0
3381,0.10399783726193403,0.10399783726193403,0,0,0
3382,0.12826334920368695,0.12826334920368695,0,0,0
3383,0.10366144286174524,0.10366144286174524,0,0,0
3384,0.10876085707231571,0.10876085707231571,0,0,0
3385,0.10158330241316244,0.10158330241316244,0,0,0
3386,0.10317496778933626,0.10317496778933626,0,0,0
3387,0.09969159362739638,0.09969159362739638,0,0,0
3388,0.10669263511111862,0.10669263511111862,0,0,0
3389,0.10689705492634523,0.10689705492634523,0,0,0
3390,0.10981787407868787,0.10981787407868787,0,0,0
3391,0.10109292735394679,0.10109292735394679,0,0,0
3392,0.11541874883206267,0.11541874883206267,0,0,0
3393,0.10622415044590046,0.10622415044590046,0,0,0
3394,0.10441370190758455,0.10441370190758455,0,0,0
3395,0.09991285479382465,0.09991285479382465,0,0,0
3396,0.10407259276038722,0.10407259276038722,0,0,0
3397,0.10756924640583365,0.10756924640583365,0,0,0
3398,0.10437148240836043,0.10437148240836043,0,0,0
3399,0.10446260340119663,0.10446260340119663,0,0,0
3400,0.1049424129489221,0.1049424129489221,0,0,0
3401,0.10436268366481129,0.10436268366481129,0,0,0
3402,0.10744925764830489,0.10744925764830489,0,0,0
3403,0.10232806029288392,0.10232806029288392,0,0,0
3404,0.11174704193284637,0.11174704193284637,0,0,0
3405,0.10507097997163471,0.10507097997163471,0,0,0
3406,0.10683370989404227,0.10683370989404227,0,0,0
3407,0.10034465015326675,0.10034465015326675,0,0,0
3408,0.09776661172509193,0.09776661172509193,0,0,0
3409,0.10437371228870593,0.10437371228870593,0,0,0
3410,0.09966866642628845,0.09966866642628845,0,0,0
3411,0.11305774375796318,0.11305774375796318,0,0,0
3412,0.10751378653865111,0.10751378653865111,0,0,0
3413,0.10842565398075078,0.10842565398075078,0,0,0
3414,0.10288329559721444,0.10288329559721444,0,0,0
3415,0.1036957196499172,0.1036957196499172,0,0,0
3416,0.11652522014552041,0.11652522014552041,0,0,0
3417,0.10356399142428448,0.10356399142428448,0,0,0
3418,0.10097326426521729,0.10097326426521729,0,0,0
3419,0.10574966894560739,0.10574966894560739,0,0,0
3420,0.1060122869124538,0.1060122869124538,0,0,0
3421,0.10166057012975216,0.10166057012975216,0,0,0
3422,0.1080346011409634,0.1080346011409634,0,0,0
3423,0.10844569986588076,0.10844569986588076,0,0,0
3424,0.10077674079098199,0.10077674079098199,0,0,0
3425,0.12156922723117627,0.12156922723117627,0,0,0
3426,0.10048067991278674,0.10048067991278674,0,0,0
3427,0.1065713676967119,0.1065713676967119,0,0,0
3428,0.09749013038450166,0.09749013038450166,0,0,0
3429,0.11015601779677366,0.11015601779677366,0,0,0
3430,0.10589933375778951,0.10589933375778951,0,0,0
3431,0.10152018031007365,0.10152018031007365,0,0,0
3432,0.1063472763880303,0.1063472763880303,0,0,0
3433,0.10185573289268895,0.10185573289268895,0,0,0
3434,0.10660704009627041,0.10660704009627041,0,0,0
3435,0.10630440829615843,0.10630440829615843,0,0,0
3436,0.10291951600658267,0.10291951600658267,0,0,0
3437,0.10755641650604575,0.10755641650604575,0,0,0
3438,0.10386495047101849,0.10386495047101849,0,0,0
3439,0.1046275343549879,0.1046275343549879,0,0,0
3440,0.10899903507609117,0.10899903507609117,0,0,0
3441,0.10476544891533099,0.10476544891533099,0,0,0
3442,0.1032641646697333,0.1032641646697333,0,0,0
3443,0.11815965450123737,0.11815965450123737,0,0,0
3444,0.09846353589704163,0.09846353589704163,0,0,0
3445,0.11998703713087659,0.11998703713087659,0,0,0
3446,0.1089815141535119,0.1089815141535119,0,0,0
3447,0.10464351683070786,0.10464351683070786,0,0,0
3448,0.1051451601088047,0.1051451601088047,0,0,0
3449,0.10552231653740532,0.10552231653740532,0,0,0
3450,0.10344069549127628,0.10344069549127628,0,0,0
3451,0.10639423739753272,0.10639423739753272,0,0,0
3452,0.10084405972769386,0.10084405972769386,0,0,0
3453,0.10380479967907856,0.10380479967907856,0,0,0
3454,0.10708916442174661,0.10708916442174661,0,0,0
3455,0.10783492558096584,0.10783492558096584,0,0,0
3456,0.10770786739885807,0.10770786739885807,0,0,0
3457,0.10575690551808006,0.10575690551808006,0,0,0
3458,0.10283957245318513,0.10283957245318513,0,0,0
3459,0.107884429003063,0.107884429003063,0,0,0
3460,0.10513977392723686,0.10513977392723686,0,0,0
3461,0.10194594707143934,0.10194594707143934,0,0,0
3462,0.10203961910385835,0.10203961910385835,0,0,0
3463,0.1030700491055062,0.1030700491055062,0,0,0
3464,0.10074829094504055,0.10074829094504055,0,0,0
3465,0.10627777727418825,0.10627777727418825,0,0,0
3466,0.10403249138279964,0.10403249138279964,0,0,0
3467,0.10367822000070621,0.10367822000070621,0,0,0
3468,0.09999225739585726,0.09999225739585726,0,0,0
3469,0.10304636919969007,0.10304636919969007,0,0,0
3470,0.10196357249821487,0.10196357249821487,0,0,0
3471,0.10399401227110311,0.10399401227110311,0,0,0
3472,0.10495085073144812,0.10495085073144812,0,0,0
3473,0.10489824384843048,0.10489824384843048,0,0,0
3474,0.10724424394337755,0.10724424394337755,0,0,0
3475,0.10594355932583935,0.10594355932583935,0,0,0
3476,0.1047881318158225,0.1047881318158225,0,0,0
3477,0.10064288895381124,0.10064288895381124,0,0,0
3478,0.10293938935195145,0.10293938935195145,0,0,0
3479,0.1059007198598824,0.1059007198598824,0,0,0
3480,0.10275460897307646,0.10275460897307646,0,0,0
3481,0.11426301653447904,0.11426301653447904,0,0,0
3482,0.10187324538434807,0.10187324538434807,0,0,0
3483,0.10231968074252731,0.10231968074252731,0,0,0
3484,0.10339292795642425,0.10339292795642425,0,0,0
3485,0.1122992383806329,0.1122992383806329,0,0,0
3486,0.10207482633229933,0.10207482633229933,0,0,0
3487,0.10045111728341956,0.10045111728341956,0,0,0
3488,0.1050295469007994,0.1050295469007994,0,0,0
3489,0.09994428624448023,0.09994428624448023,0,0,0
3490,0.10123946321638007,0.10123946321638007,0,0,0
3491,0.10440237624080557,0.10440237624080557,0,0,0
3492,0.10794665919322717,0.10794665919322717,0,0,0
3493,0.10546486785537318,0.10546486785537318,0,0,0
3494,0.10407784757645507,0.10407784757645507,0,0,0
3495,0.09831292309651249,0.09831292309651249,0,0,0
3496,0.10251661144981258,0.10251661144981258,0,0,0
3497,0.09955046433759362,0.09955046433759362,0,0,0
3498,0.11932926134843576,0.11932926134843576,0,0,0
3499,0.10778183725319411,0.10778183725319411,0,0,0
3500,0.11573644805895655,0.11573644805895655,0,0,0
3501,0.10388411620729848,0.10388411620729848,0,0,0
3502,0.11120621399267723,0.11120621399267723,0,0,0
3503,0.10421841219067574,0.10421841219067574,0,0,0
3504,0.10396131843720612,0.10396131843720612,0,0,0
3505,0.10519062002238475,0.10519062002238475,0,0,0
3506,0.11485920973906391,0.11485920973906391,0,0,0
3507,0.1027631907674827,0.1027631907674827,0,0,0
3508,0.10415919115276713,0.10415919115276713,0,0,0
3509,0.10661132241550245,0.10661132241550245,0,0,0
3510,0.10241863817760818,0.10241863817760818,0,0,0
3511,0.10523125842997902,0.10523125842997902,0,0,0
3512,0.10016489499493648,0.10016489499493648,0,0,0
3513,0.10077438542717382,0.10077438542717382,0,0,0
3514,0.09856583452538441,0.09856583452538441,0,0,0
3515,0.09835851976746007,0.09835851976746007,0,0,0
3516,0.10413784857251142,0.10413784857251142,0,0,0
3517,0.10495720078286372,0.10495720078286372,0,0,0
3518,0.10244550702995375,0.10244550702995375,0,0,0
3519,0.10436479923756499,0.10436479923756499,0,0,0
3520,0.10234980128313366,0.10234980128313366,0,0,0
3521,0.10514172666559093,0.10514172666559093,0,0,0
3522,0.10602729767560959,0.10602729767560959,0,0,0
3523,0.10191731517644305,0.10191731517644305,0,0,0
3524,0.09756165184080601,0.09756165184080601,0,0,0
3525,0.10663884231134464,0.10663884231134464,0,0,0
3526,0.10241785370989849,0.10241785370989849,0,0,0
3527,0.0971779944865327,0.0971779944865327,0,0,0
3528,0.103937601278487,0.103937601278487,0,0,0
3529,0.09636750013420456,0.09636750013420456,0,0,0
3530,0.10231041045565355,0.10231041045565355,0,0,0
3531,0.10557358143360991,0.10557358143360991,0,0,0
3532,0.10855559181225927,0.10855559181225927,0,0,0
3533,0.10148532384712446,0.10148532384712446,0,0,0
3534,0.10695899866129223,0.10695899866129223,0,0,0
3535,0.12705045536552606,0.12705045536552606,0,0,0
3536,0.1178216322472221,0.1178216322472221,0,0,0
3537,0.10393999144434929,0.10393999144434929,0,0,0
3538,0.1077596922650149,0.1077596922650149,0,0,0
3539,0.10297251100602903,0.10297251100602903,0,0,0
3540,0.09933865893828242,0.09933865893828242,0,0,0
3541,0.10102821915949646,0.10102821915949646,0,0,0
3542,0.11253581548991956,0.11253581548991956,0,0,0
3543,0.10427338277038775,0.10427338277038775,0,0,0
3544,0.09746760384816873,0.09746760384816873,0,0,0
3545,0.10070315670025975,0.10070315670025975,0,0,0
3546,0.11102704272458427,0.11102704272458427,0,0,0
3547,0.09792515360995342,0.09792515360995342,0,0,0
3548,0.10794096302829291,0.10794096302829291,0,0,0
3549,0.10896309543597071,0.10896309543597071,0,0,0
3550,0.103115461374584,0.103115461374584,0,0,0
3551,0.10318158802233245,0.10318158802233245,0,0,0
3552,0.10126895065370359,0.10126895065370359,0,0,0
3553,0.10567706931186349,0.10567706931186349,0,0,0
3554,0.10000543276730336,0.10000543276730336,0,0,0
3555,0.10809510573744774,0.10809510573744774,0,0,0
3556,0.10187998796372037,0.10187998796372037,0,0,0
3557,0.11144192310932435,0.11144192310932435,0,0,0
3558,0.1026577839725896,0.1026577839725896,0,0,0
3559,0.10494144309900309,0.10494144309900309,0,0,0
3560,0.10183604453739367,0.10183604453739367,0,0,0
3561,0.10000551629223321,0.10000551629223321,0,0,0
3562,0.10551351014720767,0.10551351014720767,0,0,0
3563,0.1045390029290789,0.1045390029290789,0,0,0
3564,0.10086599051168091,0.10086599051168091,0,0,0
3565,0.11678248761515868,0.11678248761515868,0,0,0
3566,0.10101225364365075,0.10101225364365075,0,0,0
3567,0.101905437970632,0.101905437970632,0,0,0
3568,0.10025064509950186,0.10025064509950186,0,0,0
3569,0.10269936252581446,0.10269936252581446,0,0,0
3570,0.10713819335950048,0.10713819335950048,0,0,0
3571,0.10336878248735477,0.10336878248735477,0,0,0
3572,0.09914617103181388,0.09914617103181388,0,0,0
3573,0.09967883186120736,0.09967883186120736,0,0,0
3574,0.10490939040717326,0.10490939040717326,0,0,0
3575,0.09969823699640601,0.09969823699640601,0,0,0
3576,0.10505131975208458,0.10505131975208458,0,0,0
3577,0.10722669282634008,0.10722669282634008,0,0,0
3578,0.0994538307974213,0.0994538307974213,0,0,0
3579,0.09734750970413811,0.09734750970413811,0,0,0
3580,0.10773922365747,0.10773922365747,0,0,0
3581,0.09776593509473298,0.09776593509473298,0,0,0
3582,0.10471227186682977,0.10471227186682977,0,0,0
3583,0.1029022186014213,0.1029022186014213,0,0,0
3584,0.09936670076690222,0.09936670076690222,0,0,0
3585,0.10649222919815465,0.10649222919815465,0,0,0
3586,0.10205966253813945,0.10205966253813945,0,0,0
3587,0.10534621059502426,0.10534621059502426,0,0,0
3588,0.09831607165305238,0.09831607165305238,0,0,0
3589,0.1073624146612067,0.1073624146612067,0,0,0
3590,0.10091959606660039,0.10091959606660039,0,0,0
3591,0.09680236944634664,0.09680236944634664,0,0,0
3592,0.09919777973309944,0.09919777973309944,0,0,0
3593,0.112223319709301,0.112223319709301,0,0,0
3594,0.1054494763283353,0.1054494763283353,0,0,0
3595,0.1001524838962053,0.1001524838962053,0,0,0
3596,0.10038892787538077,0.10038892787538077,0,0,0
3597,0.10299428434748399,0.10299428434748399,0,0,0
3598,0.09662031264681566,0.09662031264681566,0,0,0
3599,0.11795839726140625,0.11795839726140625,0,0,0
3600,0.09779467786613263,0.09779467786613263,0,0,0
3601,0.09857356920838356,0.09857356920838356,0,0,0
3602,0.10036185619078185,0.10036185619078185,0,0,0
3603,0.1053513086547977,0.1053513086547977,0,0,0
3604,0.09973798790260364,0.09973798790260364,0,0,0
3605,0.09813357722994528,0.09813357722994528,0,0,0
3606,0.10799504218525008,0.10799504218525008,0,0,0
3607,0.10134055563493778,0.10134055563493778,0,0,0
3608,0.10125034478934188,0.10125034478934188,0,0,0
3609,0.09709541823126767,0.09709541823126767,0,0,0
3610,0.10775764070843395,0.10775764070843395,0,0,0
3611,0.09902059345653183,0.09902059345653183,0,0,0
3612,0.10216599683228292,0.10216599683228292,0,0,0
3613,0.10548569516916025,0.10548569516916025,0,0,0
3614,0.09905098172786989,0.09905098172786989,0,0,0
3615,0.09696187725976894,0.09696187725976894,0,0,0
3616,0.10142910862831693,0.10142910862831693,0,0,0
3617,0.10432356850881326,0.10432356850881326,0,0,0
3618,0.10025896347667042,0.10025896347667042,0,0,0
3619,0.09464106718568426,0.09464106718568426,0,0,0
3620,0.10207216745536578,0.10207216745536578,0,0,0
3621,0.10050813049862259,0.10050813049862259,0,0,0
3622,0.10335442649298593,0.10335442649298593,0,0,0
3623,0.09796871754683946,0.09796871754683946,0,0,0
3624,0.10088823147510227,0.10088823147510227,0,0,0
3625,0.10870970177807306,0.10870970177807306,0,0,0
3626,0.09844602418965415,0.09844602418965415,0,0,0
3627,0.10518618182916391,0.10518618182916391,0,0,0
3628,0.10473171915662915,0.10473171915662915,0,0,0
3629,0.1024439312321575,0.1024439312321575,0,0,0
3630,0.09550665387589681,0.09550665387589681,0,0,0
3631,0.09586158561471261,0.09586158561471261,0,0,0
3632,0.09730979800224304,0.09730979800224304,0,0,0
3633,0.09535746619497475,0.09535746619497475,0,0,0
3634,0.11139564118102978,0.11139564118102978,0,0,0
3635,0.09794261796694052,0.09794261796694052,0,0,0
3636,0.10349769821684611,0.10349769821684611,0,0,0
3637,0.0949658291708482,0.0949658291708482,0,0,0
3638,0.09984883705252096,0.09984883705252096,0,0,0
3639,0.09754595778098232,0.09754595778098232,0,0,0
3640,0.10012609256725562,0.10012609256725562,0,0,0
3641,0.102048950956056,0.102048950956056,0,0,0
3642,0.10162565965009362,0.10162565965009362,0,0,0
3643,0.10567662806103104,0.10567662806103104,0,0,0
3644,0.09620242105110695,0.09620242105110695,0,0,0
3645,0.09906672284399208,0.09906672284399208,0,0,0
3646,0.10366154148390419,0.10366154148390419,0,0,0
3647,0.09679099035106208,0.09679099035106208,0,0,0
3648,0.10514081122451707,0.10514081122451707,0,0,0
3649,0.09955132115436227,0.09955132115436227,0,0,0
3650,0.11590022378061947,0.11590022378061947,0,0,0
3651,0.09654793653048967,0.09654793653048967,0,0,0
3652,0.09872324529447053,0.09872324529447053,0,0,0
3653,0.09311815704170026,0.09311815704170026,0,0,0
3654,0.09808950469289955,0.09808950469289955,0,0,0
3655,0.10715051142400817,0.10715051142400817,0,0,0
3656,0.10198601864670452,0.10198601864670452,0,0,0
3657,0.10144836004627378,0.10144836004627378,0,0,0
3658,0.10319155680113717,0.10319155680113717,0,0,0
3659,0.09783279944799449,0.09783279944799449,0,0,0
3660,0.10818302513737428,0.10818302513737428,0,0,0
3661,0.10656309657190975,0.10656309657190975,0,0,0
3662,0.10362330539838265,0.10362330539838265,0,0,0
3663,0.10116127888230901,0.10116127888230901,0,0,0
3664,0.10031231218262722,0.10031231218262722,0,0,0
3665,0.10557697066350986,0.10557697066350986,0,0,0
3666,0.10021916855322688,0.10021916855322688,0,0,0
3667,0.1109201510093714,0.1109201510093714,0,0,0
3668,0.09915573012671973,0.09915573012671973,0,0,0
3669,0.10738319933022324,0.10738319933022324,0,0,0
3670,0.10177616382900037,0.10177616382900037,0,0,0
3671,0.10151074434581556,0.10151074434581556,0,0,0
3672,0.10328335765945285,0.10328335765945285,0,0,0
3673,0.10498990412605436,0.10498990412605436,0,0,0
3674,0.10120702848622673,0.10120702848622673,0,0,0
3675,0.09767179249932892,0.09767179249932892,0,0,0
3676,0.11039303409817972,0.11039303409817972,0,0,0
3677,0.09592600176601034,0.09592600176601034,0,0,0
3678,0.09766832543046851,0.09766832543046851,0,0,0
3679,0.10353360109423336,0.10353360109423336,0,0,0
3680,0.10004314662594545,0.10004314662594545,0,0,0
3681,0.09952341020107269,0.09952341020107269,0,0,0
3682,0.10415792288748842,0.10415792288748842,0,0,0
3683,0.11071958353644923,0.11071958353644923,0,0,0
3684,0.1039216524284137,0.1039216524284137,0,0,0
3685,0.09705999111266513,0.09705999111266513,0,0,0
3686,0.1015339016326164,0.1015339016326164,0,0,0
3687,0.0973589918331096,0.0973589918331096,0,0,0
3688,0.10328187450374428,0.10328187450374428,0,0,0
3689,0.12395486814018927,0.12395486814018927,0,0,0
3690,0.10347340785359081,0.10347340785359081,0,0,0
3691,0.10099252734921481,0.10099252734921481,0,0,0
3692,0.099907470376868,0.099907470376868,0,0,0
3693,0.10220558510014885,0.10220558510014885,0,0,0
3694,0.09983546129967037,0.09983546129967037,0,0,0
3695,0.10014530418342665,0.10014530418342665,0,0,0
3696,0.10085257740789338,0.10085257740789338,0,0,0
3697,0.102389086528044,0.102389086528044,0,0,0
3698,0.10359895974397659,0.10359895974397659,0,0,0
3699,0.10085365960472509,0.10085365960472509,0,0,0
3700,0.09833486172321595,0.09833486172321595,0,0,0
3701,0.09440087330968756,0.09440087330968756,0,0,0
3702,0.10317412597176276,0.10317412597176276,0,0,0
3703,0.11197350066351264,0.11197350066351264,0,0,0
3704,0.10113572544957462,0.10113572544957462,0,0,0
3705,0.10265773260279705,0.10265773260279705,0,0,0
3706,0.10341279983128372,0.10341279983128372,0,0,0
3707,0.10966979810281803,0.10966979810281803,0,0,0
3708,0.09954533863224481,0.09954533863224481,0,0,0
3709,0.10321041137764328,0.10321041137764328,0,0,0
3710,0.09797489545062969,0.09797489545062969,0,0,0
3711,0.11703198422726832,0.11703198422726832,0,0,0
3712,0.11232899384279,0.11232899384279,0,0,0
3713,0.11144311275137098,0.11144311275137098,0,0,0
3714,0.09835097085880606,0.09835097085880606,0,0,0
3715,0.0939113116381984,0.0939113116381984,0,0,0
3716,0.1038776275358702,0.1038776275358702,0,0,0
3717,0.10628716441753663,0.10628716441753663,0,0,0
3718,0.10146386529269971,0.10146386529269971,0,0,0
3719,0.09884118916172731,0.09884118916172731,0,0,0
3720,0.1016353513849409,0.1016353513849409,0,0,0
3721,0.09874277699150537,0.09874277699150537,0,0,0
3722,0.10052386710518285,0.10052386710518285,0,0,0
3723,0.09682250130725534,0.09682250130725534,0,0,0
3724,0.1075555231226118,0.1075555231226118,0,0,0
3725,0.10423004254698753,0.10423004254698753,0,0,0
3726,0.10159756605954547,0.10159756605954547,0,0,0
3727,0.10638017707357281,0.10638017707357281,0,0,0
3728,0.09951781824623283,0.09951781824623283,0,0,0
3729,0.10379179135749214,0.10379179135749214,0,0,0
3730,0.10089278132899811,0.10089278132899811,0,0,0
3731,0.11304310042607157,0.11304310042607157,0,0,0
3732,0.10408635790410795,0.10408635790410795,0,0,0
3733,0.10274142164148782,0.10274142164148782,0,0,0
3734,0.09820231128680079,0.09820231128680079,0,0,0
3735,0.09934986980729982,0.09934986980729982,0,0,0
3736,0.10306630538482416,0.10306630538482416,0,0,0
3737,0.10632252046152164,0.10632252046152164,0,0,0
3738,0.10426563220588785,0.10426563220588785,0,0,0
3739,0.10200222542411402,0.10200222542411402,0,0,0
3740,0.09955492125529992,0.09955492125529992,0,0,0
3741,0.0959678496185102,0.0959678496185102,0,0,0
3742,0.10515543681226279,0.10515543681226279,0,0,0
3743,0.1030984607182051,0.1030984607182051,0,0,0
3744,0.09927800591838987,0.09927800591838987,0,0,0
3745,0.11790739107680948,0.11790739107680948,0,0,0
3746,0.09793636634161598,0.09793636634161598,0,0,0
3747,0.10813946335723526,0.10813946335723526,0,0,0
3748,0.10509964764902466,0.10509964764902466,0,0,0
3749,0.10572312321317823,0.10572312321317823,0,0,0
3750,0.09771218866501984,0.09771218866501984,0,0,0
3751,0.10287319535487577,0.10287319535487577,0,0,0
3752,0.10097369149719414,0.10097369149719414,0,0,0
3753,0.10762895280985456,0.10762895280985456,0,0,0
3754,0.10150566765744436,0.10150566765744436,0,0,0
3755,0.10184600341476892,0.10184600341476892,0,0,0
3756,0.10068019146197721,0.10068019146197721,0,0,0
3757,0.10573686953437955,0.10573686953437955,0,0,0
3758,0.09853990219141308,0.09853990219141308,0,0,0
3759,0.10223920084536076,0.10223920084536076,0,0,0
3760,0.09906717909401969,0.09906717909401969,0,0,0
3761,0.09882089642709807,0.09882089642709807,0,0,0
3762,0.10529499481383123,0.10529499481383123,0,0,0
3763,0.10251025894754812,0.10251025894754812,0,0,0
3764,0.10399082087372478,0.10399082087372478,0,0,0
3765,0.10257454481171935,0.10257454481171935,0,0,0
3766,0.10179341300145577,0.10179341300145577,0,0,0
3767,0.10703829597485692,0.10703829597485692,0,0,0
3768,0.09890479172923063,0.09890479172923063,0,0,0
3769,0.09919090569019318,0.09919090569019318,0,0,0
3770,0.09491627477109432,0.09491627477109432,0,0,0
3771,0.09756309323404964,0.09756309323404964,0,0,0
3772,0.1025345143126814,0.1025345143126814,0,0,0
3773,0.09474698738440086,0.09474698738440086,0,0,0
3774,0.09904396102616661,0.09904396102616661,0,0,0
3775,0.09973935733892415,0.09973935733892415,0,0,0
3776,0.10784530894536722,0.10784530894536722,0,0,0
3777,0.1012748601405244,0.1012748601405244,0,0,0
3778,0.1063866707447328,0.1063866707447328,0,0,0
3779,0.1032472868499003,0.1032472868499003,0,0,0
3780,0.1033343056118802,0.1033343056118802,0,0,0
3781,0.09535165533031288,0.09535165533031288,0,0,0
3782,0.10167936755246237,0.10167936755246237,0,0,0
3783,0.10779200406058838,0.10779200406058838,0,0,0
3784,0.10223844980722979,0.10223844980722979,0,0,0
3785,0.1000399697375925,0.1000399697375925,0,0,0
3786,0.09922380167010583,0.09922380167010583,0,0,0
3787,0.09806551598012447,0.09806551598012447,0,0,0
3788,0.09751063163735364,0.09751063163735364,0,0,0
3789,0.10038542404378716,0.10038542404378716,0,0,0
3790,0.12039822094926708,0.12039822094926708,0,0,0
3791,0.09881953208854324,0.09881953208854324,0,0,0
3792,0.1017323720612024,0.1017323720612024,0,0,0
3793,0.1034987548268155,0.1034987548268155,0,0,0
3794,0.09708730709788047,0.09708730709788047,0,0,0
3795,0.10216680031857993,0.10216680031857993,0,0,0
3796,0.10134962240332052,0.10134962240332052,0,0,0
3797,0.1049446334180079,0.1049446334180079,0,0,0
3798,0.10126000015359175,0.10126000015359175,0,0,0
3799,0.09745274611601704,0.09745274611601704,0,0,0
3800,0.09658830799162388,0.09658830799162388,0,0,0
3801,0.09331814523198102,0.09331814523198102,0,0,0
3802,0.10756226776069716,0.10756226776069716,0,0,0
3803,0.0941216742717906,0.0941216742717906,0,0,0
3804,0.09793030137294217,0.09793030137294217,0,0,0
3805,0.09804986015354332,0.09804986015354332,0,0,0
3806,0.103982535828101,0.103982535828101,0,0,0
3807,0.09719633830613211,0.09719633830613211,0,0,0
3808,0.09866636197425817,0.09866636197425817,0,0,0
3809,0.10435773510681956,0.10435773510681956,0,0,0
3810,0.09797829566033263,0.09797829566033263,0,0,0
3811,0.10165073634370377,0.10165073634370377,0,0,0
3812,0.1015753288214144,0.1015753288214144,0,0,0
3813,0.10913211420962685,0.10913211420962685,0,0,0
3814,0.10214591467458951,0.10214591467458951,0,0,0
3815,0.09432547284584296,0.09432547284584296,0,0,0
3816,0.09728659660016235,0.09728659660016235,0,0,0
3817,0.09659943327699837,0.09659943327699837,0,0,0
3818,0.11474875439154475,0.11474875439154475,0,0,0
3819,0.09637816907151749,0.09637816907151749,0,0,0
3820,0.1030676802130122,0.1030676802130122,0,0,0
3821,0.10296403861751682,0.10296403861751682,0,0,0
3822,0.09776436547307592,0.09776436547307592,0,0,0
3823,0.09369716793298721,0.09369716793298721,0,0,0
3824,0.1045855234720205,0.1045855234720205,0,0,0
3825,0.09486661812192515,0.09486661812192515,0,0,0
3826,0.10051540461810012,0.10051540461810012,0,0,0
3827,0.10864541787458093,0.10864541787458093,0,0,0
3828,0.09778814694206965,0.09778814694206965,0,0,0
3829,0.09643780596946415,0.09643780596946415,0,0,0
3830,0.10347211694246844,0.10347211694246844,0,0,0
3831,0.10434378379661786,0.10434378379661786,0,0,0
3832,0.09967949957047638,0.09967949957047638,0,0,0
3833,0.09989848693734721,0.09989848693734721,0,0,0
3834,0.09901353756063863,0.09901353756063863,0,0,0
3835,0.09755543109617736,0.09755543109617736,0,0,0
3836,0.12181427810145051,0.12181427810145051,0,0,0
3837,0.10324679256269806,0.10324679256269806,0,0,0
3838,0.09365114697108143,0.09365114697108143,0,0,0
3839,0.10414136112912704,0.10414136112912704,0,0,0
3840,0.10201456966368776,0.10201456966368776,0,0,0
3841,0.10870130909116645,0.10870130909116645,0,0,0
3842,0.09657896388518183,0.09657896388518183,0,0,0
3843,0.0953069144957944,0.0953069144957944,0,0,0
3844,0.09798775329009483,0.09798775329009483,0,0,0
3845,0.10075113206709686,0.10075113206709686,0,0,0
3846,0.09899378901249484,0.09899378901249484,0,0,0
3847,0.10123838170578606,0.10123838170578606,0,0,0
3848,0.09305973909795284,0.09305973909795284,0,0,0
3849,0.10133377619479832,0.10133377619479832,0,0,0
3850,0.09887854186327834,0.09887854186327834,0,0,0
3851,0.10635146175168063,0.10635146175168063,0,0,0
3852,0.10172875372594908,0.10172875372594908,0,0,0
3853,0.09696282789503273,0.09696282789503273,0,0,0
3854,0.09700639575327698,0.09700639575327698,0,0,0
3855,0.108119884407834,0.108119884407834,0,0,0
3856,0.12103048976706832,0.12103048976706832,0,0,0
3857,0.10025467772624995,0.10025467772624995,0,0,0
3858,0.09469509046328695,0.09469509046328695,0,0,0
3859,0.09925147400874841,0.09925147400874841,0,0,0
3860,0.09679631349679671,0.09679631349679671,0,0,0
3861,0.10015993506500595,0.10015993506500595,0,0,0
3862,0.09440809174587853,0.09440809174587853,0,0,0
3863,0.10071796963089391,0.10071796963089391,0,0,0
3864,0.11015540322190837,0.11015540322190837,0,0,0
3865,0.10031734073632642,0.10031734073632642,0,0,0
3866,0.09810307023948744,0.09810307023948744,0,0,0
3867,0.1013696862286643,0.1013696862286643,0,0,0
3868,0.09814470526027053,0.09814470526027053,0,0,0
3869,0.10151290579846031,0.10151290579846031,0,0,0
3870,0.10560461957203715,0.10560461957203715,0,0,0
3871,0.0955414615179363,0.0955414615179363,0,0,0
3872,0.0942904912915669,0.0942904912915669,0,0,0
3873,0.09942242081620191,0.09942242081620191,0,0,0
3874,0.09536293168601237,0.09536293168601237,0,0,0
3875,0.10725614869673002,0.10725614869673002,0,0,0
3876,0.10241398921138362,0.10241398921138362,0,0,0
3877,0.09722934790739887,0.09722934790739887,0,0,0
3878,0.1015020469693761,0.1015020469693761,0,0,0
3879,0.0988330258742759,0.0988330258742759,0,0,0
3880,0.104361609310696,0.104361609310696,0,0,0
3881,0.09805702153397233,0.09805702153397233,0,0,0
3882,0.09520145897802554,0.09520145897802554,0,0,0
3883,0.10544973651045247,0.10544973651045247,0,0,0
3884,0.10315258330420445,0.10315258330420445,0,0,0
3885,0.09436340081064325,0.09436340081064325,0,0,0
3886,0.10071875801996182,0.10071875801996182,0,0,0
3887,0.09782124398962448,0.09782124398962448,0,0,0
3888,0.10181800805424389,0.10181800805424389,0,0,0
3889,0.10066403507402069,0.10066403507402069,0,0,0
3890,0.10124341810220167,0.10124341810220167,0,0,0
3891,0.10127650907165126,0.10127650907165126,0,0,0
3892,0.09986854785759199,0.09986854785759199,0,0,0
3893,0.1011227337937606,0.1011227337937606,0,0,0
3894,0.09740766020197618,0.09740766020197618,0,0,0
3895,0.09704063264162917,0.09704063264162917,0,0,0
3896,0.1040699213351074,0.1040699213351074,0,0,0
3897,0.101733925213155,0.101733925213155,0,0,0
3898,0.10314095510463965,0.10314095510463965,0,0,0
3899,0.10777079666915693,0.10777079666915693,0,0,0
3900,0.0981940674154382,0.0981940674154382,0,0,0
3901,0.0954566229330866,0.0954566229330866,0,0,0
3902,0.10473718376536119,0.10473718376536119,0,0,0
3903,0.11022608197833363,0.11022608197833363,0,0,0
3904,0.0944109248291505,0.0944109248291505,0,0,0
3905,0.09979177854563061,0.09979177854563061,0,0,0
3906,0.10143478822551276,0.10143478822551276,0,0,0
3907,0.09821592212507599,0.09821592212507599,0,0,0
3908,0.10293507046605412,0.10293507046605412,0,0,0
3909,0.10034509287460854,0.10034509287460854,0,0,0
3910,0.09499555875204112,0.09499555875204112,0,0,0
3911,0.09901107347717411,0.09901107347717411,0,0,0
3912,0.09837971470857922,0.09837971470857922,0,0,0
3913,0.09435017308906506,0.09435017308906506,0,0,0
3914,0.09977484298379798,0.09977484298379798,0,0,0
3915,0.09866475706037722,0.09866475706037722,0,0,0
3916,0.09905789027872838,0.09905789027872838,0,0,0
3917,0.09760549027276666,0.09760549027276666,0,0,0
3918,0.10034109250103172,0.10034109250103172,0,0,0
3919,0.09760722321899314,0.09760722321899314,0,0,0
3920,0.09887658775244888,0.09887658775244888,0,0,0
3921,0.10096825620061473,0.10096825620061473,0,0,0
3922,0.09810030421144084,0.09810030421144084,0,0,0
3923,0.10190007894446976,0.10190007894446976,0,0,0
3924,0.09927279855075635,0.09927279855075635,0,0,0
3925,0.09727257676422596,0.09727257676422596,0,0,0
3926,0.09734970664507464,0.09734970664507464,0,0,0
3927,0.10140026213699266,0.10140026213699266,0,0,0
3928,0.09860178592957948,0.09860178592957948,0,0,0
3929,0.1028110008490713,0.1028110008490713,0,0,0
3930,0.10062929713412334,0.10062929713412334,0,0,0
3931,0.09781941918558196,0.09781941918558196,0,0,0
3932,0.09940781679592635,0.09940781679592635,0,0,0
3933,0.10059365679166819,0.10059365679166819,0,0,0
3934,0.09954061221919562,0.09954061221919562,0,0,0
3935,0.09881472822866942,0.09881472822866942,0,0,0
3936,0.10868429098474353,0.10868429098474353,0,0,0
3937,0.10371937132195423,0.10371937132195423,0,0,0
3938,0.09686032800297988,0.09686032800297988,0,0,0
3939,0.09230678891272921,0.09230678891272921,0,0,0
3940,0.1077379277466159,0.1077379277466159,0,0,0
3941,0.10315819741471817,0.10315819741471817,0,0,0
3942,0.09209752269089222,0.09209752269089222,0,0,0
3943,0.09574494403051703,0.09574494403051703,0,0,0
3944,0.09839969451882337,0.09839969451882337,0,0,0
3945,0.09150787697810876,0.09150787697810876,0,0,0
3946,0.09765142976845566,0.09765142976845566,0,0,0
3947,0.1011532437252371,0.1011532437252371,0,0,0
3948,0.11339361073547288,0.11339361073547288,0,0,0
3949,0.09892910660097473,0.09892910660097473,0,0,0
3950,0.0968551072046945,0.0968551072046945,0,0,0
3951,0.09999089129269123,0.09999089129269123,0,0,0
3952,0.09624460623844673,0.09624460623844673,0,0,0
3953,0.09489120317524985,0.09489120317524985,0,0,0
3954,0.09773333772624794,0.09773333772624794,0,0,0
3955,0.0993510021975166,0.0993510021975166,0,0,0
3956,0.09532900919255458,0.09532900919255458,0,0,0
3957,0.09689965863761149,0.09689965863761149,0,0,0
3958,0.10273636181495692,0.10273636181495692,0,0,0
3959,0.09590885621544562,0.09590885621544562,0,0,0
3960,0.09789288073386017,0.09789288073386017,0,0,0
3961,0.0979269137115855,0.0979269137115855,0,0,0
3962,0.0962864709527869,0.0962864709527869,0,0,0
3963,0.0993843948174464,0.0993843948174464,0,0,0
3964,0.10253646097293026,0.10253646097293026,0,0,0
3965,0.09800360243963568,0.09800360243963568,0,0,0
3966,0.09617163505601256,0.09617163505601256,0,0,0
3967,0.09470679140404652,0.09470679140404652,0,0,0
3968,0.09611442518469535,0.09611442518469535,0,0,0
3969,0.10349292700227938,0.10349292700227938,0,0,0
3970,0.09632197983170811,0.09632197983170811,0,0,0
3971,0.09955593894578908,0.09955593894578908,0,0,0
3972,0.0943963368864436,0.0943963368864436,0,0,0
3973,0.09128837905039913,0.09128837905039913,0,0,0
3974,0.09842376744276599,0.09842376744276599,0,0,0
3975,0.09655805304646492,0.09655805304646492,0,0,0
3976,0.09321959983361394,0.09321959983361394,0,0,0
3977,0.0999050574671281,0.0999050574671281,0,0,0
3978,0.09751730284800655,0.09751730284800655,0,0,0
3979,0.08932946416500367,0.08932946416500367,0,0,0
3980,0.10060264336827554,0.10060264336827554,0,0,0
3981,0.1011569511733557,0.1011569511733557,0,0,0
3982,0.10145226571904986,0.10145226571904986,0,0,0
3983,0.099423504385509,0.099423504385509,0,0,0
3984,0.12785323258293302,0.12785323258293302,0,0,0
3985,0.09834477501480203,0.09834477501480203,0,0,0
3986,0.10157749517575691,0.10157749517575691,0,0,0
3987,0.11175207264329258,0.11175207264329258,0,0,0
3988,0.10467712051774326,0.10467712051774326,0,0,0
3989,0.09914013253230798,0.09914013253230798,0,0,0
3990,0.09530848245087423,0.09530848245087423,0,0,0
3991,0.09948467100529294,0.09948467100529294,0,0,0
3992,0.09805608511363205,0.09805608511363205,0,0,0
3993,0.1102321594953537,0.1102321594953537,0,0,0
3994,0.09703905968681763,0.09703905968681763,0,0,0
3995,0.0947093477374629,0.0947093477374629,0,0,0
3996,0.10051693767309189,0.10051693767309189,0,0,0
3997,0.09607509660877679,0.09607509660877679,0,0,0
3998,0.09973630436549061,0.09973630436549061,0,0,0
3999,0.09643251311622168,0.09643251311622168,0,0,0
4000,0.10340907150193264,0.10340907150193264,0,0,0
4001,0.1001046764615335,0.1001046764615335,0,0,0
4002,0.09468066280609683,0.09468066280609683,0,0,0
4003,0.09597939115605857,0.09597939115605857,0,0,0
4004,0.09909516661182831,0.09909516661182831,0,0,0
4005,0.10330171255688918,0.10330171255688918,0,0,0
4006,0.09816796175743404,0.09816796175743404,0,0,0
4007,0.09977237272419427,0.09977237272419427,0,0,0
4008,0.09514860426516909,0.09514860426516909,0,0,0
4009,0.09895528999990538,0.09895528999990538,0,0,0
4010,0.09693610138799015,0.09693610138799015,0,0,0
4011,0.09227890462467545,0.09227890462467545,0,0,0
4012,0.0973051419775737,0.0973051419775737,0,0,0
4013,0.09619129213847612,0.09619129213847612,0,0,0
4014,0.11276615969836712,0.11276615969836712,0,0,0
4015,0.10268821341818885,0.10268821341818885,0,0,0
4016,0.09495201667672709,0.09495201667672709,0,0,0
4017,0.09413254917844345,0.09413254917844345,0,0,0
4018,0.09981568530201912,0.09981568530201912,0,0,0
4019,0.09430004626904663,0.09430004626904663,0,0,0
4020,0.10057322965248634,0.10057322965248634,0,0,0
4021,0.09528257580179918,0.09528257580179918,0,0,0
4022,0.09573710229443877,0.09573710229443877,0,0,0
4023,0.09106466693705634,0.09106466693705634,0,0,0
4024,0.09997737044958692,0.09997737044958692,0,0,0
4025,0.10189550517028884,0.10189550517028884,0,0,0
4026,0.09963037661815945,0.09963037661815945,0,0,0
4027,0.09842571949488238,0.09842571949488238,0,0,0
4028,0.09610708136307566,0.09610708136307566,0,0,0
4029,0.11832124347749509,0.11832124347749509,0,0,0
4030,0.09347807890490482,0.09347807890490482,0,0,0
4031,0.10007188312317196,0.10007188312317196,0,0,0
4032,0.10352278167479917,0.10352278167479917,0,0,0
4033,0.10239442653561893,0.10239442653561893,0,0,0
4034,0.09933600525714849,0.09933600525714849,0,0,0
4035,0.09663332234087743,0.09663332234087743,0,0,0
4036,0.09767164642873563,0.09767164642873563,0,0,0
4037,0.09096951223909855,0.09096951223909855,0,0,0
4038,0.108967788811577,0.108967788811577,0,0,0
4039,0.09236505392350648,0.09236505392350648,0,0,0
4040,0.10283505622493594,0.10283505622493594,0,0,0
4041,0.10435481291068227,0.10435481291068227,0,0,0
4042,0.09202841806568597,0.09202841806568597,0,0,0
4043,0.0972940580625283,0.0972940580625283,0,0,0
4044,0.09443718204764943,0.09443718204764943,0,0,0
4045,0.10442985574665822,0.10442985574665822,0,0,0
4046,0.11773522472695301,0.11773522472695301,0,0,0
4047,0.10347396811764491,0.10347396811764491,0,0,0
4048,0.10230109791614507,0.10230109791614507,0,0,0
4049,0.09380820746484556,0.09380820746484556,0,0,0
4050,0.09916405889548753,0.09916405889548753,0,0,0
4051,0.09987870476355679,0.09987870476355679,0,0,0
4052,0.0956647040224389,0.0956647040224389,0,0,0
4053,0.0962605503828902,0.0962605503828902,0,0,0
4054,0.09181118962403975,0.09181118962403975,0,0,0
4055,0.1094851984985565,0.1094851984985565,0,0,0
4056,0.0982544578023647,0.0982544578023647,0,0,0
4057,0.09897539568574805,0.09897539568574805,0,0,0
4058,0.09435494567610715,0.09435494567610715,0,0,0
4059,0.09910581368756921,0.09910581368756921,0,0,0
4060,0.09223206792222827,0.09223206792222827,0,0,0
4061,0.10028941243102676,0.10028941243102676,0,0,0
4062,0.10139388404786587,0.10139388404786587,0,0,0
4063,0.09726720999338125,0.09726720999338125,0,0,0
4064,0.09550049842188232,0.09550049842188232,0,0,0
4065,0.09954549617281086,0.09954549617281086,0,0,0
4066,0.09676229757697959,0.09676229757697959,0,0,0
4067,0.09344115176875341,0.09344115176875341,0,0,0
4068,0.09311887984605212,0.09311887984605212,0,0,0
4069,0.09859039261937141,0.09859039261937141,0,0,0
4070,0.09809505615971591,0.09809505615971591,0,0,0
4071,0.0982745529005402,0.0982745529005402,0,0,0
4072,0.09862595678944337,0.09862595678944337,0,0,0
4073,0.10280527958744451,0.10280527958744451,0,0,0
4074,0.09749417105003406,0.09749417105003406,0,0,0
4075,0.09035551940139971,0.09035551940139971,0,0,0
4076,0.09840389605807631,0.09840389605807631,0,0,0
4077,0.09149803368276671,0.09149803368276671,0,0,0
4078,0.09805105332481234,0.09805105332481234,0,0,0
4079,0.10107204739592578,0.10107204739592578,0,0,0
4080,0.09771729339110224,0.09771729339110224,0,0,0
4081,0.09499494270666649,0.09499494270666649,0,0,0
4082,0.09149392606004288,0.09149392606004288,0,0,0
4083,0.1293886033327956,0.1293886033327956,0,0,0
4084,0.09879013248964359,0.09879013248964359,0,0,0
4085,0.09361116274407036,0.09361116274407036,0,0,0
4086,0.09859995357692242,0.09859995357692242,0,0,0
4087,0.09752959042395416,0.09752959042395416,0,0,0
4088,0.09462554850860645,0.09462554850860645,0,0,0
4089,0.08660172082875904,0.08660172082875904,0,0,0
4090,0.09663108922541142,0.09663108922541142,0,0,0
4091,0.09663552781076808,0.09663552781076808,0,0,0
4092,0.09532705459155534,0.09532705459155534,0,0,0
4093,0.09898976844392325,0.09898976844392325,0,0,0
4094,0.10122637852634254,0.10122637852634254,0,0,0
4095,0.09500952515947192,0.09500952515947192,0,0,0
4096,0.09297241711694944,0.09297241711694944,0,0,0
4097,0.09758261199060239,0.09758261199060239,0,0,0
4098,0.12274479022935818,0.12274479022935818,0,0,0
4099,0.1009334864977159,0.1009334864977159,0,0,0
4100,0.09321977188320536,0.09321977188320536,0,0,0
4101,0.10138701490665737,0.10138701490665737,0,0,0
4102,0.09586987693450953,0.09586987693450953,0,0,0
4103,0.09352931615553405,0.09352931615553405,0,0,0
4104,0.093236162278213,0.093236162278213,0,0,0
4105,0.0953170403249954,0.0953170403249954,0,0,0
4106,0.10365441912098934,0.10365441912098934,0,0,0
4107,0.10235550372224105,0.10235550372224105,0,0,0
4108,0.0931527290101114,0.0931527290101114,0,0,0
4109,0.09805860027278725,0.09805860027278725,0,0,0
4110,0.09423438008678586,0.09423438008678586,0,0,0
4111,0.09453303592377588,0.09453303592377588,0,0,0
4112,0.09513443208446629,0.09513443208446629,0,0,0
4113,0.09361468539818336,0.09361468539818336,0,0,0
4114,0.09405040848804147,0.09405040848804147,0,0,0
4115,0.09782788441761543,0.09782788441761543,0,0,0
4116,0.10033601630283029,0.10033601630283029,0,0,0
4117,0.09709610780210871,0.09709610780210871,0,0,0
4118,0.10074787841815698,0.10074787841815698,0,0,0
4119,0.10095052107384331,0.10095052107384331,0,0,0
4120,0.09821224124415924,0.09821224124415924,0,0,0
4121,0.10286477776734453,0.10286477776734453,0,0,0
4122,0.09062254262205802,0.09062254262205802,0,0,0
4123,0.09348682608259351,0.09348682608259351,0,0,0
4124,0.09363974503388531,0.09363974503388531,0,0,0
4125,0.09265992682623236,0.09265992682623236,0,0,0
4126,0.09757582029621852,0.09757582029621852,0,0,0
4127,0.10593243953036635,0.10593243953036635,0,0,0
4128,0.10316075963017188,0.10316075963017188,0,0,0
4129,0.0959769289352392,0.0959769289352392,0,0,0
4130,0.09782896181078334,0.09782896181078334,0,0,0
4131,0.10034711129571262,0.10034711129571262,0,0,0
4132,0.09913800029378188,0.09913800029378188,0,0,0
4133,0.10110039803150453,0.10110039803150453,0,0,0
4134,0.09636856684167135,0.09636856684167135,0,0,0
4135,0.09386562536421575,0.09386562536421575,0,0,0
4136,0.09930540738921416,0.09930540738921416,0,0,0
4137,0.09463072479947617,0.09463072479947617,0,0,0
4138,0.0966192209406903,0.0966192209406903,0,0,0
4139,0.11557190306484699,0.11557190306484699,0,0,0
4140,0.09754100373308909,0.09754100373308909,0,0,0
4141,0.09826749867122424,0.09826749867122424,0,0,0
4142,0.09260196493644464,0.09260196493644464,0,0,0
4143,0.0969232122756933,0.0969232122756933,0,0,0
4144,0.098088997955385,0.098088997955385,0,0,0
4145,0.09802686874019473,0.09802686874019473,0,0,0
4146,0.10369562504715041,0.10369562504715041,0,0,0
4147,0.09386500049578517,0.09386500049578517,0,0,0
4148,0.10209214510886293,0.10209214510886293,0,0,0
4149,0.09757907531763378,0.09757907531763378,0,0,0
4150,0.09411025174746387,0.09411025174746387,0,0,0
4151,0.09806291366878309,0.09806291366878309,0,0,0
4152,0.10043746880010555,0.10043746880010555,0,0,0
4153,0.09693767875432968,0.09693767875432968,0,0,0
4154,0.10076016236684825,0.10076016236684825,0,0,0
4155,0.09212937833447206,0.09212937833447206,0,0,0
4156,0.08818681636138966,0.08818681636138966,0,0,0
4157,0.0943877344068728,0.0943877344068728,0,0,0
4158,0.09817317569334257,0.09817317569334257,0,0,0
4159,0.09688411447170533,0.09688411447170533,0,0,0
4160,0.09483789505535051,0.09483789505535051,0,0,0
4161,0.09746010366239045,0.09746010366239045,0,0,0
4162,0.09533403892266124,0.09533403892266124,0,0,0
4163,0.09630244538972252,0.09630244538972252,0,0,0
4164,0.10469415430959902,0.10469415430959902,0,0,0
4165,0.09421419715018649,0.09421419715018649,0,0,0
4166,0.10215795520496995,0.10215795520496995,0,0,0
4167,0.09457407529024701,0.09457407529024701,0,0,0
4168,0.09218708102248217,0.09218708102248217,0,0,0
4169,0.09339497248200994,0.09339497248200994,0,0,0
4170,0.10740156265857972,0.10740156265857972,0,0,0
4171,0.09805081196521458,0.09805081196521458,0,0,0
4172,0.09972447549041949,0.09972447549041949,0,0,0
4173,0.09214424832086814,0.09214424832086814,0,0,0
4174,0.09037131904379318,0.09037131904379318,0,0,0
4175,0.09574224035206594,0.09574224035206594,0,0,0
4176,0.10277604448952173,0.10277604448952173,0,0,0
4177,0.10173640057052437,0.10173640057052437,0,0,0
4178,0.09050806405905046,0.09050806405905046,0,0,0
4179,0.09562185945871629,0.09562185945871629,0,0,0
4180,0.09540070907065742,0.09540070907065742,0,0,0
4181,0.0961865727838717,0.0961865727838717,0,0,0
4182,0.09308030289646826,0.09308030289646826,0,0,0
4183,0.09081846936360786,0.09081846936360786,0,0,0
4184,0.09488109312951565,0.09488109312951565,0,0,0
4185,0.08997968672529648,0.08997968672529648,0,0,0
4186,0.09140700268510141,0.09140700268510141,0,0,0
4187,0.08794503021789224,0.08794503021789224,0,0,0
4188,0.11586106117618711,0.11586106117618711,0,0,0
4189,0.09730021273227114,0.09730021273227114,0,0,0
4190,0.10187837834420957,0.10187837834420957,0,0,0
4191,0.09448130193509553,0.09448130193509553,0,0,0
4192,0.09705499098881294,0.09705499098881294,0,0,0
4193,0.09285678136113443,0.09285678136113443,0,0,0
4194,0.09763799107780582,0.09763799107780582,0,0,0
4195,0.09585186907727468,0.09585186907727468,0,0,0
4196,0.09413808476375907,0.09413808476375907,0,0,0
4197,0.09551008280954863,0.09551008280954863,0,0,0
4198,0.09784757561589542,0.09784757561589542,0,0,0
4199,0.0961396916720428,0.0961396916720428,0,0,0
4200,0.0967516180519995,0.0967516180519995,0,0,0
4201,0.09523551117040609,0.09523551117040609,0,0,0
4202,0.09458365438407973,0.09458365438407973,0,0,0
4203,0.09210400577438504,0.09210400577438504,0,0,0
4204,0.09762430553765673,0.09762430553765673,0,0,0
4205,0.09543219208717346,0.09543219208717346,0,0,0
4206,0.09543821980294429,0.09543821980294429,0,0,0
4207,0.10370421056684695,0.10370421056684695,0,0,0
4208,0.09294346308237628,0.09294346308237628,0,0,0
4209,0.09121198667899559,0.09121198667899559,0,0,0
4210,0.09435625442940938,0.09435625442940938,0,0,0
4211,0.09900121665314625,0.09900121665314625,0,0,0
4212,0.09544485130984533,0.09544485130984533,0,0,0
4213,0.0945395910622258,0.0945395910622258,0,0,0
4214,0.09453345982259825,0.09453345982259825,0,0,0
4215,0.09616980515420437,0.09616980515420437,0,0,0
4216,0.09552830732182453,0.09552830732182453,0,0,0
4217,0.10194923081680347,0.10194923081680347,0,0,0
4218,0.09353071147281873,0.09353071147281873,0,0,0
4219,0.08995079984398265,0.08995079984398265,0,0,0
4220,0.09598269509641748,0.09598269509641748,0,0,0
4221,0.09581711888313293,0.09581711888313293,0,0,0
4222,0.10029518672902334,0.10029518672902334,0,0,0
4223,0.09664964577869366,0.09664964577869366,0,0,0
4224,0.09290816732927372,0.09290816732927372,0,0,0
4225,0.09286937284234323,0.09286937284234323,0,0,0
4226,0.09801798578547805,0.09801798578547805,0,0,0
4227,0.09877736748833406,0.09877736748833406,0,0,0
4228,0.10370013941275447,0.10370013941275447,0,0,0
4229,0.09634694741352608,0.09634694741352608,0,0,0
4230,0.09340810246373478,0.09340810246373478,0,0,0
4231,0.09215080110650313,0.09215080110650313,0,0,0
4232,0.099525949182479,0.099525949182479,0,0,0
4233,0.09569979341406572,0.09569979341406572,0,0,0
4234,0.09399613198873244,0.09399613198873244,0,0,0
4235,0.09015135957222235,0.09015135957222235,0,0,0
4236,0.10507114819790188,0.10507114819790188,0,0,0
4237,0.10410294740607864,0.10410294740607864,0,0,0
4238,0.09032870633037467,0.09032870633037467,0,0,0
4239,0.10085736940565862,0.10085736940565862,0,0,0
4240,0.09339721334215842,0.09339721334215842,0,0,0
4241,0.09427756502440102,0.09427756502440102,0,0,0
4242,0.10641876755184249,0.10641876755184249,0,0,0
4243,0.09683297633340485,0.09683297633340485,0,0,0
4244,0.09499427087997135,0.09499427087997135,0,0,0
4245,0.09403378536042414,0.09403378536042414,0,0,0
4246,0.099744763225317,0.099744763225317,0,0,0
4247,0.0990824728812042,0.0990824728812042,0,0,0
4248,0.09709610819424454,0.09709610819424454,0,0,0
4249,0.09567450241822946,0.09567450241822946,0,0,0
4250,0.0945529680895178,0.0945529680895178,0,0,0
4251,0.1002921563033995,0.1002921563033995,0,0,0
4252,0.10267345273965284,0.10267345273965284,0,0,0
4253,0.094251211634592,0.094251211634592,0,0,0
4254,0.09050947104237582,0.09050947104237582,0,0,0
4255,0.09219189468575151,0.09219189468575151,0,0,0
4256,0.1140723887242769,0.1140723887242769,0,0,0
4257,0.1000656678684448,0.1000656678684448,0,0,0
4258,0.09367516401566957,0.09367516401566957,0,0,0
4259,0.12713844623220594,0.12713844623220594,0,0,0
4260,0.09165754375096999,0.09165754375096999,0,0,0
4261,0.09483570585909643,0.09483570585909643,0,0,0
4262,0.09432749018857353,0.09432749018857353,0,0,0
4263,0.09634036453146684,0.09634036453146684,0,0,0
4264,0.09595342352986336,0.09595342352986336,0,0,0
4265,0.09161497711351044,0.09161497711351044,0,0,0
4266,0.093033908621261,0.093033908621261,0,0,0
4267,0.09161243303433846,0.09161243303433846,0,0,0
4268,0.09297601045354416,0.09297601045354416,0,0,0
4269,0.09872732546768691,0.09872732546768691,0,0,0
4270,0.09356641779212575,0.09356641779212575,0,0,0
4271,0.0928136756349551,0.0928136756349551,0,0,0
4272,0.0915876076997895,0.0915876076997895,0,0,0
4273,0.100221320398544,0.100221320398544,0,0,0
4274,0.09914091935283259,0.09914091935283259,0,0,0
4275,0.10156889818608761,0.10156889818608761,0,0,0
4276,0.09507576238952185,0.09507576238952185,0,0,0
4277,0.09410213228119046,0.09410213228119046,0,0,0
4278,0.09374571787683587,0.09374571787683587,0,0,0
4279,0.09190713045628447,0.09190713045628447,0,0,0
4280,0.09617571954272296,0.09617571954272296,0,0,0
4281,0.10050794550854909,0.10050794550854909,0,0,0
4282,0.10011588419346433,0.10011588419346433,0,0,0
4283,0.10528725866032274,0.10528725866032274,0,0,0
4284,0.09737167183897998,0.09737167183897998,0,0,0
4285,0.0941330051343692,0.0941330051343692,0,0,0
4286,0.09215593818379075,0.09215593818379075,0,0,0
4287,0.0916703166930299,0.0916703166930299,0,0,0
4288,0.09117403155878971,0.09117403155878971,0,0,0
4289,0.09697738995677546,0.09697738995677546,0,0,0
4290,0.09644330900750663,0.09644330900750663,0,0,0
4291,0.09770824779805384,0.09770824779805384,0,0,0
4292,0.09458646531167783,0.09458646531167783,0,0,0
4293,0.09596836527711466,0.09596836527711466,0,0,0
4294,0.09258856143998473,0.09258856143998473,0,0,0
4295,0.09573034491193921,0.09573034491193921,0,0,0
4296,0.09547776866116021,0.09547776866116021,0,0,0
4297,0.08969861327817566,0.08969861327817566,0,0,0
4298,0.10254511737117641,0.10254511737117641,0,0,0
4299,0.09559074191278533,0.09559074191278533,0,0,0
4300,0.09340827490546201,0.09340827490546201,0,0,0
4301,0.09230459403050573,0.09230459403050573,0,0,0
4302,0.09658849180528992,0.09658849180528992,0,0,0
4303,0.09202142216657337,0.09202142216657337,0,0,0
4304,0.09593293668800279,0.09593293668800279,0,0,0
4305,0.09582604840397835,0.09582604840397835,0,0,0
4306,0.09990309718015947,0.09990309718015947,0,0,0
4307,0.09975388861800495,0.09975388861800495,0,0,0
4308,0.09347987665157569,0.09347987665157569,0,0,0
4309,0.09830855578184128,0.09830855578184128,0,0,0
4310,0.10310662263318111,0.10310662263318111,0,0,0
4311,0.09752386259405237,0.09752386259405237,0,0,0
4312,0.09326812291615888,0.09326812291615888,0,0,0
4313,0.09327722997649719,0.09327722997649719,0,0,0
4314,0.09118382289613548,0.09118382289613548,0,0,0
4315,0.09395160329969306,0.09395160329969306,0,0,0
4316,0.09343460981587046,0.09343460981587046,0,0,0
4317,0.09205183082897413,0.09205183082897413,0,0,0
4318,0.09367151225083753,0.09367151225083753,0,0,0
4319,0.10271758811646386,0.10271758811646386,0,0,0
4320,0.10058342224281085,0.10058342224281085,0,0,0
4321,0.09186281989279546,0.09186281989279546,0,0,0
4322,0.09439655530609582,0.09439655530609582,0,0,0
4323,0.09560670340923887,0.09560670340923887,0,0,0
4324,0.10504296000458692,0.10504296000458692,0,0,0
4325,0.09866774915472458,0.09866774915472458,0,0,0
4326,0.091597340510864,0.091597340510864,0,0,0
4327,0.0923383471212889,0.0923383471212889,0,0,0
4328,0.10347233144076247,0.10347233144076247,0,0,0
4329,0.09658430899052244,0.09658430899052244,0,0,0
4330,0.10147821550306521,0.10147821550306521,0,0,0
4331,0.09126821258350422,0.09126821258350422,0,0,0
4332,0.09680837814353015,0.09680837814353015,0,0,0
4333,0.0901699734753684,0.0901699734753684,0,0,0
4334,0.10159361264423321,0.10159361264423321,0,0,0
4335,0.09641357442658198,0.09641357442658198,0,0,0
4336,0.08880877661469735,0.08880877661469735,0,0,0
4337,0.09631378223237239,0.09631378223237239,0,0,0
4338,0.09339386901180995,0.09339386901180995,0,0,0
4339,0.09307538649361384,0.09307538649361384,0,0,0
4340,0.0908753439587982,0.0908753439587982,0,0,0
4341,0.09841971452298917,0.09841971452298917,0,0,0
4342,0.09409373361421258,0.09409373361421258,0,0,0
4343,0.09475749731063843,0.09475749731063843,0,0,0
4344,0.10002861652327211,0.10002861652327211,0,0,0
4345,0.0931518005305215,0.0931518005305215,0,0,0
4346,0.09195663799580775,0.09195663799580775,0,0,0
4347,0.09185058064758778,0.09185058064758778,0,0,0
4348,0.09695436442761045,0.09695436442761045,0,0,0
4349,0.09147223173395584,0.09147223173395584,0,0,0
4350,0.0948013453499267,0.0948013453499267,0,0,0
4351,0.10208088208578135,0.10208088208578135,0,0,0
4352,0.10183038768407546,0.10183038768407546,0,0,0
4353,0.09302091990646563,0.09302091990646563,0,0,0
4354,0.0910200939366692,0.0910200939366692,0,0,0
4355,0.10169374540840324,0.10169374540840324,0,0,0
4356,0.09403028496001896,0.09403028496001896,0,0,0
4357,0.09359187622995753,0.09359187622995753,0,0,0
4358,0.09845692154608275,0.09845692154608275,0,0,0
4359,0.09571790391285169,0.09571790391285169,0,0,0
4360,0.09530889252690893,0.09530889252690893,0,0,0
4361,0.09593920448892995,0.09593920448892995,0,0,0
4362,0.09208697051201996,0.09208697051201996,0,0,0
4363,0.09567593038082123,0.09567593038082123,0,0,0
4364,0.09383512866732321,0.09383512866732321,0,0,0
4365,0.09630338279040236,0.09630338279040236,0,0,0
4366,0.09782525210788376,0.09782525210788376,0,0,0
4367,0.09583746455609798,0.09583746455609798,0,0,0
4368,0.10134638767493398,0.10134638767493398,0,0,0
4369,0.090818416523306,0.090818416523306,0,0,0
4370,0.09596748365775536,0.09596748365775536,0,0,0
4371,0.09189617016205662,0.09189617016205662,0,0,0
4372,0.09516911130202443,0.09516911130202443,0,0,0
4373,0.09215137538941283,0.09215137538941283,0,0,0
4374,0.09119634800835659,0.09119634800835659,0,0,0
4375,0.10242544673383236,0.10242544673383236,0,0,0
4376,0.0926510959275459,0.0926510959275459,0,0,0
4377,0.09158481304582797,0.09158481304582797,0,0,0
4378,0.10550147344015147,0.10550147344015147,0,0,0
4379,0.09042344673683769,0.09042344673683769,0,0,0
4380,0.09044608297316652,0.09044608297316652,0,0,0
4381,0.10215815901756287,0.10215815901756287,0,0,0
4382,0.10575514767122896,0.10575514767122896,0,0,0
4383,0.0962540941607011,0.0962540941607011,0,0,0
4384,0.09067655942941967,0.09067655942941967,0,0,0
4385,0.09467411982385736,0.09467411982385736,0,0,0
4386,0.09255745703060377,0.09255745703060377,0,0,0
4387,0.09660355305593264,0.09660355305593264,0,0,0
4388,0.09135071943072896,0.09135071943072896,0,0,0
4389,0.09148991470666308,0.09148991470666308,0,0,0
4390,0.09360382745140478,0.09360382745140478,0,0,0
4391,0.10135150514543056,0.10135150514543056,0,0,0
4392,0.0936495779376281,0.0936495779376281,0,0,0
4393,0.09570228818215822,0.09570228818215822,0,0,0
4394,0.09407915312208627,0.09407915312208627,0,0,0
4395,0.0995950004772136,0.0995950004772136,0,0,0
4396,0.098165422187824,0.098165422187824,0,0,0
4397,0.09500299423540894,0.09500299423540894,0,0,0
4398,0.09270451443367883,0.09270451443367883,0,0,0
4399,0.08955172929716737,0.08955172929716737,0,0,0
4400,0.0952734526638922,0.0952734526638922,0,0,0
4401,0.0912665125766867,0.0912665125766867,0,0,0
4402,0.09074312654372893,0.09074312654372893,0,0,0
4403,0.09463222109173473,0.09463222109173473,0,0,0
4404,0.09582346971882016,0.09582346971882016,0,0,0
4405,0.089928393105143,0.089928393105143,0,0,0
4406,0.09145649757824446,0.09145649757824446,0,0,0
4407,0.09508203675872401,0.09508203675872401,0,0,0
4408,0.09456302215786357,0.09456302215786357,0,0,0
4409,0.09090074377232477,0.09090074377232477,0,0,0
4410,0.0915858741653593,0.0915858741653593,0,0,0
4411,0.10097542679623554,0.10097542679623554,0,0,0
4412,0.09244951282284762,0.09244951282284762,0,0,0
4413,0.09888763784577972,0.09888763784577972,0,0,0
4414,0.0953757998190428,0.0953757998190428,0,0,0
4415,0.09351503858832937,0.09351503858832937,0,0,0
4416,0.09375122375786304,0.09375122375786304,0,0,0
4417,0.0925118756529532,0.0925118756529532,0,0,0
4418,0.09838333382810417,0.09838333382810417,0,0,0
4419,0.09224015170414197,0.09224015170414197,0,0,0
4420,0.09444458782672882,0.09444458782672882,0,0,0
4421,0.09382297500575844,0.09382297500575844,0,0,0
4422,0.09527208812926945,0.09527208812926945,0,0,0
4423,0.09597264308678477,0.09597264308678477,0,0,0
4424,0.0996273405065662,0.0996273405065662,0,0,0
4425,0.09065560771054343,0.09065560771054343,0,0,0
4426,0.0944885645846003,0.0944885645846003,0,0,0
4427,0.10068374832994059,0.10068374832994059,0,0,0
4428,0.0933742348692919,0.0933742348692919,0,0,0
4429,0.09841824283725337,0.09841824283725337,0,0,0
4430,0.0927389050392728,0.0927389050392728,0,0,0
4431,0.09760307569644953,0.09760307569644953,0,0,0
4432,0.09708428696582191,0.09708428696582191,0,0,0
4433,0.09315822449953932,0.09315822449953932,0,0,0
4434,0.09390302296531827,0.09390302296531827,0,0,0
4435,0.10247483467193026,0.10247483467193026,0,0,0
4436,0.093684811635237,0.093684811635237,0,0,0
4437,0.09776283633944235,0.09776283633944235,0,0,0
4438,0.09755364668212439,0.09755364668212439,0,0,0
4439,0.08975418353159177,0.08975418353159177,0,0,0
4440,0.09300283970017183,0.09300283970017183,0,0,0
4441,0.09188414374856572,0.09188414374856572,0,0,0
4442,0.09468173343492181,0.09468173343492181,0,0,0
4443,0.09698995379240889,0.09698995379240889,0,0,0
4444,0.09098642633149498,0.09098642633149498,0,0,0
4445,0.0967334819663512,0.0967334819663512,0,0,0
4446,0.09861436192142337,0.09861436192142337,0,0,0
4447,0.0876842651908335,0.0876842651908335,0,0,0
4448,0.09272853138023301,0.09272853138023301,0,0,0
4449,0.08788341715147621,0.08788341715147621,0,0,0
4450,0.09694713991331427,0.09694713991331427,0,0,0
4451,0.09593326382731136,0.09593326382731136,0,0,0
4452,0.0959580511246857,0.0959580511246857,0,0,0
4453,0.08924712279909536,0.08924712279909536,0,0,0
4454,0.09249628109759406,0.09249628109759406,0,0,0
4455,0.09238837512308046,0.09238837512308046,0,0,0
4456,0.09028824154091508,0.09028824154091508,0,0,0
4457,0.09543746935301706,0.09543746935301706,0,0,0
4458,0.09635710245684574,0.09635710245684574,0,0,0
4459,0.08863462105785545,0.08863462105785545,0,0,0
4460,0.09243951198693953,0.09243951198693953,0,0,0
4461,0.09758350527600239,0.09758350527600239,0,0,0
4462,0.09806850072192519,0.09806850072192519,0,0,0
4463,0.08702673704216354,0.08702673704216354,0,0,0
4464,0.09035913489366833,0.09035913489366833,0,0,0
4465,0.09634649596716229,0.09634649596716229,0,0,0
4466,0.09584385999723484,0.09584385999723484,0,0,0
4467,0.0979631656878873,0.0979631656878873,0,0,0
4468,0.09155461035276714,0.09155461035276714,0,0,0
4469,0.08741151766949579,0.08741151766949579,0,0,0
4470,0.09210115926046121,0.09210115926046121,0,0,0
4471,0.09437254551602037,0.09437254551602037,0,0,0
4472,0.09308700616422452,0.09308700616422452,0,0,0
4473,0.09379043841832563,0.09379043841832563,0,0,0
4474,0.09433097872687013,0.09433097872687013,0,0,0
4475,0.0994225988458646,0.0994225988458646,0,0,0
4476,0.09702587539428159,0.09702587539428159,0,0,0
4477,0.09470582929880995,0.09470582929880995,0,0,0
4478,0.09466098925392878,0.09466098925392878,0,0,0
4479,0.09169030601256772,0.09169030601256772,0,0,0
4480,0.08970124529380548,0.08970124529380548,0,0,0
4481,0.09129435598458115,0.09129435598458115,0,0,0
4482,0.09183611769817378,0.09183611769817378,0,0,0
4483,0.167075827815815,0.167075827815815,0,0,0
4484,0.09137846784372079,0.09137846784372079,0,0,0
4485,0.09300036208802148,0.09300036208802148,0,0,0
4486,0.0887195598334074,0.0887195598334074,0,0,0
4487,0.09364199138393528,0.09364199138393528,0,0,0
4488,0.08827323544966548,0.08827323544966548,0,0,0
4489,0.0972961009921212,0.0972961009921212,0,0,0
4490,0.09544602409005165,0.09544602409005165,0,0,0
4491,0.09139571152627468,0.09139571152627468,0,0,0
4492,0.09674222943814177,0.09674222943814177,0,0,0
4493,0.09788123518228531,0.09788123518228531,0,0,0
4494,0.08924066040076707,0.08924066040076707,0,0,0
4495,0.0929861576541474,0.0929861576541474,0,0,0
4496,0.09211582004239685,0.09211582004239685,0,0,0
4497,0.08929970007585852,0.08929970007585852,0,0,0
4498,0.09358957360841726,0.09358957360841726,0,0,0
4499,0.09041858131163999,0.09041858131163999,0,0,0
4500,0.10358821218343157,0.10358821218343157,0,0,0
4501,0.0925850547654064,0.0925850547654064,0,0,0
4502,0.09435188525209301,0.09435188525209301,0,0,0
4503,0.11682603704301935,0.11682603704301935,0,0,0
4504,0.09566717251743141,0.09566717251743141,0,0,0
4505,0.0931229293346405,0.0931229293346405,0,0,0
4506,0.10566166415810585,0.10566166415810585,0,0,0
4507,0.08991361634903833,0.08991361634903833,0,0,0
4508,0.09226697879402261,0.09226697879402261,0,0,0
4509,0.09896713210956047,0.09896713210956047,0,0,0
4510,0.09464704039457597,0.09464704039457597,0,0,0
4511,0.10744036067473262,0.10744036067473262,0,0,0
4512,0.09272293070037115,0.09272293070037115,0,0,0
4513,0.09270531625339859,0.09270531625339859,0,0,0
4514,0.10191345234450541,0.10191345234450541,0,0,0
4515,0.09308203643089846,0.09308203643089846,0,0,0
4516,0.09403800444775506,0.09403800444775506,0,0,0
4517,0.0930809237455067,0.0930809237455067,0,0,0
4518,0.09457146376371384,0.09457146376371384,0,0,0
4519,0.0916332010375826,0.0916332010375826,0,0,0
4520,0.09184678869419977,0.09184678869419977,0,0,0
4521,0.09447872589685415,0.09447872589685415,0,0,0
4522,0.09610011477611567,0.09610011477611567,0,0,0
4523,0.09141754878586844,0.09141754878586844,0,0,0
4524,0.09041217243985127,0.09041217243985127,0,0,0
4525,0.09082170419002834,0.09082170419002834,0,0,0
4526,0.09311625057537305,0.09311625057537305,0,0,0
4527,0.08953901860666902,0.08953901860666902,0,0,0
4528,0.08913791816877692,0.08913791816877692,0,0,0
4529,0.09151072319793074,0.09151072319793074,0,0,0
4530,0.0877143623993585,0.0877143623993585,0,0,0
4531,0.09076613913241185,0.09076613913241185,0,0,0
4532,0.09078971414189589,0.09078971414189589,0,0,0
4533,0.09401737182940308,0.09401737182940308,0,0,0
4534,0.09475326479265564,0.09475326479265564,0,0,0
4535,0.09048833698034286,0.09048833698034286,0,0,0
4536,0.10666439025417755,0.10666439025417755,0,0,0
4537,0.09466353725445897,0.09466353725445897,0,0,0
4538,0.10294754871804464,0.10294754871804464,0,0,0
4539,0.08499785542095963,0.08499785542095963,0,0,0
4540,0.09887562554917838,0.09887562554917838,0,0,0
4541,0.09039274671752202,0.09039274671752202,0,0,0
4542,0.08975310907944252,0.08975310907944252,0,0,0
4543,0.09211380328787,0.09211380328787,0,0,0
4544,0.09319088696257065,0.09319088696257065,0,0,0
4545,0.12069788192839999,0.12069788192839999,0,0,0
4546,0.09548711668896048,0.09548711668896048,0,0,0
4547,0.09528055169472568,0.09528055169472568,0,0,0
4548,0.0940573176271037,0.0940573176271037,0,0,0
4549,0.10132259375562794,0.10132259375562794,0,0,0
4550,0.08907194896356056,0.08907194896356056,0,0,0
4551,0.09634537779186901,0.09634537779186901,0,0,0
4552,0.09064207137807419,0.09064207137807419,0,0,0
4553,0.09403717478639201,0.09403717478639201,0,0,0
4554,0.09707851305996117,0.09707851305996117,0,0,0
4555,0.09303934989791167,0.09303934989791167,0,0,0
4556,0.09099165242361396,0.09099165242361396,0,0,0
4557,0.08834206773654411,0.08834206773654411,0,0,0
4558,0.09066081929363702,0.09066081929363702,0,0,0
4559,0.09846777968892925,0.09846777968892925,0,0,0
4560,0.09115826544400893,0.09115826544400893,0,0,0
4561,0.08885853992480981,0.08885853992480981,0,0,0
4562,0.0876922250578278,0.0876922250578278,0,0,0
4563,0.09447686962391201,0.09447686962391201,0,0,0
4564,0.10308122389802807,0.10308122389802807,0,0,0
4565,0.08858860950720937,0.08858860950720937,0,0,0
4566,0.10017611164795726,0.10017611164795726,0,0,0
4567,0.09093345044866989,0.09093345044866989,0,0,0
4568,0.08907411571003888,0.08907411571003888,0,0,0
4569,0.10245750148437525,0.10245750148437525,0,0,0
4570,0.09007894032095608,0.09007894032095608,0,0,0
4571,0.10477050285982459,0.10477050285982459,0,0,0
4572,0.09103348361034143,0.09103348361034143,0,0,0
4573,0.09136496405852468,0.09136496405852468,0,0,0
4574,0.09347111182777505,0.09347111182777505,0,0,0
4575,0.09210106897118844,0.09210106897118844,0,0,0
4576,0.09017060648061727,0.09017060648061727,0,0,0
4577,0.0944350733372726,0.0944350733372726,0,0,0
4578,0.09541641038499381,0.09541641038499381,0,0,0
4579,0.09091144506084292,0.09091144506084292,0,0,0
4580,0.09517567526353032,0.09517567526353032,0,0,0
4581,0.10235854395126041,0.10235854395126041,0,0,0
4582,0.0919648970624334,0.0919648970624334,0,0,0
4583,0.09547116068240843,0.09547116068240843,0,0,0
4584,0.09281456833215136,0.09281456833215136,0,0,0
4585,0.0938284277033649,0.0938284277033649,0,0,0
4586,0.09229410822062116,0.09229410822062116,0,0,0
4587,0.08968653500472244,0.08968653500472244,0,0,0
4588,0.09088539959568727,0.09088539959568727,0,0,0
4589,0.0932750524462838,0.0932750524462838,0,0,0
4590,0.08934874999287881,0.08934874999287881,0,0,0
4591,0.09603130964464263,0.09603130964464263,0,0,0
4592,0.09347025089358028,0.09347025089358028,0,0,0
4593,0.10437326799882085,0.10437326799882085,0,0,0
4594,0.08648774890523207,0.08648774890523207,0,0,0
4595,0.09349447341733857,0.09349447341733857,0,0,0
4596,0.09484490046375676,0.09484490046375676,0,0,0
4597,0.09842416889181263,0.09842416889181263,0,0,0
4598,0.09592660114561256,0.09592660114561256,0,0,0
4599,0.09667345557950045,0.09667345557950045,0,0,0
4600,0.09202599368597332,0.09202599368597332,0,0,0
4601,0.09638402424752712,0.09638402424752712,0,0,0
4602,0.09365976082259103,0.09365976082259103,0,0,0
4603,0.09537754462737787,0.09537754462737787,0,0,0
4604,0.08654187168729932,0.08654187168729932,0,0,0
4605,0.09040644441388156,0.09040644441388156,0,0,0
4606,0.09380741358587616,0.09380741358587616,0,0,0
4607,0.09031612043710131,0.09031612043710131,0,0,0
4608,0.09213110824164591,0.09213110824164591,0,0,0
4609,0.08849171656919153,0.08849171656919153,0,0,0
4610,0.0938050106755997,0.0938050106755997,0,0,0
4611,0.09782809832770574,0.09782809832770574,0,0,0
4612,0.09900817147603161,0.09900817147603161,0,0,0
4613,0.08915955818405277,0.08915955818405277,0,0,0
4614,0.10062538950066817,0.10062538950066817,0,0,0
4615,0.09035871903363027,0.09035871903363027,0,0,0
4616,0.09073595810485513,0.09073595810485513,0,0,0
4617,0.09737325067582883,0.09737325067582883,0,0,0
4618,0.08961985936682475,0.08961985936682475,0,0,0
4619,0.09263925842548672,0.09263925842548672,0,0,0
4620,0.09241253372869994,0.09241253372869994,0,0,0
4621,0.0931205227971077,0.0931205227971077,0,0,0
4622,0.08747967165943824,0.08747967165943824,0,0,0
4623,0.09048958514866076,0.09048958514866076,0,0,0
4624,0.09045801390158503,0.09045801390158503,0,0,0
4625,0.09020209861429114,0.09020209861429114,0,0,0
4626,0.09360535178137452,0.09360535178137452,0,0,0
4627,0.09465012669955429,0.09465012669955429,0,0,0
4628,0.09094091073462837,0.09094091073462837,0,0,0
4629,0.09015528249897455,0.09015528249897455,0,0,0
4630,0.11259968353337363,0.11259968353337363,0,0,0
4631,0.08889154678112582,0.08889154678112582,0,0,0
4632,0.0933309108214943,0.0933309108214943,0,0,0
4633,0.09410593511634752,0.09410593511634752,0,0,0
4634,0.09133796795810524,0.09133796795810524,0,0,0
4635,0.08718899029650186,0.08718899029650186,0,0,0
4636,0.0923733010299896,0.0923733010299896,0,0,0
4637,0.10014153918937634,0.10014153918937634,0,0,0
4638,0.09073148559974997,0.09073148559974997,0,0,0
4639,0.09338809677252644,0.09338809677252644,0,0,0
4640,0.08854710428338301,0.08854710428338301,0,0,0
4641,0.0939083761094432,0.0939083761094432,0,0,0
4642,0.097839217534975,0.097839217534975,0,0,0
4643,0.09478347787731572,0.09478347787731572,0,0,0
4644,0.09600802393336046,0.09600802393336046,0,0,0
4645,0.08869252765649244,0.08869252765649244,0,0,0
4646,0.0918514642276262,0.0918514642276262,0,0,0
4647,0.0920779351145029,0.0920779351145029,0,0,0
4648,0.08954228294131003,0.08954228294131003,0,0,0
4649,0.09665432758629322,0.09665432758629322,0,0,0
4650,0.0910549514779919,0.0910549514779919,0,0,0
4651,0.08984153080535562,0.08984153080535562,0,0,0
4652,0.09374909044096344,0.09374909044096344,0,0,0
4653,0.09221022683931024,0.09221022683931024,0,0,0
4654,0.09880968644038628,0.09880968644038628,0,0,0
4655,0.09389734493666574,0.09389734493666574,0,0,0
4656,0.09102015167866882,0.09102015167866882,0,0,0
4657,0.10005737939163258,0.10005737939163258,0,0,0
4658,0.09595993886652746,0.09595993886652746,0,0,0
4659,0.09120119765008751,0.09120119765008751,0,0,0
4660,0.09756048425639931,0.09756048425639931,0,0,0
4661,0.09218661193000643,0.09218661193000643,0,0,0
4662,0.09357178760202307,0.09357178760202307,0,0,0
4663,0.08715100704055083,0.08715100704055083,0,0,0
4664,0.08482161772094275,0.08482161772094275,0,0,0
4665,0.09372806107919467,0.09372806107919467,0,0,0
4666,0.08780208631957832,0.08780208631957832,0,0,0
4667,0.0906293290226083,0.0906293290226083,0,0,0
4668,0.09118733780556604,0.09118733780556604,0,0,0
4669,0.09277653076538914,0.09277653076538914,0,0,0
4670,0.0904787203395053,0.0904787203395053,0,0,0
4671,0.08643161289786037,0.08643161289786037,0,0,0
4672,0.1002239921179257,0.1002239921179257,0,0,0
4673,0.08902467669625032,0.08902467669625032,0,0,0
4674,0.08836969419529564,0.08836969419529564,0,0,0
4675,0.09097747926257159,0.09097747926257159,0,0,0
4676,0.0960372358952698,0.0960372358952698,0,0,0
4677,0.08854357015929724,0.08854357015929724,0,0,0
4678,0.09417028244780867,0.09417028244780867,0,0,0
4679,0.08975874809058089,0.08975874809058089,0,0,0
4680,0.09565303788373344,0.09565303788373344,0,0,0
4681,0.09157494426165756,0.09157494426165756,0,0,0
4682,0.09606771024042055,0.09606771024042055,0,0,0
4683,0.08996123604868587,0.08996123604868587,0,0,0
4684,0.09678496587041177,0.09678496587041177,0,0,0
4685,0.1145122048297995,0.1145122048297995,0,0,0
4686,0.08888539916982777,0.08888539916982777,0,0,0
4687,0.09341203303713548,0.09341203303713548,0,0,0
4688,0.0894638091129692,0.0894638091129692,0,0,0
4689,0.09480553238015425,0.09480553238015425,0,0,0
4690,0.091986929507632,0.091986929507632,0,0,0
4691,0.09373832699891768,0.09373832699891768,0,0,0
4692,0.08823500426584169,0.08823500426584169,0,0,0
4693,0.09489572881475876,0.09489572881475876,0,0,0
4694,0.09331266366337475,0.09331266366337475,0,0,0
4695,0.10130470334307144,0.10130470334307144,0,0,0
4696,0.09447235672881729,0.09447235672881729,0,0,0
4697,0.09290322043785923,0.09290322043785923,0,0,0
4698,0.0882163379145296,0.0882163379145296,0,0,0
4699,0.0936687224005398,0.0936687224005398,0,0,0
4700,0.09499748100183512,0.09499748100183512,0,0,0
4701,0.0928724235609958,0.0928724235609958,0,0,0
4702,0.09317124703604925,0.09317124703604925,0,0,0
4703,0.09252960783870597,0.09252960783870597,0,0,0
4704,0.08802088653962863,0.08802088653962863,0,0,0
4705,0.08635203501111582,0.08635203501111582,0,0,0
4706,0.10927295949506133,0.10927295949506133,0,0,0
4707,0.08814320595640886,0.08814320595640886,0,0,0
4708,0.09982542713221751,0.09982542713221751,0,0,0
4709,0.09147016557031556,0.09147016557031556,0,0,0
4710,0.09302116754023652,0.09302116754023652,0,0,0
4711,0.0936295879318526,0.0936295879318526,0,0,0
4712,0.08709148121507544,0.08709148121507544,0,0,0
4713,0.08787765334311284,0.08787765334311284,0,0,0
4714,0.08993708234476416,0.08993708234476416,0,0,0
4715,0.08876344561576843,0.08876344561576843,0,0,0
4716,0.09301458642278847,0.09301458642278847,0,0,0
4717,0.08863263165480212,0.08863263165480212,0,0,0
4718,0.09058051291657121,0.09058051291657121,0,0,0
4719,0.08982515874269761,0.08982515874269761,0,0,0
4720,0.0885738005959674,0.0885738005959674,0,0,0
4721,0.08263257498803891,0.08263257498803891,0,0,0
4722,0.0951491130613967,0.0951491130613967,0,0,0
4723,0.0903465699796614,0.0903465699796614,0,0,0
4724,0.08952329631306623,0.08952329631306623,0,0,0
4725,0.0863342480243821,0.0863342480243821,0,0,0
4726,0.10150422704847235,0.10150422704847235,0,0,0
4727,0.08760710854671504,0.08760710854671504,0,0,0
4728,0.08716811641658608,0.08716811641658608,0,0,0
4729,0.09291497010149453,0.09291497010149453,0,0,0
4730,0.09334281086921692,0.09334281086921692,0,0,0
4731,0.08872006598271821,0.08872006598271821,0,0,0
4732,0.0929317889048865,0.0929317889048865,0,0,0
4733,0.09533284173200005,0.09533284173200005,0,0,0
4734,0.09224064903039682,0.09224064903039682,0,0,0
4735,0.08917267493119366,0.08917267493119366,0,0,0
4736,0.08653146704952967,0.08653146704952967,0,0,0
4737,0.09860863977749097,0.09860863977749097,0,0,0
4738,0.09028569903028638,0.09028569903028638,0,0,0
4739,0.08266704313849148,0.08266704313849148,0,0,0
4740,0.08983286979951356,0.08983286979951356,0,0,0
4741,0.0936875831531851,0.0936875831531851,0,0,0
4742,0.09534263610839844,0.09534263610839844,0,0,0
4743,0.0947174584787143,0.0947174584787143,0,0,0
4744,0.09557443298399448,0.09557443298399448,0,0,0
4745,0.09133848175406456,0.09133848175406456,0,0,0
4746,0.0992179661989212,0.0992179661989212,0,0,0
4747,0.09160204888566544,0.09160204888566544,0,0,0
4748,0.0915114575702893,0.0915114575702893,0,0,0
4749,0.09214302868043121,0.09214302868043121,0,0,0
4750,0.09095172495826294,0.09095172495826294,0,0,0
4751,0.08987752083492906,0.08987752083492906,0,0,0
4752,0.09013813028210088,0.09013813028210088,0,0,0
4753,0.09254730816342328,0.09254730816342328,0,0,0
4754,0.08742780895217468,0.08742780895217468,0,0,0
4755,0.08692484143141069,0.08692484143141069,0,0,0
4756,0.0898220001866943,0.0898220001866943,0,0,0
4757,0.09574199438487228,0.09574199438487228,0,0,0
4758,0.10300293123643649,0.10300293123643649,0,0,0
4759,0.09421813154691144,0.09421813154691144,0,0,0
4760,0.09092652827109161,0.09092652827109161,0,0,0
4761,0.08979225031247265,0.08979225031247265,0,0,0
4762,0.09039196675937426,0.09039196675937426,0,0,0
4763,0.09044947053648923,0.09044947053648923,0,0,0
4764,0.0976143037214091,0.0976143037214091,0,0,0
4765,0.11659119180158566,0.11659119180158566,0,0,0
4766,0.08860877293505166,0.08860877293505166,0,0,0
4767,0.08809066563844681,0.08809066563844681,0,0,0
4768,0.0917461488984133,0.0917461488984133,0,0,0
4769,0.09864288176360883,0.09864288176360883,0,0,0
4770,0.09479814160027002,0.09479814160027002,0,0,0
4771,0.08845093513005658,0.08845093513005658,0,0,0
4772,0.09235352630677976,0.09235352630677976,0,0,0
4773,0.08915870656308375,0.08915870656308375,0,0,0
4774,0.08794139119747438,0.08794139119747438,0,0,0
4775,0.09224383023224379,0.09224383023224379,0,0,0
4776,0.08690631370011129,0.08690631370011129,0,0,0
4777,0.0901969808496927,0.0901969808496927,0,0,0
4778,0.08633685680596452,0.08633685680596452,0,0,0
4779,0.08890275470912457,0.08890275470912457,0,0,0
4780,0.09204221791342686,0.09204221791342686,0,0,0
4781,0.09112759846213617,0.09112759846213617,0,0,0
4782,0.0964394275491175,0.0964394275491175,0,0,0
4783,0.08241562594316508,0.08241562594316508,0,0,0
4784,0.08419435402672541,0.08419435402672541,0,0,0
4785,0.09112984177313353,0.09112984177313353,0,0,0
4786,0.09937733715694201,0.09937733715694201,0,0,0
4787,0.09029490245800269,0.09029490245800269,0,0,0
4788,0.08921768006525542,0.08921768006525542,0,0,0
4789,0.09431424835010578,0.09431424835010578,0,0,0
4790,0.09017314310920865,0.09017314310920865,0,0,0
4791,0.08934394495659753,0.08934394495659753,0,0,0
4792,0.09008617297207054,0.09008617297207054,0,0,0
4793,0.0859011037667331,0.0859011037667331,0,0,0
4794,0.10934614076426155,0.10934614076426155,0,0,0
4795,0.09030777147333872,0.09030777147333872,0,0,0
4796,0.08661456327689321,0.08661456327689321,0,0,0
4797,0.09592948746132224,0.09592948746132224,0,0,0
4798,0.09239611235496245,0.09239611235496245,0,0,0
4799,0.10271224105044414,0.10271224105044414,0,0,0
4800,0.09387593000735107,0.09387593000735107,0,0,0
4801,0.09044823609292507,0.09044823609292507,0,0,0
4802,0.0948543730927141,0.0948543730927141,0,0,0
4803,0.09160200741730239,0.09160200741730239,0,0,0
4804,0.09178774539185197,0.09178774539185197,0,0,0
4805,0.09177207486017754,0.09177207486017754,0,0,0
4806,0.09121976439890109,0.09121976439890109,0,0,0
4807,0.09000680889738233,0.09000680889738233,0,0,0
4808,0.0860091649780148,0.0860091649780148,0,0,0
4809,0.08922855350139894,0.08922855350139894,0,0,0
4810,0.09274847403560814,0.09274847403560814,0,0,0
4811,0.09337908382478513,0.09337908382478513,0,0,0
4812,0.08903925150240723,0.08903925150240723,0,0,0
4813,0.08936969073195207,0.08936969073195207,0,0,0
4814,0.092751605142104,0.092751605142104,0,0,0
4815,0.09849156360877187,0.09849156360877187,0,0,0
4816,0.08783094055558506,0.08783094055558506,0,0,0
4817,0.0901355073836289,0.0901355073836289,0,0,0
4818,0.08379522348312955,0.08379522348312955,0,0,0
4819,0.09128577428820886,0.09128577428820886,0,0,0
4820,0.10067795001362499,0.10067795001362499,0,0,0
4821,0.08800123837825499,0.08800123837825499,0,0,0
4822,0.09538561135138336,0.09538561135138336,0,0,0
4823,0.09059889977307696,0.09059889977307696,0,0,0
4824,0.09102157581793635,0.09102157581793635,0,0,0
4825,0.10151771573643935,0.10151771573643935,0,0,0
4826,0.08940379792138149,0.08940379792138149,0,0,0
4827,0.09034059284941147,0.09034059284941147,0,0,0
4828,0.09394159726798534,0.09394159726798534,0,0,0
4829,0.08766914766870047,0.08766914766870047,0,0,0
4830,0.09113909039450319,0.09113909039450319,0,0,0
4831,0.09435545917796462,0.09435545917796462,0,0,0
4832,0.09099461040214489,0.09099461040214489,0,0,0
4833,0.091091016699609,0.091091016699609,0,0,0
4834,0.09050041054816622,0.09050041054816622,0,0,0
4835,0.09210865993640925,0.09210865993640925,0,0,0
4836,0.08656815753171318,0.08656815753171318,0,0,0
4837,0.0892832938973841,0.0892832938973841,0,0,0
4838,0.08980461886446726,0.08980461886446726,0,0,0
4839,0.095525466689938,0.095525466689938,0,0,0
4840,0.08763669676294453,0.08763669676294453,0,0,0
4841,0.09453886433651573,0.09453886433651573,0,0,0
4842,0.08696714523983629,0.08696714523983629,0,0,0
4843,0.08999253378102653,0.08999253378102653,0,0,0
4844,0.09202527294033452,0.09202527294033452,0,0,0
4845,0.08844969794154167,0.08844969794154167,0,0,0
4846,0.08945976952581029,0.08945976952581029,0,0,0
4847,0.08931514728618295,0.08931514728618295,0,0,0
4848,0.09143700734957268,0.09143700734957268,0,0,0
4849,0.08915143038489316,0.08915143038489316,0,0,0
4850,0.09120659804657887,0.09120659804657887,0,0,0
4851,0.08825715719477127,0.08825715719477127,0,0,0
4852,0.09576784711527198,0.09576784711527198,0,0,0
4853,0.08931138944861136,0.08931138944861136,0,0,0
4854,0.08557647309805218,0.08557647309805218,0,0,0
4855,0.10255755876239978,0.10255755876239978,0,0,0
4856,0.09369670217366595,0.09369670217366595,0,0,0
4857,0.0922903575395283,0.0922903575395283,0,0,0
4858,0.09319241727261167,0.09319241727261167,0,0,0
4859,0.08323502285700095,0.08323502285700095,0,0,0
4860,0.08748494118059937,0.08748494118059937,0,0,0
4861,0.08489098890047324,0.08489098890047324,0,0,0
4862,0.09241235716954659,0.09241235716954659,0,0,0
4863,0.0922734958952979,0.0922734958952979,0,0,0
4864,0.09090266161059078,0.09090266161059078,0,0,0
4865,0.08966478852457122,0.08966478852457122,0,0,0
4866,0.09201565512308948,0.09201565512308948,0,0,0
4867,0.09453652122695196,0.09453652122695196,0,0,0
4868,0.08580888454851351,0.08580888454851351,0,0,0
4869,0.09142190757158555,0.09142190757158555,0,0,0
4870,0.08801074178987428,0.08801074178987428,0,0,0
4871,0.09079629369080067,0.09079629369080067,0,0,0
4872,0.09238206703019769,0.09238206703019769,0,0,0
4873,0.09132899589052326,0.09132899589052326,0,0,0
4874,0.08748628130476725,0.08748628130476725,0,0,0
4875,0.09541426108855951,0.09541426108855951,0,0,0
4876,0.0857183713661997,0.0857183713661997,0,0,0
4877,0.08744262423562377,0.08744262423562377,0,0,0
4878,0.0863090698656283,0.0863090698656283,0,0,0
4879,0.08368235630424399,0.08368235630424399,0,0,0
4880,0.08572310326915038,0.08572310326915038,0,0,0
4881,0.08108283128393323,0.08108283128393323,0,0,0
4882,0.09717201314082272,0.09717201314082272,0,0,0
4883,0.0870991200208664,0.0870991200208664,0,0,0
4884,0.08784908869940984,0.08784908869940984,0,0,0
4885,0.08755433490793955,0.08755433490793955,0,0,0
4886,0.08870879737170119,0.08870879737170119,0,0,0
4887,0.09026640271277804,0.09026640271277804,0,0,0
4888,0.08481949234479352,0.08481949234479352,0,0,0
4889,0.09756599013742648,0.09756599013742648,0,0,0
4890,0.09254562854766846,0.09254562854766846,0,0,0
4891,0.08760323767599307,0.08760323767599307,0,0,0
4892,0.09412240129160254,0.09412240129160254,0,0,0
4893,0.0905282941499823,0.0905282941499823,0,0,0
4894,0.08915342821886665,0.08915342821886665,0,0,0
4895,0.09080758426142366,0.09080758426142366,0,0,0
4896,0.08874075119628717,0.08874075119628717,0,0,0
4897,0.09214969096999419,0.09214969096999419,0,0,0
4898,0.0946085898107604,0.0946085898107604,0,0,0
4899,0.08946460828577217,0.08946460828577217,0,0,0
4900,0.0890465727762172,0.0890465727762172,0,0,0
4901,0.09390597339523465,0.09390597339523465,0,0,0
4902,0.08832638161747079,0.08832638161747079,0,0,0
4903,0.0897127691852419,0.0897127691852419,0,0,0
4904,0.08964825019632515,0.08964825019632515,0,0,0
4905,0.09135429619958527,0.09135429619958527,0,0,0
4906,0.08880021030965604,0.08880021030965604,0,0,0
4907,0.09522908739745617,0.09522908739745617,0,0,0
4908,0.09197740864596869,0.09197740864596869,0,0,0
4909,0.09352243525025092,0.09352243525025092,0,0,0
4910,0.08773408643901348,0.08773408643901348,0,0,0
4911,0.08955385937894646,0.08955385937894646,0,0,0
4912,0.0862146998314481,0.0862146998314481,0,0,0
4913,0.09790143468662311,0.09790143468662311,0,0,0
4914,0.08558609307204422,0.08558609307204422,0,0,0
4915,0.08840981694428544,0.08840981694428544,0,0,0
4916,0.08735759654327442,0.08735759654327442,0,0,0
4917,0.08836430987637293,0.08836430987637293,0,0,0
4918,0.08987268403564629,0.08987268403564629,0,0,0
4919,0.0854369988174815,0.0854369988174815,0,0,0
4920,0.09531602390894764,0.09531602390894764,0,0,0
4921,0.08928151389485911,0.08928151389485911,0,0,0
4922,0.08968536624390828,0.08968536624390828,0,0,0
4923,0.08752732772968318,0.08752732772968318,0,0,0
4924,0.09360164609786711,0.09360164609786711,0,0,0
4925,0.09288489818572998,0.09288489818572998,0,0,0
4926,0.09258845075964928,0.09258845075964928,0,0,0
4927,0.089964813209678,0.089964813209678,0,0,0
4928,0.08808709514376364,0.08808709514376364,0,0,0
4929,0.09116650353136815,0.09116650353136815,0,0,0
4930,0.09177028123093278,0.09177028123093278,0,0,0
4931,0.09563453093563255,0.09563453093563255,0,0,0
4932,0.08897772333339642,0.08897772333339642,0,0,0
4933,0.08592137733572408,0.08592137733572408,0,0,0
4934,0.08936724390246366,0.08936724390246366,0,0,0
4935,0.09075534559394184,0.09075534559394184,0,0,0
4936,0.08690519091722212,0.08690519091722212,0,0,0
4937,0.08811164539503424,0.08811164539503424,0,0,0
4938,0.08957252102462869,0.08957252102462869,0,0,0
4939,0.09192980835704427,0.09192980835704427,0,0,0
4940,0.08585077906517606,0.08585077906517606,0,0,0
4941,0.10240166183365018,0.10240166183365018,0,0,0
4942,0.08755294684516757,0.08755294684516757,0,0,0
4943,0.09290825095223754,0.09290825095223754,0,0,0
4944,0.08864639199485905,0.08864639199485905,0,0,0
4945,0.08988709149784163,0.08988709149784163,0,0,0
4946,0.08785660604113027,0.08785660604113027,0,0,0
4947,0.08696168719937927,0.08696168719937927,0,0,0
4948,0.08785772117737092,0.08785772117737092,0,0,0
4949,0.09080649441794346,0.09080649441794346,0,0,0
4950,0.09036709770168129,0.09036709770168129,0,0,0
4951,0.08455871898484857,0.08455871898484857,0,0,0
4952,0.09147720499650429,0.09147720499650429,0,0,0
4953,0.08269278518855572,0.08269278518855572,0,0,0
4954,0.08559229058262549,0.08559229058262549,0,0,0
4955,0.09560521613610418,0.09560521613610418,0,0,0
4956,0.09666467595257257,0.09666467595257257,0,0,0
4957,0.08437916656073771,0.08437916656073771,0,0,0
4958,0.08718509648583438,0.08718509648583438,0,0,0
4959,0.09007418763480689,0.09007418763480689,0,0,0
4960,0.0941436474064463,0.0941436474064463,0,0,0
4961,0.096370728490384,0.096370728490384,0,0,0
4962,0.09104823477958378,0.09104823477958378,0,0,0
4963,0.08852319958570756,0.08852319958570756,0,0,0
4964,0.08968477705983739,0.08968477705983739,0,0,0
4965,0.09374737533691682,0.09374737533691682,0,0,0
4966,0.09427273645997047,0.09427273645997047,0,0,0
4967,0.08877527498100933,0.08877527498100933,0,0,0
4968,0.08976545126030319,0.08976545126030319,0,0,0
4969,0.08881436288356781,0.08881436288356781,0,0,0
4970,0.088717421712844,0.088717421712844,0,0,0
4971,0.10046087362264332,0.10046087362264332,0,0,0
4972,0.08508076361919704,0.08508076361919704,0,0,0
4973,0.08599108310514375,0.08599108310514375,0,0,0
4974,0.0850621374618066,0.0850621374618066,0,0,0
4975,0.09918894344254543,0.09918894344254543,0,0,0
4976,0.09090023850531954,0.09090023850531954,0,0,0
4977,0.08613794336193487,0.08613794336193487,0,0,0
4978,0.08666620521168959,0.08666620521168959,0,0,0
4979,0.08916171561730535,0.08916171561730535,0,0,0
4980,0.09129413746689495,0.09129413746689495,0,0,0
4981,0.09063100069761276,0.09063100069761276,0,0,0
4982,0.08851294111656516,0.08851294111656516,0,0,0
4983,0.08508339014492537,0.08508339014492537,0,0,0
4984,0.09041552853427436,0.09041552853427436,0,0,0
4985,0.08991380575063981,0.08991380575063981,0,0,0
4986,0.08785804478745711,0.08785804478745711,0,0,0
4987,0.08721870929002762,0.08721870929002762,0,0,0
4988,0.09254835046043522,0.09254835046043522,0,0,0
4989,0.09225652808029401,0.09225652808029401,0,0,0
4990,0.09240264514167058,0.09240264514167058,0,0,0
4991,0.09461537836805771,0.09461537836805771,0,0,0
4992,0.08848288400392783,0.08848288400392783,0,0,0
4993,0.09016148824440806,0.09016148824440806,0,0,0
4994,0.08679013179713174,0.08679013179713174,0,0,0
4995,0.087190767750144,0.087190767750144,0,0,0
4996,0.08933380128521669,0.08933380128521669,0,0,0
4997,0.08529143358923887,0.08529143358923887,0,0,0
4998,0.09466075201175715,0.09466075201175715,0,0,0
4999,0.09528751553673494,0.09528751553673494,0,0,0
