epoch,total_loss,l1_param,l2_perf_db,l3_perf_gen,sim_calls_per_epoch
0,6836.1234130859375,6836.1234130859375,0,0,0
1,6285.9583740234375,6285.9583740234375,0,0,0
2,6238.480895996094,6238.480895996094,0,0,0
3,6380.007751464844,6380.007751464844,0,0,0
4,6126.5223388671875,6126.5223388671875,0,0,0
5,6505.951232910156,6505.951232910156,0,0,0
6,6864.264709472656,6864.264709472656,0,0,0
7,6655.753265380859,6655.753265380859,0,0,0
8,6153.725769042969,6153.725769042969,0,0,0
9,6261.489196777344,6261.489196777344,0,0,0
10,6133.3328857421875,6133.3328857421875,0,0,0
11,6118.7054443359375,6118.7054443359375,0,0,0
12,6153.554748535156,6153.554748535156,0,0,0
13,6129.2723388671875,6129.2723388671875,0,0,0
14,6562.4010009765625,6562.4010009765625,0,0,0
15,5950.251495361328,5950.251495361328,0,0,0
16,5890.8626708984375,5890.8626708984375,0,0,0
17,5865.0806884765625,5865.0806884765625,0,0,0
18,5761.18701171875,5761.18701171875,0,0,0
19,5960.0791015625,5960.0791015625,0,0,0
20,5835.450500488281,5835.450500488281,0,0,0
21,5565.964050292969,5565.964050292969,0,0,0
22,6207.2679443359375,6207.2679443359375,0,0,0
23,5636.2791748046875,5636.2791748046875,0,0,0
24,5751.3282470703125,5751.3282470703125,0,0,0
25,6016.893096923828,6016.893096923828,0,0,0
26,5563.10986328125,5563.10986328125,0,0,0
27,5414.823516845703,5414.823516845703,0,0,0
28,5469.912902832031,5469.912902832031,0,0,0
29,5275.707214355469,5275.707214355469,0,0,0
30,5427.815734863281,5427.815734863281,0,0,0
31,5318.0428466796875,5318.0428466796875,0,0,0
32,5203.265380859375,5203.265380859375,0,0,0
33,5527.0880126953125,5527.0880126953125,0,0,0
34,5259.5361328125,5259.5361328125,0,0,0
35,5397.815185546875,5397.815185546875,0,0,0
36,5050.0704345703125,5050.0704345703125,0,0,0
37,5281.507263183594,5281.507263183594,0,0,0
38,4962.047180175781,4962.047180175781,0,0,0
39,5141.940399169922,5141.940399169922,0,0,0
40,4879.995269775391,4879.995269775391,0,0,0
41,4839.985168457031,4839.985168457031,0,0,0
42,4765.809875488281,4765.809875488281,0,0,0
43,4690.375793457031,4690.375793457031,0,0,0
44,4723.131103515625,4723.131103515625,0,0,0
45,4912.103210449219,4912.103210449219,0,0,0
46,4685.505798339844,4685.505798339844,0,0,0
47,4702.9522705078125,4702.9522705078125,0,0,0
48,4512.585006713867,4512.585006713867,0,0,0
49,4737.039154052734,4737.039154052734,0,0,0
50,4542.832702636719,4542.832702636719,0,0,0
51,4634.28857421875,4634.28857421875,0,0,0
52,4615.612854003906,4615.612854003906,0,0,0
53,4736.01416015625,4736.01416015625,0,0,0
54,4667.109283447266,4667.109283447266,0,0,0
55,4395.452545166016,4395.452545166016,0,0,0
56,4254.069549560547,4254.069549560547,0,0,0
57,4901.833068847656,4901.833068847656,0,0,0
58,4318.770172119141,4318.770172119141,0,0,0
59,4491.221343994141,4491.221343994141,0,0,0
60,4190.868347167969,4190.868347167969,0,0,0
61,4259.7406005859375,4259.7406005859375,0,0,0
62,4015.09375,4015.09375,0,0,0
63,4227.353454589844,4227.353454589844,0,0,0
64,4344.027282714844,4344.027282714844,0,0,0
65,3904.4221801757812,3904.4221801757812,0,0,0
66,3916.429412841797,3916.429412841797,0,0,0
67,3963.202606201172,3963.202606201172,0,0,0
68,4236.847076416016,4236.847076416016,0,0,0
69,3894.833526611328,3894.833526611328,0,0,0
70,3862.1542358398438,3862.1542358398438,0,0,0
71,4033.2540283203125,4033.2540283203125,0,0,0
72,3859.9293823242188,3859.9293823242188,0,0,0
73,3760.9357299804688,3760.9357299804688,0,0,0
74,3495.442825317383,3495.442825317383,0,0,0
75,3698.5257568359375,3698.5257568359375,0,0,0
76,3656.2938842773438,3656.2938842773438,0,0,0
77,3582.3929138183594,3582.3929138183594,0,0,0
78,3451.73876953125,3451.73876953125,0,0,0
79,3525.8291625976562,3525.8291625976562,0,0,0
80,3791.9368286132812,3791.9368286132812,0,0,0
81,3393.317626953125,3393.317626953125,0,0,0
82,3393.8252868652344,3393.8252868652344,0,0,0
83,3315.2257690429688,3315.2257690429688,0,0,0
84,3210.5579223632812,3210.5579223632812,0,0,0
85,3387.4830322265625,3387.4830322265625,0,0,0
86,3305.8213958740234,3305.8213958740234,0,0,0
87,3298.657196044922,3298.657196044922,0,0,0
88,3246.758529663086,3246.758529663086,0,0,0
89,2979.0657653808594,2979.0657653808594,0,0,0
90,3448.904754638672,3448.904754638672,0,0,0
91,3027.9232788085938,3027.9232788085938,0,0,0
92,2887.4378967285156,2887.4378967285156,0,0,0
93,2907.142532348633,2907.142532348633,0,0,0
94,2834.4854431152344,2834.4854431152344,0,0,0
95,2903.8043518066406,2903.8043518066406,0,0,0
96,3060.946090698242,3060.946090698242,0,0,0
97,2871.6610412597656,2871.6610412597656,0,0,0
98,2966.9981689453125,2966.9981689453125,0,0,0
99,2928.0166931152344,2928.0166931152344,0,0,0
100,2614.3549194335938,2614.3549194335938,0,0,0
101,2641.467300415039,2641.467300415039,0,0,0
102,2579.1027221679688,2579.1027221679688,0,0,0
103,2793.3357849121094,2793.3357849121094,0,0,0
104,2643.5386962890625,2643.5386962890625,0,0,0
105,2706.5226440429688,2706.5226440429688,0,0,0
106,2338.765350341797,2338.765350341797,0,0,0
107,2511.774139404297,2511.774139404297,0,0,0
108,2654.8369750976562,2654.8369750976562,0,0,0
109,2358.4381408691406,2358.4381408691406,0,0,0
110,2575.5011291503906,2575.5011291503906,0,0,0
111,2268.3599395751953,2268.3599395751953,0,0,0
112,2217.9932556152344,2217.9932556152344,0,0,0
113,2401.571746826172,2401.571746826172,0,0,0
114,2344.3177032470703,2344.3177032470703,0,0,0
115,2362.8642578125,2362.8642578125,0,0,0
116,2154.3240661621094,2154.3240661621094,0,0,0
117,2189.8917846679688,2189.8917846679688,0,0,0
118,2297.308624267578,2297.308624267578,0,0,0
119,2161.073928833008,2161.073928833008,0,0,0
120,2038.2164154052734,2038.2164154052734,0,0,0
121,2011.1714324951172,2011.1714324951172,0,0,0
122,2221.3908081054688,2221.3908081054688,0,0,0
123,1887.3362121582031,1887.3362121582031,0,0,0
124,2151.557098388672,2151.557098388672,0,0,0
125,2005.7334899902344,2005.7334899902344,0,0,0
126,2026.8723907470703,2026.8723907470703,0,0,0
127,2008.577247619629,2008.577247619629,0,0,0
128,1760.0703430175781,1760.0703430175781,0,0,0
129,1653.2672576904297,1653.2672576904297,0,0,0
130,1860.2561340332031,1860.2561340332031,0,0,0
131,1835.401138305664,1835.401138305664,0,0,0
132,1812.104476928711,1812.104476928711,0,0,0
133,1615.9261016845703,1615.9261016845703,0,0,0
134,1704.7733001708984,1704.7733001708984,0,0,0
135,1640.5880126953125,1640.5880126953125,0,0,0
136,1666.899398803711,1666.899398803711,0,0,0
137,1838.9216232299805,1838.9216232299805,0,0,0
138,1566.3664855957031,1566.3664855957031,0,0,0
139,1482.3399353027344,1482.3399353027344,0,0,0
140,1625.1737518310547,1625.1737518310547,0,0,0
141,1472.3350372314453,1472.3350372314453,0,0,0
142,1329.6735763549805,1329.6735763549805,0,0,0
143,1621.9137573242188,1621.9137573242188,0,0,0
144,1478.4000396728516,1478.4000396728516,0,0,0
145,1739.8466033935547,1739.8466033935547,0,0,0
146,1634.0901489257812,1634.0901489257812,0,0,0
147,1428.6542358398438,1428.6542358398438,0,0,0
148,1498.5305633544922,1498.5305633544922,0,0,0
149,1308.0663299560547,1308.0663299560547,0,0,0
150,1307.1384658813477,1307.1384658813477,0,0,0
151,1324.5062942504883,1324.5062942504883,0,0,0
152,1278.1999969482422,1278.1999969482422,0,0,0
153,1268.0315856933594,1268.0315856933594,0,0,0
154,1224.4767532348633,1224.4767532348633,0,0,0
155,1271.2984466552734,1271.2984466552734,0,0,0
156,1387.1649780273438,1387.1649780273438,0,0,0
157,1274.9461288452148,1274.9461288452148,0,0,0
158,1310.465431213379,1310.465431213379,0,0,0
159,1317.4777069091797,1317.4777069091797,0,0,0
160,1198.9130096435547,1198.9130096435547,0,0,0
161,1163.8184661865234,1163.8184661865234,0,0,0
162,1219.2593078613281,1219.2593078613281,0,0,0
163,1136.2750549316406,1136.2750549316406,0,0,0
164,1017.1298522949219,1017.1298522949219,0,0,0
165,1133.9369812011719,1133.9369812011719,0,0,0
166,1093.7573852539062,1093.7573852539062,0,0,0
167,918.9113998413086,918.9113998413086,0,0,0
168,1070.3564682006836,1070.3564682006836,0,0,0
169,1045.3475799560547,1045.3475799560547,0,0,0
170,1082.635082244873,1082.635082244873,0,0,0
171,1177.3690185546875,1177.3690185546875,0,0,0
172,951.8548049926758,951.8548049926758,0,0,0
173,966.0788192749023,966.0788192749023,0,0,0
174,1076.4683227539062,1076.4683227539062,0,0,0
175,889.1404724121094,889.1404724121094,0,0,0
176,977.0602188110352,977.0602188110352,0,0,0
177,1001.0930137634277,1001.0930137634277,0,0,0
178,895.6552200317383,895.6552200317383,0,0,0
179,912.2301330566406,912.2301330566406,0,0,0
180,837.8719711303711,837.8719711303711,0,0,0
181,818.998046875,818.998046875,0,0,0
182,755.9030380249023,755.9030380249023,0,0,0
183,871.8241882324219,871.8241882324219,0,0,0
184,850.9769897460938,850.9769897460938,0,0,0
185,830.8969116210938,830.8969116210938,0,0,0
186,907.5097274780273,907.5097274780273,0,0,0
187,843.3195266723633,843.3195266723633,0,0,0
188,755.4600296020508,755.4600296020508,0,0,0
189,907.4459228515625,907.4459228515625,0,0,0
190,804.317756652832,804.317756652832,0,0,0
191,820.4992294311523,820.4992294311523,0,0,0
192,630.7408294677734,630.7408294677734,0,0,0
193,689.0325088500977,689.0325088500977,0,0,0
194,687.8339538574219,687.8339538574219,0,0,0
195,711.5017318725586,711.5017318725586,0,0,0
196,653.6710510253906,653.6710510253906,0,0,0
197,523.3803482055664,523.3803482055664,0,0,0
198,659.9628601074219,659.9628601074219,0,0,0
199,588.6520957946777,588.6520957946777,0,0,0
200,599.9823989868164,599.9823989868164,0,0,0
201,655.324764251709,655.324764251709,0,0,0
202,600.1494522094727,600.1494522094727,0,0,0
203,581.3137512207031,581.3137512207031,0,0,0
204,610.9436798095703,610.9436798095703,0,0,0
205,583.4610595703125,583.4610595703125,0,0,0
206,624.0896606445312,624.0896606445312,0,0,0
207,533.4064064025879,533.4064064025879,0,0,0
208,573.8120727539062,573.8120727539062,0,0,0
209,595.3778533935547,595.3778533935547,0,0,0
210,479.0063018798828,479.0063018798828,0,0,0
211,484.5610160827637,484.5610160827637,0,0,0
212,522.2314224243164,522.2314224243164,0,0,0
213,536.9974594116211,536.9974594116211,0,0,0
214,507.43710708618164,507.43710708618164,0,0,0
215,544.6448822021484,544.6448822021484,0,0,0
216,527.9055442810059,527.9055442810059,0,0,0
217,436.3951072692871,436.3951072692871,0,0,0
218,517.6311416625977,517.6311416625977,0,0,0
219,484.69754791259766,484.69754791259766,0,0,0
220,445.56916427612305,445.56916427612305,0,0,0
221,462.0284118652344,462.0284118652344,0,0,0
222,485.09528732299805,485.09528732299805,0,0,0
223,458.94788360595703,458.94788360595703,0,0,0
224,457.2251968383789,457.2251968383789,0,0,0
225,408.8209114074707,408.8209114074707,0,0,0
226,428.3613224029541,428.3613224029541,0,0,0
227,422.6382293701172,422.6382293701172,0,0,0
228,406.9649181365967,406.9649181365967,0,0,0
229,368.9843063354492,368.9843063354492,0,0,0
230,393.4421501159668,393.4421501159668,0,0,0
231,434.7276439666748,434.7276439666748,0,0,0
232,501.1644058227539,501.1644058227539,0,0,0
233,380.5409851074219,380.5409851074219,0,0,0
234,459.67090225219727,459.67090225219727,0,0,0
235,394.8402976989746,394.8402976989746,0,0,0
236,314.6538734436035,314.6538734436035,0,0,0
237,350.61980056762695,350.61980056762695,0,0,0
238,451.77576446533203,451.77576446533203,0,0,0
239,347.6376247406006,347.6376247406006,0,0,0
240,316.51400566101074,316.51400566101074,0,0,0
241,364.2645072937012,364.2645072937012,0,0,0
242,372.59505462646484,372.59505462646484,0,0,0
243,379.9406032562256,379.9406032562256,0,0,0
244,327.4761505126953,327.4761505126953,0,0,0
245,385.71206283569336,385.71206283569336,0,0,0
246,277.26136589050293,277.26136589050293,0,0,0
247,361.5309257507324,361.5309257507324,0,0,0
248,300.95067596435547,300.95067596435547,0,0,0
249,320.01547050476074,320.01547050476074,0,0,0
250,235.64005279541016,235.64005279541016,0,0,0
251,331.77806854248047,331.77806854248047,0,0,0
252,338.15409088134766,338.15409088134766,0,0,0
253,317.3907871246338,317.3907871246338,0,0,0
254,292.27505111694336,292.27505111694336,0,0,0
255,310.9992980957031,310.9992980957031,0,0,0
256,340.1517028808594,340.1517028808594,0,0,0
257,308.45102405548096,308.45102405548096,0,0,0
258,322.2079544067383,322.2079544067383,0,0,0
259,311.5508098602295,311.5508098602295,0,0,0
260,243.96395874023438,243.96395874023438,0,0,0
261,305.3027696609497,305.3027696609497,0,0,0
262,221.67195892333984,221.67195892333984,0,0,0
263,243.8359546661377,243.8359546661377,0,0,0
264,246.07839012145996,246.07839012145996,0,0,0
265,237.05727577209473,237.05727577209473,0,0,0
266,243.33852195739746,243.33852195739746,0,0,0
267,290.6946144104004,290.6946144104004,0,0,0
268,219.04147911071777,219.04147911071777,0,0,0
269,258.6424446105957,258.6424446105957,0,0,0
270,227.6775722503662,227.6775722503662,0,0,0
271,314.0279731750488,314.0279731750488,0,0,0
272,252.11329460144043,252.11329460144043,0,0,0
273,253.29365348815918,253.29365348815918,0,0,0
274,197.95964813232422,197.95964813232422,0,0,0
275,290.4820861816406,290.4820861816406,0,0,0
276,292.81836891174316,292.81836891174316,0,0,0
277,209.51599502563477,209.51599502563477,0,0,0
278,256.6337356567383,256.6337356567383,0,0,0
279,192.22310066223145,192.22310066223145,0,0,0
280,209.2756404876709,209.2756404876709,0,0,0
281,216.51659488677979,216.51659488677979,0,0,0
282,232.83753204345703,232.83753204345703,0,0,0
283,241.44981384277344,241.44981384277344,0,0,0
284,208.87361335754395,208.87361335754395,0,0,0
285,184.7676544189453,184.7676544189453,0,0,0
286,186.10172843933105,186.10172843933105,0,0,0
287,213.9628562927246,213.9628562927246,0,0,0
288,207.64023780822754,207.64023780822754,0,0,0
289,160.81339836120605,160.81339836120605,0,0,0
290,263.37594413757324,263.37594413757324,0,0,0
291,230.61853408813477,230.61853408813477,0,0,0
292,186.25333404541016,186.25333404541016,0,0,0
293,207.55877113342285,207.55877113342285,0,0,0
294,213.1040153503418,213.1040153503418,0,0,0
295,170.40121459960938,170.40121459960938,0,0,0
296,181.33473587036133,181.33473587036133,0,0,0
297,191.4064064025879,191.4064064025879,0,0,0
298,149.63745880126953,149.63745880126953,0,0,0
299,154.52187824249268,154.52187824249268,0,0,0
300,227.43721771240234,227.43721771240234,0,0,0
301,205.42698287963867,205.42698287963867,0,0,0
302,183.51489543914795,183.51489543914795,0,0,0
303,195.67021942138672,195.67021942138672,0,0,0
304,150.85019493103027,150.85019493103027,0,0,0
305,165.1162815093994,165.1162815093994,0,0,0
306,202.05788230895996,202.05788230895996,0,0,0
307,173.32915687561035,173.32915687561035,0,0,0
308,186.80496978759766,186.80496978759766,0,0,0
309,194.5859260559082,194.5859260559082,0,0,0
310,149.7604465484619,149.7604465484619,0,0,0
311,164.42568683624268,164.42568683624268,0,0,0
312,163.9990692138672,163.9990692138672,0,0,0
313,168.12364101409912,168.12364101409912,0,0,0
314,146.14801502227783,146.14801502227783,0,0,0
315,136.40306758880615,136.40306758880615,0,0,0
316,150.18296241760254,150.18296241760254,0,0,0
317,145.4350233078003,145.4350233078003,0,0,0
318,118.13997268676758,118.13997268676758,0,0,0
319,229.9553737640381,229.9553737640381,0,0,0
320,112.21656322479248,112.21656322479248,0,0,0
321,174.3845624923706,174.3845624923706,0,0,0
322,138.41627597808838,138.41627597808838,0,0,0
323,119.66502094268799,119.66502094268799,0,0,0
324,170.1673173904419,170.1673173904419,0,0,0
325,128.79885292053223,128.79885292053223,0,0,0
326,213.46747016906738,213.46747016906738,0,0,0
327,141.6229476928711,141.6229476928711,0,0,0
328,130.65521621704102,130.65521621704102,0,0,0
329,118.03262519836426,118.03262519836426,0,0,0
330,170.89796257019043,170.89796257019043,0,0,0
331,97.84858131408691,97.84858131408691,0,0,0
332,123.29442119598389,123.29442119598389,0,0,0
333,98.93460083007812,98.93460083007812,0,0,0
334,154.91880416870117,154.91880416870117,0,0,0
335,118.05544185638428,118.05544185638428,0,0,0
336,171.0180206298828,171.0180206298828,0,0,0
337,126.35294914245605,126.35294914245605,0,0,0
338,111.13135433197021,111.13135433197021,0,0,0
339,154.65154457092285,154.65154457092285,0,0,0
340,102.93628215789795,102.93628215789795,0,0,0
341,103.28922653198242,103.28922653198242,0,0,0
342,109.98309898376465,109.98309898376465,0,0,0
343,108.1245641708374,108.1245641708374,0,0,0
344,126.3006238937378,126.3006238937378,0,0,0
345,100.38219356536865,100.38219356536865,0,0,0
346,80.86323356628418,80.86323356628418,0,0,0
347,117.91149568557739,117.91149568557739,0,0,0
348,125.61220741271973,125.61220741271973,0,0,0
349,110.79183435440063,110.79183435440063,0,0,0
350,97.77450370788574,97.77450370788574,0,0,0
351,99.40324449539185,99.40324449539185,0,0,0
352,87.54352188110352,87.54352188110352,0,0,0
353,99.10132074356079,99.10132074356079,0,0,0
354,118.51178455352783,118.51178455352783,0,0,0
355,89.10048866271973,89.10048866271973,0,0,0
356,114.32562589645386,114.32562589645386,0,0,0
357,64.40962219238281,64.40962219238281,0,0,0
358,110.4505033493042,110.4505033493042,0,0,0
359,82.9307804107666,82.9307804107666,0,0,0
360,92.32261753082275,92.32261753082275,0,0,0
361,108.19099044799805,108.19099044799805,0,0,0
362,85.4120044708252,85.4120044708252,0,0,0
363,96.80315589904785,96.80315589904785,0,0,0
364,84.93208169937134,84.93208169937134,0,0,0
365,104.03487300872803,104.03487300872803,0,0,0
366,71.08510971069336,71.08510971069336,0,0,0
367,91.81520223617554,91.81520223617554,0,0,0
368,122.74979782104492,122.74979782104492,0,0,0
369,78.61747980117798,78.61747980117798,0,0,0
370,100.34042406082153,100.34042406082153,0,0,0
371,70.88686180114746,70.88686180114746,0,0,0
372,78.2786135673523,78.2786135673523,0,0,0
373,70.01486945152283,70.01486945152283,0,0,0
374,82.05345821380615,82.05345821380615,0,0,0
375,84.89723205566406,84.89723205566406,0,0,0
376,123.85084533691406,123.85084533691406,0,0,0
377,86.90007305145264,86.90007305145264,0,0,0
378,143.17580699920654,143.17580699920654,0,0,0
379,83.42341089248657,83.42341089248657,0,0,0
380,83.03204298019409,83.03204298019409,0,0,0
381,88.14884757995605,88.14884757995605,0,0,0
382,86.48964023590088,86.48964023590088,0,0,0
383,73.72863721847534,73.72863721847534,0,0,0
384,68.35803508758545,68.35803508758545,0,0,0
385,97.1442437171936,97.1442437171936,0,0,0
386,64.23055076599121,64.23055076599121,0,0,0
387,62.49341344833374,62.49341344833374,0,0,0
388,74.53346824645996,74.53346824645996,0,0,0
389,88.72236061096191,88.72236061096191,0,0,0
390,66.77239322662354,66.77239322662354,0,0,0
391,65.58602166175842,65.58602166175842,0,0,0
392,81.20677471160889,81.20677471160889,0,0,0
393,75.31305885314941,75.31305885314941,0,0,0
394,54.25840187072754,54.25840187072754,0,0,0
395,63.973307371139526,63.973307371139526,0,0,0
396,65.16793775558472,65.16793775558472,0,0,0
397,59.77120018005371,59.77120018005371,0,0,0
398,92.87832736968994,92.87832736968994,0,0,0
399,93.9483699798584,93.9483699798584,0,0,0
400,66.51089382171631,66.51089382171631,0,0,0
401,48.465497970581055,48.465497970581055,0,0,0
402,82.96531343460083,82.96531343460083,0,0,0
403,52.235445976257324,52.235445976257324,0,0,0
404,78.80170154571533,78.80170154571533,0,0,0
405,73.2165379524231,73.2165379524231,0,0,0
406,85.97862005233765,85.97862005233765,0,0,0
407,82.95045590400696,82.95045590400696,0,0,0
408,79.8904938697815,79.8904938697815,0,0,0
409,61.36630439758301,61.36630439758301,0,0,0
410,63.09868621826172,63.09868621826172,0,0,0
411,48.642183780670166,48.642183780670166,0,0,0
412,62.6567485332489,62.6567485332489,0,0,0
413,78.75920677185059,78.75920677185059,0,0,0
414,74.74482774734497,74.74482774734497,0,0,0
415,57.93165564537048,57.93165564537048,0,0,0
416,51.51354217529297,51.51354217529297,0,0,0
417,63.28731870651245,63.28731870651245,0,0,0
418,78.41043138504028,78.41043138504028,0,0,0
419,50.5340256690979,50.5340256690979,0,0,0
420,60.366766691207886,60.366766691207886,0,0,0
421,83.84812927246094,83.84812927246094,0,0,0
422,70.57642388343811,70.57642388343811,0,0,0
423,66.24147176742554,66.24147176742554,0,0,0
424,60.96991014480591,60.96991014480591,0,0,0
425,46.44806528091431,46.44806528091431,0,0,0
426,62.083702087402344,62.083702087402344,0,0,0
427,39.63274312019348,39.63274312019348,0,0,0
428,48.21493196487427,48.21493196487427,0,0,0
429,62.51867628097534,62.51867628097534,0,0,0
430,64.46967220306396,64.46967220306396,0,0,0
431,45.47501873970032,45.47501873970032,0,0,0
432,56.56077480316162,56.56077480316162,0,0,0
433,44.50193762779236,44.50193762779236,0,0,0
434,61.6195330619812,61.6195330619812,0,0,0
435,52.7782564163208,52.7782564163208,0,0,0
436,52.5555899143219,52.5555899143219,0,0,0
437,70.06633424758911,70.06633424758911,0,0,0
438,37.879151821136475,37.879151821136475,0,0,0
439,57.68615674972534,57.68615674972534,0,0,0
440,35.89838218688965,35.89838218688965,0,0,0
441,45.30854821205139,45.30854821205139,0,0,0
442,45.68494129180908,45.68494129180908,0,0,0
443,48.49910497665405,48.49910497665405,0,0,0
444,51.76063871383667,51.76063871383667,0,0,0
445,55.26208817958832,55.26208817958832,0,0,0
446,72.73266124725342,72.73266124725342,0,0,0
447,68.40776777267456,68.40776777267456,0,0,0
448,91.46359014511108,91.46359014511108,0,0,0
449,43.73560619354248,43.73560619354248,0,0,0
450,62.740681409835815,62.740681409835815,0,0,0
451,47.223856925964355,47.223856925964355,0,0,0
452,44.21207332611084,44.21207332611084,0,0,0
453,44.77009320259094,44.77009320259094,0,0,0
454,39.861098766326904,39.861098766326904,0,0,0
455,36.96249008178711,36.96249008178711,0,0,0
456,71.44789600372314,71.44789600372314,0,0,0
457,41.9923620223999,41.9923620223999,0,0,0
458,54.95273470878601,54.95273470878601,0,0,0
459,49.84116077423096,49.84116077423096,0,0,0
460,38.97899317741394,38.97899317741394,0,0,0
461,48.504554271698,48.504554271698,0,0,0
462,56.30375623703003,56.30375623703003,0,0,0
463,34.34546458721161,34.34546458721161,0,0,0
464,54.42837929725647,54.42837929725647,0,0,0
465,38.13356685638428,38.13356685638428,0,0,0
466,59.55296802520752,59.55296802520752,0,0,0
467,48.150705337524414,48.150705337524414,0,0,0
468,36.79035043716431,36.79035043716431,0,0,0
469,49.49303865432739,49.49303865432739,0,0,0
470,36.93429946899414,36.93429946899414,0,0,0
471,36.900672912597656,36.900672912597656,0,0,0
472,52.47802019119263,52.47802019119263,0,0,0
473,29.370318174362183,29.370318174362183,0,0,0
474,38.86859893798828,38.86859893798828,0,0,0
475,42.153160572052,42.153160572052,0,0,0
476,48.260637283325195,48.260637283325195,0,0,0
477,48.185221910476685,48.185221910476685,0,0,0
478,39.90668201446533,39.90668201446533,0,0,0
479,30.414348363876343,30.414348363876343,0,0,0
480,35.149595975875854,35.149595975875854,0,0,0
481,40.0307902097702,40.0307902097702,0,0,0
482,37.87861967086792,37.87861967086792,0,0,0
483,38.88638663291931,38.88638663291931,0,0,0
484,34.445658445358276,34.445658445358276,0,0,0
485,31.696020364761353,31.696020364761353,0,0,0
486,40.565693616867065,40.565693616867065,0,0,0
487,38.484593629837036,38.484593629837036,0,0,0
488,28.542906761169434,28.542906761169434,0,0,0
489,41.99272155761719,41.99272155761719,0,0,0
490,38.64390540122986,38.64390540122986,0,0,0
491,34.385852575302124,34.385852575302124,0,0,0
492,31.096779823303223,31.096779823303223,0,0,0
493,38.26076579093933,38.26076579093933,0,0,0
494,42.60811901092529,42.60811901092529,0,0,0
495,36.49526834487915,36.49526834487915,0,0,0
496,40.04678010940552,40.04678010940552,0,0,0
497,31.894190788269043,31.894190788269043,0,0,0
498,40.40113687515259,40.40113687515259,0,0,0
499,32.1163547039032,32.1163547039032,0,0,0
500,24.758223056793213,24.758223056793213,0,0,0
501,32.57636260986328,32.57636260986328,0,0,0
502,36.47793388366699,36.47793388366699,0,0,0
503,38.83406662940979,38.83406662940979,0,0,0
504,32.02156639099121,32.02156639099121,0,0,0
505,27.050809383392334,27.050809383392334,0,0,0
506,24.400869369506836,24.400869369506836,0,0,0
507,28.532230377197266,28.532230377197266,0,0,0
508,27.6447970867157,27.6447970867157,0,0,0
509,36.76866698265076,36.76866698265076,0,0,0
510,28.215201497077942,28.215201497077942,0,0,0
511,56.10599184036255,56.10599184036255,0,0,0
512,28.043380737304688,28.043380737304688,0,0,0
513,59.44139885902405,59.44139885902405,0,0,0
514,27.759851932525635,27.759851932525635,0,0,0
515,32.17310953140259,32.17310953140259,0,0,0
516,26.716678380966187,26.716678380966187,0,0,0
517,36.14372396469116,36.14372396469116,0,0,0
518,26.066340446472168,26.066340446472168,0,0,0
519,17.538488149642944,17.538488149642944,0,0,0
520,24.887107133865356,24.887107133865356,0,0,0
521,36.654152631759644,36.654152631759644,0,0,0
522,24.165873527526855,24.165873527526855,0,0,0
523,31.889094710350037,31.889094710350037,0,0,0
524,22.985027313232422,22.985027313232422,0,0,0
525,53.82492542266846,53.82492542266846,0,0,0
526,24.697742462158203,24.697742462158203,0,0,0
527,40.17537045478821,40.17537045478821,0,0,0
528,26.542492866516113,26.542492866516113,0,0,0
529,31.57909345626831,31.57909345626831,0,0,0
530,29.42706537246704,29.42706537246704,0,0,0
531,32.18904495239258,32.18904495239258,0,0,0
532,25.199519991874695,25.199519991874695,0,0,0
533,22.623757123947144,22.623757123947144,0,0,0
534,22.103926181793213,22.103926181793213,0,0,0
535,25.906931161880493,25.906931161880493,0,0,0
536,24.38157367706299,24.38157367706299,0,0,0
537,26.93902552127838,26.93902552127838,0,0,0
538,32.074546813964844,32.074546813964844,0,0,0
539,28.295423984527588,28.295423984527588,0,0,0
540,20.008500695228577,20.008500695228577,0,0,0
541,33.991897225379944,33.991897225379944,0,0,0
542,44.320866107940674,44.320866107940674,0,0,0
543,29.209258794784546,29.209258794784546,0,0,0
544,17.356010913848877,17.356010913848877,0,0,0
545,22.824650168418884,22.824650168418884,0,0,0
546,26.48077917098999,26.48077917098999,0,0,0
547,21.904293537139893,21.904293537139893,0,0,0
548,22.60444974899292,22.60444974899292,0,0,0
549,20.21453583240509,20.21453583240509,0,0,0
550,23.076377630233765,23.076377630233765,0,0,0
551,30.10380744934082,30.10380744934082,0,0,0
552,26.345759868621826,26.345759868621826,0,0,0
553,21.503076314926147,21.503076314926147,0,0,0
554,25.393709897994995,25.393709897994995,0,0,0
555,25.433747172355652,25.433747172355652,0,0,0
556,22.89261305332184,22.89261305332184,0,0,0
557,28.825696349143982,28.825696349143982,0,0,0
558,25.51331090927124,25.51331090927124,0,0,0
559,24.963748693466187,24.963748693466187,0,0,0
560,26.96950078010559,26.96950078010559,0,0,0
561,21.513583779335022,21.513583779335022,0,0,0
562,17.908487915992737,17.908487915992737,0,0,0
563,35.96852886676788,35.96852886676788,0,0,0
564,27.559357404708862,27.559357404708862,0,0,0
565,25.17197322845459,25.17197322845459,0,0,0
566,15.162295877933502,15.162295877933502,0,0,0
567,17.414812088012695,17.414812088012695,0,0,0
568,27.69651460647583,27.69651460647583,0,0,0
569,21.217703580856323,21.217703580856323,0,0,0
570,25.910019397735596,25.910019397735596,0,0,0
571,13.858833074569702,13.858833074569702,0,0,0
572,15.262736678123474,15.262736678123474,0,0,0
573,20.93985629081726,20.93985629081726,0,0,0
574,29.441787481307983,29.441787481307983,0,0,0
575,20.367703795433044,20.367703795433044,0,0,0
576,17.332801699638367,17.332801699638367,0,0,0
577,18.589428424835205,18.589428424835205,0,0,0
578,29.849486112594604,29.849486112594604,0,0,0
579,15.03871101140976,15.03871101140976,0,0,0
580,13.986789226531982,13.986789226531982,0,0,0
581,16.2262020111084,16.2262020111084,0,0,0
582,16.93691575527191,16.93691575527191,0,0,0
583,17.397047519683838,17.397047519683838,0,0,0
584,15.688500165939331,15.688500165939331,0,0,0
585,17.9231698513031,17.9231698513031,0,0,0
586,16.772675037384033,16.772675037384033,0,0,0
587,22.540282368659973,22.540282368659973,0,0,0
588,16.82945454120636,16.82945454120636,0,0,0
589,23.261348009109497,23.261348009109497,0,0,0
590,19.801739811897278,19.801739811897278,0,0,0
591,22.069908618927002,22.069908618927002,0,0,0
592,17.766619563102722,17.766619563102722,0,0,0
593,23.66106653213501,23.66106653213501,0,0,0
594,23.300663948059082,23.300663948059082,0,0,0
595,21.702845692634583,21.702845692634583,0,0,0
596,25.830910444259644,25.830910444259644,0,0,0
597,19.416626691818237,19.416626691818237,0,0,0
598,13.949424624443054,13.949424624443054,0,0,0
599,19.270365953445435,19.270365953445435,0,0,0
600,21.92897915840149,21.92897915840149,0,0,0
601,19.1338472366333,19.1338472366333,0,0,0
602,24.281363487243652,24.281363487243652,0,0,0
603,16.41211771965027,16.41211771965027,0,0,0
604,16.279426723718643,16.279426723718643,0,0,0
605,21.696194291114807,21.696194291114807,0,0,0
606,13.694497346878052,13.694497346878052,0,0,0
607,14.97081708908081,14.97081708908081,0,0,0
608,17.79828119277954,17.79828119277954,0,0,0
609,19.73274803161621,19.73274803161621,0,0,0
610,16.52676022052765,16.52676022052765,0,0,0
611,18.248340249061584,18.248340249061584,0,0,0
612,11.387430250644684,11.387430250644684,0,0,0
613,18.916233777999878,18.916233777999878,0,0,0
614,9.71546185016632,9.71546185016632,0,0,0
615,16.3211008310318,16.3211008310318,0,0,0
616,21.53255134820938,21.53255134820938,0,0,0
617,11.916967332363129,11.916967332363129,0,0,0
618,17.833364725112915,17.833364725112915,0,0,0
619,23.059121966362,23.059121966362,0,0,0
620,18.88683408498764,18.88683408498764,0,0,0
621,13.767539143562317,13.767539143562317,0,0,0
622,18.815281629562378,18.815281629562378,0,0,0
623,15.652353167533875,15.652353167533875,0,0,0
624,12.774725675582886,12.774725675582886,0,0,0
625,16.64842712879181,16.64842712879181,0,0,0
626,14.328672409057617,14.328672409057617,0,0,0
627,21.58968722820282,21.58968722820282,0,0,0
628,36.36846625804901,36.36846625804901,0,0,0
629,23.411851286888123,23.411851286888123,0,0,0
630,15.939010262489319,15.939010262489319,0,0,0
631,19.352997660636902,19.352997660636902,0,0,0
632,16.718473196029663,16.718473196029663,0,0,0
633,22.68013596534729,22.68013596534729,0,0,0
634,15.819758176803589,15.819758176803589,0,0,0
635,16.85432720184326,16.85432720184326,0,0,0
636,11.88546621799469,11.88546621799469,0,0,0
637,24.180319786071777,24.180319786071777,0,0,0
638,12.701061248779297,12.701061248779297,0,0,0
639,16.60337221622467,16.60337221622467,0,0,0
640,12.757232904434204,12.757232904434204,0,0,0
641,20.35834914445877,20.35834914445877,0,0,0
642,19.063071608543396,19.063071608543396,0,0,0
643,22.5980024933815,22.5980024933815,0,0,0
644,17.319397687911987,17.319397687911987,0,0,0
645,12.147867560386658,12.147867560386658,0,0,0
646,14.71737265586853,14.71737265586853,0,0,0
647,13.502411365509033,13.502411365509033,0,0,0
648,12.13820731639862,12.13820731639862,0,0,0
649,20.782828092575073,20.782828092575073,0,0,0
650,12.102670431137085,12.102670431137085,0,0,0
651,13.413094162940979,13.413094162940979,0,0,0
652,26.73363509774208,26.73363509774208,0,0,0
653,15.038592100143433,15.038592100143433,0,0,0
654,13.483866333961487,13.483866333961487,0,0,0
655,12.93124508857727,12.93124508857727,0,0,0
656,14.116627037525177,14.116627037525177,0,0,0
657,19.277889847755432,19.277889847755432,0,0,0
658,12.598011255264282,12.598011255264282,0,0,0
659,18.30530607700348,18.30530607700348,0,0,0
660,18.42491614818573,18.42491614818573,0,0,0
661,14.0218003988266,14.0218003988266,0,0,0
662,15.573480546474457,15.573480546474457,0,0,0
663,15.081423282623291,15.081423282623291,0,0,0
664,14.92766010761261,14.92766010761261,0,0,0
665,12.771142601966858,12.771142601966858,0,0,0
666,16.57441681623459,16.57441681623459,0,0,0
667,11.255705833435059,11.255705833435059,0,0,0
668,16.698302507400513,16.698302507400513,0,0,0
669,10.033122599124908,10.033122599124908,0,0,0
670,16.83859622478485,16.83859622478485,0,0,0
671,20.298540472984314,20.298540472984314,0,0,0
672,22.79827129840851,22.79827129840851,0,0,0
673,12.368526458740234,12.368526458740234,0,0,0
674,9.472683787345886,9.472683787345886,0,0,0
675,13.431939482688904,13.431939482688904,0,0,0
676,10.648823857307434,10.648823857307434,0,0,0
677,11.415560483932495,11.415560483932495,0,0,0
678,16.606863260269165,16.606863260269165,0,0,0
679,9.439120054244995,9.439120054244995,0,0,0
680,13.869821310043335,13.869821310043335,0,0,0
681,13.910699367523193,13.910699367523193,0,0,0
682,11.858496069908142,11.858496069908142,0,0,0
683,10.1568763256073,10.1568763256073,0,0,0
684,12.108266592025757,12.108266592025757,0,0,0
685,14.779321551322937,14.779321551322937,0,0,0
686,11.824588656425476,11.824588656425476,0,0,0
687,12.690789997577667,12.690789997577667,0,0,0
688,15.461511075496674,15.461511075496674,0,0,0
689,14.664843320846558,14.664843320846558,0,0,0
690,11.308778047561646,11.308778047561646,0,0,0
691,13.927313268184662,13.927313268184662,0,0,0
692,11.037580013275146,11.037580013275146,0,0,0
693,22.89953851699829,22.89953851699829,0,0,0
694,14.434295058250427,14.434295058250427,0,0,0
695,11.751155972480774,11.751155972480774,0,0,0
696,11.521152079105377,11.521152079105377,0,0,0
697,12.813330590724945,12.813330590724945,0,0,0
698,16.52748993039131,16.52748993039131,0,0,0
699,11.32606953382492,11.32606953382492,0,0,0
700,9.583542585372925,9.583542585372925,0,0,0
701,8.52373605966568,8.52373605966568,0,0,0
702,11.535216093063354,11.535216093063354,0,0,0
703,10.645301342010498,10.645301342010498,0,0,0
704,15.292367815971375,15.292367815971375,0,0,0
705,14.376942992210388,14.376942992210388,0,0,0
706,7.847513794898987,7.847513794898987,0,0,0
707,14.109587907791138,14.109587907791138,0,0,0
708,9.86013001203537,9.86013001203537,0,0,0
709,10.134351015090942,10.134351015090942,0,0,0
710,12.135322511196136,12.135322511196136,0,0,0
711,13.85224187374115,13.85224187374115,0,0,0
712,9.015395879745483,9.015395879745483,0,0,0
713,11.759504556655884,11.759504556655884,0,0,0
714,10.959280133247375,10.959280133247375,0,0,0
715,12.627820312976837,12.627820312976837,0,0,0
716,8.596481800079346,8.596481800079346,0,0,0
717,8.749547600746155,8.749547600746155,0,0,0
718,8.730527102947235,8.730527102947235,0,0,0
719,9.034174680709839,9.034174680709839,0,0,0
720,9.706473082304,9.706473082304,0,0,0
721,8.379676938056946,8.379676938056946,0,0,0
722,9.527188122272491,9.527188122272491,0,0,0
723,11.08620935678482,11.08620935678482,0,0,0
724,8.003142833709717,8.003142833709717,0,0,0
725,9.752373099327087,9.752373099327087,0,0,0
726,10.159509837627411,10.159509837627411,0,0,0
727,11.790272533893585,11.790272533893585,0,0,0
728,10.879266381263733,10.879266381263733,0,0,0
729,9.319695591926575,9.319695591926575,0,0,0
730,10.177338361740112,10.177338361740112,0,0,0
731,14.137634664773941,14.137634664773941,0,0,0
732,6.520019292831421,6.520019292831421,0,0,0
733,8.253811538219452,8.253811538219452,0,0,0
734,15.894497156143188,15.894497156143188,0,0,0
735,11.741381883621216,11.741381883621216,0,0,0
736,7.639266550540924,7.639266550540924,0,0,0
737,16.83796536922455,16.83796536922455,0,0,0
738,12.932449698448181,12.932449698448181,0,0,0
739,7.497948199510574,7.497948199510574,0,0,0
740,14.563774943351746,14.563774943351746,0,0,0
741,10.281370401382446,10.281370401382446,0,0,0
742,13.613960683345795,13.613960683345795,0,0,0
743,11.347618103027344,11.347618103027344,0,0,0
744,7.351913034915924,7.351913034915924,0,0,0
745,10.43911075592041,10.43911075592041,0,0,0
746,6.147516250610352,6.147516250610352,0,0,0
747,8.602661222219467,8.602661222219467,0,0,0
748,6.6910810470581055,6.6910810470581055,0,0,0
749,17.627435982227325,17.627435982227325,0,0,0
750,8.49436640739441,8.49436640739441,0,0,0
751,9.903738588094711,9.903738588094711,0,0,0
752,7.754698216915131,7.754698216915131,0,0,0
753,9.985523462295532,9.985523462295532,0,0,0
754,6.506769895553589,6.506769895553589,0,0,0
755,10.941794097423553,10.941794097423553,0,0,0
756,11.865025281906128,11.865025281906128,0,0,0
757,8.194059312343597,8.194059312343597,0,0,0
758,6.662408709526062,6.662408709526062,0,0,0
759,7.473092317581177,7.473092317581177,0,0,0
760,9.594926446676254,9.594926446676254,0,0,0
761,14.5320326089859,14.5320326089859,0,0,0
762,6.694259762763977,6.694259762763977,0,0,0
763,10.614660382270813,10.614660382270813,0,0,0
764,12.502128064632416,12.502128064632416,0,0,0
765,17.832306504249573,17.832306504249573,0,0,0
766,11.766111552715302,11.766111552715302,0,0,0
767,11.166344732046127,11.166344732046127,0,0,0
768,11.362661600112915,11.362661600112915,0,0,0
769,10.451666951179504,10.451666951179504,0,0,0
770,5.543608486652374,5.543608486652374,0,0,0
771,9.581683039665222,9.581683039665222,0,0,0
772,8.694076418876648,8.694076418876648,0,0,0
773,6.134494602680206,6.134494602680206,0,0,0
774,6.892660856246948,6.892660856246948,0,0,0
775,6.684410512447357,6.684410512447357,0,0,0
776,6.3256180584430695,6.3256180584430695,0,0,0
777,7.882174134254456,7.882174134254456,0,0,0
778,10.47663727402687,10.47663727402687,0,0,0
779,5.957049250602722,5.957049250602722,0,0,0
780,8.465219914913177,8.465219914913177,0,0,0
781,8.023060590028763,8.023060590028763,0,0,0
782,9.187203884124756,9.187203884124756,0,0,0
783,13.75515764951706,13.75515764951706,0,0,0
784,8.393515825271606,8.393515825271606,0,0,0
785,8.92568826675415,8.92568826675415,0,0,0
786,6.298951208591461,6.298951208591461,0,0,0
787,8.997508585453033,8.997508585453033,0,0,0
788,6.195423424243927,6.195423424243927,0,0,0
789,7.508972585201263,7.508972585201263,0,0,0
790,10.843550682067871,10.843550682067871,0,0,0
791,8.197094291448593,8.197094291448593,0,0,0
792,6.2790162563323975,6.2790162563323975,0,0,0
793,6.058850169181824,6.058850169181824,0,0,0
794,6.3212316036224365,6.3212316036224365,0,0,0
795,5.015208601951599,5.015208601951599,0,0,0
796,7.119611889123917,7.119611889123917,0,0,0
797,7.650427997112274,7.650427997112274,0,0,0
798,8.158532500267029,8.158532500267029,0,0,0
799,6.445448458194733,6.445448458194733,0,0,0
800,5.485669314861298,5.485669314861298,0,0,0
801,5.719770163297653,5.719770163297653,0,0,0
802,13.74189579486847,13.74189579486847,0,0,0
803,9.291729807853699,9.291729807853699,0,0,0
804,5.1309674680233,5.1309674680233,0,0,0
805,8.124505281448364,8.124505281448364,0,0,0
806,6.183470606803894,6.183470606803894,0,0,0
807,7.792585238814354,7.792585238814354,0,0,0
808,8.074342519044876,8.074342519044876,0,0,0
809,4.975643336772919,4.975643336772919,0,0,0
810,8.761815875768661,8.761815875768661,0,0,0
811,6.966924667358398,6.966924667358398,0,0,0
812,10.481097400188446,10.481097400188446,0,0,0
813,7.091415166854858,7.091415166854858,0,0,0
814,5.805811941623688,5.805811941623688,0,0,0
815,13.044641733169556,13.044641733169556,0,0,0
816,7.146780788898468,7.146780788898468,0,0,0
817,8.792754411697388,8.792754411697388,0,0,0
818,7.790554344654083,7.790554344654083,0,0,0
819,11.239927530288696,11.239927530288696,0,0,0
820,6.593965291976929,6.593965291976929,0,0,0
821,6.055644094944,6.055644094944,0,0,0
822,8.688400223851204,8.688400223851204,0,0,0
823,8.972383975982666,8.972383975982666,0,0,0
824,4.96433025598526,4.96433025598526,0,0,0
825,6.592560648918152,6.592560648918152,0,0,0
826,8.983177065849304,8.983177065849304,0,0,0
827,7.211103439331055,7.211103439331055,0,0,0
828,7.886910498142242,7.886910498142242,0,0,0
829,5.45367431640625,5.45367431640625,0,0,0
830,5.058975577354431,5.058975577354431,0,0,0
831,5.182542502880096,5.182542502880096,0,0,0
832,6.197915315628052,6.197915315628052,0,0,0
833,7.533379256725311,7.533379256725311,0,0,0
834,8.56801027059555,8.56801027059555,0,0,0
835,6.892439901828766,6.892439901828766,0,0,0
836,5.988454461097717,5.988454461097717,0,0,0
837,7.031687021255493,7.031687021255493,0,0,0
838,5.489791184663773,5.489791184663773,0,0,0
839,4.33844929933548,4.33844929933548,0,0,0
840,3.9069389402866364,3.9069389402866364,0,0,0
841,7.902289927005768,7.902289927005768,0,0,0
842,6.696417689323425,6.696417689323425,0,0,0
843,4.049897313117981,4.049897313117981,0,0,0
844,5.333674728870392,5.333674728870392,0,0,0
845,6.278389573097229,6.278389573097229,0,0,0
846,6.402819365262985,6.402819365262985,0,0,0
847,4.962090998888016,4.962090998888016,0,0,0
848,6.4958595633506775,6.4958595633506775,0,0,0
849,4.885689824819565,4.885689824819565,0,0,0
850,5.755539059638977,5.755539059638977,0,0,0
851,5.7542131543159485,5.7542131543159485,0,0,0
852,4.747825115919113,4.747825115919113,0,0,0
853,5.413779020309448,5.413779020309448,0,0,0
854,5.017351374030113,5.017351374030113,0,0,0
855,6.352689832448959,6.352689832448959,0,0,0
856,6.087467014789581,6.087467014789581,0,0,0
857,8.726698875427246,8.726698875427246,0,0,0
858,5.838411420583725,5.838411420583725,0,0,0
859,4.539646029472351,4.539646029472351,0,0,0
860,4.324580550193787,4.324580550193787,0,0,0
861,3.74554181098938,3.74554181098938,0,0,0
862,7.966257572174072,7.966257572174072,0,0,0
863,4.665358871221542,4.665358871221542,0,0,0
864,6.450955092906952,6.450955092906952,0,0,0
865,6.520416796207428,6.520416796207428,0,0,0
866,4.460603207349777,4.460603207349777,0,0,0
867,4.994412422180176,4.994412422180176,0,0,0
868,6.911661326885223,6.911661326885223,0,0,0
869,9.251384317874908,9.251384317874908,0,0,0
870,7.557634100317955,7.557634100317955,0,0,0
871,6.17519074678421,6.17519074678421,0,0,0
872,5.055369734764099,5.055369734764099,0,0,0
873,3.588485538959503,3.588485538959503,0,0,0
874,5.468103587627411,5.468103587627411,0,0,0
875,5.5157510638237,5.5157510638237,0,0,0
876,4.1729114055633545,4.1729114055633545,0,0,0
877,3.437008500099182,3.437008500099182,0,0,0
878,6.39643856883049,6.39643856883049,0,0,0
879,4.7621490359306335,4.7621490359306335,0,0,0
880,4.14537987112999,4.14537987112999,0,0,0
881,3.4202756583690643,3.4202756583690643,0,0,0
882,6.312177985906601,6.312177985906601,0,0,0
883,4.341386929154396,4.341386929154396,0,0,0
884,8.151132434606552,8.151132434606552,0,0,0
885,5.534336864948273,5.534336864948273,0,0,0
886,6.955877602100372,6.955877602100372,0,0,0
887,5.506060436367989,5.506060436367989,0,0,0
888,4.1736138463020325,4.1736138463020325,0,0,0
889,6.48608261346817,6.48608261346817,0,0,0
890,3.478499084711075,3.478499084711075,0,0,0
891,5.160910457372665,5.160910457372665,0,0,0
892,4.126090407371521,4.126090407371521,0,0,0
893,6.406600445508957,6.406600445508957,0,0,0
894,4.11094406247139,4.11094406247139,0,0,0
895,6.761677086353302,6.761677086353302,0,0,0
896,5.622315526008606,5.622315526008606,0,0,0
897,4.429279267787933,4.429279267787933,0,0,0
898,5.9839693903923035,5.9839693903923035,0,0,0
899,8.363620847463608,8.363620847463608,0,0,0
900,4.0760857462883,4.0760857462883,0,0,0
901,6.216780334711075,6.216780334711075,0,0,0
902,3.0273013412952423,3.0273013412952423,0,0,0
903,6.145573556423187,6.145573556423187,0,0,0
904,7.276185989379883,7.276185989379883,0,0,0
905,3.108827769756317,3.108827769756317,0,0,0
906,9.965705782175064,9.965705782175064,0,0,0
907,6.28354012966156,6.28354012966156,0,0,0
908,6.9809004962444305,6.9809004962444305,0,0,0
909,4.737331211566925,4.737331211566925,0,0,0
910,4.446618288755417,4.446618288755417,0,0,0
911,8.090444773435593,8.090444773435593,0,0,0
912,4.274859249591827,4.274859249591827,0,0,0
913,5.004838600754738,5.004838600754738,0,0,0
914,5.603715732693672,5.603715732693672,0,0,0
915,4.663830906152725,4.663830906152725,0,0,0
916,4.657020568847656,4.657020568847656,0,0,0
917,4.826734662055969,4.826734662055969,0,0,0
918,5.635538041591644,5.635538041591644,0,0,0
919,3.502840965986252,3.502840965986252,0,0,0
920,3.94259837269783,3.94259837269783,0,0,0
921,3.3282898366451263,3.3282898366451263,0,0,0
922,5.390528917312622,5.390528917312622,0,0,0
923,4.7697913646698,4.7697913646698,0,0,0
924,3.0554037988185883,3.0554037988185883,0,0,0
925,3.3616673946380615,3.3616673946380615,0,0,0
926,4.076235681772232,4.076235681772232,0,0,0
927,4.944148510694504,4.944148510694504,0,0,0
928,3.58200666308403,3.58200666308403,0,0,0
929,4.582202047109604,4.582202047109604,0,0,0
930,5.8095924854278564,5.8095924854278564,0,0,0
931,2.8933940529823303,2.8933940529823303,0,0,0
932,3.9327981173992157,3.9327981173992157,0,0,0
933,7.433089971542358,7.433089971542358,0,0,0
934,5.6648586094379425,5.6648586094379425,0,0,0
935,8.553462892770767,8.553462892770767,0,0,0
936,4.769091069698334,4.769091069698334,0,0,0
937,3.9879593700170517,3.9879593700170517,0,0,0
938,4.992493093013763,4.992493093013763,0,0,0
939,6.263810396194458,6.263810396194458,0,0,0
940,5.541183143854141,5.541183143854141,0,0,0
941,4.026836037635803,4.026836037635803,0,0,0
942,3.3944012969732285,3.3944012969732285,0,0,0
943,3.74571830034256,3.74571830034256,0,0,0
944,7.216177880764008,7.216177880764008,0,0,0
945,6.3538453578948975,6.3538453578948975,0,0,0
946,3.2396639585494995,3.2396639585494995,0,0,0
947,5.048653841018677,5.048653841018677,0,0,0
948,4.5390493124723434,4.5390493124723434,0,0,0
949,3.3660885393619537,3.3660885393619537,0,0,0
950,2.9306279122829437,2.9306279122829437,0,0,0
951,5.5059007704257965,5.5059007704257965,0,0,0
952,8.090068608522415,8.090068608522415,0,0,0
953,3.9068671464920044,3.9068671464920044,0,0,0
954,4.765927344560623,4.765927344560623,0,0,0
955,3.4192512035369873,3.4192512035369873,0,0,0
956,3.5477782487869263,3.5477782487869263,0,0,0
957,3.036073863506317,3.036073863506317,0,0,0
958,7.2756330370903015,7.2756330370903015,0,0,0
959,3.0181760787963867,3.0181760787963867,0,0,0
960,4.204841375350952,4.204841375350952,0,0,0
961,2.7817146480083466,2.7817146480083466,0,0,0
962,5.054297283291817,5.054297283291817,0,0,0
963,3.744752883911133,3.744752883911133,0,0,0
964,3.326718181371689,3.326718181371689,0,0,0
965,3.7617549896240234,3.7617549896240234,0,0,0
966,6.8035425543785095,6.8035425543785095,0,0,0
967,2.72198423743248,2.72198423743248,0,0,0
968,4.523270130157471,4.523270130157471,0,0,0
969,2.364297717809677,2.364297717809677,0,0,0
970,3.8563937544822693,3.8563937544822693,0,0,0
971,5.548082172870636,5.548082172870636,0,0,0
972,4.276065647602081,4.276065647602081,0,0,0
973,3.363080680370331,3.363080680370331,0,0,0
974,5.343149870634079,5.343149870634079,0,0,0
975,3.669631838798523,3.669631838798523,0,0,0
976,4.819558620452881,4.819558620452881,0,0,0
977,4.353495836257935,4.353495836257935,0,0,0
978,4.206973806023598,4.206973806023598,0,0,0
979,3.7269491255283356,3.7269491255283356,0,0,0
980,3.536185249686241,3.536185249686241,0,0,0
981,2.918199360370636,2.918199360370636,0,0,0
982,2.904394432902336,2.904394432902336,0,0,0
983,3.2861399352550507,3.2861399352550507,0,0,0
984,3.7398680299520493,3.7398680299520493,0,0,0
985,3.957472562789917,3.957472562789917,0,0,0
986,3.064462959766388,3.064462959766388,0,0,0
987,3.573590487241745,3.573590487241745,0,0,0
988,3.0844514220952988,3.0844514220952988,0,0,0
989,3.370887205004692,3.370887205004692,0,0,0
990,5.010287880897522,5.010287880897522,0,0,0
991,4.1265914142131805,4.1265914142131805,0,0,0
992,3.780566394329071,3.780566394329071,0,0,0
993,3.8207806050777435,3.8207806050777435,0,0,0
994,2.4200553447008133,2.4200553447008133,0,0,0
995,3.0455798506736755,3.0455798506736755,0,0,0
996,3.3909792602062225,3.3909792602062225,0,0,0
997,3.6972562968730927,3.6972562968730927,0,0,0
998,4.285550206899643,4.285550206899643,0,0,0
999,4.856869220733643,4.856869220733643,0,0,0
1000,2.2947026938199997,2.2947026938199997,0,0,0
1001,3.3311910182237625,3.3311910182237625,0,0,0
1002,3.8383409678936005,3.8383409678936005,0,0,0
1003,12.204021394252777,12.204021394252777,0,0,0
1004,9.165025413036346,9.165025413036346,0,0,0
1005,2.5603073984384537,2.5603073984384537,0,0,0
1006,4.939900994300842,4.939900994300842,0,0,0
1007,2.4224638640880585,2.4224638640880585,0,0,0
1008,5.516433447599411,5.516433447599411,0,0,0
1009,3.202994227409363,3.202994227409363,0,0,0
1010,3.15776327252388,3.15776327252388,0,0,0
1011,5.396039202809334,5.396039202809334,0,0,0
1012,5.688322693109512,5.688322693109512,0,0,0
1013,3.175472542643547,3.175472542643547,0,0,0
1014,3.5374418646097183,3.5374418646097183,0,0,0
1015,3.5610803365707397,3.5610803365707397,0,0,0
1016,2.4419503808021545,2.4419503808021545,0,0,0
1017,2.320936232805252,2.320936232805252,0,0,0
1018,2.610387861728668,2.610387861728668,0,0,0
1019,4.831223428249359,4.831223428249359,0,0,0
1020,2.921737551689148,2.921737551689148,0,0,0
1021,3.299965888261795,3.299965888261795,0,0,0
1022,3.56597438454628,3.56597438454628,0,0,0
1023,4.353521212935448,4.353521212935448,0,0,0
1024,4.1681568920612335,4.1681568920612335,0,0,0
1025,2.615892454981804,2.615892454981804,0,0,0
1026,2.8895503878593445,2.8895503878593445,0,0,0
1027,3.5434727892279625,3.5434727892279625,0,0,0
1028,4.055005341768265,4.055005341768265,0,0,0
1029,2.847940906882286,2.847940906882286,0,0,0
1030,2.2020018994808197,2.2020018994808197,0,0,0
1031,2.0181787461042404,2.0181787461042404,0,0,0
1032,5.5405451357364655,5.5405451357364655,0,0,0
1033,3.832777678966522,3.832777678966522,0,0,0
1034,4.078979417681694,4.078979417681694,0,0,0
1035,2.6580804884433746,2.6580804884433746,0,0,0
1036,2.628445155918598,2.628445155918598,0,0,0
1037,3.1214261651039124,3.1214261651039124,0,0,0
1038,1.7895892411470413,1.7895892411470413,0,0,0
1039,3.97891403734684,3.97891403734684,0,0,0
1040,3.4723887741565704,3.4723887741565704,0,0,0
1041,4.233363151550293,4.233363151550293,0,0,0
1042,4.112345606088638,4.112345606088638,0,0,0
1043,2.3355033695697784,2.3355033695697784,0,0,0
1044,6.738200634717941,6.738200634717941,0,0,0
1045,2.2770581245422363,2.2770581245422363,0,0,0
1046,2.718797415494919,2.718797415494919,0,0,0
1047,3.145849734544754,3.145849734544754,0,0,0
1048,2.324030324816704,2.324030324816704,0,0,0
1049,3.0886144042015076,3.0886144042015076,0,0,0
1050,2.650302827358246,2.650302827358246,0,0,0
1051,3.2548452019691467,3.2548452019691467,0,0,0
1052,2.654253736138344,2.654253736138344,0,0,0
1053,2.687447354197502,2.687447354197502,0,0,0
1054,3.215530663728714,3.215530663728714,0,0,0
1055,3.985812395811081,3.985812395811081,0,0,0
1056,3.4866474717855453,3.4866474717855453,0,0,0
1057,2.9127283096313477,2.9127283096313477,0,0,0
1058,2.278060868382454,2.278060868382454,0,0,0
1059,2.518772780895233,2.518772780895233,0,0,0
1060,3.7571594417095184,3.7571594417095184,0,0,0
1061,3.1698787063360214,3.1698787063360214,0,0,0
1062,3.4256787598133087,3.4256787598133087,0,0,0
1063,2.6758361160755157,2.6758361160755157,0,0,0
1064,1.8086095452308655,1.8086095452308655,0,0,0
1065,2.0887052416801453,2.0887052416801453,0,0,0
1066,2.86648790538311,2.86648790538311,0,0,0
1067,3.2101358771324158,3.2101358771324158,0,0,0
1068,2.351676255464554,2.351676255464554,0,0,0
1069,4.603820353746414,4.603820353746414,0,0,0
1070,3.6210732012987137,3.6210732012987137,0,0,0
1071,2.2546902894973755,2.2546902894973755,0,0,0
1072,2.9948491007089615,2.9948491007089615,0,0,0
1073,3.0152846574783325,3.0152846574783325,0,0,0
1074,2.233498141169548,2.233498141169548,0,0,0
1075,3.330699324607849,3.330699324607849,0,0,0
1076,2.3979897797107697,2.3979897797107697,0,0,0
1077,3.0853942036628723,3.0853942036628723,0,0,0
1078,2.6201981380581856,2.6201981380581856,0,0,0
1079,4.385423392057419,4.385423392057419,0,0,0
1080,2.573704242706299,2.573704242706299,0,0,0
1081,2.949896603822708,2.949896603822708,0,0,0
1082,1.7920883893966675,1.7920883893966675,0,0,0
1083,2.8137146085500717,2.8137146085500717,0,0,0
1084,3.2547091841697693,3.2547091841697693,0,0,0
1085,2.7440060675144196,2.7440060675144196,0,0,0
1086,2.4336298257112503,2.4336298257112503,0,0,0
1087,2.2454293072223663,2.2454293072223663,0,0,0
1088,3.287661612033844,3.287661612033844,0,0,0
1089,2.7612136602401733,2.7612136602401733,0,0,0
1090,1.8064823299646378,1.8064823299646378,0,0,0
1091,1.7288172096014023,1.7288172096014023,0,0,0
1092,1.8198581039905548,1.8198581039905548,0,0,0
1093,2.2469218224287033,2.2469218224287033,0,0,0
1094,2.618809789419174,2.618809789419174,0,0,0
1095,6.449944496154785,6.449944496154785,0,0,0
1096,2.9558405727148056,2.9558405727148056,0,0,0
1097,2.0753431245684624,2.0753431245684624,0,0,0
1098,1.5297782868146896,1.5297782868146896,0,0,0
1099,2.18955659866333,2.18955659866333,0,0,0
1100,5.265505939722061,5.265505939722061,0,0,0
1101,4.344351768493652,4.344351768493652,0,0,0
1102,3.529892608523369,3.529892608523369,0,0,0
1103,1.936382532119751,1.936382532119751,0,0,0
1104,2.057731032371521,2.057731032371521,0,0,0
1105,2.5407613962888718,2.5407613962888718,0,0,0
1106,3.8075296878814697,3.8075296878814697,0,0,0
1107,4.933202296495438,4.933202296495438,0,0,0
1108,1.4062063843011856,1.4062063843011856,0,0,0
1109,2.7536996454000473,2.7536996454000473,0,0,0
1110,3.069315083324909,3.069315083324909,0,0,0
1111,2.5618760734796524,2.5618760734796524,0,0,0
1112,1.3956366032361984,1.3956366032361984,0,0,0
1113,3.086973011493683,3.086973011493683,0,0,0
1114,3.00057390332222,3.00057390332222,0,0,0
1115,4.124287009239197,4.124287009239197,0,0,0
1116,1.256396122276783,1.256396122276783,0,0,0
1117,2.633500248193741,2.633500248193741,0,0,0
1118,1.8555550128221512,1.8555550128221512,0,0,0
1119,4.137136854231358,4.137136854231358,0,0,0
1120,3.05717995762825,3.05717995762825,0,0,0
1121,2.3386435955762863,2.3386435955762863,0,0,0
1122,1.9374266266822815,1.9374266266822815,0,0,0
1123,5.122380837798119,5.122380837798119,0,0,0
1124,1.5357669293880463,1.5357669293880463,0,0,0
1125,2.357371933758259,2.357371933758259,0,0,0
1126,1.7718390971422195,1.7718390971422195,0,0,0
1127,1.5657414644956589,1.5657414644956589,0,0,0
1128,2.4804633259773254,2.4804633259773254,0,0,0
1129,1.4109510630369186,1.4109510630369186,0,0,0
1130,3.24791619181633,3.24791619181633,0,0,0
1131,3.263614133000374,3.263614133000374,0,0,0
1132,2.496856912970543,2.496856912970543,0,0,0
1133,1.9631306827068329,1.9631306827068329,0,0,0
1134,1.9030459821224213,1.9030459821224213,0,0,0
1135,1.9966817945241928,1.9966817945241928,0,0,0
1136,1.7155605256557465,1.7155605256557465,0,0,0
1137,3.0210909247398376,3.0210909247398376,0,0,0
1138,1.6663426905870438,1.6663426905870438,0,0,0
1139,1.7830847650766373,1.7830847650766373,0,0,0
1140,3.481291741132736,3.481291741132736,0,0,0
1141,3.250072658061981,3.250072658061981,0,0,0
1142,3.5745639950037003,3.5745639950037003,0,0,0
1143,2.1444891840219498,2.1444891840219498,0,0,0
1144,2.0883060693740845,2.0883060693740845,0,0,0
1145,2.1496617197990417,2.1496617197990417,0,0,0
1146,1.663339763879776,1.663339763879776,0,0,0
1147,2.9607361555099487,2.9607361555099487,0,0,0
1148,2.319538339972496,2.319538339972496,0,0,0
1149,3.012707144021988,3.012707144021988,0,0,0
1150,1.3396764248609543,1.3396764248609543,0,0,0
1151,2.6646654456853867,2.6646654456853867,0,0,0
1152,1.3385645151138306,1.3385645151138306,0,0,0
1153,2.1795986890792847,2.1795986890792847,0,0,0
1154,2.4684373289346695,2.4684373289346695,0,0,0
1155,2.0679811984300613,2.0679811984300613,0,0,0
1156,1.5981379449367523,1.5981379449367523,0,0,0
1157,1.319258138537407,1.319258138537407,0,0,0
1158,1.7958296686410904,1.7958296686410904,0,0,0
1159,1.6435692086815834,1.6435692086815834,0,0,0
1160,1.734119713306427,1.734119713306427,0,0,0
1161,1.6489546969532967,1.6489546969532967,0,0,0
1162,2.9444298148155212,2.9444298148155212,0,0,0
1163,2.340624585747719,2.340624585747719,0,0,0
1164,1.9871836453676224,1.9871836453676224,0,0,0
1165,1.8251990228891373,1.8251990228891373,0,0,0
1166,2.2828510850667953,2.2828510850667953,0,0,0
1167,2.1758442521095276,2.1758442521095276,0,0,0
1168,2.443869784474373,2.443869784474373,0,0,0
1169,3.8754142820835114,3.8754142820835114,0,0,0
1170,3.462707221508026,3.462707221508026,0,0,0
1171,2.783333271741867,2.783333271741867,0,0,0
1172,1.3366022258996964,1.3366022258996964,0,0,0
1173,2.406199261546135,2.406199261546135,0,0,0
1174,2.4584687650203705,2.4584687650203705,0,0,0
1175,1.832169532775879,1.832169532775879,0,0,0
1176,3.139040470123291,3.139040470123291,0,0,0
1177,2.6563274264335632,2.6563274264335632,0,0,0
1178,1.9344153702259064,1.9344153702259064,0,0,0
1179,1.7232966721057892,1.7232966721057892,0,0,0
1180,2.009957119822502,2.009957119822502,0,0,0
1181,2.3070876002311707,2.3070876002311707,0,0,0
1182,2.13899789750576,2.13899789750576,0,0,0
1183,4.836584061384201,4.836584061384201,0,0,0
1184,1.8193983435630798,1.8193983435630798,0,0,0
1185,1.452793151140213,1.452793151140213,0,0,0
1186,1.7035792469978333,1.7035792469978333,0,0,0
1187,1.8933691680431366,1.8933691680431366,0,0,0
1188,1.3144377022981644,1.3144377022981644,0,0,0
1189,1.4188691675662994,1.4188691675662994,0,0,0
1190,2.2887501567602158,2.2887501567602158,0,0,0
1191,1.7147465497255325,1.7147465497255325,0,0,0
1192,1.1766198575496674,1.1766198575496674,0,0,0
1193,1.4528404474258423,1.4528404474258423,0,0,0
1194,2.048169732093811,2.048169732093811,0,0,0
1195,1.5680730044841766,1.5680730044841766,0,0,0
1196,5.252077430486679,5.252077430486679,0,0,0
1197,2.324452832341194,2.324452832341194,0,0,0
1198,1.778484120965004,1.778484120965004,0,0,0
1199,1.1550571471452713,1.1550571471452713,0,0,0
1200,1.8525431454181671,1.8525431454181671,0,0,0
1201,1.952836811542511,1.952836811542511,0,0,0
1202,1.51188462972641,1.51188462972641,0,0,0
1203,1.886810064315796,1.886810064315796,0,0,0
1204,1.0990461632609367,1.0990461632609367,0,0,0
1205,3.4302371442317963,3.4302371442317963,0,0,0
1206,3.5101118832826614,3.5101118832826614,0,0,0
1207,1.5351303666830063,1.5351303666830063,0,0,0
1208,1.765208438038826,1.765208438038826,0,0,0
1209,1.289985254406929,1.289985254406929,0,0,0
1210,2.1269365698099136,2.1269365698099136,0,0,0
1211,3.2426193803548813,3.2426193803548813,0,0,0
1212,2.464300513267517,2.464300513267517,0,0,0
1213,1.282116249203682,1.282116249203682,0,0,0
1214,1.6653236001729965,1.6653236001729965,0,0,0
1215,2.1367757990956306,2.1367757990956306,0,0,0
1216,1.399465911090374,1.399465911090374,0,0,0
1217,1.3429621756076813,1.3429621756076813,0,0,0
1218,2.2620618045330048,2.2620618045330048,0,0,0
1219,1.554137408733368,1.554137408733368,0,0,0
1220,1.5293163508176804,1.5293163508176804,0,0,0
1221,1.6248420774936676,1.6248420774936676,0,0,0
1222,2.3694131523370743,2.3694131523370743,0,0,0
1223,1.2846445143222809,1.2846445143222809,0,0,0
1224,2.506558194756508,2.506558194756508,0,0,0
1225,2.0254524648189545,2.0254524648189545,0,0,0
1226,1.4835448563098907,1.4835448563098907,0,0,0
1227,1.1687865108251572,1.1687865108251572,0,0,0
1228,1.4716657847166061,1.4716657847166061,0,0,0
1229,1.3679523095488548,1.3679523095488548,0,0,0
1230,2.2411935329437256,2.2411935329437256,0,0,0
1231,2.407218098640442,2.407218098640442,0,0,0
1232,2.0124905854463577,2.0124905854463577,0,0,0
1233,0.9651050269603729,0.9651050269603729,0,0,0
1234,1.1126448437571526,1.1126448437571526,0,0,0
1235,1.650982789695263,1.650982789695263,0,0,0
1236,1.9720682054758072,1.9720682054758072,0,0,0
1237,1.8381751626729965,1.8381751626729965,0,0,0
1238,2.512256443500519,2.512256443500519,0,0,0
1239,1.2861979752779007,1.2861979752779007,0,0,0
1240,2.618966117501259,2.618966117501259,0,0,0
1241,2.2561179995536804,2.2561179995536804,0,0,0
1242,1.9300749897956848,1.9300749897956848,0,0,0
1243,4.274555817246437,4.274555817246437,0,0,0
1244,1.4526457637548447,1.4526457637548447,0,0,0
1245,2.5103947669267654,2.5103947669267654,0,0,0
1246,1.9509910345077515,1.9509910345077515,0,0,0
1247,2.0780217945575714,2.0780217945575714,0,0,0
1248,2.5573727190494537,2.5573727190494537,0,0,0
1249,1.8448789790272713,1.8448789790272713,0,0,0
1250,1.6122251525521278,1.6122251525521278,0,0,0
1251,2.677590012550354,2.677590012550354,0,0,0
1252,1.7680235803127289,1.7680235803127289,0,0,0
1253,1.7936550825834274,1.7936550825834274,0,0,0
1254,1.292558878660202,1.292558878660202,0,0,0
1255,1.101595863699913,1.101595863699913,0,0,0
1256,1.5089404731988907,1.5089404731988907,0,0,0
1257,1.199985757470131,1.199985757470131,0,0,0
1258,1.2866419777274132,1.2866419777274132,0,0,0
1259,1.1836989223957062,1.1836989223957062,0,0,0
1260,2.0120979100465775,2.0120979100465775,0,0,0
1261,2.2035802453756332,2.2035802453756332,0,0,0
1262,1.4893561080098152,1.4893561080098152,0,0,0
1263,0.9752137213945389,0.9752137213945389,0,0,0
1264,2.3803188651800156,2.3803188651800156,0,0,0
1265,1.6771811991930008,1.6771811991930008,0,0,0
1266,1.2478853166103363,1.2478853166103363,0,0,0
1267,1.4340440481901169,1.4340440481901169,0,0,0
1268,1.235426813364029,1.235426813364029,0,0,0
1269,1.857390433549881,1.857390433549881,0,0,0
1270,1.1865231692790985,1.1865231692790985,0,0,0
1271,2.0061928182840347,2.0061928182840347,0,0,0
1272,1.5044542998075485,1.5044542998075485,0,0,0
1273,2.0132336616516113,2.0132336616516113,0,0,0
1274,2.0657553523778915,2.0657553523778915,0,0,0
1275,1.30867238342762,1.30867238342762,0,0,0
1276,1.6330965608358383,1.6330965608358383,0,0,0
1277,1.1070097386837006,1.1070097386837006,0,0,0
1278,1.0729362070560455,1.0729362070560455,0,0,0
1279,1.9703871384263039,1.9703871384263039,0,0,0
1280,1.5303547605872154,1.5303547605872154,0,0,0
1281,0.9795746505260468,0.9795746505260468,0,0,0
1282,1.3576988279819489,1.3576988279819489,0,0,0
1283,2.5545141473412514,2.5545141473412514,0,0,0
1284,1.6095151156187057,1.6095151156187057,0,0,0
1285,1.3561628311872482,1.3561628311872482,0,0,0
1286,2.23103865981102,2.23103865981102,0,0,0
1287,1.010411523282528,1.010411523282528,0,0,0
1288,2.0841662138700485,2.0841662138700485,0,0,0
1289,1.1403035447001457,1.1403035447001457,0,0,0
1290,2.6670930683612823,2.6670930683612823,0,0,0
1291,1.515078067779541,1.515078067779541,0,0,0
1292,1.5751817375421524,1.5751817375421524,0,0,0
1293,1.2153491452336311,1.2153491452336311,0,0,0
1294,2.0819775611162186,2.0819775611162186,0,0,0
1295,1.6698949486017227,1.6698949486017227,0,0,0
1296,1.2240006029605865,1.2240006029605865,0,0,0
1297,2.434330552816391,2.434330552816391,0,0,0
1298,1.879775419831276,1.879775419831276,0,0,0
1299,1.0056984052062035,1.0056984052062035,0,0,0
1300,1.2461074367165565,1.2461074367165565,0,0,0
1301,1.2109238505363464,1.2109238505363464,0,0,0
1302,1.8238384053111076,1.8238384053111076,0,0,0
1303,1.5483052656054497,1.5483052656054497,0,0,0
1304,1.2042486891150475,1.2042486891150475,0,0,0
1305,1.6696041151881218,1.6696041151881218,0,0,0
1306,1.9935854226350784,1.9935854226350784,0,0,0
1307,1.8278321325778961,1.8278321325778961,0,0,0
1308,0.7433262541890144,0.7433262541890144,0,0,0
1309,1.115606039762497,1.115606039762497,0,0,0
1310,1.7215152904391289,1.7215152904391289,0,0,0
1311,1.5511149168014526,1.5511149168014526,0,0,0
1312,1.3310206681489944,1.3310206681489944,0,0,0
1313,0.9356343671679497,0.9356343671679497,0,0,0
1314,1.115488015115261,1.115488015115261,0,0,0
1315,1.2386579066514969,1.2386579066514969,0,0,0
1316,1.653320923447609,1.653320923447609,0,0,0
1317,1.531576231122017,1.531576231122017,0,0,0
1318,1.5230708867311478,1.5230708867311478,0,0,0
1319,1.973732940852642,1.973732940852642,0,0,0
1320,1.0423713847994804,1.0423713847994804,0,0,0
1321,1.5419414341449738,1.5419414341449738,0,0,0
1322,1.1129347085952759,1.1129347085952759,0,0,0
1323,0.9491306692361832,0.9491306692361832,0,0,0
1324,1.1809097975492477,1.1809097975492477,0,0,0
1325,1.2494828552007675,1.2494828552007675,0,0,0
1326,1.2100610584020615,1.2100610584020615,0,0,0
1327,0.9887569695711136,0.9887569695711136,0,0,0
1328,0.9447063580155373,0.9447063580155373,0,0,0
1329,0.8835447356104851,0.8835447356104851,0,0,0
1330,1.3951195627450943,1.3951195627450943,0,0,0
1331,2.6297632679343224,2.6297632679343224,0,0,0
1332,0.9873007535934448,0.9873007535934448,0,0,0
1333,0.9190773367881775,0.9190773367881775,0,0,0
1334,1.2025910913944244,1.2025910913944244,0,0,0
1335,1.4693260043859482,1.4693260043859482,0,0,0
1336,0.78922039270401,0.78922039270401,0,0,0
1337,1.4400359019637108,1.4400359019637108,0,0,0
1338,0.972884014248848,0.972884014248848,0,0,0
1339,1.298258699476719,1.298258699476719,0,0,0
1340,0.9907401502132416,0.9907401502132416,0,0,0
1341,1.3289379850029945,1.3289379850029945,0,0,0
1342,1.6935939490795135,1.6935939490795135,0,0,0
1343,1.2908355593681335,1.2908355593681335,0,0,0
1344,1.507708840072155,1.507708840072155,0,0,0
1345,1.421592392027378,1.421592392027378,0,0,0
1346,1.2071135640144348,1.2071135640144348,0,0,0
1347,1.4036139100790024,1.4036139100790024,0,0,0
1348,1.4275876432657242,1.4275876432657242,0,0,0
1349,0.9983827173709869,0.9983827173709869,0,0,0
1350,1.327589489519596,1.327589489519596,0,0,0
1351,1.1849267184734344,1.1849267184734344,0,0,0
1352,1.406216524541378,1.406216524541378,0,0,0
1353,1.2130126431584358,1.2130126431584358,0,0,0
1354,1.543194867670536,1.543194867670536,0,0,0
1355,1.1362385377287865,1.1362385377287865,0,0,0
1356,2.2570771276950836,2.2570771276950836,0,0,0
1357,1.3755242824554443,1.3755242824554443,0,0,0
1358,1.731334537267685,1.731334537267685,0,0,0
1359,0.9540815427899361,0.9540815427899361,0,0,0
1360,3.2437400221824646,3.2437400221824646,0,0,0
1361,1.121897354722023,1.121897354722023,0,0,0
1362,2.1489772349596024,2.1489772349596024,0,0,0
1363,0.8783208429813385,0.8783208429813385,0,0,0
1364,1.2840682417154312,1.2840682417154312,0,0,0
1365,0.9726151525974274,0.9726151525974274,0,0,0
1366,1.3120442181825638,1.3120442181825638,0,0,0
1367,1.0467804670333862,1.0467804670333862,0,0,0
1368,0.7770018726587296,0.7770018726587296,0,0,0
1369,0.9452788084745407,0.9452788084745407,0,0,0
1370,1.1394978985190392,1.1394978985190392,0,0,0
1371,2.2886040434241295,2.2886040434241295,0,0,0
1372,1.6763656735420227,1.6763656735420227,0,0,0
1373,1.4715517833828926,1.4715517833828926,0,0,0
1374,1.177951954305172,1.177951954305172,0,0,0
1375,0.9474674314260483,0.9474674314260483,0,0,0
1376,1.1530348062515259,1.1530348062515259,0,0,0
1377,2.4232997968792915,2.4232997968792915,0,0,0
1378,1.1768409758806229,1.1768409758806229,0,0,0
1379,0.9654411971569061,0.9654411971569061,0,0,0
1380,1.1806467026472092,1.1806467026472092,0,0,0
1381,1.4064154624938965,1.4064154624938965,0,0,0
1382,1.381953626871109,1.381953626871109,0,0,0
1383,1.0413254648447037,1.0413254648447037,0,0,0
1384,0.899023562669754,0.899023562669754,0,0,0
1385,1.9738820791244507,1.9738820791244507,0,0,0
1386,1.0322277024388313,1.0322277024388313,0,0,0
1387,0.8627654165029526,0.8627654165029526,0,0,0
1388,0.9080205485224724,0.9080205485224724,0,0,0
1389,2.0866896361112595,2.0866896361112595,0,0,0
1390,0.7443314492702484,0.7443314492702484,0,0,0
1391,1.0506349205970764,1.0506349205970764,0,0,0
1392,1.0479139983654022,1.0479139983654022,0,0,0
1393,1.0809253454208374,1.0809253454208374,0,0,0
1394,0.9001405388116837,0.9001405388116837,0,0,0
1395,1.0531949549913406,1.0531949549913406,0,0,0
1396,1.0392933040857315,1.0392933040857315,0,0,0
1397,1.1468238979578018,1.1468238979578018,0,0,0
1398,1.2419764995574951,1.2419764995574951,0,0,0
1399,1.183714583516121,1.183714583516121,0,0,0
1400,1.3426697924733162,1.3426697924733162,0,0,0
1401,1.882732778787613,1.882732778787613,0,0,0
1402,0.9329825192689896,0.9329825192689896,0,0,0
1403,1.104592889547348,1.104592889547348,0,0,0
1404,2.0430665612220764,2.0430665612220764,0,0,0
1405,1.0636595413088799,1.0636595413088799,0,0,0
1406,0.8970228433609009,0.8970228433609009,0,0,0
1407,1.267938770353794,1.267938770353794,0,0,0
1408,1.2397462129592896,1.2397462129592896,0,0,0
1409,1.8953526318073273,1.8953526318073273,0,0,0
1410,1.8722796440124512,1.8722796440124512,0,0,0
1411,0.7270492389798164,0.7270492389798164,0,0,0
1412,2.012037843465805,2.012037843465805,0,0,0
1413,0.7587366849184036,0.7587366849184036,0,0,0
1414,0.7292051613330841,0.7292051613330841,0,0,0
1415,0.9577779546380043,0.9577779546380043,0,0,0
1416,2.046793945133686,2.046793945133686,0,0,0
1417,1.1249140799045563,1.1249140799045563,0,0,0
1418,1.5887108817696571,1.5887108817696571,0,0,0
1419,1.3641179949045181,1.3641179949045181,0,0,0
1420,0.99619210511446,0.99619210511446,0,0,0
1421,0.9096145778894424,0.9096145778894424,0,0,0
1422,1.045640915632248,1.045640915632248,0,0,0
1423,1.4779414236545563,1.4779414236545563,0,0,0
1424,0.9177509322762489,0.9177509322762489,0,0,0
1425,0.7693652138113976,0.7693652138113976,0,0,0
1426,1.20208041369915,1.20208041369915,0,0,0
1427,1.4094881638884544,1.4094881638884544,0,0,0
1428,1.494199812412262,1.494199812412262,0,0,0
1429,1.8409125581383705,1.8409125581383705,0,0,0
1430,0.7373519465327263,0.7373519465327263,0,0,0
1431,2.316965728998184,2.316965728998184,0,0,0
1432,1.1924269199371338,1.1924269199371338,0,0,0
1433,0.6961932182312012,0.6961932182312012,0,0,0
1434,1.537270925939083,1.537270925939083,0,0,0
1435,0.8320533484220505,0.8320533484220505,0,0,0
1436,0.7267241925001144,0.7267241925001144,0,0,0
1437,1.0529364198446274,1.0529364198446274,0,0,0
1438,0.7766741067171097,0.7766741067171097,0,0,0
1439,0.9463396593928337,0.9463396593928337,0,0,0
1440,1.0091536790132523,1.0091536790132523,0,0,0
1441,1.4326657503843307,1.4326657503843307,0,0,0
1442,1.1687927395105362,1.1687927395105362,0,0,0
1443,0.8909747526049614,0.8909747526049614,0,0,0
1444,1.0947578996419907,1.0947578996419907,0,0,0
1445,0.795874297618866,0.795874297618866,0,0,0
1446,0.7756353542208672,0.7756353542208672,0,0,0
1447,0.7558633387088776,0.7558633387088776,0,0,0
1448,1.219988003373146,1.219988003373146,0,0,0
1449,1.0858562290668488,1.0858562290668488,0,0,0
1450,1.1108126491308212,1.1108126491308212,0,0,0
1451,1.050335168838501,1.050335168838501,0,0,0
1452,0.6398299187421799,0.6398299187421799,0,0,0
1453,1.5219164714217186,1.5219164714217186,0,0,0
1454,1.5031920820474625,1.5031920820474625,0,0,0
1455,0.7956606522202492,0.7956606522202492,0,0,0
1456,0.9039263874292374,0.9039263874292374,0,0,0
1457,0.7305611148476601,0.7305611148476601,0,0,0
1458,1.0998930037021637,1.0998930037021637,0,0,0
1459,1.101219728589058,1.101219728589058,0,0,0
1460,0.9645175114274025,0.9645175114274025,0,0,0
1461,0.9362586885690689,0.9362586885690689,0,0,0
1462,1.1986098960042,1.1986098960042,0,0,0
1463,1.394627332687378,1.394627332687378,0,0,0
1464,1.2247423455119133,1.2247423455119133,0,0,0
1465,1.3151304423809052,1.3151304423809052,0,0,0
1466,0.9706496596336365,0.9706496596336365,0,0,0
1467,0.6291438117623329,0.6291438117623329,0,0,0
1468,0.9366201832890511,0.9366201832890511,0,0,0
1469,0.8332351520657539,0.8332351520657539,0,0,0
1470,1.1957078278064728,1.1957078278064728,0,0,0
1471,0.6092005595564842,0.6092005595564842,0,0,0
1472,0.8965818509459496,0.8965818509459496,0,0,0
1473,1.0803468152880669,1.0803468152880669,0,0,0
1474,0.8010664880275726,0.8010664880275726,0,0,0
1475,0.9253223687410355,0.9253223687410355,0,0,0
1476,1.293239951133728,1.293239951133728,0,0,0
1477,0.9865903258323669,0.9865903258323669,0,0,0
1478,1.553104542195797,1.553104542195797,0,0,0
1479,0.774672769010067,0.774672769010067,0,0,0
1480,1.249326430261135,1.249326430261135,0,0,0
1481,1.3449379056692123,1.3449379056692123,0,0,0
1482,0.8807378858327866,0.8807378858327866,0,0,0
1483,0.668507993221283,0.668507993221283,0,0,0
1484,1.1807198077440262,1.1807198077440262,0,0,0
1485,1.1163678541779518,1.1163678541779518,0,0,0
1486,0.6803831979632378,0.6803831979632378,0,0,0
1487,1.0170793682336807,1.0170793682336807,0,0,0
1488,0.879844419658184,0.879844419658184,0,0,0
1489,0.9804100543260574,0.9804100543260574,0,0,0
1490,1.0179463624954224,1.0179463624954224,0,0,0
1491,1.0692043080925941,1.0692043080925941,0,0,0
1492,0.7778308540582657,0.7778308540582657,0,0,0
1493,1.1767509430646896,1.1767509430646896,0,0,0
1494,0.953125074505806,0.953125074505806,0,0,0
1495,1.560136005282402,1.560136005282402,0,0,0
1496,0.7791994512081146,0.7791994512081146,0,0,0
1497,0.72718745470047,0.72718745470047,0,0,0
1498,1.9651001393795013,1.9651001393795013,0,0,0
1499,0.725994810461998,0.725994810461998,0,0,0
1500,0.5356356278061867,0.5356356278061867,0,0,0
1501,0.9391292929649353,0.9391292929649353,0,0,0
1502,0.550813838839531,0.550813838839531,0,0,0
1503,0.8467538431286812,0.8467538431286812,0,0,0
1504,1.065641112625599,1.065641112625599,0,0,0
1505,0.7279743999242783,0.7279743999242783,0,0,0
1506,0.7692377269268036,0.7692377269268036,0,0,0
1507,0.8356227278709412,0.8356227278709412,0,0,0
1508,0.7688416615128517,0.7688416615128517,0,0,0
1509,0.743304118514061,0.743304118514061,0,0,0
1510,0.8111708462238312,0.8111708462238312,0,0,0
1511,1.1927839890122414,1.1927839890122414,0,0,0
1512,0.7117363214492798,0.7117363214492798,0,0,0
1513,0.819679006934166,0.819679006934166,0,0,0
1514,0.6368611454963684,0.6368611454963684,0,0,0
1515,1.2503767982125282,1.2503767982125282,0,0,0
1516,1.162411779165268,1.162411779165268,0,0,0
1517,0.8873118385672569,0.8873118385672569,0,0,0
1518,0.7624413892626762,0.7624413892626762,0,0,0
1519,0.8964049220085144,0.8964049220085144,0,0,0
1520,0.8206313103437424,0.8206313103437424,0,0,0
1521,0.7104608118534088,0.7104608118534088,0,0,0
1522,1.6862087920308113,1.6862087920308113,0,0,0
1523,0.619344599545002,0.619344599545002,0,0,0
1524,1.0351939797401428,1.0351939797401428,0,0,0
1525,1.0012516006827354,1.0012516006827354,0,0,0
1526,1.0351399034261703,1.0351399034261703,0,0,0
1527,0.7280666306614876,0.7280666306614876,0,0,0
1528,1.157878577709198,1.157878577709198,0,0,0
1529,0.6292491406202316,0.6292491406202316,0,0,0
1530,0.794584833085537,0.794584833085537,0,0,0
1531,1.0970915853977203,1.0970915853977203,0,0,0
1532,0.9860084801912308,0.9860084801912308,0,0,0
1533,0.5845008939504623,0.5845008939504623,0,0,0
1534,0.7348617836833,0.7348617836833,0,0,0
1535,0.6866769716143608,0.6866769716143608,0,0,0
1536,0.7927219197154045,0.7927219197154045,0,0,0
1537,0.9860783070325851,0.9860783070325851,0,0,0
1538,0.9654333889484406,0.9654333889484406,0,0,0
1539,1.7117960676550865,1.7117960676550865,0,0,0
1540,1.1517683863639832,1.1517683863639832,0,0,0
1541,0.8653318732976913,0.8653318732976913,0,0,0
1542,0.8706877902150154,0.8706877902150154,0,0,0
1543,0.978344663977623,0.978344663977623,0,0,0
1544,1.2867719531059265,1.2867719531059265,0,0,0
1545,0.5609908923506737,0.5609908923506737,0,0,0
1546,0.7047315463423729,0.7047315463423729,0,0,0
1547,0.6643109992146492,0.6643109992146492,0,0,0
1548,1.1095873713493347,1.1095873713493347,0,0,0
1549,0.7706215679645538,0.7706215679645538,0,0,0
1550,2.552519217133522,2.552519217133522,0,0,0
1551,1.0120481699705124,1.0120481699705124,0,0,0
1552,1.2611051872372627,1.2611051872372627,0,0,0
1553,0.9540747925639153,0.9540747925639153,0,0,0
1554,0.5990519151091576,0.5990519151091576,0,0,0
1555,0.9634571596980095,0.9634571596980095,0,0,0
1556,1.0317716747522354,1.0317716747522354,0,0,0
1557,0.6403303071856499,0.6403303071856499,0,0,0
1558,1.0173223242163658,1.0173223242163658,0,0,0
1559,0.8233960866928101,0.8233960866928101,0,0,0
1560,0.5723042860627174,0.5723042860627174,0,0,0
1561,0.7303084656596184,0.7303084656596184,0,0,0
1562,0.6366447359323502,0.6366447359323502,0,0,0
1563,0.607616513967514,0.607616513967514,0,0,0
1564,0.8512386456131935,0.8512386456131935,0,0,0
1565,0.9080182164907455,0.9080182164907455,0,0,0
1566,0.9410417377948761,0.9410417377948761,0,0,0
1567,0.631422609090805,0.631422609090805,0,0,0
1568,0.6026005819439888,0.6026005819439888,0,0,0
1569,0.8791679814457893,0.8791679814457893,0,0,0
1570,0.5757514163851738,0.5757514163851738,0,0,0
1571,0.7726486027240753,0.7726486027240753,0,0,0
1572,0.9531989246606827,0.9531989246606827,0,0,0
1573,0.6979174762964249,0.6979174762964249,0,0,0
1574,0.5915861204266548,0.5915861204266548,0,0,0
1575,0.7547269389033318,0.7547269389033318,0,0,0
1576,0.8271586894989014,0.8271586894989014,0,0,0
1577,0.5798230916261673,0.5798230916261673,0,0,0
1578,0.6926518827676773,0.6926518827676773,0,0,0
1579,0.5844361856579781,0.5844361856579781,0,0,0
1580,0.996065303683281,0.996065303683281,0,0,0
1581,0.5995852500200272,0.5995852500200272,0,0,0
1582,0.7329207509756088,0.7329207509756088,0,0,0
1583,0.6428006663918495,0.6428006663918495,0,0,0
1584,0.7816390544176102,0.7816390544176102,0,0,0
1585,0.950885608792305,0.950885608792305,0,0,0
1586,0.9928869158029556,0.9928869158029556,0,0,0
1587,0.531703345477581,0.531703345477581,0,0,0
1588,0.6919535100460052,0.6919535100460052,0,0,0
1589,1.1875016614794731,1.1875016614794731,0,0,0
1590,0.5908070579171181,0.5908070579171181,0,0,0
1591,0.6830379813909531,0.6830379813909531,0,0,0
1592,0.5785520970821381,0.5785520970821381,0,0,0
1593,0.6328297331929207,0.6328297331929207,0,0,0
1594,0.7511618956923485,0.7511618956923485,0,0,0
1595,0.7844940796494484,0.7844940796494484,0,0,0
1596,0.8001540303230286,0.8001540303230286,0,0,0
1597,0.5449951216578484,0.5449951216578484,0,0,0
1598,0.6469508856534958,0.6469508856534958,0,0,0
1599,0.7084045708179474,0.7084045708179474,0,0,0
1600,0.5376205518841743,0.5376205518841743,0,0,0
1601,0.8211754634976387,0.8211754634976387,0,0,0
1602,0.5880621820688248,0.5880621820688248,0,0,0
1603,1.14025017619133,1.14025017619133,0,0,0
1604,0.9318801611661911,0.9318801611661911,0,0,0
1605,0.5946424677968025,0.5946424677968025,0,0,0
1606,0.8817666843533516,0.8817666843533516,0,0,0
1607,0.9110053777694702,0.9110053777694702,0,0,0
1608,0.6254791468381882,0.6254791468381882,0,0,0
1609,0.5736300945281982,0.5736300945281982,0,0,0
1610,0.8880156800150871,0.8880156800150871,0,0,0
1611,0.7330388128757477,0.7330388128757477,0,0,0
1612,0.8464624509215355,0.8464624509215355,0,0,0
1613,0.7861846536397934,0.7861846536397934,0,0,0
1614,0.6368275359272957,0.6368275359272957,0,0,0
1615,0.6294315010309219,0.6294315010309219,0,0,0
1616,0.4761235639452934,0.4761235639452934,0,0,0
1617,0.8016945645213127,0.8016945645213127,0,0,0
1618,0.7864334061741829,0.7864334061741829,0,0,0
1619,0.8889948576688766,0.8889948576688766,0,0,0
1620,1.295016810297966,1.295016810297966,0,0,0
1621,0.7387190535664558,0.7387190535664558,0,0,0
1622,0.5915185138583183,0.5915185138583183,0,0,0
1623,0.5115104392170906,0.5115104392170906,0,0,0
1624,0.555989146232605,0.555989146232605,0,0,0
1625,1.1023399829864502,1.1023399829864502,0,0,0
1626,0.5565333291888237,0.5565333291888237,0,0,0
1627,0.7728667259216309,0.7728667259216309,0,0,0
1628,0.7469336166977882,0.7469336166977882,0,0,0
1629,0.6919909045100212,0.6919909045100212,0,0,0
1630,0.8219151496887207,0.8219151496887207,0,0,0
1631,0.8142220675945282,0.8142220675945282,0,0,0
1632,0.8903558030724525,0.8903558030724525,0,0,0
1633,0.8430632650852203,0.8430632650852203,0,0,0
1634,0.6900881305336952,0.6900881305336952,0,0,0
1635,0.8338836804032326,0.8338836804032326,0,0,0
1636,0.8404749482870102,0.8404749482870102,0,0,0
1637,0.6983462795615196,0.6983462795615196,0,0,0
1638,0.8207915127277374,0.8207915127277374,0,0,0
1639,0.687496654689312,0.687496654689312,0,0,0
1640,0.7551687955856323,0.7551687955856323,0,0,0
1641,0.7039327248930931,0.7039327248930931,0,0,0
1642,0.8672000467777252,0.8672000467777252,0,0,0
1643,1.0448220297694206,1.0448220297694206,0,0,0
1644,0.6335433349013329,0.6335433349013329,0,0,0
1645,0.6197648569941521,0.6197648569941521,0,0,0
1646,0.509852297604084,0.509852297604084,0,0,0
1647,0.5378709211945534,0.5378709211945534,0,0,0
1648,0.7674438282847404,0.7674438282847404,0,0,0
1649,0.7794340178370476,0.7794340178370476,0,0,0
1650,0.5424874424934387,0.5424874424934387,0,0,0
1651,0.8115891516208649,0.8115891516208649,0,0,0
1652,0.619123749434948,0.619123749434948,0,0,0
1653,0.6811541765928268,0.6811541765928268,0,0,0
1654,0.5598605424165726,0.5598605424165726,0,0,0
1655,0.720534473657608,0.720534473657608,0,0,0
1656,0.6835277229547501,0.6835277229547501,0,0,0
1657,0.712588869035244,0.712588869035244,0,0,0
1658,0.9698587208986282,0.9698587208986282,0,0,0
1659,1.644784301519394,1.644784301519394,0,0,0
1660,0.6246111989021301,0.6246111989021301,0,0,0
1661,0.597364030778408,0.597364030778408,0,0,0
1662,0.7568926364183426,0.7568926364183426,0,0,0
1663,0.7503606826066971,0.7503606826066971,0,0,0
1664,0.7120187804102898,0.7120187804102898,0,0,0
1665,1.0662904903292656,1.0662904903292656,0,0,0
1666,0.9474643394351006,0.9474643394351006,0,0,0
1667,0.500122144818306,0.500122144818306,0,0,0
1668,1.187619924545288,1.187619924545288,0,0,0
1669,1.5006860941648483,1.5006860941648483,0,0,0
1670,0.5030118450522423,0.5030118450522423,0,0,0
1671,0.8817078843712807,0.8817078843712807,0,0,0
1672,1.0712580531835556,1.0712580531835556,0,0,0
1673,0.7118073627352715,0.7118073627352715,0,0,0
1674,0.4724802151322365,0.4724802151322365,0,0,0
1675,0.8410058915615082,0.8410058915615082,0,0,0
1676,0.5393821001052856,0.5393821001052856,0,0,0
1677,0.9116433411836624,0.9116433411836624,0,0,0
1678,0.7311656847596169,0.7311656847596169,0,0,0
1679,0.7109342515468597,0.7109342515468597,0,0,0
1680,0.7642129883170128,0.7642129883170128,0,0,0
1681,0.8911841884255409,0.8911841884255409,0,0,0
1682,0.6126595363020897,0.6126595363020897,0,0,0
1683,0.7224201783537865,0.7224201783537865,0,0,0
1684,0.5482190623879433,0.5482190623879433,0,0,0
1685,1.1330420300364494,1.1330420300364494,0,0,0
1686,0.9155443236231804,0.9155443236231804,0,0,0
1687,0.5957361310720444,0.5957361310720444,0,0,0
1688,0.6034380495548248,0.6034380495548248,0,0,0
1689,0.5565638840198517,0.5565638840198517,0,0,0
1690,0.47957687079906464,0.47957687079906464,0,0,0
1691,1.0196942687034607,1.0196942687034607,0,0,0
1692,0.5604520738124847,0.5604520738124847,0,0,0
1693,0.6429195776581764,0.6429195776581764,0,0,0
1694,0.5666235461831093,0.5666235461831093,0,0,0
1695,0.5920825302600861,0.5920825302600861,0,0,0
1696,0.44028786569833755,0.44028786569833755,0,0,0
1697,0.495718777179718,0.495718777179718,0,0,0
1698,0.5153454542160034,0.5153454542160034,0,0,0
1699,0.6429695263504982,0.6429695263504982,0,0,0
1700,0.628557063639164,0.628557063639164,0,0,0
1701,0.4476681724190712,0.4476681724190712,0,0,0
1702,0.46625805646181107,0.46625805646181107,0,0,0
1703,0.5042467713356018,0.5042467713356018,0,0,0
1704,0.98875892162323,0.98875892162323,0,0,0
1705,0.5389055758714676,0.5389055758714676,0,0,0
1706,0.536076195538044,0.536076195538044,0,0,0
1707,0.5059157609939575,0.5059157609939575,0,0,0
1708,0.6695483848452568,0.6695483848452568,0,0,0
1709,0.5172973051667213,0.5172973051667213,0,0,0
1710,0.6832301691174507,0.6832301691174507,0,0,0
1711,0.5794232785701752,0.5794232785701752,0,0,0
1712,0.612616516649723,0.612616516649723,0,0,0
1713,1.0566167682409286,1.0566167682409286,0,0,0
1714,0.9731436744332314,0.9731436744332314,0,0,0
1715,0.8816866427659988,0.8816866427659988,0,0,0
1716,0.6533602252602577,0.6533602252602577,0,0,0
1717,0.618224024772644,0.618224024772644,0,0,0
1718,0.6506409719586372,0.6506409719586372,0,0,0
1719,0.6550265178084373,0.6550265178084373,0,0,0
1720,0.5768776088953018,0.5768776088953018,0,0,0
1721,0.6484256833791733,0.6484256833791733,0,0,0
1722,0.5314668342471123,0.5314668342471123,0,0,0
1723,0.5823372676968575,0.5823372676968575,0,0,0
1724,0.8648194968700409,0.8648194968700409,0,0,0
1725,0.6891311258077621,0.6891311258077621,0,0,0
1726,0.5652423202991486,0.5652423202991486,0,0,0
1727,1.1325606852769852,1.1325606852769852,0,0,0
1728,1.3860383108258247,1.3860383108258247,0,0,0
1729,0.4236156865954399,0.4236156865954399,0,0,0
1730,0.47595715522766113,0.47595715522766113,0,0,0
1731,0.6252318620681763,0.6252318620681763,0,0,0
1732,0.567824698984623,0.567824698984623,0,0,0
1733,0.8928063586354256,0.8928063586354256,0,0,0
1734,0.6962647289037704,0.6962647289037704,0,0,0
1735,0.46552471816539764,0.46552471816539764,0,0,0
1736,0.5059261247515678,0.5059261247515678,0,0,0
1737,0.45258743315935135,0.45258743315935135,0,0,0
1738,0.5528009608387947,0.5528009608387947,0,0,0
1739,0.4191672056913376,0.4191672056913376,0,0,0
1740,0.758224181830883,0.758224181830883,0,0,0
1741,0.6221468150615692,0.6221468150615692,0,0,0
1742,0.5347186699509621,0.5347186699509621,0,0,0
1743,0.6238006725907326,0.6238006725907326,0,0,0
1744,1.248309887945652,1.248309887945652,0,0,0
1745,1.2368067055940628,1.2368067055940628,0,0,0
1746,0.6885927990078926,0.6885927990078926,0,0,0
1747,0.6872735396027565,0.6872735396027565,0,0,0
1748,0.5634903609752655,0.5634903609752655,0,0,0
1749,0.8741136789321899,0.8741136789321899,0,0,0
1750,0.47587014734745026,0.47587014734745026,0,0,0
1751,0.6869638785719872,0.6869638785719872,0,0,0
1752,0.539226770401001,0.539226770401001,0,0,0
1753,0.569550946354866,0.569550946354866,0,0,0
1754,0.5905888602137566,0.5905888602137566,0,0,0
1755,0.4502565562725067,0.4502565562725067,0,0,0
1756,0.7930855751037598,0.7930855751037598,0,0,0
1757,0.6529841795563698,0.6529841795563698,0,0,0
1758,0.6892150118947029,0.6892150118947029,0,0,0
1759,1.770391196012497,1.770391196012497,0,0,0
1760,0.43697644025087357,0.43697644025087357,0,0,0
1761,0.6085513457655907,0.6085513457655907,0,0,0
1762,0.4507846087217331,0.4507846087217331,0,0,0
1763,0.6940852180123329,0.6940852180123329,0,0,0
1764,0.9951609894633293,0.9951609894633293,0,0,0
1765,0.7230832576751709,0.7230832576751709,0,0,0
1766,0.48041799664497375,0.48041799664497375,0,0,0
1767,0.45661918073892593,0.45661918073892593,0,0,0
1768,0.56710384786129,0.56710384786129,0,0,0
1769,0.6444711238145828,0.6444711238145828,0,0,0
1770,0.46724075824022293,0.46724075824022293,0,0,0
1771,0.5086251422762871,0.5086251422762871,0,0,0
1772,0.5414202138781548,0.5414202138781548,0,0,0
1773,0.5487389639019966,0.5487389639019966,0,0,0
1774,0.5563535764813423,0.5563535764813423,0,0,0
1775,0.5109329968690872,0.5109329968690872,0,0,0
1776,0.4276590198278427,0.4276590198278427,0,0,0
1777,0.5751753821969032,0.5751753821969032,0,0,0
1778,0.49735455214977264,0.49735455214977264,0,0,0
1779,0.7761386334896088,0.7761386334896088,0,0,0
1780,0.5819371491670609,0.5819371491670609,0,0,0
1781,0.743387445807457,0.743387445807457,0,0,0
1782,0.5488371774554253,0.5488371774554253,0,0,0
1783,0.43994151800870895,0.43994151800870895,0,0,0
1784,0.5297747850418091,0.5297747850418091,0,0,0
1785,0.6004122942686081,0.6004122942686081,0,0,0
1786,0.43920476734638214,0.43920476734638214,0,0,0
1787,0.36304035782814026,0.36304035782814026,0,0,0
1788,0.4267502576112747,0.4267502576112747,0,0,0
1789,0.6020665317773819,0.6020665317773819,0,0,0
1790,0.5486428812146187,0.5486428812146187,0,0,0
1791,0.627199113368988,0.627199113368988,0,0,0
1792,0.5678641125559807,0.5678641125559807,0,0,0
1793,0.9015271812677383,0.9015271812677383,0,0,0
1794,1.4477510750293732,1.4477510750293732,0,0,0
1795,0.4684303253889084,0.4684303253889084,0,0,0
1796,0.7360754981637001,0.7360754981637001,0,0,0
1797,0.4866320937871933,0.4866320937871933,0,0,0
1798,0.4951029345393181,0.4951029345393181,0,0,0
1799,0.6076651141047478,0.6076651141047478,0,0,0
1800,0.43556854128837585,0.43556854128837585,0,0,0
1801,0.4907394200563431,0.4907394200563431,0,0,0
1802,1.0537336021661758,1.0537336021661758,0,0,0
1803,0.45125142484903336,0.45125142484903336,0,0,0
1804,0.6618034839630127,0.6618034839630127,0,0,0
1805,0.5219539776444435,0.5219539776444435,0,0,0
1806,0.6164002045989037,0.6164002045989037,0,0,0
1807,0.549794964492321,0.549794964492321,0,0,0
1808,0.6180651187896729,0.6180651187896729,0,0,0
1809,0.4201400578022003,0.4201400578022003,0,0,0
1810,0.5559325665235519,0.5559325665235519,0,0,0
1811,0.8907887563109398,0.8907887563109398,0,0,0
1812,0.6545816212892532,0.6545816212892532,0,0,0
1813,0.5470257550477982,0.5470257550477982,0,0,0
1814,0.578072115778923,0.578072115778923,0,0,0
1815,0.5680065527558327,0.5680065527558327,0,0,0
1816,0.556899182498455,0.556899182498455,0,0,0
1817,0.5830543637275696,0.5830543637275696,0,0,0
1818,0.41925107687711716,0.41925107687711716,0,0,0
1819,0.4911973252892494,0.4911973252892494,0,0,0
1820,0.5396545454859734,0.5396545454859734,0,0,0
1821,0.5056699961423874,0.5056699961423874,0,0,0
1822,0.43925003707408905,0.43925003707408905,0,0,0
1823,0.6538164541125298,0.6538164541125298,0,0,0
1824,0.41046396642923355,0.41046396642923355,0,0,0
1825,0.6940301433205605,0.6940301433205605,0,0,0
1826,0.45202237367630005,0.45202237367630005,0,0,0
1827,0.4842206612229347,0.4842206612229347,0,0,0
1828,0.3833451420068741,0.3833451420068741,0,0,0
1829,0.523590013384819,0.523590013384819,0,0,0
1830,0.4406204894185066,0.4406204894185066,0,0,0
1831,0.44859395921230316,0.44859395921230316,0,0,0
1832,0.5047546029090881,0.5047546029090881,0,0,0
1833,0.6859952807426453,0.6859952807426453,0,0,0
1834,0.487985759973526,0.487985759973526,0,0,0
1835,0.5486484095454216,0.5486484095454216,0,0,0
1836,0.41462091356515884,0.41462091356515884,0,0,0
1837,0.4817724749445915,0.4817724749445915,0,0,0
1838,0.7950988411903381,0.7950988411903381,0,0,0
1839,0.5096009746193886,0.5096009746193886,0,0,0
1840,0.5234018191695213,0.5234018191695213,0,0,0
1841,0.5361132323741913,0.5361132323741913,0,0,0
1842,0.5227165967226028,0.5227165967226028,0,0,0
1843,0.4239082708954811,0.4239082708954811,0,0,0
1844,0.4378824755549431,0.4378824755549431,0,0,0
1845,0.7431851327419281,0.7431851327419281,0,0,0
1846,0.3881147801876068,0.3881147801876068,0,0,0
1847,0.49607599526643753,0.49607599526643753,0,0,0
1848,0.7854732945561409,0.7854732945561409,0,0,0
1849,0.4489099830389023,0.4489099830389023,0,0,0
1850,0.4221973419189453,0.4221973419189453,0,0,0
1851,0.4918501302599907,0.4918501302599907,0,0,0
1852,0.837540365755558,0.837540365755558,0,0,0
1853,0.8042132928967476,0.8042132928967476,0,0,0
1854,0.496830090880394,0.496830090880394,0,0,0
1855,0.7458773106336594,0.7458773106336594,0,0,0
1856,0.6949591338634491,0.6949591338634491,0,0,0
1857,0.6409182325005531,0.6409182325005531,0,0,0
1858,0.5124593898653984,0.5124593898653984,0,0,0
1859,0.42087000608444214,0.42087000608444214,0,0,0
1860,0.42262544482946396,0.42262544482946396,0,0,0
1861,0.4162256121635437,0.4162256121635437,0,0,0
1862,1.2516351789236069,1.2516351789236069,0,0,0
1863,0.6030067205429077,0.6030067205429077,0,0,0
1864,0.6181450188159943,0.6181450188159943,0,0,0
1865,0.42089129984378815,0.42089129984378815,0,0,0
1866,0.8869966268539429,0.8869966268539429,0,0,0
1867,0.4348426014184952,0.4348426014184952,0,0,0
1868,0.46560897678136826,0.46560897678136826,0,0,0
1869,0.4538588374853134,0.4538588374853134,0,0,0
1870,0.4301195815205574,0.4301195815205574,0,0,0
1871,0.49300506711006165,0.49300506711006165,0,0,0
1872,0.582185685634613,0.582185685634613,0,0,0
1873,0.4915118142962456,0.4915118142962456,0,0,0
1874,0.5861780941486359,0.5861780941486359,0,0,0
1875,0.48895204812288284,0.48895204812288284,0,0,0
1876,0.41241854429244995,0.41241854429244995,0,0,0
1877,1.5121152698993683,1.5121152698993683,0,0,0
1878,0.5102936252951622,0.5102936252951622,0,0,0
1879,0.414504699409008,0.414504699409008,0,0,0
1880,0.6564155295491219,0.6564155295491219,0,0,0
1881,0.9191742911934853,0.9191742911934853,0,0,0
1882,0.6551599577069283,0.6551599577069283,0,0,0
1883,0.5028238743543625,0.5028238743543625,0,0,0
1884,0.7810115590691566,0.7810115590691566,0,0,0
1885,0.4251832067966461,0.4251832067966461,0,0,0
1886,0.5273437350988388,0.5273437350988388,0,0,0
1887,0.7176819518208504,0.7176819518208504,0,0,0
1888,0.4663754254579544,0.4663754254579544,0,0,0
1889,0.4479449614882469,0.4479449614882469,0,0,0
1890,0.6872830465435982,0.6872830465435982,0,0,0
1891,0.41660836338996887,0.41660836338996887,0,0,0
1892,0.6242788657546043,0.6242788657546043,0,0,0
1893,0.41860073804855347,0.41860073804855347,0,0,0
1894,0.38347581773996353,0.38347581773996353,0,0,0
1895,0.4703368917107582,0.4703368917107582,0,0,0
1896,0.4330083131790161,0.4330083131790161,0,0,0
1897,0.5372562408447266,0.5372562408447266,0,0,0
1898,0.579695925116539,0.579695925116539,0,0,0
1899,0.5679262727499008,0.5679262727499008,0,0,0
1900,0.5504366904497147,0.5504366904497147,0,0,0
1901,0.7366617694497108,0.7366617694497108,0,0,0
1902,0.4642530828714371,0.4642530828714371,0,0,0
1903,0.5284184440970421,0.5284184440970421,0,0,0
1904,0.4025832489132881,0.4025832489132881,0,0,0
1905,0.43987955152988434,0.43987955152988434,0,0,0
1906,0.6206808015704155,0.6206808015704155,0,0,0
1907,0.40630440413951874,0.40630440413951874,0,0,0
1908,0.49896761029958725,0.49896761029958725,0,0,0
1909,0.4827745780348778,0.4827745780348778,0,0,0
1910,0.5372544154524803,0.5372544154524803,0,0,0
1911,0.4219691678881645,0.4219691678881645,0,0,0
1912,0.49489855021238327,0.49489855021238327,0,0,0
1913,0.48868999630212784,0.48868999630212784,0,0,0
1914,0.5350670367479324,0.5350670367479324,0,0,0
1915,0.42250365763902664,0.42250365763902664,0,0,0
1916,0.407161146402359,0.407161146402359,0,0,0
1917,0.40571457147598267,0.40571457147598267,0,0,0
1918,0.48074304312467575,0.48074304312467575,0,0,0
1919,0.5532369688153267,0.5532369688153267,0,0,0
1920,0.4204140156507492,0.4204140156507492,0,0,0
1921,0.5346523374319077,0.5346523374319077,0,0,0
1922,0.8110202774405479,0.8110202774405479,0,0,0
1923,0.5242066085338593,0.5242066085338593,0,0,0
1924,0.4314849376678467,0.4314849376678467,0,0,0
1925,0.40121888369321823,0.40121888369321823,0,0,0
1926,0.6971626281738281,0.6971626281738281,0,0,0
1927,0.5862718597054482,0.5862718597054482,0,0,0
1928,0.5378033965826035,0.5378033965826035,0,0,0
1929,0.5490039512515068,0.5490039512515068,0,0,0
1930,0.4081221744418144,0.4081221744418144,0,0,0
1931,0.3683728948235512,0.3683728948235512,0,0,0
1932,0.5233958065509796,0.5233958065509796,0,0,0
1933,0.5804653987288475,0.5804653987288475,0,0,0
1934,0.5246246308088303,0.5246246308088303,0,0,0
1935,0.46395833790302277,0.46395833790302277,0,0,0
1936,0.40664806962013245,0.40664806962013245,0,0,0
1937,0.6424154713749886,0.6424154713749886,0,0,0
1938,0.5423178821802139,0.5423178821802139,0,0,0
1939,0.43600982427597046,0.43600982427597046,0,0,0
1940,0.47433576732873917,0.47433576732873917,0,0,0
1941,0.4966745153069496,0.4966745153069496,0,0,0
1942,0.46505238860845566,0.46505238860845566,0,0,0
1943,0.821096807718277,0.821096807718277,0,0,0
1944,0.4846970662474632,0.4846970662474632,0,0,0
1945,0.44852716475725174,0.44852716475725174,0,0,0
1946,0.39407771825790405,0.39407771825790405,0,0,0
1947,0.4143088236451149,0.4143088236451149,0,0,0
1948,0.6314180120825768,0.6314180120825768,0,0,0
1949,0.6263723522424698,0.6263723522424698,0,0,0
1950,0.6049774214625359,0.6049774214625359,0,0,0
1951,0.7955408692359924,0.7955408692359924,0,0,0
1952,0.5147015303373337,0.5147015303373337,0,0,0
1953,0.4545142576098442,0.4545142576098442,0,0,0
1954,0.44563771039247513,0.44563771039247513,0,0,0
1955,0.3928033113479614,0.3928033113479614,0,0,0
1956,0.45432132482528687,0.45432132482528687,0,0,0
1957,0.3430783674120903,0.3430783674120903,0,0,0
1958,0.5713316649198532,0.5713316649198532,0,0,0
1959,0.3500070422887802,0.3500070422887802,0,0,0
1960,0.5793479084968567,0.5793479084968567,0,0,0
1961,0.47891784459352493,0.47891784459352493,0,0,0
1962,0.453051432967186,0.453051432967186,0,0,0
1963,0.3954019099473953,0.3954019099473953,0,0,0
1964,0.6233541816473007,0.6233541816473007,0,0,0
1965,0.3876914009451866,0.3876914009451866,0,0,0
1966,0.3903692290186882,0.3903692290186882,0,0,0
1967,0.5815900340676308,0.5815900340676308,0,0,0
1968,0.5095111578702927,0.5095111578702927,0,0,0
1969,0.416432224214077,0.416432224214077,0,0,0
1970,0.44129519164562225,0.44129519164562225,0,0,0
1971,0.4407997876405716,0.4407997876405716,0,0,0
1972,0.38076306879520416,0.38076306879520416,0,0,0
1973,0.48462841659784317,0.48462841659784317,0,0,0
1974,0.6122370883822441,0.6122370883822441,0,0,0
1975,0.4361889287829399,0.4361889287829399,0,0,0
1976,0.422948881983757,0.422948881983757,0,0,0
1977,0.46734825521707535,0.46734825521707535,0,0,0
1978,0.39916353672742844,0.39916353672742844,0,0,0
1979,0.40638311207294464,0.40638311207294464,0,0,0
1980,0.6255168542265892,0.6255168542265892,0,0,0
1981,0.47224465757608414,0.47224465757608414,0,0,0
1982,0.4811628684401512,0.4811628684401512,0,0,0
1983,0.3677298054099083,0.3677298054099083,0,0,0
1984,0.6242009997367859,0.6242009997367859,0,0,0
1985,0.3958664759993553,0.3958664759993553,0,0,0
1986,0.505020447075367,0.505020447075367,0,0,0
1987,0.5024549439549446,0.5024549439549446,0,0,0
1988,0.43031415343284607,0.43031415343284607,0,0,0
1989,0.4124729558825493,0.4124729558825493,0,0,0
1990,0.4928377494215965,0.4928377494215965,0,0,0
1991,0.4726911708712578,0.4726911708712578,0,0,0
1992,0.4870425835251808,0.4870425835251808,0,0,0
1993,0.34766944497823715,0.34766944497823715,0,0,0
1994,0.4316330626606941,0.4316330626606941,0,0,0
1995,0.6228710934519768,0.6228710934519768,0,0,0
1996,0.5507677644491196,0.5507677644491196,0,0,0
1997,0.39948200434446335,0.39948200434446335,0,0,0
1998,0.4073548689484596,0.4073548689484596,0,0,0
1999,0.397673636674881,0.397673636674881,0,0,0
2000,0.4622420147061348,0.4622420147061348,0,0,0
2001,0.5804184749722481,0.5804184749722481,0,0,0
2002,0.5499503389000893,0.5499503389000893,0,0,0
2003,0.5664859563112259,0.5664859563112259,0,0,0
2004,0.4248966723680496,0.4248966723680496,0,0,0
2005,0.3583694249391556,0.3583694249391556,0,0,0
2006,0.6301513984799385,0.6301513984799385,0,0,0
2007,0.5362965688109398,0.5362965688109398,0,0,0
2008,0.451745867729187,0.451745867729187,0,0,0
2009,0.51606385409832,0.51606385409832,0,0,0
2010,0.3748183026909828,0.3748183026909828,0,0,0
2011,0.4128972068428993,0.4128972068428993,0,0,0
2012,0.4689731150865555,0.4689731150865555,0,0,0
2013,0.395670548081398,0.395670548081398,0,0,0
2014,0.38697800785303116,0.38697800785303116,0,0,0
2015,0.6251989081501961,0.6251989081501961,0,0,0
2016,0.4989222586154938,0.4989222586154938,0,0,0
2017,0.36786191165447235,0.36786191165447235,0,0,0
2018,0.5631555318832397,0.5631555318832397,0,0,0
2019,0.6275295987725258,0.6275295987725258,0,0,0
2020,0.3975237086415291,0.3975237086415291,0,0,0
2021,0.581565760076046,0.581565760076046,0,0,0
2022,0.410615511238575,0.410615511238575,0,0,0
2023,0.499480165541172,0.499480165541172,0,0,0
2024,0.39611535519361496,0.39611535519361496,0,0,0
2025,0.38735340535640717,0.38735340535640717,0,0,0
2026,0.5712647587060928,0.5712647587060928,0,0,0
2027,0.46929505467414856,0.46929505467414856,0,0,0
2028,0.37137874215841293,0.37137874215841293,0,0,0
2029,0.48492415994405746,0.48492415994405746,0,0,0
2030,0.3505687266588211,0.3505687266588211,0,0,0
2031,0.4199065491557121,0.4199065491557121,0,0,0
2032,0.41509509831666946,0.41509509831666946,0,0,0
2033,0.36951255053281784,0.36951255053281784,0,0,0
2034,0.4008808061480522,0.4008808061480522,0,0,0
2035,0.5323242023587227,0.5323242023587227,0,0,0
2036,0.40303943306207657,0.40303943306207657,0,0,0
2037,0.44735249131917953,0.44735249131917953,0,0,0
2038,0.45521534979343414,0.45521534979343414,0,0,0
2039,0.39095793664455414,0.39095793664455414,0,0,0
2040,0.4498729258775711,0.4498729258775711,0,0,0
2041,0.3669637590646744,0.3669637590646744,0,0,0
2042,0.39359890669584274,0.39359890669584274,0,0,0
2043,0.4200354814529419,0.4200354814529419,0,0,0
2044,0.46008501946926117,0.46008501946926117,0,0,0
2045,0.4803287461400032,0.4803287461400032,0,0,0
2046,0.4388713911175728,0.4388713911175728,0,0,0
2047,0.3896508067846298,0.3896508067846298,0,0,0
2048,0.3489879071712494,0.3489879071712494,0,0,0
2049,0.37283843010663986,0.37283843010663986,0,0,0
2050,0.5082060024142265,0.5082060024142265,0,0,0
2051,0.39107269048690796,0.39107269048690796,0,0,0
2052,0.40845224261283875,0.40845224261283875,0,0,0
2053,0.5428821220993996,0.5428821220993996,0,0,0
2054,0.3655783087015152,0.3655783087015152,0,0,0
2055,0.4028198719024658,0.4028198719024658,0,0,0
2056,1.0929839462041855,1.0929839462041855,0,0,0
2057,0.4544094130396843,0.4544094130396843,0,0,0
2058,0.3940789997577667,0.3940789997577667,0,0,0
2059,0.5861353501677513,0.5861353501677513,0,0,0
2060,0.41124577820301056,0.41124577820301056,0,0,0
2061,0.3578326255083084,0.3578326255083084,0,0,0
2062,0.4019445925951004,0.4019445925951004,0,0,0
2063,0.43116437643766403,0.43116437643766403,0,0,0
2064,0.40013910084962845,0.40013910084962845,0,0,0
2065,0.4349827468395233,0.4349827468395233,0,0,0
2066,0.48141417652368546,0.48141417652368546,0,0,0
2067,0.3786057084798813,0.3786057084798813,0,0,0
2068,0.4378504157066345,0.4378504157066345,0,0,0
2069,0.40971729159355164,0.40971729159355164,0,0,0
2070,0.39772094786167145,0.39772094786167145,0,0,0
2071,0.4361416697502136,0.4361416697502136,0,0,0
2072,0.37479226291179657,0.37479226291179657,0,0,0
2073,0.5376303568482399,0.5376303568482399,0,0,0
2074,0.4468366205692291,0.4468366205692291,0,0,0
2075,0.3957395553588867,0.3957395553588867,0,0,0
2076,0.5194671899080276,0.5194671899080276,0,0,0
2077,0.42264483124017715,0.42264483124017715,0,0,0
2078,0.4180803522467613,0.4180803522467613,0,0,0
2079,0.765237033367157,0.765237033367157,0,0,0
2080,0.5113132297992706,0.5113132297992706,0,0,0
2081,0.35767823457717896,0.35767823457717896,0,0,0
2082,0.4705256447196007,0.4705256447196007,0,0,0
2083,0.4098759666085243,0.4098759666085243,0,0,0
2084,0.47723671048879623,0.47723671048879623,0,0,0
2085,0.3875070959329605,0.3875070959329605,0,0,0
2086,0.384226955473423,0.384226955473423,0,0,0
2087,0.3919389024376869,0.3919389024376869,0,0,0
2088,0.433262437582016,0.433262437582016,0,0,0
2089,0.34972961992025375,0.34972961992025375,0,0,0
2090,0.5197302922606468,0.5197302922606468,0,0,0
2091,0.43899598717689514,0.43899598717689514,0,0,0
2092,0.42604831606149673,0.42604831606149673,0,0,0
2093,0.4110167697072029,0.4110167697072029,0,0,0
2094,0.4202817752957344,0.4202817752957344,0,0,0
2095,0.35550300776958466,0.35550300776958466,0,0,0
2096,0.35194259881973267,0.35194259881973267,0,0,0
2097,0.3485202416777611,0.3485202416777611,0,0,0
2098,0.5079193040728569,0.5079193040728569,0,0,0
2099,0.5757435336709023,0.5757435336709023,0,0,0
2100,0.44707559794187546,0.44707559794187546,0,0,0
2101,0.47728409618139267,0.47728409618139267,0,0,0
2102,0.4456735774874687,0.4456735774874687,0,0,0
2103,0.4396698400378227,0.4396698400378227,0,0,0
2104,0.4172007814049721,0.4172007814049721,0,0,0
2105,0.4121500849723816,0.4121500849723816,0,0,0
2106,0.3965212032198906,0.3965212032198906,0,0,0
2107,0.4698259085416794,0.4698259085416794,0,0,0
2108,0.375616692006588,0.375616692006588,0,0,0
2109,0.4066162407398224,0.4066162407398224,0,0,0
2110,0.4116859659552574,0.4116859659552574,0,0,0
2111,0.4016868844628334,0.4016868844628334,0,0,0
2112,0.3881295919418335,0.3881295919418335,0,0,0
2113,0.5300392583012581,0.5300392583012581,0,0,0
2114,0.364330530166626,0.364330530166626,0,0,0
2115,0.41970473527908325,0.41970473527908325,0,0,0
2116,0.37506385147571564,0.37506385147571564,0,0,0
2117,0.4600519984960556,0.4600519984960556,0,0,0
2118,0.40084630995988846,0.40084630995988846,0,0,0
2119,0.40539540350437164,0.40539540350437164,0,0,0
2120,0.41500452905893326,0.41500452905893326,0,0,0
2121,0.4425090551376343,0.4425090551376343,0,0,0
2122,0.4695802554488182,0.4695802554488182,0,0,0
2123,0.36187300831079483,0.36187300831079483,0,0,0
2124,0.3913211300969124,0.3913211300969124,0,0,0
2125,0.38543856889009476,0.38543856889009476,0,0,0
2126,0.44146764278411865,0.44146764278411865,0,0,0
2127,0.37834160029888153,0.37834160029888153,0,0,0
2128,0.44582371413707733,0.44582371413707733,0,0,0
2129,0.34672365337610245,0.34672365337610245,0,0,0
2130,0.3433602452278137,0.3433602452278137,0,0,0
2131,0.3781382888555527,0.3781382888555527,0,0,0
2132,0.9572290554642677,0.9572290554642677,0,0,0
2133,0.43846645206213,0.43846645206213,0,0,0
2134,0.3366187810897827,0.3366187810897827,0,0,0
2135,0.4175013452768326,0.4175013452768326,0,0,0
2136,0.3777051046490669,0.3777051046490669,0,0,0
2137,0.5245609730482101,0.5245609730482101,0,0,0
2138,0.42320865392684937,0.42320865392684937,0,0,0
2139,0.3449574336409569,0.3449574336409569,0,0,0
2140,0.41780220717191696,0.41780220717191696,0,0,0
2141,0.41538382321596146,0.41538382321596146,0,0,0
2142,0.4105869010090828,0.4105869010090828,0,0,0
2143,0.3288559392094612,0.3288559392094612,0,0,0
2144,0.40645065158605576,0.40645065158605576,0,0,0
2145,0.3514443188905716,0.3514443188905716,0,0,0
2146,0.3733843043446541,0.3733843043446541,0,0,0
2147,0.3329480364918709,0.3329480364918709,0,0,0
2148,0.3526526391506195,0.3526526391506195,0,0,0
2149,0.4389411062002182,0.4389411062002182,0,0,0
2150,0.401610367000103,0.401610367000103,0,0,0
2151,0.3515257090330124,0.3515257090330124,0,0,0
2152,0.5712471157312393,0.5712471157312393,0,0,0
2153,0.4210128039121628,0.4210128039121628,0,0,0
2154,0.3491039276123047,0.3491039276123047,0,0,0
2155,0.37737060338258743,0.37737060338258743,0,0,0
2156,0.37652337551116943,0.37652337551116943,0,0,0
2157,0.45648887008428574,0.45648887008428574,0,0,0
2158,0.42794231325387955,0.42794231325387955,0,0,0
2159,0.5594989135861397,0.5594989135861397,0,0,0
2160,0.5263837799429893,0.5263837799429893,0,0,0
2161,0.479456789791584,0.479456789791584,0,0,0
2162,0.334668293595314,0.334668293595314,0,0,0
2163,0.35010554641485214,0.35010554641485214,0,0,0
2164,0.3739151284098625,0.3739151284098625,0,0,0
2165,0.49353765696287155,0.49353765696287155,0,0,0
2166,0.36488308012485504,0.36488308012485504,0,0,0
2167,0.35959392786026,0.35959392786026,0,0,0
2168,0.3905234932899475,0.3905234932899475,0,0,0
2169,0.42353633791208267,0.42353633791208267,0,0,0
2170,0.3465917631983757,0.3465917631983757,0,0,0
2171,0.3860940858721733,0.3860940858721733,0,0,0
2172,0.5234989151358604,0.5234989151358604,0,0,0
2173,0.3843865692615509,0.3843865692615509,0,0,0
2174,0.35092202574014664,0.35092202574014664,0,0,0
2175,0.3808309808373451,0.3808309808373451,0,0,0
2176,0.36411991715431213,0.36411991715431213,0,0,0
2177,0.48695286363363266,0.48695286363363266,0,0,0
2178,0.3495863452553749,0.3495863452553749,0,0,0
2179,0.3534049317240715,0.3534049317240715,0,0,0
2180,0.3728766068816185,0.3728766068816185,0,0,0
2181,0.3691517263650894,0.3691517263650894,0,0,0
2182,0.3796157017350197,0.3796157017350197,0,0,0
2183,0.3509093299508095,0.3509093299508095,0,0,0
2184,0.39409057050943375,0.39409057050943375,0,0,0
2185,0.581399068236351,0.581399068236351,0,0,0
2186,0.41112473607063293,0.41112473607063293,0,0,0
2187,0.3476073890924454,0.3476073890924454,0,0,0
2188,0.4200664907693863,0.4200664907693863,0,0,0
2189,0.3880457580089569,0.3880457580089569,0,0,0
2190,0.4039236009120941,0.4039236009120941,0,0,0
2191,0.4693548381328583,0.4693548381328583,0,0,0
2192,0.42872239649295807,0.42872239649295807,0,0,0
2193,0.356039434671402,0.356039434671402,0,0,0
2194,0.36154866963624954,0.36154866963624954,0,0,0
2195,0.41141554713249207,0.41141554713249207,0,0,0
2196,0.40651289373636246,0.40651289373636246,0,0,0
2197,0.4205836206674576,0.4205836206674576,0,0,0
2198,0.3221459612250328,0.3221459612250328,0,0,0
2199,0.3263283669948578,0.3263283669948578,0,0,0
2200,0.35192565619945526,0.35192565619945526,0,0,0
2201,0.553841196000576,0.553841196000576,0,0,0
2202,0.36381565034389496,0.36381565034389496,0,0,0
2203,0.32383327186107635,0.32383327186107635,0,0,0
2204,0.374661460518837,0.374661460518837,0,0,0
2205,0.38035310059785843,0.38035310059785843,0,0,0
2206,0.35014546662569046,0.35014546662569046,0,0,0
2207,0.3500717878341675,0.3500717878341675,0,0,0
2208,0.35345517843961716,0.35345517843961716,0,0,0
2209,0.3590506240725517,0.3590506240725517,0,0,0
2210,0.40221862867474556,0.40221862867474556,0,0,0
2211,0.36551739275455475,0.36551739275455475,0,0,0
2212,0.3287824019789696,0.3287824019789696,0,0,0
2213,0.38705649226903915,0.38705649226903915,0,0,0
2214,0.3649582862854004,0.3649582862854004,0,0,0
2215,0.3417680189013481,0.3417680189013481,0,0,0
2216,0.33494196832180023,0.33494196832180023,0,0,0
2217,0.37146759778261185,0.37146759778261185,0,0,0
2218,0.5230026692152023,0.5230026692152023,0,0,0
2219,0.39703599363565445,0.39703599363565445,0,0,0
2220,0.4955957159399986,0.4955957159399986,0,0,0
2221,0.5611245632171631,0.5611245632171631,0,0,0
2222,0.44234587997198105,0.44234587997198105,0,0,0
2223,0.41360971331596375,0.41360971331596375,0,0,0
2224,0.38334447145462036,0.38334447145462036,0,0,0
2225,0.3998787999153137,0.3998787999153137,0,0,0
2226,0.35447557270526886,0.35447557270526886,0,0,0
2227,0.3298311084508896,0.3298311084508896,0,0,0
2228,0.32613150775432587,0.32613150775432587,0,0,0
2229,0.3597292974591255,0.3597292974591255,0,0,0
2230,0.35754017531871796,0.35754017531871796,0,0,0
2231,0.9995622783899307,0.9995622783899307,0,0,0
2232,0.6056341230869293,0.6056341230869293,0,0,0
2233,0.5216332077980042,0.5216332077980042,0,0,0
2234,0.36028148233890533,0.36028148233890533,0,0,0
2235,0.43054550141096115,0.43054550141096115,0,0,0
2236,0.4292258620262146,0.4292258620262146,0,0,0
2237,0.47191283106803894,0.47191283106803894,0,0,0
2238,0.3592430204153061,0.3592430204153061,0,0,0
2239,0.6430431455373764,0.6430431455373764,0,0,0
2240,0.48925186693668365,0.48925186693668365,0,0,0
2241,0.42674751579761505,0.42674751579761505,0,0,0
2242,0.4781838059425354,0.4781838059425354,0,0,0
2243,0.33415109664201736,0.33415109664201736,0,0,0
2244,0.42812949419021606,0.42812949419021606,0,0,0
2245,0.3544619306921959,0.3544619306921959,0,0,0
2246,0.41908877342939377,0.41908877342939377,0,0,0
2247,0.37694618850946426,0.37694618850946426,0,0,0
2248,0.36772511899471283,0.36772511899471283,0,0,0
2249,0.3607887402176857,0.3607887402176857,0,0,0
2250,0.38158228248357773,0.38158228248357773,0,0,0
2251,0.35500895231962204,0.35500895231962204,0,0,0
2252,0.3739541992545128,0.3739541992545128,0,0,0
2253,0.3892410174012184,0.3892410174012184,0,0,0
2254,0.4037904590368271,0.4037904590368271,0,0,0
2255,0.38238637894392014,0.38238637894392014,0,0,0
2256,0.41254471242427826,0.41254471242427826,0,0,0
2257,0.32981152832508087,0.32981152832508087,0,0,0
2258,0.34857961535453796,0.34857961535453796,0,0,0
2259,0.5011001154780388,0.5011001154780388,0,0,0
2260,0.5110438466072083,0.5110438466072083,0,0,0
2261,0.3248397782444954,0.3248397782444954,0,0,0
2262,0.3944121524691582,0.3944121524691582,0,0,0
2263,0.524499848484993,0.524499848484993,0,0,0
2264,0.36426491290330887,0.36426491290330887,0,0,0
2265,0.421205535531044,0.421205535531044,0,0,0
2266,0.42477989941835403,0.42477989941835403,0,0,0
2267,0.41561974585056305,0.41561974585056305,0,0,0
2268,0.4951962009072304,0.4951962009072304,0,0,0
2269,0.4285673648118973,0.4285673648118973,0,0,0
2270,0.4056626036763191,0.4056626036763191,0,0,0
2271,0.4459129497408867,0.4459129497408867,0,0,0
2272,0.41096092015504837,0.41096092015504837,0,0,0
2273,0.3582305610179901,0.3582305610179901,0,0,0
2274,0.3886786103248596,0.3886786103248596,0,0,0
2275,0.3832740932703018,0.3832740932703018,0,0,0
2276,0.3203393220901489,0.3203393220901489,0,0,0
2277,0.3362607955932617,0.3362607955932617,0,0,0
2278,0.4162314683198929,0.4162314683198929,0,0,0
2279,0.48988817632198334,0.48988817632198334,0,0,0
2280,0.47515445202589035,0.47515445202589035,0,0,0
2281,0.3862890377640724,0.3862890377640724,0,0,0
2282,0.44002586603164673,0.44002586603164673,0,0,0
2283,0.35689759254455566,0.35689759254455566,0,0,0
2284,0.37516578286886215,0.37516578286886215,0,0,0
2285,0.32863670587539673,0.32863670587539673,0,0,0
2286,0.3605179637670517,0.3605179637670517,0,0,0
2287,0.41124744713306427,0.41124744713306427,0,0,0
2288,0.3660554885864258,0.3660554885864258,0,0,0
2289,0.3468480855226517,0.3468480855226517,0,0,0
2290,0.3745000287890434,0.3745000287890434,0,0,0
2291,0.42699355632066727,0.42699355632066727,0,0,0
2292,0.45435237884521484,0.45435237884521484,0,0,0
2293,0.3620765805244446,0.3620765805244446,0,0,0
2294,0.3566283732652664,0.3566283732652664,0,0,0
2295,0.33830074965953827,0.33830074965953827,0,0,0
2296,0.3294990286231041,0.3294990286231041,0,0,0
2297,0.35373786836862564,0.35373786836862564,0,0,0
2298,0.36960233747959137,0.36960233747959137,0,0,0
2299,0.34548889100551605,0.34548889100551605,0,0,0
2300,0.3367595672607422,0.3367595672607422,0,0,0
2301,0.37272343784570694,0.37272343784570694,0,0,0
2302,0.3953595384955406,0.3953595384955406,0,0,0
2303,0.37508031725883484,0.37508031725883484,0,0,0
2304,0.368716299533844,0.368716299533844,0,0,0
2305,0.35678452998399734,0.35678452998399734,0,0,0
2306,0.32246819138526917,0.32246819138526917,0,0,0
2307,0.3615022748708725,0.3615022748708725,0,0,0
2308,0.3461686074733734,0.3461686074733734,0,0,0
2309,0.4505722299218178,0.4505722299218178,0,0,0
2310,0.3838365599513054,0.3838365599513054,0,0,0
2311,0.37047408521175385,0.37047408521175385,0,0,0
2312,0.37023475766181946,0.37023475766181946,0,0,0
2313,0.3327791914343834,0.3327791914343834,0,0,0
2314,0.35592275857925415,0.35592275857925415,0,0,0
2315,0.33236800879240036,0.33236800879240036,0,0,0
2316,0.39006146788597107,0.39006146788597107,0,0,0
2317,0.5148885920643806,0.5148885920643806,0,0,0
2318,0.33147432655096054,0.33147432655096054,0,0,0
2319,0.3653426766395569,0.3653426766395569,0,0,0
2320,0.3651469647884369,0.3651469647884369,0,0,0
2321,0.44227825850248337,0.44227825850248337,0,0,0
2322,0.33850225806236267,0.33850225806236267,0,0,0
2323,0.37588981539011,0.37588981539011,0,0,0
2324,0.4239959642291069,0.4239959642291069,0,0,0
2325,0.34161820262670517,0.34161820262670517,0,0,0
2326,0.5651802867650986,0.5651802867650986,0,0,0
2327,0.3232714459300041,0.3232714459300041,0,0,0
2328,0.3936295062303543,0.3936295062303543,0,0,0
2329,0.3285316377878189,0.3285316377878189,0,0,0
2330,0.35485194623470306,0.35485194623470306,0,0,0
2331,0.435092031955719,0.435092031955719,0,0,0
2332,0.43849484622478485,0.43849484622478485,0,0,0
2333,0.40295083820819855,0.40295083820819855,0,0,0
2334,0.34117258340120316,0.34117258340120316,0,0,0
2335,0.36689627170562744,0.36689627170562744,0,0,0
2336,0.3430328965187073,0.3430328965187073,0,0,0
2337,0.4198506623506546,0.4198506623506546,0,0,0
2338,0.3412023037672043,0.3412023037672043,0,0,0
2339,0.37900545448064804,0.37900545448064804,0,0,0
2340,0.37246471643447876,0.37246471643447876,0,0,0
2341,0.5171381458640099,0.5171381458640099,0,0,0
2342,0.3605758771300316,0.3605758771300316,0,0,0
2343,0.40354184061288834,0.40354184061288834,0,0,0
2344,0.33226097375154495,0.33226097375154495,0,0,0
2345,0.4118320420384407,0.4118320420384407,0,0,0
2346,0.37929173558950424,0.37929173558950424,0,0,0
2347,0.3440685570240021,0.3440685570240021,0,0,0
2348,0.3838202506303787,0.3838202506303787,0,0,0
2349,0.3277561068534851,0.3277561068534851,0,0,0
2350,0.349062517285347,0.349062517285347,0,0,0
2351,0.43571043014526367,0.43571043014526367,0,0,0
2352,0.33203713595867157,0.33203713595867157,0,0,0
2353,0.34895219653844833,0.34895219653844833,0,0,0
2354,0.35521213710308075,0.35521213710308075,0,0,0
2355,0.35824691504240036,0.35824691504240036,0,0,0
2356,0.5095744952559471,0.5095744952559471,0,0,0
2357,0.39239470660686493,0.39239470660686493,0,0,0
2358,0.4038548916578293,0.4038548916578293,0,0,0
2359,0.35011298954486847,0.35011298954486847,0,0,0
2360,0.3988823816180229,0.3988823816180229,0,0,0
2361,0.42236730456352234,0.42236730456352234,0,0,0
2362,0.3843635693192482,0.3843635693192482,0,0,0
2363,0.34602073580026627,0.34602073580026627,0,0,0
2364,0.40404848009347916,0.40404848009347916,0,0,0
2365,0.38297422230243683,0.38297422230243683,0,0,0
2366,0.32899661362171173,0.32899661362171173,0,0,0
2367,0.3271382600069046,0.3271382600069046,0,0,0
2368,0.3197520226240158,0.3197520226240158,0,0,0
2369,0.3331954628229141,0.3331954628229141,0,0,0
2370,0.32674556970596313,0.32674556970596313,0,0,0
2371,0.3889719471335411,0.3889719471335411,0,0,0
2372,0.35309596359729767,0.35309596359729767,0,0,0
2373,0.32979168742895126,0.32979168742895126,0,0,0
2374,0.33210254460573196,0.33210254460573196,0,0,0
2375,0.33561380207538605,0.33561380207538605,0,0,0
2376,0.31739891320466995,0.31739891320466995,0,0,0
2377,0.3227306678891182,0.3227306678891182,0,0,0
2378,0.33936867117881775,0.33936867117881775,0,0,0
2379,0.36847976595163345,0.36847976595163345,0,0,0
2380,0.3745569884777069,0.3745569884777069,0,0,0
2381,0.33995144814252853,0.33995144814252853,0,0,0
2382,0.44324468821287155,0.44324468821287155,0,0,0
2383,0.3162592723965645,0.3162592723965645,0,0,0
2384,0.3444254919886589,0.3444254919886589,0,0,0
2385,0.33815470337867737,0.33815470337867737,0,0,0
2386,0.3067641481757164,0.3067641481757164,0,0,0
2387,0.5155795440077782,0.5155795440077782,0,0,0
2388,0.3733244463801384,0.3733244463801384,0,0,0
2389,0.38977718353271484,0.38977718353271484,0,0,0
2390,0.4271802753210068,0.4271802753210068,0,0,0
2391,0.35163266211748123,0.35163266211748123,0,0,0
2392,0.387581542134285,0.387581542134285,0,0,0
2393,0.36612796783447266,0.36612796783447266,0,0,0
2394,0.3174184039235115,0.3174184039235115,0,0,0
2395,0.34179579466581345,0.34179579466581345,0,0,0
2396,0.3839966133236885,0.3839966133236885,0,0,0
2397,0.41204874217510223,0.41204874217510223,0,0,0
2398,0.3517225459218025,0.3517225459218025,0,0,0
2399,0.5054918229579926,0.5054918229579926,0,0,0
2400,0.37147849798202515,0.37147849798202515,0,0,0
2401,0.3358415886759758,0.3358415886759758,0,0,0
2402,0.3313007578253746,0.3313007578253746,0,0,0
2403,0.4243556633591652,0.4243556633591652,0,0,0
2404,0.32021160423755646,0.32021160423755646,0,0,0
2405,0.36511586606502533,0.36511586606502533,0,0,0
2406,0.323257751762867,0.323257751762867,0,0,0
2407,0.4156229570508003,0.4156229570508003,0,0,0
2408,0.33243557810783386,0.33243557810783386,0,0,0
2409,0.32879020273685455,0.32879020273685455,0,0,0
2410,0.31025824695825577,0.31025824695825577,0,0,0
2411,0.4258278086781502,0.4258278086781502,0,0,0
2412,0.4276989698410034,0.4276989698410034,0,0,0
2413,0.3866702765226364,0.3866702765226364,0,0,0
2414,0.3307197540998459,0.3307197540998459,0,0,0
2415,0.33874839544296265,0.33874839544296265,0,0,0
2416,0.3328978270292282,0.3328978270292282,0,0,0
2417,0.3986251875758171,0.3986251875758171,0,0,0
2418,0.4022817239165306,0.4022817239165306,0,0,0
2419,0.3235812112689018,0.3235812112689018,0,0,0
2420,0.35252781957387924,0.35252781957387924,0,0,0
2421,0.36066265404224396,0.36066265404224396,0,0,0
2422,0.3447936102747917,0.3447936102747917,0,0,0
2423,0.32129382342100143,0.32129382342100143,0,0,0
2424,0.3820207640528679,0.3820207640528679,0,0,0
2425,0.6237962990999222,0.6237962990999222,0,0,0
2426,0.341714471578598,0.341714471578598,0,0,0
2427,0.39738548547029495,0.39738548547029495,0,0,0
2428,0.37890857458114624,0.37890857458114624,0,0,0
2429,0.4118793308734894,0.4118793308734894,0,0,0
2430,0.345563605427742,0.345563605427742,0,0,0
2431,0.3684482276439667,0.3684482276439667,0,0,0
2432,0.31702621281147003,0.31702621281147003,0,0,0
2433,0.3568004071712494,0.3568004071712494,0,0,0
2434,0.4534666985273361,0.4534666985273361,0,0,0
2435,0.3598388433456421,0.3598388433456421,0,0,0
2436,0.6028566360473633,0.6028566360473633,0,0,0
2437,0.355794258415699,0.355794258415699,0,0,0
2438,0.35375797748565674,0.35375797748565674,0,0,0
2439,0.32255303859710693,0.32255303859710693,0,0,0
2440,0.3244860991835594,0.3244860991835594,0,0,0
2441,0.32809606194496155,0.32809606194496155,0,0,0
2442,0.3704250827431679,0.3704250827431679,0,0,0
2443,0.3262179344892502,0.3262179344892502,0,0,0
2444,0.34777988493442535,0.34777988493442535,0,0,0
2445,0.34250716120004654,0.34250716120004654,0,0,0
2446,0.35937967896461487,0.35937967896461487,0,0,0
2447,0.3315613567829132,0.3315613567829132,0,0,0
2448,0.3343996927142143,0.3343996927142143,0,0,0
2449,0.3256067559123039,0.3256067559123039,0,0,0
2450,0.33691640943288803,0.33691640943288803,0,0,0
2451,0.3758742958307266,0.3758742958307266,0,0,0
2452,0.3850049376487732,0.3850049376487732,0,0,0
2453,0.3277283236384392,0.3277283236384392,0,0,0
2454,0.3242785930633545,0.3242785930633545,0,0,0
2455,0.3556852266192436,0.3556852266192436,0,0,0
2456,0.3477756083011627,0.3477756083011627,0,0,0
2457,0.32208364456892014,0.32208364456892014,0,0,0
2458,0.31702616810798645,0.31702616810798645,0,0,0
2459,0.35569802671670914,0.35569802671670914,0,0,0
2460,0.3555082529783249,0.3555082529783249,0,0,0
2461,0.35109058767557144,0.35109058767557144,0,0,0
2462,0.33508487790822983,0.33508487790822983,0,0,0
2463,0.3868945688009262,0.3868945688009262,0,0,0
2464,0.398289255797863,0.398289255797863,0,0,0
2465,0.4668821096420288,0.4668821096420288,0,0,0
2466,0.4399935454130173,0.4399935454130173,0,0,0
2467,0.3695663809776306,0.3695663809776306,0,0,0
2468,0.3679650127887726,0.3679650127887726,0,0,0
2469,0.3596792072057724,0.3596792072057724,0,0,0
2470,0.32709450274705887,0.32709450274705887,0,0,0
2471,0.3475279062986374,0.3475279062986374,0,0,0
2472,0.38016996532678604,0.38016996532678604,0,0,0
2473,0.34468846023082733,0.34468846023082733,0,0,0
2474,0.33921120315790176,0.33921120315790176,0,0,0
2475,0.35142797231674194,0.35142797231674194,0,0,0
2476,0.3515270724892616,0.3515270724892616,0,0,0
2477,0.3785736933350563,0.3785736933350563,0,0,0
2478,0.36872903257608414,0.36872903257608414,0,0,0
2479,0.3381589949131012,0.3381589949131012,0,0,0
2480,0.3515182286500931,0.3515182286500931,0,0,0
2481,0.3290761858224869,0.3290761858224869,0,0,0
2482,0.35944628715515137,0.35944628715515137,0,0,0
2483,0.35834531486034393,0.35834531486034393,0,0,0
2484,0.35709504783153534,0.35709504783153534,0,0,0
2485,0.4581522047519684,0.4581522047519684,0,0,0
2486,0.32476188242435455,0.32476188242435455,0,0,0
2487,0.32642393559217453,0.32642393559217453,0,0,0
2488,0.3801339119672775,0.3801339119672775,0,0,0
2489,0.34161704778671265,0.34161704778671265,0,0,0
2490,0.34980354458093643,0.34980354458093643,0,0,0
2491,0.34325455129146576,0.34325455129146576,0,0,0
2492,0.34429914504289627,0.34429914504289627,0,0,0
2493,0.3543992266058922,0.3543992266058922,0,0,0
2494,0.34818805009126663,0.34818805009126663,0,0,0
2495,0.37035104632377625,0.37035104632377625,0,0,0
2496,0.34096526354551315,0.34096526354551315,0,0,0
2497,0.3578110635280609,0.3578110635280609,0,0,0
2498,0.3143228143453598,0.3143228143453598,0,0,0
2499,0.34823276847600937,0.34823276847600937,0,0,0
2500,0.3570164069533348,0.3570164069533348,0,0,0
2501,0.33400682359933853,0.33400682359933853,0,0,0
2502,0.33907855302095413,0.33907855302095413,0,0,0
2503,0.3472141921520233,0.3472141921520233,0,0,0
2504,0.33145711570978165,0.33145711570978165,0,0,0
2505,0.5440272390842438,0.5440272390842438,0,0,0
2506,0.34846706688404083,0.34846706688404083,0,0,0
2507,0.3339269161224365,0.3339269161224365,0,0,0
2508,0.33498042821884155,0.33498042821884155,0,0,0
2509,0.37925010919570923,0.37925010919570923,0,0,0
2510,0.3648185357451439,0.3648185357451439,0,0,0
2511,0.3962809145450592,0.3962809145450592,0,0,0
2512,0.33758144080638885,0.33758144080638885,0,0,0
2513,0.36530058085918427,0.36530058085918427,0,0,0
2514,0.3171897307038307,0.3171897307038307,0,0,0
2515,0.3437786176800728,0.3437786176800728,0,0,0
2516,0.3470764607191086,0.3470764607191086,0,0,0
2517,0.40124286711215973,0.40124286711215973,0,0,0
2518,0.34304963797330856,0.34304963797330856,0,0,0
2519,0.32598262280225754,0.32598262280225754,0,0,0
2520,0.3680903762578964,0.3680903762578964,0,0,0
2521,0.3680279850959778,0.3680279850959778,0,0,0
2522,0.40391816943883896,0.40391816943883896,0,0,0
2523,0.33640091121196747,0.33640091121196747,0,0,0
2524,0.346183180809021,0.346183180809021,0,0,0
2525,0.35622335225343704,0.35622335225343704,0,0,0
2526,0.4603198543190956,0.4603198543190956,0,0,0
2527,0.5261410176753998,0.5261410176753998,0,0,0
2528,0.344986155629158,0.344986155629158,0,0,0
2529,0.5306162685155869,0.5306162685155869,0,0,0
2530,0.3370281159877777,0.3370281159877777,0,0,0
2531,0.46005573868751526,0.46005573868751526,0,0,0
2532,0.32973968982696533,0.32973968982696533,0,0,0
2533,0.4232143983244896,0.4232143983244896,0,0,0
2534,0.5279432758688927,0.5279432758688927,0,0,0
2535,0.3524308055639267,0.3524308055639267,0,0,0
2536,0.37991753220558167,0.37991753220558167,0,0,0
2537,0.31606627255678177,0.31606627255678177,0,0,0
2538,0.3446106016635895,0.3446106016635895,0,0,0
2539,0.3755386769771576,0.3755386769771576,0,0,0
2540,0.3304031267762184,0.3304031267762184,0,0,0
2541,0.3649016097187996,0.3649016097187996,0,0,0
2542,0.3425108343362808,0.3425108343362808,0,0,0
2543,0.3289320543408394,0.3289320543408394,0,0,0
2544,0.3489387035369873,0.3489387035369873,0,0,0
2545,0.32036949694156647,0.32036949694156647,0,0,0
2546,0.3330332860350609,0.3330332860350609,0,0,0
2547,0.32257943600416183,0.32257943600416183,0,0,0
2548,0.31434551626443863,0.31434551626443863,0,0,0
2549,0.3360619619488716,0.3360619619488716,0,0,0
2550,0.40360937267541885,0.40360937267541885,0,0,0
2551,0.3372245281934738,0.3372245281934738,0,0,0
2552,0.6090813875198364,0.6090813875198364,0,0,0
2553,0.3352545127272606,0.3352545127272606,0,0,0
2554,0.3838964104652405,0.3838964104652405,0,0,0
2555,0.41254036873579025,0.41254036873579025,0,0,0
2556,0.3493359312415123,0.3493359312415123,0,0,0
2557,0.3237389400601387,0.3237389400601387,0,0,0
2558,0.38169367611408234,0.38169367611408234,0,0,0
2559,0.3427928686141968,0.3427928686141968,0,0,0
2560,0.33938512951135635,0.33938512951135635,0,0,0
2561,0.4021516516804695,0.4021516516804695,0,0,0
2562,0.33174461871385574,0.33174461871385574,0,0,0
2563,0.35323357582092285,0.35323357582092285,0,0,0
2564,0.4068422317504883,0.4068422317504883,0,0,0
2565,0.35601624101400375,0.35601624101400375,0,0,0
2566,0.3943807780742645,0.3943807780742645,0,0,0
2567,0.43453143537044525,0.43453143537044525,0,0,0
2568,0.31410105526447296,0.31410105526447296,0,0,0
2569,0.35589513182640076,0.35589513182640076,0,0,0
2570,0.514619268476963,0.514619268476963,0,0,0
2571,0.36765244603157043,0.36765244603157043,0,0,0
2572,0.33004824072122574,0.33004824072122574,0,0,0
2573,0.3723727762699127,0.3723727762699127,0,0,0
2574,0.3508877232670784,0.3508877232670784,0,0,0
2575,0.36317720264196396,0.36317720264196396,0,0,0
2576,0.37154436111450195,0.37154436111450195,0,0,0
2577,0.3305440619587898,0.3305440619587898,0,0,0
2578,0.34439580887556076,0.34439580887556076,0,0,0
2579,0.33911510556936264,0.33911510556936264,0,0,0
2580,0.3119446188211441,0.3119446188211441,0,0,0
2581,0.419914074242115,0.419914074242115,0,0,0
2582,0.3166690021753311,0.3166690021753311,0,0,0
2583,0.3206869512796402,0.3206869512796402,0,0,0
2584,0.33437325805425644,0.33437325805425644,0,0,0
2585,0.36121363192796707,0.36121363192796707,0,0,0
2586,0.3444947674870491,0.3444947674870491,0,0,0
2587,0.3238936588168144,0.3238936588168144,0,0,0
2588,0.38818535953760147,0.38818535953760147,0,0,0
2589,0.3674149811267853,0.3674149811267853,0,0,0
2590,0.3310229107737541,0.3310229107737541,0,0,0
2591,0.3317938894033432,0.3317938894033432,0,0,0
2592,0.3465089797973633,0.3465089797973633,0,0,0
2593,0.34784991294145584,0.34784991294145584,0,0,0
2594,0.34524136781692505,0.34524136781692505,0,0,0
2595,0.35301685333251953,0.35301685333251953,0,0,0
2596,0.34102530032396317,0.34102530032396317,0,0,0
2597,0.3178108483552933,0.3178108483552933,0,0,0
2598,0.337522529065609,0.337522529065609,0,0,0
2599,0.33728158473968506,0.33728158473968506,0,0,0
2600,0.45009346306324005,0.45009346306324005,0,0,0
2601,0.3148721680045128,0.3148721680045128,0,0,0
2602,0.3309084102511406,0.3309084102511406,0,0,0
2603,0.3214007765054703,0.3214007765054703,0,0,0
2604,0.3248421922326088,0.3248421922326088,0,0,0
2605,0.3810347393155098,0.3810347393155098,0,0,0
2606,0.39640115946531296,0.39640115946531296,0,0,0
2607,0.31431660056114197,0.31431660056114197,0,0,0
2608,0.349655382335186,0.349655382335186,0,0,0
2609,0.340362124145031,0.340362124145031,0,0,0
2610,0.3359987586736679,0.3359987586736679,0,0,0
2611,0.34761517494916916,0.34761517494916916,0,0,0
2612,0.43996813893318176,0.43996813893318176,0,0,0
2613,0.3210636153817177,0.3210636153817177,0,0,0
2614,0.39442315697669983,0.39442315697669983,0,0,0
2615,0.32099974900484085,0.32099974900484085,0,0,0
2616,0.35049593448638916,0.35049593448638916,0,0,0
2617,0.359220951795578,0.359220951795578,0,0,0
2618,0.340990886092186,0.340990886092186,0,0,0
2619,0.34874213486909866,0.34874213486909866,0,0,0
2620,0.32279811799526215,0.32279811799526215,0,0,0
2621,0.3437255248427391,0.3437255248427391,0,0,0
2622,0.45514313876628876,0.45514313876628876,0,0,0
2623,0.37854980677366257,0.37854980677366257,0,0,0
2624,0.3913269713521004,0.3913269713521004,0,0,0
2625,0.3909963220357895,0.3909963220357895,0,0,0
2626,0.361781045794487,0.361781045794487,0,0,0
2627,0.37333447486162186,0.37333447486162186,0,0,0
2628,0.3466973677277565,0.3466973677277565,0,0,0
2629,0.34010110795497894,0.34010110795497894,0,0,0
2630,0.36548732221126556,0.36548732221126556,0,0,0
2631,0.31843525916337967,0.31843525916337967,0,0,0
2632,0.358839251101017,0.358839251101017,0,0,0
2633,0.3388318568468094,0.3388318568468094,0,0,0
2634,0.33469413965940475,0.33469413965940475,0,0,0
2635,0.34918680787086487,0.34918680787086487,0,0,0
2636,0.4704437181353569,0.4704437181353569,0,0,0
2637,0.33359434455633163,0.33359434455633163,0,0,0
2638,0.32511695474386215,0.32511695474386215,0,0,0
2639,0.39283108711242676,0.39283108711242676,0,0,0
2640,0.39457736909389496,0.39457736909389496,0,0,0
2641,0.3314535841345787,0.3314535841345787,0,0,0
2642,0.3516722694039345,0.3516722694039345,0,0,0
2643,0.32333943992853165,0.32333943992853165,0,0,0
2644,0.40007876604795456,0.40007876604795456,0,0,0
2645,0.37731795012950897,0.37731795012950897,0,0,0
2646,0.3196592554450035,0.3196592554450035,0,0,0
2647,0.30875711143016815,0.30875711143016815,0,0,0
2648,0.35458071529865265,0.35458071529865265,0,0,0
2649,0.3276394307613373,0.3276394307613373,0,0,0
2650,0.3096539229154587,0.3096539229154587,0,0,0
2651,0.3039379119873047,0.3039379119873047,0,0,0
2652,0.3311028629541397,0.3311028629541397,0,0,0
2653,0.3090882673859596,0.3090882673859596,0,0,0
2654,0.3270777314901352,0.3270777314901352,0,0,0
2655,0.32943281531333923,0.32943281531333923,0,0,0
2656,0.36438822001218796,0.36438822001218796,0,0,0
2657,0.34263718128204346,0.34263718128204346,0,0,0
2658,0.33368053287267685,0.33368053287267685,0,0,0
2659,0.39115097373723984,0.39115097373723984,0,0,0
2660,0.336663119494915,0.336663119494915,0,0,0
2661,0.38670678436756134,0.38670678436756134,0,0,0
2662,0.3434787392616272,0.3434787392616272,0,0,0
2663,0.3275008201599121,0.3275008201599121,0,0,0
2664,0.39849377423524857,0.39849377423524857,0,0,0
2665,0.3433498814702034,0.3433498814702034,0,0,0
2666,0.3643448203802109,0.3643448203802109,0,0,0
2667,0.3135535567998886,0.3135535567998886,0,0,0
2668,0.31976086646318436,0.31976086646318436,0,0,0
2669,0.3018578141927719,0.3018578141927719,0,0,0
2670,0.3221660926938057,0.3221660926938057,0,0,0
2671,0.4421330690383911,0.4421330690383911,0,0,0
2672,0.3355386406183243,0.3355386406183243,0,0,0
2673,0.3295394703745842,0.3295394703745842,0,0,0
2674,0.3377063199877739,0.3377063199877739,0,0,0
2675,0.34222519397735596,0.34222519397735596,0,0,0
2676,0.30250488966703415,0.30250488966703415,0,0,0
2677,0.34005094319581985,0.34005094319581985,0,0,0
2678,0.3182472959160805,0.3182472959160805,0,0,0
2679,0.3348119556903839,0.3348119556903839,0,0,0
2680,0.33748651295900345,0.33748651295900345,0,0,0
2681,0.36782822757959366,0.36782822757959366,0,0,0
2682,0.3186672180891037,0.3186672180891037,0,0,0
2683,0.33813659101724625,0.33813659101724625,0,0,0
2684,0.34250736981630325,0.34250736981630325,0,0,0
2685,0.3329513818025589,0.3329513818025589,0,0,0
2686,0.3393624871969223,0.3393624871969223,0,0,0
2687,0.31812019646167755,0.31812019646167755,0,0,0
2688,0.31392907351255417,0.31392907351255417,0,0,0
2689,0.3550353869795799,0.3550353869795799,0,0,0
2690,0.3388623967766762,0.3388623967766762,0,0,0
2691,0.34261104464530945,0.34261104464530945,0,0,0
2692,0.3183451369404793,0.3183451369404793,0,0,0
2693,0.3133010268211365,0.3133010268211365,0,0,0
2694,0.32389862835407257,0.32389862835407257,0,0,0
2695,0.33936695754528046,0.33936695754528046,0,0,0
2696,0.3194562643766403,0.3194562643766403,0,0,0
2697,0.36511409282684326,0.36511409282684326,0,0,0
2698,0.32734256237745285,0.32734256237745285,0,0,0
2699,0.3461417183279991,0.3461417183279991,0,0,0
2700,0.34701458364725113,0.34701458364725113,0,0,0
2701,0.34553389996290207,0.34553389996290207,0,0,0
2702,0.3497541770339012,0.3497541770339012,0,0,0
2703,0.3189510256052017,0.3189510256052017,0,0,0
2704,0.3116315081715584,0.3116315081715584,0,0,0
2705,0.37226177752017975,0.37226177752017975,0,0,0
2706,0.3642064854502678,0.3642064854502678,0,0,0
2707,0.32196706533432007,0.32196706533432007,0,0,0
2708,0.4181043654680252,0.4181043654680252,0,0,0
2709,0.33681902289390564,0.33681902289390564,0,0,0
2710,0.3213406205177307,0.3213406205177307,0,0,0
2711,0.3521113395690918,0.3521113395690918,0,0,0
2712,0.3206528127193451,0.3206528127193451,0,0,0
2713,0.330445259809494,0.330445259809494,0,0,0
2714,0.3416081443428993,0.3416081443428993,0,0,0
2715,0.37461040169000626,0.37461040169000626,0,0,0
2716,0.30893901735544205,0.30893901735544205,0,0,0
2717,0.3215208575129509,0.3215208575129509,0,0,0
2718,0.3525867685675621,0.3525867685675621,0,0,0
2719,0.31295226514339447,0.31295226514339447,0,0,0
2720,0.3098559305071831,0.3098559305071831,0,0,0
2721,0.3132989779114723,0.3132989779114723,0,0,0
2722,0.31687912344932556,0.31687912344932556,0,0,0
2723,0.3505215272307396,0.3505215272307396,0,0,0
2724,0.31667201966047287,0.31667201966047287,0,0,0
2725,0.31983183324337006,0.31983183324337006,0,0,0
2726,0.3210228532552719,0.3210228532552719,0,0,0
2727,0.34195205569267273,0.34195205569267273,0,0,0
2728,0.33570265024900436,0.33570265024900436,0,0,0
2729,0.31955014169216156,0.31955014169216156,0,0,0
2730,0.3359431102871895,0.3359431102871895,0,0,0
2731,0.4212377145886421,0.4212377145886421,0,0,0
2732,0.38794951140880585,0.38794951140880585,0,0,0
2733,0.4020901396870613,0.4020901396870613,0,0,0
2734,0.3076673001050949,0.3076673001050949,0,0,0
2735,0.4025843217968941,0.4025843217968941,0,0,0
2736,0.3529680669307709,0.3529680669307709,0,0,0
2737,0.32564664632081985,0.32564664632081985,0,0,0
2738,0.33055001497268677,0.33055001497268677,0,0,0
2739,0.32434166222810745,0.32434166222810745,0,0,0
2740,0.31905487179756165,0.31905487179756165,0,0,0
2741,0.30682265013456345,0.30682265013456345,0,0,0
2742,0.3786615580320358,0.3786615580320358,0,0,0
2743,0.3160359263420105,0.3160359263420105,0,0,0
2744,0.3103323429822922,0.3103323429822922,0,0,0
2745,0.3497792035341263,0.3497792035341263,0,0,0
2746,0.3185633271932602,0.3185633271932602,0,0,0
2747,0.30637285113334656,0.30637285113334656,0,0,0
2748,0.30568069964647293,0.30568069964647293,0,0,0
2749,0.38185083121061325,0.38185083121061325,0,0,0
2750,0.327011302113533,0.327011302113533,0,0,0
2751,0.3183297663927078,0.3183297663927078,0,0,0
2752,0.315481036901474,0.315481036901474,0,0,0
2753,0.37150058150291443,0.37150058150291443,0,0,0
2754,0.31410057097673416,0.31410057097673416,0,0,0
2755,0.33463921397924423,0.33463921397924423,0,0,0
2756,0.3145490661263466,0.3145490661263466,0,0,0
2757,0.3443564623594284,0.3443564623594284,0,0,0
2758,0.30738070607185364,0.30738070607185364,0,0,0
2759,0.38065119087696075,0.38065119087696075,0,0,0
2760,0.3149888962507248,0.3149888962507248,0,0,0
2761,0.325794517993927,0.325794517993927,0,0,0
2762,0.30963215231895447,0.30963215231895447,0,0,0
2763,0.3378428593277931,0.3378428593277931,0,0,0
2764,0.3500243201851845,0.3500243201851845,0,0,0
2765,0.32141441106796265,0.32141441106796265,0,0,0
2766,0.3339282050728798,0.3339282050728798,0,0,0
2767,0.32583632320165634,0.32583632320165634,0,0,0
2768,0.3060186579823494,0.3060186579823494,0,0,0
2769,0.30716103315353394,0.30716103315353394,0,0,0
2770,0.34729083627462387,0.34729083627462387,0,0,0
2771,0.3293019086122513,0.3293019086122513,0,0,0
2772,0.30606400966644287,0.30606400966644287,0,0,0
2773,0.35248102992773056,0.35248102992773056,0,0,0
2774,0.3153931722044945,0.3153931722044945,0,0,0
2775,0.33444517850875854,0.33444517850875854,0,0,0
2776,0.33834776282310486,0.33834776282310486,0,0,0
2777,0.3098594397306442,0.3098594397306442,0,0,0
2778,0.3837922140955925,0.3837922140955925,0,0,0
2779,0.303609274327755,0.303609274327755,0,0,0
2780,0.34121252596378326,0.34121252596378326,0,0,0
2781,0.30643709748983383,0.30643709748983383,0,0,0
2782,0.3376610651612282,0.3376610651612282,0,0,0
2783,0.3007568046450615,0.3007568046450615,0,0,0
2784,0.3103379011154175,0.3103379011154175,0,0,0
2785,0.329290471971035,0.329290471971035,0,0,0
2786,0.32374076545238495,0.32374076545238495,0,0,0
2787,0.38602016866207123,0.38602016866207123,0,0,0
2788,0.32270244508981705,0.32270244508981705,0,0,0
2789,0.32664158195257187,0.32664158195257187,0,0,0
2790,0.3435158208012581,0.3435158208012581,0,0,0
2791,0.3240417018532753,0.3240417018532753,0,0,0
2792,0.3116907700896263,0.3116907700896263,0,0,0
2793,0.3076157867908478,0.3076157867908478,0,0,0
2794,0.35882779210805893,0.35882779210805893,0,0,0
2795,0.3055904284119606,0.3055904284119606,0,0,0
2796,0.302904449403286,0.302904449403286,0,0,0
2797,0.30083705484867096,0.30083705484867096,0,0,0
2798,0.3072333484888077,0.3072333484888077,0,0,0
2799,0.3265689015388489,0.3265689015388489,0,0,0
2800,0.3024562671780586,0.3024562671780586,0,0,0
2801,0.3161209002137184,0.3161209002137184,0,0,0
2802,0.3259694129228592,0.3259694129228592,0,0,0
2803,0.30335117876529694,0.30335117876529694,0,0,0
2804,0.3122774213552475,0.3122774213552475,0,0,0
2805,0.3620135113596916,0.3620135113596916,0,0,0
2806,0.32265039533376694,0.32265039533376694,0,0,0
2807,0.33213116228580475,0.33213116228580475,0,0,0
2808,0.3140103369951248,0.3140103369951248,0,0,0
2809,0.30899787694215775,0.30899787694215775,0,0,0
2810,0.2979523241519928,0.2979523241519928,0,0,0
2811,0.3154882416129112,0.3154882416129112,0,0,0
2812,0.3160063177347183,0.3160063177347183,0,0,0
2813,0.3103449046611786,0.3103449046611786,0,0,0
2814,0.3104827478528023,0.3104827478528023,0,0,0
2815,0.35239434242248535,0.35239434242248535,0,0,0
2816,0.3028484731912613,0.3028484731912613,0,0,0
2817,0.40368063747882843,0.40368063747882843,0,0,0
2818,0.30575862526893616,0.30575862526893616,0,0,0
2819,0.31629110127687454,0.31629110127687454,0,0,0
2820,0.31388090550899506,0.31388090550899506,0,0,0
2821,0.326617069542408,0.326617069542408,0,0,0
2822,0.30600713193416595,0.30600713193416595,0,0,0
2823,0.307232990860939,0.307232990860939,0,0,0
2824,0.31457139551639557,0.31457139551639557,0,0,0
2825,0.33421965688467026,0.33421965688467026,0,0,0
2826,0.30059343576431274,0.30059343576431274,0,0,0
2827,0.3684869259595871,0.3684869259595871,0,0,0
2828,0.34015002846717834,0.34015002846717834,0,0,0
2829,0.362116701900959,0.362116701900959,0,0,0
2830,0.3021901547908783,0.3021901547908783,0,0,0
2831,0.3048313483595848,0.3048313483595848,0,0,0
2832,0.3228215053677559,0.3228215053677559,0,0,0
2833,0.29893533885478973,0.29893533885478973,0,0,0
2834,0.35998814553022385,0.35998814553022385,0,0,0
2835,0.30860185623168945,0.30860185623168945,0,0,0
2836,0.3040063604712486,0.3040063604712486,0,0,0
2837,0.31027985364198685,0.31027985364198685,0,0,0
2838,0.32128284126520157,0.32128284126520157,0,0,0
2839,0.362380713224411,0.362380713224411,0,0,0
2840,0.3185846880078316,0.3185846880078316,0,0,0
2841,0.31046854704618454,0.31046854704618454,0,0,0
2842,0.30633629858493805,0.30633629858493805,0,0,0
2843,0.3176289200782776,0.3176289200782776,0,0,0
2844,0.35595183819532394,0.35595183819532394,0,0,0
2845,0.3026100993156433,0.3026100993156433,0,0,0
2846,0.3244316130876541,0.3244316130876541,0,0,0
2847,0.3328554928302765,0.3328554928302765,0,0,0
2848,0.3057039678096771,0.3057039678096771,0,0,0
2849,0.39617206901311874,0.39617206901311874,0,0,0
2850,0.31509050726890564,0.31509050726890564,0,0,0
2851,0.3029170483350754,0.3029170483350754,0,0,0
2852,0.3353975713253021,0.3353975713253021,0,0,0
2853,0.3180891275405884,0.3180891275405884,0,0,0
2854,0.3483153209090233,0.3483153209090233,0,0,0
2855,0.31093723326921463,0.31093723326921463,0,0,0
2856,0.30080075562000275,0.30080075562000275,0,0,0
2857,0.30003295093774796,0.30003295093774796,0,0,0
2858,0.3362579792737961,0.3362579792737961,0,0,0
2859,0.32588735967874527,0.32588735967874527,0,0,0
2860,0.31966888159513474,0.31966888159513474,0,0,0
2861,0.34473928064107895,0.34473928064107895,0,0,0
2862,0.31628378480672836,0.31628378480672836,0,0,0
2863,0.30369803309440613,0.30369803309440613,0,0,0
2864,0.3157619535923004,0.3157619535923004,0,0,0
2865,0.3041253834962845,0.3041253834962845,0,0,0
2866,0.31012531369924545,0.31012531369924545,0,0,0
2867,0.3033795729279518,0.3033795729279518,0,0,0
2868,0.3450254425406456,0.3450254425406456,0,0,0
2869,0.32919955253601074,0.32919955253601074,0,0,0
2870,0.3428381234407425,0.3428381234407425,0,0,0
2871,0.2977394536137581,0.2977394536137581,0,0,0
2872,0.3626028299331665,0.3626028299331665,0,0,0
2873,0.31888628005981445,0.31888628005981445,0,0,0
2874,0.3061368316411972,0.3061368316411972,0,0,0
2875,0.3280589133501053,0.3280589133501053,0,0,0
2876,0.31149931252002716,0.31149931252002716,0,0,0
2877,0.3057258203625679,0.3057258203625679,0,0,0
2878,0.30983780324459076,0.30983780324459076,0,0,0
2879,0.3154832050204277,0.3154832050204277,0,0,0
2880,0.3020172491669655,0.3020172491669655,0,0,0
2881,0.31313999742269516,0.31313999742269516,0,0,0
2882,0.3072674497961998,0.3072674497961998,0,0,0
2883,0.5620569810271263,0.5620569810271263,0,0,0
2884,0.30626344680786133,0.30626344680786133,0,0,0
2885,0.3383568152785301,0.3383568152785301,0,0,0
2886,0.3015862926840782,0.3015862926840782,0,0,0
2887,0.32775986194610596,0.32775986194610596,0,0,0
2888,0.3426624983549118,0.3426624983549118,0,0,0
2889,0.3090049549937248,0.3090049549937248,0,0,0
2890,0.3267878070473671,0.3267878070473671,0,0,0
2891,0.33155325800180435,0.33155325800180435,0,0,0
2892,0.38412895798683167,0.38412895798683167,0,0,0
2893,0.3099149912595749,0.3099149912595749,0,0,0
2894,0.30985789746046066,0.30985789746046066,0,0,0
2895,0.3278171569108963,0.3278171569108963,0,0,0
2896,0.3331291750073433,0.3331291750073433,0,0,0
2897,0.2975481450557709,0.2975481450557709,0,0,0
2898,0.333273246884346,0.333273246884346,0,0,0
2899,0.2929852306842804,0.2929852306842804,0,0,0
2900,0.3099502772092819,0.3099502772092819,0,0,0
2901,0.3051421493291855,0.3051421493291855,0,0,0
2902,0.31391528248786926,0.31391528248786926,0,0,0
2903,0.3063696548342705,0.3063696548342705,0,0,0
2904,0.3178766444325447,0.3178766444325447,0,0,0
2905,0.2935754060745239,0.2935754060745239,0,0,0
2906,0.3010769784450531,0.3010769784450531,0,0,0
2907,0.3023095205426216,0.3023095205426216,0,0,0
2908,0.30504488199949265,0.30504488199949265,0,0,0
2909,0.29938334971666336,0.29938334971666336,0,0,0
2910,0.33374714106321335,0.33374714106321335,0,0,0
2911,0.32166605442762375,0.32166605442762375,0,0,0
2912,0.2997395098209381,0.2997395098209381,0,0,0
2913,0.2958206459879875,0.2958206459879875,0,0,0
2914,0.2926952615380287,0.2926952615380287,0,0,0
2915,0.30378811061382294,0.30378811061382294,0,0,0
2916,0.2916099801659584,0.2916099801659584,0,0,0
2917,0.31568727642297745,0.31568727642297745,0,0,0
2918,0.29885224997997284,0.29885224997997284,0,0,0
2919,0.3098464757204056,0.3098464757204056,0,0,0
2920,0.3043161407113075,0.3043161407113075,0,0,0
2921,0.3355070501565933,0.3355070501565933,0,0,0
2922,0.2937259301543236,0.2937259301543236,0,0,0
2923,0.3045841082930565,0.3045841082930565,0,0,0
2924,0.34300872683525085,0.34300872683525085,0,0,0
2925,0.30106697976589203,0.30106697976589203,0,0,0
2926,0.3149416670203209,0.3149416670203209,0,0,0
2927,0.31982021778821945,0.31982021778821945,0,0,0
2928,0.3294445052742958,0.3294445052742958,0,0,0
2929,0.31583699584007263,0.31583699584007263,0,0,0
2930,0.30374397337436676,0.30374397337436676,0,0,0
2931,0.3199753165245056,0.3199753165245056,0,0,0
2932,0.30250971019268036,0.30250971019268036,0,0,0
2933,0.299870103597641,0.299870103597641,0,0,0
2934,0.3112446591258049,0.3112446591258049,0,0,0
2935,0.3003736138343811,0.3003736138343811,0,0,0
2936,0.310866080224514,0.310866080224514,0,0,0
2937,0.4088560938835144,0.4088560938835144,0,0,0
2938,0.3018644452095032,0.3018644452095032,0,0,0
2939,0.3222062960267067,0.3222062960267067,0,0,0
2940,0.3116014078259468,0.3116014078259468,0,0,0
2941,0.3559867739677429,0.3559867739677429,0,0,0
2942,0.3054313361644745,0.3054313361644745,0,0,0
2943,0.2885432466864586,0.2885432466864586,0,0,0
2944,0.31804879754781723,0.31804879754781723,0,0,0
2945,0.33967722207307816,0.33967722207307816,0,0,0
2946,0.3421770930290222,0.3421770930290222,0,0,0
2947,0.3089803606271744,0.3089803606271744,0,0,0
2948,0.30282801389694214,0.30282801389694214,0,0,0
2949,0.30444639921188354,0.30444639921188354,0,0,0
2950,0.30070918798446655,0.30070918798446655,0,0,0
2951,0.3022829219698906,0.3022829219698906,0,0,0
2952,0.30760327726602554,0.30760327726602554,0,0,0
2953,0.33374080806970596,0.33374080806970596,0,0,0
2954,0.3169449269771576,0.3169449269771576,0,0,0
2955,0.2914695292711258,0.2914695292711258,0,0,0
2956,0.3359142541885376,0.3359142541885376,0,0,0
2957,0.32444698363542557,0.32444698363542557,0,0,0
2958,0.3167155906558037,0.3167155906558037,0,0,0
2959,0.3094051703810692,0.3094051703810692,0,0,0
2960,0.30720698833465576,0.30720698833465576,0,0,0
2961,0.32415368407964706,0.32415368407964706,0,0,0
2962,0.29220765829086304,0.29220765829086304,0,0,0
2963,0.31361787766218185,0.31361787766218185,0,0,0
2964,0.30616556853055954,0.30616556853055954,0,0,0
2965,0.3031899854540825,0.3031899854540825,0,0,0
2966,0.3143523409962654,0.3143523409962654,0,0,0
2967,0.32418444007635117,0.32418444007635117,0,0,0
2968,0.3312005549669266,0.3312005549669266,0,0,0
2969,0.2986399084329605,0.2986399084329605,0,0,0
2970,0.30186380445957184,0.30186380445957184,0,0,0
2971,0.41331106424331665,0.41331106424331665,0,0,0
2972,0.30641694366931915,0.30641694366931915,0,0,0
2973,0.30853910744190216,0.30853910744190216,0,0,0
2974,0.29531682282686234,0.29531682282686234,0,0,0
2975,0.30423803627491,0.30423803627491,0,0,0
2976,0.30953463912010193,0.30953463912010193,0,0,0
2977,0.3220496103167534,0.3220496103167534,0,0,0
2978,0.30611324310302734,0.30611324310302734,0,0,0
2979,0.2940874919295311,0.2940874919295311,0,0,0
2980,0.30655723810195923,0.30655723810195923,0,0,0
2981,0.2966496869921684,0.2966496869921684,0,0,0
2982,0.2939990982413292,0.2939990982413292,0,0,0
2983,0.30408938974142075,0.30408938974142075,0,0,0
2984,0.3139248341321945,0.3139248341321945,0,0,0
2985,0.29575618356466293,0.29575618356466293,0,0,0
2986,0.37678153067827225,0.37678153067827225,0,0,0
2987,0.3006191551685333,0.3006191551685333,0,0,0
2988,0.3520386144518852,0.3520386144518852,0,0,0
2989,0.29966674745082855,0.29966674745082855,0,0,0
2990,0.30712299048900604,0.30712299048900604,0,0,0
2991,0.3100912719964981,0.3100912719964981,0,0,0
2992,0.3227800205349922,0.3227800205349922,0,0,0
2993,0.3317442759871483,0.3317442759871483,0,0,0
2994,0.3131173104047775,0.3131173104047775,0,0,0
2995,0.343896821141243,0.343896821141243,0,0,0
2996,0.35742466151714325,0.35742466151714325,0,0,0
2997,0.3006777912378311,0.3006777912378311,0,0,0
2998,0.31678222119808197,0.31678222119808197,0,0,0
2999,0.3111216202378273,0.3111216202378273,0,0,0
3000,0.3560089245438576,0.3560089245438576,0,0,0
3001,0.3412969782948494,0.3412969782948494,0,0,0
3002,0.2996796518564224,0.2996796518564224,0,0,0
3003,0.30727148056030273,0.30727148056030273,0,0,0
3004,0.3010825514793396,0.3010825514793396,0,0,0
3005,0.30907000601291656,0.30907000601291656,0,0,0
3006,0.3120625391602516,0.3120625391602516,0,0,0
3007,0.33758801966905594,0.33758801966905594,0,0,0
3008,0.3147747218608856,0.3147747218608856,0,0,0
3009,0.30505719035863876,0.30505719035863876,0,0,0
3010,0.3119024410843849,0.3119024410843849,0,0,0
3011,0.31530093401670456,0.31530093401670456,0,0,0
3012,0.2995494678616524,0.2995494678616524,0,0,0
3013,0.2919360399246216,0.2919360399246216,0,0,0
3014,0.32622455805540085,0.32622455805540085,0,0,0
3015,0.3005433827638626,0.3005433827638626,0,0,0
3016,0.30908989906311035,0.30908989906311035,0,0,0
3017,0.36796747148036957,0.36796747148036957,0,0,0
3018,0.2990054041147232,0.2990054041147232,0,0,0
3019,0.29997022449970245,0.29997022449970245,0,0,0
3020,0.29001282155513763,0.29001282155513763,0,0,0
3021,0.3288590535521507,0.3288590535521507,0,0,0
3022,0.2892275005578995,0.2892275005578995,0,0,0
3023,0.31016453355550766,0.31016453355550766,0,0,0
3024,0.3319975510239601,0.3319975510239601,0,0,0
3025,0.30910056084394455,0.30910056084394455,0,0,0
3026,0.3176395446062088,0.3176395446062088,0,0,0
3027,0.31413624435663223,0.31413624435663223,0,0,0
3028,0.30706606805324554,0.30706606805324554,0,0,0
3029,0.31493645906448364,0.31493645906448364,0,0,0
3030,0.2890092730522156,0.2890092730522156,0,0,0
3031,0.2948233485221863,0.2948233485221863,0,0,0
3032,0.32229774445295334,0.32229774445295334,0,0,0
3033,0.2976633235812187,0.2976633235812187,0,0,0
3034,0.2942323759198189,0.2942323759198189,0,0,0
3035,0.33301154524087906,0.33301154524087906,0,0,0
3036,0.3073876276612282,0.3073876276612282,0,0,0
3037,0.30986830592155457,0.30986830592155457,0,0,0
3038,0.3184769079089165,0.3184769079089165,0,0,0
3039,0.31596487015485764,0.31596487015485764,0,0,0
3040,0.2990958169102669,0.2990958169102669,0,0,0
3041,0.30534016340970993,0.30534016340970993,0,0,0
3042,0.2929130345582962,0.2929130345582962,0,0,0
3043,0.2966170236468315,0.2966170236468315,0,0,0
3044,0.2878901734948158,0.2878901734948158,0,0,0
3045,0.29907143115997314,0.29907143115997314,0,0,0
3046,0.30835986882448196,0.30835986882448196,0,0,0
3047,0.3137129172682762,0.3137129172682762,0,0,0
3048,0.31832627952098846,0.31832627952098846,0,0,0
3049,0.29692307859659195,0.29692307859659195,0,0,0
3050,0.322187103331089,0.322187103331089,0,0,0
3051,0.29792286455631256,0.29792286455631256,0,0,0
3052,0.3041633069515228,0.3041633069515228,0,0,0
3053,0.3025471121072769,0.3025471121072769,0,0,0
3054,0.31086932122707367,0.31086932122707367,0,0,0
3055,0.34096983075141907,0.34096983075141907,0,0,0
3056,0.3784554749727249,0.3784554749727249,0,0,0
3057,0.3106689229607582,0.3106689229607582,0,0,0
3058,0.32630354166030884,0.32630354166030884,0,0,0
3059,0.31818737834692,0.31818737834692,0,0,0
3060,0.30442064255476,0.30442064255476,0,0,0
3061,0.29827337712049484,0.29827337712049484,0,0,0
3062,0.3028232678771019,0.3028232678771019,0,0,0
3063,0.3085367828607559,0.3085367828607559,0,0,0
3064,0.30026157945394516,0.30026157945394516,0,0,0
3065,0.3025480806827545,0.3025480806827545,0,0,0
3066,0.29402701556682587,0.29402701556682587,0,0,0
3067,0.3038254529237747,0.3038254529237747,0,0,0
3068,0.2985259220004082,0.2985259220004082,0,0,0
3069,0.3330560550093651,0.3330560550093651,0,0,0
3070,0.34970130026340485,0.34970130026340485,0,0,0
3071,0.29584480822086334,0.29584480822086334,0,0,0
3072,0.31052597612142563,0.31052597612142563,0,0,0
3073,0.3070720061659813,0.3070720061659813,0,0,0
3074,0.2914234846830368,0.2914234846830368,0,0,0
3075,0.2996470108628273,0.2996470108628273,0,0,0
3076,0.33403725177049637,0.33403725177049637,0,0,0
3077,0.2969238758087158,0.2969238758087158,0,0,0
3078,0.2921769917011261,0.2921769917011261,0,0,0
3079,0.2949894145131111,0.2949894145131111,0,0,0
3080,0.3168910965323448,0.3168910965323448,0,0,0
3081,0.2860739603638649,0.2860739603638649,0,0,0
3082,0.3005664125084877,0.3005664125084877,0,0,0
3083,0.30596524477005005,0.30596524477005005,0,0,0
3084,0.31141267716884613,0.31141267716884613,0,0,0
3085,0.2968974858522415,0.2968974858522415,0,0,0
3086,0.3136669397354126,0.3136669397354126,0,0,0
3087,0.364496074616909,0.364496074616909,0,0,0
3088,0.3118158355355263,0.3118158355355263,0,0,0
3089,0.315785713493824,0.315785713493824,0,0,0
3090,0.29295527189970016,0.29295527189970016,0,0,0
3091,0.3227309063076973,0.3227309063076973,0,0,0
3092,0.29697898775339127,0.29697898775339127,0,0,0
3093,0.3095520958304405,0.3095520958304405,0,0,0
3094,0.33095841854810715,0.33095841854810715,0,0,0
3095,0.2961360290646553,0.2961360290646553,0,0,0
3096,0.34981769323349,0.34981769323349,0,0,0
3097,0.29632680863142014,0.29632680863142014,0,0,0
3098,0.30597738176584244,0.30597738176584244,0,0,0
3099,0.3161047101020813,0.3161047101020813,0,0,0
3100,0.3343796133995056,0.3343796133995056,0,0,0
3101,0.3109537288546562,0.3109537288546562,0,0,0
3102,0.31256889551877975,0.31256889551877975,0,0,0
3103,0.29266776144504547,0.29266776144504547,0,0,0
3104,0.2871786132454872,0.2871786132454872,0,0,0
3105,0.2908463552594185,0.2908463552594185,0,0,0
3106,0.2970728427171707,0.2970728427171707,0,0,0
3107,0.29850979894399643,0.29850979894399643,0,0,0
3108,0.29572565853595734,0.29572565853595734,0,0,0
3109,0.3120659589767456,0.3120659589767456,0,0,0
3110,0.2876567766070366,0.2876567766070366,0,0,0
3111,0.30157846212387085,0.30157846212387085,0,0,0
3112,0.3027544692158699,0.3027544692158699,0,0,0
3113,0.30544768273830414,0.30544768273830414,0,0,0
3114,0.3008536621928215,0.3008536621928215,0,0,0
3115,0.295825757086277,0.295825757086277,0,0,0
3116,0.31578804552555084,0.31578804552555084,0,0,0
3117,0.30849530547857285,0.30849530547857285,0,0,0
3118,0.3073324039578438,0.3073324039578438,0,0,0
3119,0.31045928597450256,0.31045928597450256,0,0,0
3120,0.29975683987140656,0.29975683987140656,0,0,0
3121,0.31334586441516876,0.31334586441516876,0,0,0
3122,0.30080852657556534,0.30080852657556534,0,0,0
3123,0.2866571396589279,0.2866571396589279,0,0,0
3124,0.2974140793085098,0.2974140793085098,0,0,0
3125,0.3179735466837883,0.3179735466837883,0,0,0
3126,0.2978340983390808,0.2978340983390808,0,0,0
3127,0.2962818667292595,0.2962818667292595,0,0,0
3128,0.2894624099135399,0.2894624099135399,0,0,0
3129,0.30742914974689484,0.30742914974689484,0,0,0
3130,0.3045418784022331,0.3045418784022331,0,0,0
3131,0.3475648760795593,0.3475648760795593,0,0,0
3132,0.3097814545035362,0.3097814545035362,0,0,0
3133,0.2973038777709007,0.2973038777709007,0,0,0
3134,0.33153893053531647,0.33153893053531647,0,0,0
3135,0.3162325397133827,0.3162325397133827,0,0,0
3136,0.2893966808915138,0.2893966808915138,0,0,0
3137,0.30547384172677994,0.30547384172677994,0,0,0
3138,0.3128429278731346,0.3128429278731346,0,0,0
3139,0.29665975272655487,0.29665975272655487,0,0,0
3140,0.28723467141389847,0.28723467141389847,0,0,0
3141,0.2977610006928444,0.2977610006928444,0,0,0
3142,0.3980683758854866,0.3980683758854866,0,0,0
3143,0.36587943136692047,0.36587943136692047,0,0,0
3144,0.2886030897498131,0.2886030897498131,0,0,0
3145,0.3484407663345337,0.3484407663345337,0,0,0
3146,0.2880500480532646,0.2880500480532646,0,0,0
3147,0.2983708083629608,0.2983708083629608,0,0,0
3148,0.30152568221092224,0.30152568221092224,0,0,0
3149,0.31548115611076355,0.31548115611076355,0,0,0
3150,0.2914631813764572,0.2914631813764572,0,0,0
3151,0.2945196032524109,0.2945196032524109,0,0,0
3152,0.2972935438156128,0.2972935438156128,0,0,0
3153,0.406336285173893,0.406336285173893,0,0,0
3154,0.292543962597847,0.292543962597847,0,0,0
3155,0.31385333836078644,0.31385333836078644,0,0,0
3156,0.302957221865654,0.302957221865654,0,0,0
3157,0.29091746360063553,0.29091746360063553,0,0,0
3158,0.31552714854478836,0.31552714854478836,0,0,0
3159,0.2903205379843712,0.2903205379843712,0,0,0
3160,0.2871209979057312,0.2871209979057312,0,0,0
3161,0.29027602821588516,0.29027602821588516,0,0,0
3162,0.29064033925533295,0.29064033925533295,0,0,0
3163,0.291057825088501,0.291057825088501,0,0,0
3164,0.2944837436079979,0.2944837436079979,0,0,0
3165,0.29098573327064514,0.29098573327064514,0,0,0
3166,0.33084625005722046,0.33084625005722046,0,0,0
3167,0.2890603691339493,0.2890603691339493,0,0,0
3168,0.2976800426840782,0.2976800426840782,0,0,0
3169,0.2908559888601303,0.2908559888601303,0,0,0
3170,0.30823053419589996,0.30823053419589996,0,0,0
3171,0.28690005838871,0.28690005838871,0,0,0
3172,0.2912563979625702,0.2912563979625702,0,0,0
3173,0.2871331572532654,0.2871331572532654,0,0,0
3174,0.3224203959107399,0.3224203959107399,0,0,0
3175,0.2910255342721939,0.2910255342721939,0,0,0
3176,0.3215898424386978,0.3215898424386978,0,0,0
3177,0.3155154809355736,0.3155154809355736,0,0,0
3178,0.2909447103738785,0.2909447103738785,0,0,0
3179,0.3043511360883713,0.3043511360883713,0,0,0
3180,0.29024042934179306,0.29024042934179306,0,0,0
3181,0.3055053576827049,0.3055053576827049,0,0,0
3182,0.28831391781568527,0.28831391781568527,0,0,0
3183,0.30506637692451477,0.30506637692451477,0,0,0
3184,0.31031956523656845,0.31031956523656845,0,0,0
3185,0.2899427264928818,0.2899427264928818,0,0,0
3186,0.29032082110643387,0.29032082110643387,0,0,0
3187,0.2945512905716896,0.2945512905716896,0,0,0
3188,0.3246259316802025,0.3246259316802025,0,0,0
3189,0.30323249101638794,0.30323249101638794,0,0,0
3190,0.2949337884783745,0.2949337884783745,0,0,0
3191,0.30390480905771255,0.30390480905771255,0,0,0
3192,0.303033284842968,0.303033284842968,0,0,0
3193,0.29806702584028244,0.29806702584028244,0,0,0
3194,0.2897360101342201,0.2897360101342201,0,0,0
3195,0.2992905303835869,0.2992905303835869,0,0,0
3196,0.292088583111763,0.292088583111763,0,0,0
3197,0.3015792742371559,0.3015792742371559,0,0,0
3198,0.3137666881084442,0.3137666881084442,0,0,0
3199,0.32126520574092865,0.32126520574092865,0,0,0
3200,0.29229971021413803,0.29229971021413803,0,0,0
3201,0.30729934573173523,0.30729934573173523,0,0,0
3202,0.2980418875813484,0.2980418875813484,0,0,0
3203,0.2936990484595299,0.2936990484595299,0,0,0
3204,0.2905662953853607,0.2905662953853607,0,0,0
3205,0.29888200759887695,0.29888200759887695,0,0,0
3206,0.32404761761426926,0.32404761761426926,0,0,0
3207,0.3051065057516098,0.3051065057516098,0,0,0
3208,0.29823387414216995,0.29823387414216995,0,0,0
3209,0.31541623175144196,0.31541623175144196,0,0,0
3210,0.2954108789563179,0.2954108789563179,0,0,0
3211,0.30949098616838455,0.30949098616838455,0,0,0
3212,0.2911244258284569,0.2911244258284569,0,0,0
3213,0.29574935138225555,0.29574935138225555,0,0,0
3214,0.2915448248386383,0.2915448248386383,0,0,0
3215,0.2873517870903015,0.2873517870903015,0,0,0
3216,0.3015675023198128,0.3015675023198128,0,0,0
3217,0.282608263194561,0.282608263194561,0,0,0
3218,0.31076567620038986,0.31076567620038986,0,0,0
3219,0.29445581138134,0.29445581138134,0,0,0
3220,0.28851427882909775,0.28851427882909775,0,0,0
3221,0.29940689355134964,0.29940689355134964,0,0,0
3222,0.302168644964695,0.302168644964695,0,0,0
3223,0.29666776210069656,0.29666776210069656,0,0,0
3224,0.30748218297958374,0.30748218297958374,0,0,0
3225,0.3093789517879486,0.3093789517879486,0,0,0
3226,0.2968689724802971,0.2968689724802971,0,0,0
3227,0.2849363461136818,0.2849363461136818,0,0,0
3228,0.28818291425704956,0.28818291425704956,0,0,0
3229,0.29482898861169815,0.29482898861169815,0,0,0
3230,0.29204124212265015,0.29204124212265015,0,0,0
3231,0.28770706057548523,0.28770706057548523,0,0,0
3232,0.3085338771343231,0.3085338771343231,0,0,0
3233,0.29113175719976425,0.29113175719976425,0,0,0
3234,0.3148553594946861,0.3148553594946861,0,0,0
3235,0.2915068566799164,0.2915068566799164,0,0,0
3236,0.2821072190999985,0.2821072190999985,0,0,0
3237,0.29513634741306305,0.29513634741306305,0,0,0
3238,0.31033291667699814,0.31033291667699814,0,0,0
3239,0.2990271747112274,0.2990271747112274,0,0,0
3240,0.2944584786891937,0.2944584786891937,0,0,0
3241,0.2923794090747833,0.2923794090747833,0,0,0
3242,0.3045457527041435,0.3045457527041435,0,0,0
3243,0.2993176504969597,0.2993176504969597,0,0,0
3244,0.2922041416168213,0.2922041416168213,0,0,0
3245,0.28394319862127304,0.28394319862127304,0,0,0
3246,0.3005169928073883,0.3005169928073883,0,0,0
3247,0.2876168042421341,0.2876168042421341,0,0,0
3248,0.31679369509220123,0.31679369509220123,0,0,0
3249,0.28742919117212296,0.28742919117212296,0,0,0
3250,0.3117786571383476,0.3117786571383476,0,0,0
3251,0.29084279388189316,0.29084279388189316,0,0,0
3252,0.28524017333984375,0.28524017333984375,0,0,0
3253,0.3049352094531059,0.3049352094531059,0,0,0
3254,0.32168664038181305,0.32168664038181305,0,0,0
3255,0.2871904671192169,0.2871904671192169,0,0,0
3256,0.29125750809907913,0.29125750809907913,0,0,0
3257,0.28859052807092667,0.28859052807092667,0,0,0
3258,0.2954109460115433,0.2954109460115433,0,0,0
3259,0.2875371649861336,0.2875371649861336,0,0,0
3260,0.3034158945083618,0.3034158945083618,0,0,0
3261,0.2909994572401047,0.2909994572401047,0,0,0
3262,0.323271207511425,0.323271207511425,0,0,0
3263,0.3023791238665581,0.3023791238665581,0,0,0
3264,0.32504411041736603,0.32504411041736603,0,0,0
3265,0.2935964837670326,0.2935964837670326,0,0,0
3266,0.296331487596035,0.296331487596035,0,0,0
3267,0.29305965453386307,0.29305965453386307,0,0,0
3268,0.29596908390522003,0.29596908390522003,0,0,0
3269,0.31792979687452316,0.31792979687452316,0,0,0
3270,0.2870718464255333,0.2870718464255333,0,0,0
3271,0.2909550219774246,0.2909550219774246,0,0,0
3272,0.28939811140298843,0.28939811140298843,0,0,0
3273,0.2863875478506088,0.2863875478506088,0,0,0
3274,0.29097212851047516,0.29097212851047516,0,0,0
3275,0.2856294959783554,0.2856294959783554,0,0,0
3276,0.29477275162935257,0.29477275162935257,0,0,0
3277,0.2949090600013733,0.2949090600013733,0,0,0
3278,0.29996301233768463,0.29996301233768463,0,0,0
3279,0.2929631173610687,0.2929631173610687,0,0,0
3280,0.29331082850694656,0.29331082850694656,0,0,0
3281,0.2916632741689682,0.2916632741689682,0,0,0
3282,0.30526306480169296,0.30526306480169296,0,0,0
3283,0.291956402361393,0.291956402361393,0,0,0
3284,0.29381661117076874,0.29381661117076874,0,0,0
3285,0.2927589938044548,0.2927589938044548,0,0,0
3286,0.32872340083122253,0.32872340083122253,0,0,0
3287,0.2863229736685753,0.2863229736685753,0,0,0
3288,0.288130059838295,0.288130059838295,0,0,0
3289,0.294518381357193,0.294518381357193,0,0,0
3290,0.29408781975507736,0.29408781975507736,0,0,0
3291,0.2875491678714752,0.2875491678714752,0,0,0
3292,0.2846398428082466,0.2846398428082466,0,0,0
3293,0.2850785255432129,0.2850785255432129,0,0,0
3294,0.2843044325709343,0.2843044325709343,0,0,0
3295,0.2835041880607605,0.2835041880607605,0,0,0
3296,0.2903553694486618,0.2903553694486618,0,0,0
3297,0.3325015902519226,0.3325015902519226,0,0,0
3298,0.2994925454258919,0.2994925454258919,0,0,0
3299,0.2880686819553375,0.2880686819553375,0,0,0
3300,0.2894994467496872,0.2894994467496872,0,0,0
3301,0.28743916004896164,0.28743916004896164,0,0,0
3302,0.2922552525997162,0.2922552525997162,0,0,0
3303,0.3023950010538101,0.3023950010538101,0,0,0
3304,0.29637976735830307,0.29637976735830307,0,0,0
3305,0.29593905061483383,0.29593905061483383,0,0,0
3306,0.30063577741384506,0.30063577741384506,0,0,0
3307,0.28745822608470917,0.28745822608470917,0,0,0
3308,0.3009689822793007,0.3009689822793007,0,0,0
3309,0.2858787849545479,0.2858787849545479,0,0,0
3310,0.3008277416229248,0.3008277416229248,0,0,0
3311,0.30028147250413895,0.30028147250413895,0,0,0
3312,0.28666990995407104,0.28666990995407104,0,0,0
3313,0.292026162147522,0.292026162147522,0,0,0
3314,0.29098227620124817,0.29098227620124817,0,0,0
3315,0.2956763580441475,0.2956763580441475,0,0,0
3316,0.2877613678574562,0.2877613678574562,0,0,0
3317,0.28724758327007294,0.28724758327007294,0,0,0
3318,0.297515444457531,0.297515444457531,0,0,0
3319,0.2870062068104744,0.2870062068104744,0,0,0
3320,0.2906425893306732,0.2906425893306732,0,0,0
3321,0.28578919917345047,0.28578919917345047,0,0,0
3322,0.30185914784669876,0.30185914784669876,0,0,0
3323,0.2805790454149246,0.2805790454149246,0,0,0
3324,0.2956942766904831,0.2956942766904831,0,0,0
3325,0.29698725789785385,0.29698725789785385,0,0,0
3326,0.3116001710295677,0.3116001710295677,0,0,0
3327,0.31570686399936676,0.31570686399936676,0,0,0
3328,0.29659830778837204,0.29659830778837204,0,0,0
3329,0.3005500063300133,0.3005500063300133,0,0,0
3330,0.2811286300420761,0.2811286300420761,0,0,0
3331,0.2867976427078247,0.2867976427078247,0,0,0
3332,0.3038489520549774,0.3038489520549774,0,0,0
3333,0.2843693122267723,0.2843693122267723,0,0,0
3334,0.2939056381583214,0.2939056381583214,0,0,0
3335,0.27948185056447983,0.27948185056447983,0,0,0
3336,0.2854256257414818,0.2854256257414818,0,0,0
3337,0.2879388704895973,0.2879388704895973,0,0,0
3338,0.2832275703549385,0.2832275703549385,0,0,0
3339,0.33140623569488525,0.33140623569488525,0,0,0
3340,0.29814790189266205,0.29814790189266205,0,0,0
3341,0.2895362302660942,0.2895362302660942,0,0,0
3342,0.27780383080244064,0.27780383080244064,0,0,0
3343,0.3022237867116928,0.3022237867116928,0,0,0
3344,0.3662486895918846,0.3662486895918846,0,0,0
3345,0.2922815978527069,0.2922815978527069,0,0,0
3346,0.2926885560154915,0.2926885560154915,0,0,0
3347,0.2903997302055359,0.2903997302055359,0,0,0
3348,0.31310229003429413,0.31310229003429413,0,0,0
3349,0.2964824363589287,0.2964824363589287,0,0,0
3350,0.2807791084051132,0.2807791084051132,0,0,0
3351,0.28330743312835693,0.28330743312835693,0,0,0
3352,0.28179457783699036,0.28179457783699036,0,0,0
3353,0.29683342576026917,0.29683342576026917,0,0,0
3354,0.29311003535985947,0.29311003535985947,0,0,0
3355,0.3139674589037895,0.3139674589037895,0,0,0
3356,0.33638346940279007,0.33638346940279007,0,0,0
3357,0.28453952074050903,0.28453952074050903,0,0,0
3358,0.2932831197977066,0.2932831197977066,0,0,0
3359,0.2929599806666374,0.2929599806666374,0,0,0
3360,0.28747762739658356,0.28747762739658356,0,0,0
3361,0.2864108458161354,0.2864108458161354,0,0,0
3362,0.29083123058080673,0.29083123058080673,0,0,0
3363,0.2806612402200699,0.2806612402200699,0,0,0
3364,0.28175439685583115,0.28175439685583115,0,0,0
3365,0.2806053012609482,0.2806053012609482,0,0,0
3366,0.2981588989496231,0.2981588989496231,0,0,0
3367,0.28413842618465424,0.28413842618465424,0,0,0
3368,0.2817024663090706,0.2817024663090706,0,0,0
3369,0.3006710410118103,0.3006710410118103,0,0,0
3370,0.29041738063097,0.29041738063097,0,0,0
3371,0.29461272060871124,0.29461272060871124,0,0,0
3372,0.2955281138420105,0.2955281138420105,0,0,0
3373,0.2859385460615158,0.2859385460615158,0,0,0
3374,0.2781475707888603,0.2781475707888603,0,0,0
3375,0.2933242693543434,0.2933242693543434,0,0,0
3376,0.28514038771390915,0.28514038771390915,0,0,0
3377,0.2872039005160332,0.2872039005160332,0,0,0
3378,0.30174919962882996,0.30174919962882996,0,0,0
3379,0.2917083203792572,0.2917083203792572,0,0,0
3380,0.29607778787612915,0.29607778787612915,0,0,0
3381,0.28799135237932205,0.28799135237932205,0,0,0
3382,0.29744037985801697,0.29744037985801697,0,0,0
3383,0.3175058215856552,0.3175058215856552,0,0,0
3384,0.2824503853917122,0.2824503853917122,0,0,0
3385,0.2911522090435028,0.2911522090435028,0,0,0
3386,0.33294758200645447,0.33294758200645447,0,0,0
3387,0.29703084379434586,0.29703084379434586,0,0,0
3388,0.27949967980384827,0.27949967980384827,0,0,0
3389,0.3047439679503441,0.3047439679503441,0,0,0
3390,0.2819218337535858,0.2819218337535858,0,0,0
3391,0.2784167006611824,0.2784167006611824,0,0,0
3392,0.2824844941496849,0.2824844941496849,0,0,0
3393,0.30351632833480835,0.30351632833480835,0,0,0
3394,0.29165221005678177,0.29165221005678177,0,0,0
3395,0.2789708524942398,0.2789708524942398,0,0,0
3396,0.2790053114295006,0.2790053114295006,0,0,0
3397,0.28489241003990173,0.28489241003990173,0,0,0
3398,0.30204902589321136,0.30204902589321136,0,0,0
3399,0.30946607887744904,0.30946607887744904,0,0,0
3400,0.2832347974181175,0.2832347974181175,0,0,0
3401,0.28247085958719254,0.28247085958719254,0,0,0
3402,0.3270407095551491,0.3270407095551491,0,0,0
3403,0.28412574529647827,0.28412574529647827,0,0,0
3404,0.27946585416793823,0.27946585416793823,0,0,0
3405,0.2814553901553154,0.2814553901553154,0,0,0
3406,0.3261030837893486,0.3261030837893486,0,0,0
3407,0.2819116488099098,0.2819116488099098,0,0,0
3408,0.27642856538295746,0.27642856538295746,0,0,0
3409,0.2812660336494446,0.2812660336494446,0,0,0
3410,0.28801024705171585,0.28801024705171585,0,0,0
3411,0.28055038303136826,0.28055038303136826,0,0,0
3412,0.27773517370224,0.27773517370224,0,0,0
3413,0.3079766407608986,0.3079766407608986,0,0,0
3414,0.2774762734770775,0.2774762734770775,0,0,0
3415,0.30318567156791687,0.30318567156791687,0,0,0
3416,0.2877473309636116,0.2877473309636116,0,0,0
3417,0.30632393062114716,0.30632393062114716,0,0,0
3418,0.2945917695760727,0.2945917695760727,0,0,0
3419,0.285680316388607,0.285680316388607,0,0,0
3420,0.28784774243831635,0.28784774243831635,0,0,0
3421,0.27660173177719116,0.27660173177719116,0,0,0
3422,0.2783127501606941,0.2783127501606941,0,0,0
3423,0.2865898162126541,0.2865898162126541,0,0,0
3424,0.28227052092552185,0.28227052092552185,0,0,0
3425,0.3075547590851784,0.3075547590851784,0,0,0
3426,0.27956945449113846,0.27956945449113846,0,0,0
3427,0.27896446734666824,0.27896446734666824,0,0,0
3428,0.27938733994960785,0.27938733994960785,0,0,0
3429,0.29859424382448196,0.29859424382448196,0,0,0
3430,0.2961490601301193,0.2961490601301193,0,0,0
3431,0.2889227643609047,0.2889227643609047,0,0,0
3432,0.2833404615521431,0.2833404615521431,0,0,0
3433,0.2921597510576248,0.2921597510576248,0,0,0
3434,0.29544900357723236,0.29544900357723236,0,0,0
3435,0.28613846004009247,0.28613846004009247,0,0,0
3436,0.2882377430796623,0.2882377430796623,0,0,0
3437,0.28596847504377365,0.28596847504377365,0,0,0
3438,0.2766551300883293,0.2766551300883293,0,0,0
3439,0.28210464119911194,0.28210464119911194,0,0,0
3440,0.2840026542544365,0.2840026542544365,0,0,0
3441,0.2845784202218056,0.2845784202218056,0,0,0
3442,0.30288416147232056,0.30288416147232056,0,0,0
3443,0.29214025288820267,0.29214025288820267,0,0,0
3444,0.2841150462627411,0.2841150462627411,0,0,0
3445,0.2899034172296524,0.2899034172296524,0,0,0
3446,0.28528785705566406,0.28528785705566406,0,0,0
3447,0.2808852940797806,0.2808852940797806,0,0,0
3448,0.2870175316929817,0.2870175316929817,0,0,0
3449,0.2777298614382744,0.2777298614382744,0,0,0
3450,0.2943510338664055,0.2943510338664055,0,0,0
3451,0.28149889409542084,0.28149889409542084,0,0,0
3452,0.2816598489880562,0.2816598489880562,0,0,0
3453,0.2729192525148392,0.2729192525148392,0,0,0
3454,0.29205847531557083,0.29205847531557083,0,0,0
3455,0.29232069849967957,0.29232069849967957,0,0,0
3456,0.274928018450737,0.274928018450737,0,0,0
3457,0.281183123588562,0.281183123588562,0,0,0
3458,0.28100840002298355,0.28100840002298355,0,0,0
3459,0.2877611815929413,0.2877611815929413,0,0,0
3460,0.30011657625436783,0.30011657625436783,0,0,0
3461,0.2788344621658325,0.2788344621658325,0,0,0
3462,0.27554621547460556,0.27554621547460556,0,0,0
3463,0.28477151691913605,0.28477151691913605,0,0,0
3464,0.29335004836320877,0.29335004836320877,0,0,0
3465,0.2792712226510048,0.2792712226510048,0,0,0
3466,0.3033258691430092,0.3033258691430092,0,0,0
3467,0.2805071026086807,0.2805071026086807,0,0,0
3468,0.2853021174669266,0.2853021174669266,0,0,0
3469,0.28474459797143936,0.28474459797143936,0,0,0
3470,0.2750979959964752,0.2750979959964752,0,0,0
3471,0.28896595537662506,0.28896595537662506,0,0,0
3472,0.2765287458896637,0.2765287458896637,0,0,0
3473,0.27707337588071823,0.27707337588071823,0,0,0
3474,0.28127067536115646,0.28127067536115646,0,0,0
3475,0.27680185437202454,0.27680185437202454,0,0,0
3476,0.27168549597263336,0.27168549597263336,0,0,0
3477,0.28024759143590927,0.28024759143590927,0,0,0
3478,0.28395967930555344,0.28395967930555344,0,0,0
3479,0.279045045375824,0.279045045375824,0,0,0
3480,0.2758413925766945,0.2758413925766945,0,0,0
3481,0.28578928858041763,0.28578928858041763,0,0,0
3482,0.29465019702911377,0.29465019702911377,0,0,0
3483,0.30925940722227097,0.30925940722227097,0,0,0
3484,0.30306337028741837,0.30306337028741837,0,0,0
3485,0.30320097506046295,0.30320097506046295,0,0,0
3486,0.28170016407966614,0.28170016407966614,0,0,0
3487,0.27063417434692383,0.27063417434692383,0,0,0
3488,0.2821245864033699,0.2821245864033699,0,0,0
3489,0.28075433522462845,0.28075433522462845,0,0,0
3490,0.2962888479232788,0.2962888479232788,0,0,0
3491,0.29613450169563293,0.29613450169563293,0,0,0
3492,0.2761831358075142,0.2761831358075142,0,0,0
3493,0.27669261395931244,0.27669261395931244,0,0,0
3494,0.2740217447280884,0.2740217447280884,0,0,0
3495,0.2821662649512291,0.2821662649512291,0,0,0
3496,0.2784392014145851,0.2784392014145851,0,0,0
3497,0.28178030252456665,0.28178030252456665,0,0,0
3498,0.27938783168792725,0.27938783168792725,0,0,0
3499,0.2909780815243721,0.2909780815243721,0,0,0
3500,0.28872616589069366,0.28872616589069366,0,0,0
3501,0.3704758584499359,0.3704758584499359,0,0,0
3502,0.2818716987967491,0.2818716987967491,0,0,0
3503,0.28464095294475555,0.28464095294475555,0,0,0
3504,0.276172399520874,0.276172399520874,0,0,0
3505,0.27196433395147324,0.27196433395147324,0,0,0
3506,0.2892201840877533,0.2892201840877533,0,0,0
3507,0.2757396250963211,0.2757396250963211,0,0,0
3508,0.2734663188457489,0.2734663188457489,0,0,0
3509,0.2907736003398895,0.2907736003398895,0,0,0
3510,0.30840590596199036,0.30840590596199036,0,0,0
3511,0.28174154460430145,0.28174154460430145,0,0,0
3512,0.2851579189300537,0.2851579189300537,0,0,0
3513,0.2746093347668648,0.2746093347668648,0,0,0
3514,0.2860255613923073,0.2860255613923073,0,0,0
3515,0.28452903032302856,0.28452903032302856,0,0,0
3516,0.2822476997971535,0.2822476997971535,0,0,0
3517,0.26932354271411896,0.26932354271411896,0,0,0
3518,0.28380749374628067,0.28380749374628067,0,0,0
3519,0.2871306762099266,0.2871306762099266,0,0,0
3520,0.266427218914032,0.266427218914032,0,0,0
3521,0.30191534012556076,0.30191534012556076,0,0,0
3522,0.27962780743837357,0.27962780743837357,0,0,0
3523,0.2830539122223854,0.2830539122223854,0,0,0
3524,0.27440762519836426,0.27440762519836426,0,0,0
3525,0.27619267255067825,0.27619267255067825,0,0,0
3526,0.2828556001186371,0.2828556001186371,0,0,0
3527,0.2867627888917923,0.2867627888917923,0,0,0
3528,0.27063704282045364,0.27063704282045364,0,0,0
3529,0.28260283172130585,0.28260283172130585,0,0,0
3530,0.2690299525856972,0.2690299525856972,0,0,0
3531,0.2921694442629814,0.2921694442629814,0,0,0
3532,0.2737606167793274,0.2737606167793274,0,0,0
3533,0.28068848699331284,0.28068848699331284,0,0,0
3534,0.27236785739660263,0.27236785739660263,0,0,0
3535,0.27872926741838455,0.27872926741838455,0,0,0
3536,0.32368500530719757,0.32368500530719757,0,0,0
3537,0.28299009799957275,0.28299009799957275,0,0,0
3538,0.2727377191185951,0.2727377191185951,0,0,0
3539,0.2932475171983242,0.2932475171983242,0,0,0
3540,0.27119869738817215,0.27119869738817215,0,0,0
3541,0.27898095548152924,0.27898095548152924,0,0,0
3542,0.28941791504621506,0.28941791504621506,0,0,0
3543,0.2780926898121834,0.2780926898121834,0,0,0
3544,0.2729314938187599,0.2729314938187599,0,0,0
3545,0.27286457270383835,0.27286457270383835,0,0,0
3546,0.2779567539691925,0.2779567539691925,0,0,0
3547,0.27831026911735535,0.27831026911735535,0,0,0
3548,0.26934463530778885,0.26934463530778885,0,0,0
3549,0.29924176633358,0.29924176633358,0,0,0
3550,0.2925037741661072,0.2925037741661072,0,0,0
3551,0.27571695297956467,0.27571695297956467,0,0,0
3552,0.28058746457099915,0.28058746457099915,0,0,0
3553,0.28782809525728226,0.28782809525728226,0,0,0
3554,0.2676812782883644,0.2676812782883644,0,0,0
3555,0.2783944383263588,0.2783944383263588,0,0,0
3556,0.28830575197935104,0.28830575197935104,0,0,0
3557,0.27330877631902695,0.27330877631902695,0,0,0
3558,0.27629461884498596,0.27629461884498596,0,0,0
3559,0.27803682535886765,0.27803682535886765,0,0,0
3560,0.2669082283973694,0.2669082283973694,0,0,0
3561,0.2711338847875595,0.2711338847875595,0,0,0
3562,0.3915560469031334,0.3915560469031334,0,0,0
3563,0.27675851434469223,0.27675851434469223,0,0,0
3564,0.3048154339194298,0.3048154339194298,0,0,0
3565,0.28584571182727814,0.28584571182727814,0,0,0
3566,0.272884838283062,0.272884838283062,0,0,0
3567,0.2710021063685417,0.2710021063685417,0,0,0
3568,0.27003493905067444,0.27003493905067444,0,0,0
3569,0.2718662805855274,0.2718662805855274,0,0,0
3570,0.2717040404677391,0.2717040404677391,0,0,0
3571,0.26926808059215546,0.26926808059215546,0,0,0
3572,0.2922101840376854,0.2922101840376854,0,0,0
3573,0.27221447974443436,0.27221447974443436,0,0,0
3574,0.2881302386522293,0.2881302386522293,0,0,0
3575,0.337920967489481,0.337920967489481,0,0,0
3576,0.2985863611102104,0.2985863611102104,0,0,0
3577,0.2683711349964142,0.2683711349964142,0,0,0
3578,0.2898813337087631,0.2898813337087631,0,0,0
3579,0.28403183817863464,0.28403183817863464,0,0,0
3580,0.2666213661432266,0.2666213661432266,0,0,0
3581,0.2755378559231758,0.2755378559231758,0,0,0
3582,0.2746018320322037,0.2746018320322037,0,0,0
3583,0.28111371397972107,0.28111371397972107,0,0,0
3584,0.27064772695302963,0.27064772695302963,0,0,0
3585,0.28123974800109863,0.28123974800109863,0,0,0
3586,0.2760816812515259,0.2760816812515259,0,0,0
3587,0.26782067865133286,0.26782067865133286,0,0,0
3588,0.2877807766199112,0.2877807766199112,0,0,0
3589,0.27026116102933884,0.27026116102933884,0,0,0
3590,0.29462601989507675,0.29462601989507675,0,0,0
3591,0.2761211171746254,0.2761211171746254,0,0,0
3592,0.26594917476177216,0.26594917476177216,0,0,0
3593,0.2782128006219864,0.2782128006219864,0,0,0
3594,0.2914673760533333,0.2914673760533333,0,0,0
3595,0.2793680876493454,0.2793680876493454,0,0,0
3596,0.27476368844509125,0.27476368844509125,0,0,0
3597,0.2763274684548378,0.2763274684548378,0,0,0
3598,0.29880350083112717,0.29880350083112717,0,0,0
3599,0.2945016026496887,0.2945016026496887,0,0,0
3600,0.29106172174215317,0.29106172174215317,0,0,0
3601,0.29658377915620804,0.29658377915620804,0,0,0
3602,0.273177832365036,0.273177832365036,0,0,0
3603,0.2693628743290901,0.2693628743290901,0,0,0
3604,0.2718532308936119,0.2718532308936119,0,0,0
3605,0.2743881046772003,0.2743881046772003,0,0,0
3606,0.27673426270484924,0.27673426270484924,0,0,0
3607,0.28594665229320526,0.28594665229320526,0,0,0
3608,0.2769074961543083,0.2769074961543083,0,0,0
3609,0.2736993059515953,0.2736993059515953,0,0,0
3610,0.27313360571861267,0.27313360571861267,0,0,0
3611,0.2784118205308914,0.2784118205308914,0,0,0
3612,0.2846052125096321,0.2846052125096321,0,0,0
3613,0.2696879729628563,0.2696879729628563,0,0,0
3614,0.2897704094648361,0.2897704094648361,0,0,0
3615,0.26036445051431656,0.26036445051431656,0,0,0
3616,0.2708251401782036,0.2708251401782036,0,0,0
3617,0.2714158371090889,0.2714158371090889,0,0,0
3618,0.2896493151783943,0.2896493151783943,0,0,0
3619,0.27980344742536545,0.27980344742536545,0,0,0
3620,0.2647934630513191,0.2647934630513191,0,0,0
3621,0.2818743363022804,0.2818743363022804,0,0,0
3622,0.27069368958473206,0.27069368958473206,0,0,0
3623,0.2703808695077896,0.2703808695077896,0,0,0
3624,0.2673012837767601,0.2673012837767601,0,0,0
3625,0.27465495094656944,0.27465495094656944,0,0,0
3626,0.30010002106428146,0.30010002106428146,0,0,0
3627,0.2687074989080429,0.2687074989080429,0,0,0
3628,0.27824533730745316,0.27824533730745316,0,0,0
3629,0.31046144664287567,0.31046144664287567,0,0,0
3630,0.2697664350271225,0.2697664350271225,0,0,0
3631,0.2734449952840805,0.2734449952840805,0,0,0
3632,0.2977665960788727,0.2977665960788727,0,0,0
3633,0.26487675681710243,0.26487675681710243,0,0,0
3634,0.3149339556694031,0.3149339556694031,0,0,0
3635,0.2713349759578705,0.2713349759578705,0,0,0
3636,0.2703825831413269,0.2703825831413269,0,0,0
3637,0.2618177980184555,0.2618177980184555,0,0,0
3638,0.2791547030210495,0.2791547030210495,0,0,0
3639,0.26673590391874313,0.26673590391874313,0,0,0
3640,0.275789275765419,0.275789275765419,0,0,0
3641,0.26950550079345703,0.26950550079345703,0,0,0
3642,0.2756819911301136,0.2756819911301136,0,0,0
3643,0.2788219228386879,0.2788219228386879,0,0,0
3644,0.2765093669295311,0.2765093669295311,0,0,0
3645,0.2704787626862526,0.2704787626862526,0,0,0
3646,0.26287271082401276,0.26287271082401276,0,0,0
3647,0.2620396614074707,0.2620396614074707,0,0,0
3648,0.2663579061627388,0.2663579061627388,0,0,0
3649,0.271194152534008,0.271194152534008,0,0,0
3650,0.2720101401209831,0.2720101401209831,0,0,0
3651,0.28335077315568924,0.28335077315568924,0,0,0
3652,0.26879581809043884,0.26879581809043884,0,0,0
3653,0.27597589045763016,0.27597589045763016,0,0,0
3654,0.283105306327343,0.283105306327343,0,0,0
3655,0.2671101614832878,0.2671101614832878,0,0,0
3656,0.2615826427936554,0.2615826427936554,0,0,0
3657,0.27343104779720306,0.27343104779720306,0,0,0
3658,0.2882055938243866,0.2882055938243866,0,0,0
3659,0.2730553671717644,0.2730553671717644,0,0,0
3660,0.2953049913048744,0.2953049913048744,0,0,0
3661,0.2691172733902931,0.2691172733902931,0,0,0
3662,0.27760182321071625,0.27760182321071625,0,0,0
3663,0.2713652774691582,0.2713652774691582,0,0,0
3664,0.2758093550801277,0.2758093550801277,0,0,0
3665,0.27382153272628784,0.27382153272628784,0,0,0
3666,0.28022047877311707,0.28022047877311707,0,0,0
3667,0.26672350615262985,0.26672350615262985,0,0,0
3668,0.268433079123497,0.268433079123497,0,0,0
3669,0.2771425247192383,0.2771425247192383,0,0,0
3670,0.2825484946370125,0.2825484946370125,0,0,0
3671,0.27398505061864853,0.27398505061864853,0,0,0
3672,0.26637953519821167,0.26637953519821167,0,0,0
3673,0.2659928426146507,0.2659928426146507,0,0,0
3674,0.2746122181415558,0.2746122181415558,0,0,0
3675,0.2761577293276787,0.2761577293276787,0,0,0
3676,0.2664150670170784,0.2664150670170784,0,0,0
3677,0.2652880325913429,0.2652880325913429,0,0,0
3678,0.30049939453601837,0.30049939453601837,0,0,0
3679,0.28439832478761673,0.28439832478761673,0,0,0
3680,0.2637958973646164,0.2637958973646164,0,0,0
3681,0.287558950483799,0.287558950483799,0,0,0
3682,0.2690320089459419,0.2690320089459419,0,0,0
3683,0.2842260003089905,0.2842260003089905,0,0,0
3684,0.32912543416023254,0.32912543416023254,0,0,0
3685,0.28106313198804855,0.28106313198804855,0,0,0
3686,0.2620798125863075,0.2620798125863075,0,0,0
3687,0.29695436358451843,0.29695436358451843,0,0,0
3688,0.2757958695292473,0.2757958695292473,0,0,0
3689,0.2829737365245819,0.2829737365245819,0,0,0
3690,0.267981443554163,0.267981443554163,0,0,0
3691,0.2779366001486778,0.2779366001486778,0,0,0
3692,0.27153895795345306,0.27153895795345306,0,0,0
3693,0.2846381962299347,0.2846381962299347,0,0,0
3694,0.2919080853462219,0.2919080853462219,0,0,0
3695,0.28182218968868256,0.28182218968868256,0,0,0
3696,0.2954304777085781,0.2954304777085781,0,0,0
3697,0.2859838753938675,0.2859838753938675,0,0,0
3698,0.26529913395643234,0.26529913395643234,0,0,0
3699,0.2712692320346832,0.2712692320346832,0,0,0
3700,0.2776525691151619,0.2776525691151619,0,0,0
3701,0.2860531136393547,0.2860531136393547,0,0,0
3702,0.2708020433783531,0.2708020433783531,0,0,0
3703,0.2770933657884598,0.2770933657884598,0,0,0
3704,0.26549674198031425,0.26549674198031425,0,0,0
3705,0.27053408324718475,0.27053408324718475,0,0,0
3706,0.26753218472003937,0.26753218472003937,0,0,0
3707,0.27250996977090836,0.27250996977090836,0,0,0
3708,0.2594432681798935,0.2594432681798935,0,0,0
3709,0.26625727117061615,0.26625727117061615,0,0,0
3710,0.2679332420229912,0.2679332420229912,0,0,0
3711,0.26593145728111267,0.26593145728111267,0,0,0
3712,0.2682839706540108,0.2682839706540108,0,0,0
3713,0.263732872903347,0.263732872903347,0,0,0
3714,0.26326801255345345,0.26326801255345345,0,0,0
3715,0.2944398894906044,0.2944398894906044,0,0,0
3716,0.2779429368674755,0.2779429368674755,0,0,0
3717,0.2819521501660347,0.2819521501660347,0,0,0
3718,0.2916094660758972,0.2916094660758972,0,0,0
3719,0.2773027792572975,0.2773027792572975,0,0,0
3720,0.36471956968307495,0.36471956968307495,0,0,0
3721,0.2729627899825573,0.2729627899825573,0,0,0
3722,0.25781623274087906,0.25781623274087906,0,0,0
3723,0.28384415805339813,0.28384415805339813,0,0,0
3724,0.264614999294281,0.264614999294281,0,0,0
3725,0.26569726318120956,0.26569726318120956,0,0,0
3726,0.27179738879203796,0.27179738879203796,0,0,0
3727,0.26498720794916153,0.26498720794916153,0,0,0
3728,0.29243749380111694,0.29243749380111694,0,0,0
3729,0.282908171415329,0.282908171415329,0,0,0
3730,0.26282741129398346,0.26282741129398346,0,0,0
3731,0.2926497533917427,0.2926497533917427,0,0,0
3732,0.30460213869810104,0.30460213869810104,0,0,0
3733,0.27002371847629547,0.27002371847629547,0,0,0
3734,0.26199808716773987,0.26199808716773987,0,0,0
3735,0.27715805917978287,0.27715805917978287,0,0,0
3736,0.2628248557448387,0.2628248557448387,0,0,0
3737,0.25938329845666885,0.25938329845666885,0,0,0
3738,0.2668210566043854,0.2668210566043854,0,0,0
3739,0.2890295833349228,0.2890295833349228,0,0,0
3740,0.2759368419647217,0.2759368419647217,0,0,0
3741,0.2831452116370201,0.2831452116370201,0,0,0
3742,0.2596436217427254,0.2596436217427254,0,0,0
3743,0.26972295343875885,0.26972295343875885,0,0,0
3744,0.3009008951485157,0.3009008951485157,0,0,0
3745,0.2687734141945839,0.2687734141945839,0,0,0
3746,0.25874990969896317,0.25874990969896317,0,0,0
3747,0.27172092348337173,0.27172092348337173,0,0,0
3748,0.27705708518624306,0.27705708518624306,0,0,0
3749,0.27997347712516785,0.27997347712516785,0,0,0
3750,0.26493167877197266,0.26493167877197266,0,0,0
3751,0.26413121819496155,0.26413121819496155,0,0,0
3752,0.2670658491551876,0.2670658491551876,0,0,0
3753,0.28581658750772476,0.28581658750772476,0,0,0
3754,0.2568996995687485,0.2568996995687485,0,0,0
3755,0.26398053020238876,0.26398053020238876,0,0,0
3756,0.264560267329216,0.264560267329216,0,0,0
3757,0.26395659893751144,0.26395659893751144,0,0,0
3758,0.26495448872447014,0.26495448872447014,0,0,0
3759,0.2646881490945816,0.2646881490945816,0,0,0
3760,0.2729494124650955,0.2729494124650955,0,0,0
3761,0.2607092708349228,0.2607092708349228,0,0,0
3762,0.258807647973299,0.258807647973299,0,0,0
3763,0.25931543856859207,0.25931543856859207,0,0,0
3764,0.2733207903802395,0.2733207903802395,0,0,0
3765,0.2598826549947262,0.2598826549947262,0,0,0
3766,0.2728450112044811,0.2728450112044811,0,0,0
3767,0.27655134722590446,0.27655134722590446,0,0,0
3768,0.2891939841210842,0.2891939841210842,0,0,0
3769,0.280224084854126,0.280224084854126,0,0,0
3770,0.2649332471191883,0.2649332471191883,0,0,0
3771,0.26655419170856476,0.26655419170856476,0,0,0
3772,0.2655079811811447,0.2655079811811447,0,0,0
3773,0.26556071639060974,0.26556071639060974,0,0,0
3774,0.2722257599234581,0.2722257599234581,0,0,0
3775,0.27300189808011055,0.27300189808011055,0,0,0
3776,0.2574559152126312,0.2574559152126312,0,0,0
3777,0.26102395355701447,0.26102395355701447,0,0,0
3778,0.26841506361961365,0.26841506361961365,0,0,0
3779,0.2590370811522007,0.2590370811522007,0,0,0
3780,0.2618350461125374,0.2618350461125374,0,0,0
3781,0.2632373422384262,0.2632373422384262,0,0,0
3782,0.2656208574771881,0.2656208574771881,0,0,0
3783,0.2715360000729561,0.2715360000729561,0,0,0
3784,0.2618482857942581,0.2618482857942581,0,0,0
3785,0.260118018835783,0.260118018835783,0,0,0
3786,0.26656346023082733,0.26656346023082733,0,0,0
3787,0.26980213820934296,0.26980213820934296,0,0,0
3788,0.261433407664299,0.261433407664299,0,0,0
3789,0.2656053379178047,0.2656053379178047,0,0,0
3790,0.2624541372060776,0.2624541372060776,0,0,0
3791,0.25170746073126793,0.25170746073126793,0,0,0
3792,0.31456125527620316,0.31456125527620316,0,0,0
3793,0.2670603394508362,0.2670603394508362,0,0,0
3794,0.2600313723087311,0.2600313723087311,0,0,0
3795,0.262270987033844,0.262270987033844,0,0,0
3796,0.2673523351550102,0.2673523351550102,0,0,0
3797,0.25961632281541824,0.25961632281541824,0,0,0
3798,0.26232023537158966,0.26232023537158966,0,0,0
3799,0.27629728242754936,0.27629728242754936,0,0,0
3800,0.26096009463071823,0.26096009463071823,0,0,0
3801,0.27034754306077957,0.27034754306077957,0,0,0
3802,0.2622445896267891,0.2622445896267891,0,0,0
3803,0.28389644622802734,0.28389644622802734,0,0,0
3804,0.26083505898714066,0.26083505898714066,0,0,0
3805,0.2761106975376606,0.2761106975376606,0,0,0
3806,0.2735247313976288,0.2735247313976288,0,0,0
3807,0.2779528722167015,0.2779528722167015,0,0,0
3808,0.2621755227446556,0.2621755227446556,0,0,0
3809,0.2614043653011322,0.2614043653011322,0,0,0
3810,0.27528753131628036,0.27528753131628036,0,0,0
3811,0.2657586857676506,0.2657586857676506,0,0,0
3812,0.2608214542269707,0.2608214542269707,0,0,0
3813,0.2784331366419792,0.2784331366419792,0,0,0
3814,0.2591848373413086,0.2591848373413086,0,0,0
3815,0.2804485261440277,0.2804485261440277,0,0,0
3816,0.26867271587252617,0.26867271587252617,0,0,0
3817,0.2624328210949898,0.2624328210949898,0,0,0
3818,0.27552976831793785,0.27552976831793785,0,0,0
3819,0.25378328561782837,0.25378328561782837,0,0,0
3820,0.26766929775476456,0.26766929775476456,0,0,0
3821,0.2780933156609535,0.2780933156609535,0,0,0
3822,0.26326239481568336,0.26326239481568336,0,0,0
3823,0.25716427341103554,0.25716427341103554,0,0,0
3824,0.2800968289375305,0.2800968289375305,0,0,0
3825,0.2720170170068741,0.2720170170068741,0,0,0
3826,0.26452480629086494,0.26452480629086494,0,0,0
3827,0.268884789198637,0.268884789198637,0,0,0
3828,0.2625012509524822,0.2625012509524822,0,0,0
3829,0.2517250366508961,0.2517250366508961,0,0,0
3830,0.26498112082481384,0.26498112082481384,0,0,0
3831,0.27382419258356094,0.27382419258356094,0,0,0
3832,0.25512446090579033,0.25512446090579033,0,0,0
3833,0.2569282427430153,0.2569282427430153,0,0,0
3834,0.27221641317009926,0.27221641317009926,0,0,0
3835,0.2737950384616852,0.2737950384616852,0,0,0
3836,0.2530498765408993,0.2530498765408993,0,0,0
3837,0.2830415368080139,0.2830415368080139,0,0,0
3838,0.26956621930003166,0.26956621930003166,0,0,0
3839,0.2634722590446472,0.2634722590446472,0,0,0
3840,0.2618502900004387,0.2618502900004387,0,0,0
3841,0.2506057508289814,0.2506057508289814,0,0,0
3842,0.2576756216585636,0.2576756216585636,0,0,0
3843,0.2542860358953476,0.2542860358953476,0,0,0
3844,0.25575803965330124,0.25575803965330124,0,0,0
3845,0.30133381113409996,0.30133381113409996,0,0,0
3846,0.25997235998511314,0.25997235998511314,0,0,0
3847,0.2569144330918789,0.2569144330918789,0,0,0
3848,0.26840534061193466,0.26840534061193466,0,0,0
3849,0.3384534679353237,0.3384534679353237,0,0,0
3850,0.25320108979940414,0.25320108979940414,0,0,0
3851,0.26666562631726265,0.26666562631726265,0,0,0
3852,0.260574396699667,0.260574396699667,0,0,0
3853,0.2693108394742012,0.2693108394742012,0,0,0
3854,0.2859824374318123,0.2859824374318123,0,0,0
3855,0.2639913111925125,0.2639913111925125,0,0,0
3856,0.25875547900795937,0.25875547900795937,0,0,0
3857,0.25671185553073883,0.25671185553073883,0,0,0
3858,0.2596382685005665,0.2596382685005665,0,0,0
3859,0.25388453528285027,0.25388453528285027,0,0,0
3860,0.2601919583976269,0.2601919583976269,0,0,0
3861,0.25402965024113655,0.25402965024113655,0,0,0
3862,0.2666178196668625,0.2666178196668625,0,0,0
3863,0.2568204179406166,0.2568204179406166,0,0,0
3864,0.25692053884267807,0.25692053884267807,0,0,0
3865,0.2538638934493065,0.2538638934493065,0,0,0
3866,0.2921656258404255,0.2921656258404255,0,0,0
3867,0.2804040126502514,0.2804040126502514,0,0,0
3868,0.2641042396426201,0.2641042396426201,0,0,0
3869,0.26907873898744583,0.26907873898744583,0,0,0
3870,0.2699144035577774,0.2699144035577774,0,0,0
3871,0.27405979484319687,0.27405979484319687,0,0,0
3872,0.25502612814307213,0.25502612814307213,0,0,0
3873,0.2621523588895798,0.2621523588895798,0,0,0
3874,0.258265882730484,0.258265882730484,0,0,0
3875,0.2575365863740444,0.2575365863740444,0,0,0
3876,0.26681598648428917,0.26681598648428917,0,0,0
3877,0.26570046693086624,0.26570046693086624,0,0,0
3878,0.2508632354438305,0.2508632354438305,0,0,0
3879,0.2610509395599365,0.2610509395599365,0,0,0
3880,0.256479624658823,0.256479624658823,0,0,0
3881,0.254836842417717,0.254836842417717,0,0,0
3882,0.25513409823179245,0.25513409823179245,0,0,0
3883,0.27937567979097366,0.27937567979097366,0,0,0
3884,0.2568095102906227,0.2568095102906227,0,0,0
3885,0.25759244710206985,0.25759244710206985,0,0,0
3886,0.25722069293260574,0.25722069293260574,0,0,0
3887,0.2762571796774864,0.2762571796774864,0,0,0
3888,0.2590409256517887,0.2590409256517887,0,0,0
3889,0.273979090154171,0.273979090154171,0,0,0
3890,0.26098470762372017,0.26098470762372017,0,0,0
3891,0.24620239809155464,0.24620239809155464,0,0,0
3892,0.2768511176109314,0.2768511176109314,0,0,0
3893,0.26091979444026947,0.26091979444026947,0,0,0
3894,0.266648568212986,0.266648568212986,0,0,0
3895,0.2521340176463127,0.2521340176463127,0,0,0
3896,0.27225663140416145,0.27225663140416145,0,0,0
3897,0.2596866935491562,0.2596866935491562,0,0,0
3898,0.2815353125333786,0.2815353125333786,0,0,0
3899,0.262396652251482,0.262396652251482,0,0,0
3900,0.25757867842912674,0.25757867842912674,0,0,0
3901,0.26205429062247276,0.26205429062247276,0,0,0
3902,0.2648107632994652,0.2648107632994652,0,0,0
3903,0.2562144510447979,0.2562144510447979,0,0,0
3904,0.25908249989151955,0.25908249989151955,0,0,0
3905,0.25835346058011055,0.25835346058011055,0,0,0
3906,0.25173550099134445,0.25173550099134445,0,0,0
3907,0.274670735001564,0.274670735001564,0,0,0
3908,0.2615719959139824,0.2615719959139824,0,0,0
3909,0.274569071829319,0.274569071829319,0,0,0
3910,0.2505984418094158,0.2505984418094158,0,0,0
3911,0.2502985708415508,0.2502985708415508,0,0,0
3912,0.24932632967829704,0.24932632967829704,0,0,0
3913,0.2581835277378559,0.2581835277378559,0,0,0
3914,0.24991876259446144,0.24991876259446144,0,0,0
3915,0.28449561446905136,0.28449561446905136,0,0,0
3916,0.2600261867046356,0.2600261867046356,0,0,0
3917,0.2580780126154423,0.2580780126154423,0,0,0
3918,0.2566620372235775,0.2566620372235775,0,0,0
3919,0.24977411329746246,0.24977411329746246,0,0,0
3920,0.2633746676146984,0.2633746676146984,0,0,0
3921,0.2459225356578827,0.2459225356578827,0,0,0
3922,0.27372417598962784,0.27372417598962784,0,0,0
3923,0.25576504692435265,0.25576504692435265,0,0,0
3924,0.251721877604723,0.251721877604723,0,0,0
3925,0.2535957172513008,0.2535957172513008,0,0,0
3926,0.255475040525198,0.255475040525198,0,0,0
3927,0.25973130017518997,0.25973130017518997,0,0,0
3928,0.2554021365940571,0.2554021365940571,0,0,0
3929,0.25885894522070885,0.25885894522070885,0,0,0
3930,0.24439576640725136,0.24439576640725136,0,0,0
3931,0.2687922716140747,0.2687922716140747,0,0,0
3932,0.2508302554488182,0.2508302554488182,0,0,0
3933,0.2615651376545429,0.2615651376545429,0,0,0
3934,0.24803686141967773,0.24803686141967773,0,0,0
3935,0.2610132545232773,0.2610132545232773,0,0,0
3936,0.2675774246454239,0.2675774246454239,0,0,0
3937,0.25503191724419594,0.25503191724419594,0,0,0
3938,0.27605075761675835,0.27605075761675835,0,0,0
3939,0.27048077434301376,0.27048077434301376,0,0,0
3940,0.2714467868208885,0.2714467868208885,0,0,0
3941,0.25068654119968414,0.25068654119968414,0,0,0
3942,0.25148892775177956,0.25148892775177956,0,0,0
3943,0.277131162583828,0.277131162583828,0,0,0
3944,0.2821795344352722,0.2821795344352722,0,0,0
3945,0.2721705175936222,0.2721705175936222,0,0,0
3946,0.28068021684885025,0.28068021684885025,0,0,0
3947,0.25742385908961296,0.25742385908961296,0,0,0
3948,0.26840660721063614,0.26840660721063614,0,0,0
3949,0.27043114230036736,0.27043114230036736,0,0,0
3950,0.2561136744916439,0.2561136744916439,0,0,0
3951,0.2436348870396614,0.2436348870396614,0,0,0
3952,0.27035778760910034,0.27035778760910034,0,0,0
3953,0.25634369254112244,0.25634369254112244,0,0,0
3954,0.254534587264061,0.254534587264061,0,0,0
3955,0.2643546015024185,0.2643546015024185,0,0,0
3956,0.25080349296331406,0.25080349296331406,0,0,0
3957,0.24973265081644058,0.24973265081644058,0,0,0
3958,0.24684255942702293,0.24684255942702293,0,0,0
3959,0.2514652758836746,0.2514652758836746,0,0,0
3960,0.25145646557211876,0.25145646557211876,0,0,0
3961,0.25911903008818626,0.25911903008818626,0,0,0
3962,0.2682606540620327,0.2682606540620327,0,0,0
3963,0.2562265805900097,0.2562265805900097,0,0,0
3964,0.25418928638100624,0.25418928638100624,0,0,0
3965,0.27414660155773163,0.27414660155773163,0,0,0
3966,0.2443692833185196,0.2443692833185196,0,0,0
3967,0.2643541991710663,0.2643541991710663,0,0,0
3968,0.2588918134570122,0.2588918134570122,0,0,0
3969,0.24595104530453682,0.24595104530453682,0,0,0
3970,0.2550297789275646,0.2550297789275646,0,0,0
3971,0.2503357268869877,0.2503357268869877,0,0,0
3972,0.26012134179472923,0.26012134179472923,0,0,0
3973,0.24521736428141594,0.24521736428141594,0,0,0
3974,0.2564350813627243,0.2564350813627243,0,0,0
3975,0.2539432756602764,0.2539432756602764,0,0,0
3976,0.25108835101127625,0.25108835101127625,0,0,0
3977,0.25491058081388474,0.25491058081388474,0,0,0
3978,0.2620681822299957,0.2620681822299957,0,0,0
3979,0.2574918605387211,0.2574918605387211,0,0,0
3980,0.25727299228310585,0.25727299228310585,0,0,0
3981,0.25818901136517525,0.25818901136517525,0,0,0
3982,0.26592860743403435,0.26592860743403435,0,0,0
3983,0.2523639611899853,0.2523639611899853,0,0,0
3984,0.2614824138581753,0.2614824138581753,0,0,0
3985,0.25552110373973846,0.25552110373973846,0,0,0
3986,0.2573062777519226,0.2573062777519226,0,0,0
3987,0.2530752047896385,0.2530752047896385,0,0,0
3988,0.2490454614162445,0.2490454614162445,0,0,0
3989,0.2448611743748188,0.2448611743748188,0,0,0
3990,0.23971710726618767,0.23971710726618767,0,0,0
3991,0.24966826662421227,0.24966826662421227,0,0,0
3992,0.24913903698325157,0.24913903698325157,0,0,0
3993,0.2576146572828293,0.2576146572828293,0,0,0
3994,0.24707826599478722,0.24707826599478722,0,0,0
3995,0.24756721779704094,0.24756721779704094,0,0,0
3996,0.26554157957434654,0.26554157957434654,0,0,0
3997,0.24774965643882751,0.24774965643882751,0,0,0
3998,0.24551988765597343,0.24551988765597343,0,0,0
3999,0.275055643171072,0.275055643171072,0,0,0
4000,0.26608259230852127,0.26608259230852127,0,0,0
4001,0.26497985795140266,0.26497985795140266,0,0,0
4002,0.23851055651903152,0.23851055651903152,0,0,0
4003,0.2601238042116165,0.2601238042116165,0,0,0
4004,0.249564528465271,0.249564528465271,0,0,0
4005,0.24836590513586998,0.24836590513586998,0,0,0
4006,0.25041766464710236,0.25041766464710236,0,0,0
4007,0.24226265773177147,0.24226265773177147,0,0,0
4008,0.24541732668876648,0.24541732668876648,0,0,0
4009,0.26467907428741455,0.26467907428741455,0,0,0
4010,0.25026993826031685,0.25026993826031685,0,0,0
4011,0.2737433835864067,0.2737433835864067,0,0,0
4012,0.25668248161673546,0.25668248161673546,0,0,0
4013,0.2540305629372597,0.2540305629372597,0,0,0
4014,0.25133807212114334,0.25133807212114334,0,0,0
4015,0.2535356245934963,0.2535356245934963,0,0,0
4016,0.26662858203053474,0.26662858203053474,0,0,0
4017,0.2456888034939766,0.2456888034939766,0,0,0
4018,0.25778499990701675,0.25778499990701675,0,0,0
4019,0.26048148795962334,0.26048148795962334,0,0,0
4020,0.25147152319550514,0.25147152319550514,0,0,0
4021,0.24667710810899734,0.24667710810899734,0,0,0
4022,0.2504224106669426,0.2504224106669426,0,0,0
4023,0.28660956770181656,0.28660956770181656,0,0,0
4024,0.2921988442540169,0.2921988442540169,0,0,0
4025,0.2548069581389427,0.2548069581389427,0,0,0
4026,0.24836234375834465,0.24836234375834465,0,0,0
4027,0.2453860081732273,0.2453860081732273,0,0,0
4028,0.24689201265573502,0.24689201265573502,0,0,0
4029,0.2617073878645897,0.2617073878645897,0,0,0
4030,0.25858962535858154,0.25858962535858154,0,0,0
4031,0.2505078688263893,0.2505078688263893,0,0,0
4032,0.2479463443160057,0.2479463443160057,0,0,0
4033,0.24386491626501083,0.24386491626501083,0,0,0
4034,0.24161285161972046,0.24161285161972046,0,0,0
4035,0.23930763453245163,0.23930763453245163,0,0,0
4036,0.23564449697732925,0.23564449697732925,0,0,0
4037,0.2443944402039051,0.2443944402039051,0,0,0
4038,0.24539058655500412,0.24539058655500412,0,0,0
4039,0.24694263562560081,0.24694263562560081,0,0,0
4040,0.2733275331556797,0.2733275331556797,0,0,0
4041,0.2545435428619385,0.2545435428619385,0,0,0
4042,0.26017380878329277,0.26017380878329277,0,0,0
4043,0.25330037251114845,0.25330037251114845,0,0,0
4044,0.24952737614512444,0.24952737614512444,0,0,0
4045,0.24485130608081818,0.24485130608081818,0,0,0
4046,0.24890969693660736,0.24890969693660736,0,0,0
4047,0.24693286418914795,0.24693286418914795,0,0,0
4048,0.249603733420372,0.249603733420372,0,0,0
4049,0.2603877820074558,0.2603877820074558,0,0,0
4050,0.23532796651124954,0.23532796651124954,0,0,0
4051,0.24390575662255287,0.24390575662255287,0,0,0
4052,0.24650963768363,0.24650963768363,0,0,0
4053,0.24896937981247902,0.24896937981247902,0,0,0
4054,0.24035444855690002,0.24035444855690002,0,0,0
4055,0.26304468885064125,0.26304468885064125,0,0,0
4056,0.24073836207389832,0.24073836207389832,0,0,0
4057,0.2542097046971321,0.2542097046971321,0,0,0
4058,0.2615046910941601,0.2615046910941601,0,0,0
4059,0.24396822229027748,0.24396822229027748,0,0,0
4060,0.24773335084319115,0.24773335084319115,0,0,0
4061,0.2677542716264725,0.2677542716264725,0,0,0
4062,0.2799481339752674,0.2799481339752674,0,0,0
4063,0.247455645352602,0.247455645352602,0,0,0
4064,0.24455898627638817,0.24455898627638817,0,0,0
4065,0.25800908356904984,0.25800908356904984,0,0,0
4066,0.23675674945116043,0.23675674945116043,0,0,0
4067,0.2396581955254078,0.2396581955254078,0,0,0
4068,0.26910071074962616,0.26910071074962616,0,0,0
4069,0.24532750993967056,0.24532750993967056,0,0,0
4070,0.24986902251839638,0.24986902251839638,0,0,0
4071,0.24711788445711136,0.24711788445711136,0,0,0
4072,0.24339837208390236,0.24339837208390236,0,0,0
4073,0.25654520094394684,0.25654520094394684,0,0,0
4074,0.24324564635753632,0.24324564635753632,0,0,0
4075,0.2505580373108387,0.2505580373108387,0,0,0
4076,0.2606673054397106,0.2606673054397106,0,0,0
4077,0.25600381568074226,0.25600381568074226,0,0,0
4078,0.24177222326397896,0.24177222326397896,0,0,0
4079,0.2443263679742813,0.2443263679742813,0,0,0
4080,0.25241998955607414,0.25241998955607414,0,0,0
4081,0.24896103516221046,0.24896103516221046,0,0,0
4082,0.24229972809553146,0.24229972809553146,0,0,0
4083,0.24797281995415688,0.24797281995415688,0,0,0
4084,0.23945459350943565,0.23945459350943565,0,0,0
4085,0.24056410789489746,0.24056410789489746,0,0,0
4086,0.253592349588871,0.253592349588871,0,0,0
4087,0.24941019341349602,0.24941019341349602,0,0,0
4088,0.25335872918367386,0.25335872918367386,0,0,0
4089,0.2537868544459343,0.2537868544459343,0,0,0
4090,0.2651415690779686,0.2651415690779686,0,0,0
4091,0.23759788274765015,0.23759788274765015,0,0,0
4092,0.2719942294061184,0.2719942294061184,0,0,0
4093,0.2533038817346096,0.2533038817346096,0,0,0
4094,0.24107976257801056,0.24107976257801056,0,0,0
4095,0.240122701972723,0.240122701972723,0,0,0
4096,0.23787210881710052,0.23787210881710052,0,0,0
4097,0.26081741228699684,0.26081741228699684,0,0,0
4098,0.24432466179132462,0.24432466179132462,0,0,0
4099,0.2576807700097561,0.2576807700097561,0,0,0
4100,0.25120026990771294,0.25120026990771294,0,0,0
4101,0.24514304473996162,0.24514304473996162,0,0,0
4102,0.2401331029832363,0.2401331029832363,0,0,0
4103,0.2662788927555084,0.2662788927555084,0,0,0
4104,0.24046951904892921,0.24046951904892921,0,0,0
4105,0.23990300670266151,0.23990300670266151,0,0,0
4106,0.24582432210445404,0.24582432210445404,0,0,0
4107,0.25350191816687584,0.25350191816687584,0,0,0
4108,0.23896312713623047,0.23896312713623047,0,0,0
4109,0.23505355045199394,0.23505355045199394,0,0,0
4110,0.2570823095738888,0.2570823095738888,0,0,0
4111,0.24804791063070297,0.24804791063070297,0,0,0
4112,0.2470461130142212,0.2470461130142212,0,0,0
4113,0.2322218157351017,0.2322218157351017,0,0,0
4114,0.24406345188617706,0.24406345188617706,0,0,0
4115,0.24445459246635437,0.24445459246635437,0,0,0
4116,0.26935114711523056,0.26935114711523056,0,0,0
4117,0.24813209101557732,0.24813209101557732,0,0,0
4118,0.2799471952021122,0.2799471952021122,0,0,0
4119,0.24727021902799606,0.24727021902799606,0,0,0
4120,0.26671144738793373,0.26671144738793373,0,0,0
4121,0.25864042341709137,0.25864042341709137,0,0,0
4122,0.2534521333873272,0.2534521333873272,0,0,0
4123,0.24151504039764404,0.24151504039764404,0,0,0
4124,0.2413923628628254,0.2413923628628254,0,0,0
4125,0.2468099370598793,0.2468099370598793,0,0,0
4126,0.24964546784758568,0.24964546784758568,0,0,0
4127,0.2628900408744812,0.2628900408744812,0,0,0
4128,0.28096792474389076,0.28096792474389076,0,0,0
4129,0.2649841010570526,0.2649841010570526,0,0,0
4130,0.25277457013726234,0.25277457013726234,0,0,0
4131,0.25017647072672844,0.25017647072672844,0,0,0
4132,0.2665644623339176,0.2665644623339176,0,0,0
4133,0.23782352358102798,0.23782352358102798,0,0,0
4134,0.248723603785038,0.248723603785038,0,0,0
4135,0.2445877231657505,0.2445877231657505,0,0,0
4136,0.24379174038767815,0.24379174038767815,0,0,0
4137,0.2477257438004017,0.2477257438004017,0,0,0
4138,0.25443005934357643,0.25443005934357643,0,0,0
4139,0.25781016424298286,0.25781016424298286,0,0,0
4140,0.23678935691714287,0.23678935691714287,0,0,0
4141,0.2515394873917103,0.2515394873917103,0,0,0
4142,0.25371449440717697,0.25371449440717697,0,0,0
4143,0.23781070485711098,0.23781070485711098,0,0,0
4144,0.24507702142000198,0.24507702142000198,0,0,0
4145,0.24332154169678688,0.24332154169678688,0,0,0
4146,0.2411489486694336,0.2411489486694336,0,0,0
4147,0.2520853392779827,0.2520853392779827,0,0,0
4148,0.2467327117919922,0.2467327117919922,0,0,0
4149,0.24054276943206787,0.24054276943206787,0,0,0
4150,0.2408929206430912,0.2408929206430912,0,0,0
4151,0.24667559191584587,0.24667559191584587,0,0,0
4152,0.2547518312931061,0.2547518312931061,0,0,0
4153,0.28534042090177536,0.28534042090177536,0,0,0
4154,0.2692335546016693,0.2692335546016693,0,0,0
4155,0.24235016107559204,0.24235016107559204,0,0,0
4156,0.24187972396612167,0.24187972396612167,0,0,0
4157,0.24495622888207436,0.24495622888207436,0,0,0
4158,0.24367989227175713,0.24367989227175713,0,0,0
4159,0.2616368345916271,0.2616368345916271,0,0,0
4160,0.25134729593992233,0.25134729593992233,0,0,0
4161,0.25838103517889977,0.25838103517889977,0,0,0
4162,0.24902039393782616,0.24902039393782616,0,0,0
4163,0.24274392053484917,0.24274392053484917,0,0,0
4164,0.2523583471775055,0.2523583471775055,0,0,0
4165,0.2568853870034218,0.2568853870034218,0,0,0
4166,0.28186704218387604,0.28186704218387604,0,0,0
4167,0.24613837152719498,0.24613837152719498,0,0,0
4168,0.24776802957057953,0.24776802957057953,0,0,0
4169,0.2534651905298233,0.2534651905298233,0,0,0
4170,0.25445785373449326,0.25445785373449326,0,0,0
4171,0.25948384776711464,0.25948384776711464,0,0,0
4172,0.24944792687892914,0.24944792687892914,0,0,0
4173,0.25186487287282944,0.25186487287282944,0,0,0
4174,0.23885071650147438,0.23885071650147438,0,0,0
4175,0.24300136417150497,0.24300136417150497,0,0,0
4176,0.24089627340435982,0.24089627340435982,0,0,0
4177,0.2328135408461094,0.2328135408461094,0,0,0
4178,0.23312275856733322,0.23312275856733322,0,0,0
4179,0.24970101565122604,0.24970101565122604,0,0,0
4180,0.24294525757431984,0.24294525757431984,0,0,0
4181,0.24272258579730988,0.24272258579730988,0,0,0
4182,0.23481034860014915,0.23481034860014915,0,0,0
4183,0.24091886729002,0.24091886729002,0,0,0
4184,0.2577555254101753,0.2577555254101753,0,0,0
4185,0.25275005027651787,0.25275005027651787,0,0,0
4186,0.23331374302506447,0.23331374302506447,0,0,0
4187,0.25229908525943756,0.25229908525943756,0,0,0
4188,0.25919821858406067,0.25919821858406067,0,0,0
4189,0.23730626702308655,0.23730626702308655,0,0,0
4190,0.23607558384537697,0.23607558384537697,0,0,0
4191,0.23654071241617203,0.23654071241617203,0,0,0
4192,0.24150539562106133,0.24150539562106133,0,0,0
4193,0.2601548172533512,0.2601548172533512,0,0,0
4194,0.234671238809824,0.234671238809824,0,0,0
4195,0.2402736432850361,0.2402736432850361,0,0,0
4196,0.2493400238454342,0.2493400238454342,0,0,0
4197,0.24103297293186188,0.24103297293186188,0,0,0
4198,0.24587923660874367,0.24587923660874367,0,0,0
4199,0.2427665926516056,0.2427665926516056,0,0,0
4200,0.24666519835591316,0.24666519835591316,0,0,0
4201,0.2501254789531231,0.2501254789531231,0,0,0
4202,0.2357536219060421,0.2357536219060421,0,0,0
4203,0.2367931455373764,0.2367931455373764,0,0,0
4204,0.23818587139248848,0.23818587139248848,0,0,0
4205,0.23724983260035515,0.23724983260035515,0,0,0
4206,0.2463293820619583,0.2463293820619583,0,0,0
4207,0.24160118773579597,0.24160118773579597,0,0,0
4208,0.25032254308462143,0.25032254308462143,0,0,0
4209,0.23509040474891663,0.23509040474891663,0,0,0
4210,0.24136300012469292,0.24136300012469292,0,0,0
4211,0.2457783855497837,0.2457783855497837,0,0,0
4212,0.24377213045954704,0.24377213045954704,0,0,0
4213,0.24158049374818802,0.24158049374818802,0,0,0
4214,0.23397404700517654,0.23397404700517654,0,0,0
4215,0.25133128464221954,0.25133128464221954,0,0,0
4216,0.2606218792498112,0.2606218792498112,0,0,0
4217,0.24745651334524155,0.24745651334524155,0,0,0
4218,0.23647265136241913,0.23647265136241913,0,0,0
4219,0.24229298159480095,0.24229298159480095,0,0,0
4220,0.2350444495677948,0.2350444495677948,0,0,0
4221,0.24079789221286774,0.24079789221286774,0,0,0
4222,0.23272719606757164,0.23272719606757164,0,0,0
4223,0.2541073113679886,0.2541073113679886,0,0,0
4224,0.2625637724995613,0.2625637724995613,0,0,0
4225,0.24979954585433006,0.24979954585433006,0,0,0
4226,0.24454036727547646,0.24454036727547646,0,0,0
4227,0.234377671033144,0.234377671033144,0,0,0
4228,0.2354593388736248,0.2354593388736248,0,0,0
4229,0.23243116587400436,0.23243116587400436,0,0,0
4230,0.25305525958538055,0.25305525958538055,0,0,0
4231,0.23388193920254707,0.23388193920254707,0,0,0
4232,0.2376563772559166,0.2376563772559166,0,0,0
4233,0.2381138987839222,0.2381138987839222,0,0,0
4234,0.2316736839711666,0.2316736839711666,0,0,0
4235,0.23423906788229942,0.23423906788229942,0,0,0
4236,0.2297741249203682,0.2297741249203682,0,0,0
4237,0.2404269240796566,0.2404269240796566,0,0,0
4238,0.2620854116976261,0.2620854116976261,0,0,0
4239,0.2547203190624714,0.2547203190624714,0,0,0
4240,0.2474612481892109,0.2474612481892109,0,0,0
4241,0.24814479798078537,0.24814479798078537,0,0,0
4242,0.2453349009156227,0.2453349009156227,0,0,0
4243,0.2306896299123764,0.2306896299123764,0,0,0
4244,0.23803173005580902,0.23803173005580902,0,0,0
4245,0.24944040924310684,0.24944040924310684,0,0,0
4246,0.26608438789844513,0.26608438789844513,0,0,0
4247,0.2484116405248642,0.2484116405248642,0,0,0
4248,0.24832703173160553,0.24832703173160553,0,0,0
4249,0.2391846515238285,0.2391846515238285,0,0,0
4250,0.24828754737973213,0.24828754737973213,0,0,0
4251,0.2664314992725849,0.2664314992725849,0,0,0
4252,0.2530135475099087,0.2530135475099087,0,0,0
4253,0.2607777640223503,0.2607777640223503,0,0,0
4254,0.23289859667420387,0.23289859667420387,0,0,0
4255,0.24717748537659645,0.24717748537659645,0,0,0
4256,0.23781287297606468,0.23781287297606468,0,0,0
4257,0.23425127938389778,0.23425127938389778,0,0,0
4258,0.24474800750613213,0.24474800750613213,0,0,0
4259,0.23324570059776306,0.23324570059776306,0,0,0
4260,0.24243014305830002,0.24243014305830002,0,0,0
4261,0.2496120072901249,0.2496120072901249,0,0,0
4262,0.23605981841683388,0.23605981841683388,0,0,0
4263,0.24380655214190483,0.24380655214190483,0,0,0
4264,0.23648491129279137,0.23648491129279137,0,0,0
4265,0.23364296555519104,0.23364296555519104,0,0,0
4266,0.24254226312041283,0.24254226312041283,0,0,0
4267,0.23988978192210197,0.23988978192210197,0,0,0
4268,0.24266470596194267,0.24266470596194267,0,0,0
4269,0.29276446253061295,0.29276446253061295,0,0,0
4270,0.24013204500079155,0.24013204500079155,0,0,0
4271,0.23975375667214394,0.23975375667214394,0,0,0
4272,0.2280600368976593,0.2280600368976593,0,0,0
4273,0.24788659065961838,0.24788659065961838,0,0,0
4274,0.24194951355457306,0.24194951355457306,0,0,0
4275,0.2363690473139286,0.2363690473139286,0,0,0
4276,0.23290399089455605,0.23290399089455605,0,0,0
4277,0.23836682364344597,0.23836682364344597,0,0,0
4278,0.25199227035045624,0.25199227035045624,0,0,0
4279,0.2438163235783577,0.2438163235783577,0,0,0
4280,0.22908098623156548,0.22908098623156548,0,0,0
4281,0.2364918366074562,0.2364918366074562,0,0,0
4282,0.2308836430311203,0.2308836430311203,0,0,0
4283,0.23717614635825157,0.23717614635825157,0,0,0
4284,0.24005762115120888,0.24005762115120888,0,0,0
4285,0.2350539118051529,0.2350539118051529,0,0,0
4286,0.23443597555160522,0.23443597555160522,0,0,0
4287,0.2602327838540077,0.2602327838540077,0,0,0
4288,0.23288586363196373,0.23288586363196373,0,0,0
4289,0.23596730455756187,0.23596730455756187,0,0,0
4290,0.23336013406515121,0.23336013406515121,0,0,0
4291,0.22805549576878548,0.22805549576878548,0,0,0
4292,0.24174106866121292,0.24174106866121292,0,0,0
4293,0.23679638653993607,0.23679638653993607,0,0,0
4294,0.23440514877438545,0.23440514877438545,0,0,0
4295,0.2437107302248478,0.2437107302248478,0,0,0
4296,0.2462189607322216,0.2462189607322216,0,0,0
4297,0.26454687491059303,0.26454687491059303,0,0,0
4298,0.2370142713189125,0.2370142713189125,0,0,0
4299,0.2500951625406742,0.2500951625406742,0,0,0
4300,0.22883176803588867,0.22883176803588867,0,0,0
4301,0.2271239534020424,0.2271239534020424,0,0,0
4302,0.23670103773474693,0.23670103773474693,0,0,0
4303,0.23080813884735107,0.23080813884735107,0,0,0
4304,0.23364883288741112,0.23364883288741112,0,0,0
4305,0.23970449715852737,0.23970449715852737,0,0,0
4306,0.25784480944275856,0.25784480944275856,0,0,0
4307,0.2410573847591877,0.2410573847591877,0,0,0
4308,0.2522674761712551,0.2522674761712551,0,0,0
4309,0.23110971599817276,0.23110971599817276,0,0,0
4310,0.23320791125297546,0.23320791125297546,0,0,0
4311,0.23342637345194817,0.23342637345194817,0,0,0
4312,0.23226873576641083,0.23226873576641083,0,0,0
4313,0.24249226599931717,0.24249226599931717,0,0,0
4314,0.24022750183939934,0.24022750183939934,0,0,0
4315,0.22515643015503883,0.22515643015503883,0,0,0
4316,0.2334735058248043,0.2334735058248043,0,0,0
4317,0.23108123987913132,0.23108123987913132,0,0,0
4318,0.23336457461118698,0.23336457461118698,0,0,0
4319,0.22224142029881477,0.22224142029881477,0,0,0
4320,0.23437537252902985,0.23437537252902985,0,0,0
4321,0.23522459715604782,0.23522459715604782,0,0,0
4322,0.23100782558321953,0.23100782558321953,0,0,0
4323,0.23165703192353249,0.23165703192353249,0,0,0
4324,0.22855519130825996,0.22855519130825996,0,0,0
4325,0.24401291832327843,0.24401291832327843,0,0,0
4326,0.2312392219901085,0.2312392219901085,0,0,0
4327,0.23961836844682693,0.23961836844682693,0,0,0
4328,0.23607347533106804,0.23607347533106804,0,0,0
4329,0.22732159867882729,0.22732159867882729,0,0,0
4330,0.23405900970101357,0.23405900970101357,0,0,0
4331,0.22430165857076645,0.22430165857076645,0,0,0
4332,0.24112415686249733,0.24112415686249733,0,0,0
4333,0.2248006835579872,0.2248006835579872,0,0,0
4334,0.26195821538567543,0.26195821538567543,0,0,0
4335,0.22949500754475594,0.22949500754475594,0,0,0
4336,0.2400629222393036,0.2400629222393036,0,0,0
4337,0.22754840925335884,0.22754840925335884,0,0,0
4338,0.21916980668902397,0.21916980668902397,0,0,0
4339,0.23453856632113457,0.23453856632113457,0,0,0
4340,0.24061691761016846,0.24061691761016846,0,0,0
4341,0.23872444778680801,0.23872444778680801,0,0,0
4342,0.24034399539232254,0.24034399539232254,0,0,0
4343,0.23426147550344467,0.23426147550344467,0,0,0
4344,0.23085835576057434,0.23085835576057434,0,0,0
4345,0.2751849740743637,0.2751849740743637,0,0,0
4346,0.21844414249062538,0.21844414249062538,0,0,0
4347,0.2327369786798954,0.2327369786798954,0,0,0
4348,0.23991237208247185,0.23991237208247185,0,0,0
4349,0.23828864470124245,0.23828864470124245,0,0,0
4350,0.2482636384665966,0.2482636384665966,0,0,0
4351,0.23349419608712196,0.23349419608712196,0,0,0
4352,0.22921466827392578,0.22921466827392578,0,0,0
4353,0.2502421997487545,0.2502421997487545,0,0,0
4354,0.22878919169306755,0.22878919169306755,0,0,0
4355,0.2295106165111065,0.2295106165111065,0,0,0
4356,0.2237292379140854,0.2237292379140854,0,0,0
4357,0.22373365983366966,0.22373365983366966,0,0,0
4358,0.2375815436244011,0.2375815436244011,0,0,0
4359,0.22143026441335678,0.22143026441335678,0,0,0
4360,0.26089298352599144,0.26089298352599144,0,0,0
4361,0.23585183918476105,0.23585183918476105,0,0,0
4362,0.22990990802645683,0.22990990802645683,0,0,0
4363,0.22693799063563347,0.22693799063563347,0,0,0
4364,0.22995736077427864,0.22995736077427864,0,0,0
4365,0.22337424755096436,0.22337424755096436,0,0,0
4366,0.23571180179715157,0.23571180179715157,0,0,0
4367,0.22906643524765968,0.22906643524765968,0,0,0
4368,0.22612053900957108,0.22612053900957108,0,0,0
4369,0.22476709261536598,0.22476709261536598,0,0,0
4370,0.22760487720370293,0.22760487720370293,0,0,0
4371,0.2525332011282444,0.2525332011282444,0,0,0
4372,0.234673123806715,0.234673123806715,0,0,0
4373,0.2233598828315735,0.2233598828315735,0,0,0
4374,0.2733437493443489,0.2733437493443489,0,0,0
4375,0.2251926325261593,0.2251926325261593,0,0,0
4376,0.23580218106508255,0.23580218106508255,0,0,0
4377,0.2311764732003212,0.2311764732003212,0,0,0
4378,0.25069401413202286,0.25069401413202286,0,0,0
4379,0.22695138305425644,0.22695138305425644,0,0,0
4380,0.2401794269680977,0.2401794269680977,0,0,0
4381,0.24553781375288963,0.24553781375288963,0,0,0
4382,0.2264179140329361,0.2264179140329361,0,0,0
4383,0.2287324033677578,0.2287324033677578,0,0,0
4384,0.22691937908530235,0.22691937908530235,0,0,0
4385,0.24772868677973747,0.24772868677973747,0,0,0
4386,0.24040179327130318,0.24040179327130318,0,0,0
4387,0.24199892207980156,0.24199892207980156,0,0,0
4388,0.2585432641208172,0.2585432641208172,0,0,0
4389,0.22392158955335617,0.22392158955335617,0,0,0
4390,0.25236907601356506,0.25236907601356506,0,0,0
4391,0.24973542243242264,0.24973542243242264,0,0,0
4392,0.24870004877448082,0.24870004877448082,0,0,0
4393,0.23382911831140518,0.23382911831140518,0,0,0
4394,0.22831450402736664,0.22831450402736664,0,0,0
4395,0.2565465308725834,0.2565465308725834,0,0,0
4396,0.22915607690811157,0.22915607690811157,0,0,0
4397,0.23051133379340172,0.23051133379340172,0,0,0
4398,0.22531290352344513,0.22531290352344513,0,0,0
4399,0.2366073690354824,0.2366073690354824,0,0,0
4400,0.23477857932448387,0.23477857932448387,0,0,0
4401,0.2311665154993534,0.2311665154993534,0,0,0
4402,0.3232680559158325,0.3232680559158325,0,0,0
4403,0.23338943719863892,0.23338943719863892,0,0,0
4404,0.23922695964574814,0.23922695964574814,0,0,0
4405,0.2345769926905632,0.2345769926905632,0,0,0
4406,0.2306465171277523,0.2306465171277523,0,0,0
4407,0.2203390821814537,0.2203390821814537,0,0,0
4408,0.22589590027928352,0.22589590027928352,0,0,0
4409,0.2268018163740635,0.2268018163740635,0,0,0
4410,0.24503105133771896,0.24503105133771896,0,0,0
4411,0.2211824133992195,0.2211824133992195,0,0,0
4412,0.25249845162034035,0.25249845162034035,0,0,0
4413,0.22944772988557816,0.22944772988557816,0,0,0
4414,0.24028582125902176,0.24028582125902176,0,0,0
4415,0.23372454941272736,0.23372454941272736,0,0,0
4416,0.2260957844555378,0.2260957844555378,0,0,0
4417,0.24093138799071312,0.24093138799071312,0,0,0
4418,0.23775853589177132,0.23775853589177132,0,0,0
4419,0.2245786003768444,0.2245786003768444,0,0,0
4420,0.23254114761948586,0.23254114761948586,0,0,0
4421,0.2329653836786747,0.2329653836786747,0,0,0
4422,0.23767433688044548,0.23767433688044548,0,0,0
4423,0.23040824383497238,0.23040824383497238,0,0,0
4424,0.2267165742814541,0.2267165742814541,0,0,0
4425,0.23854436725378036,0.23854436725378036,0,0,0
4426,0.23015866056084633,0.23015866056084633,0,0,0
4427,0.22057252377271652,0.22057252377271652,0,0,0
4428,0.2216133438050747,0.2216133438050747,0,0,0
4429,0.2293812520802021,0.2293812520802021,0,0,0
4430,0.25354113802313805,0.25354113802313805,0,0,0
4431,0.24519625678658485,0.24519625678658485,0,0,0
4432,0.23523131385445595,0.23523131385445595,0,0,0
4433,0.23593126237392426,0.23593126237392426,0,0,0
4434,0.22902052104473114,0.22902052104473114,0,0,0
4435,0.22112874686717987,0.22112874686717987,0,0,0
4436,0.22380071505904198,0.22380071505904198,0,0,0
4437,0.2407076135277748,0.2407076135277748,0,0,0
4438,0.2225845903158188,0.2225845903158188,0,0,0
4439,0.2471737191081047,0.2471737191081047,0,0,0
4440,0.22845053300261497,0.22845053300261497,0,0,0
4441,0.22678184136748314,0.22678184136748314,0,0,0
4442,0.23026099428534508,0.23026099428534508,0,0,0
4443,0.22829407081007957,0.22829407081007957,0,0,0
4444,0.24252796173095703,0.24252796173095703,0,0,0
4445,0.22625287622213364,0.22625287622213364,0,0,0
4446,0.2262008786201477,0.2262008786201477,0,0,0
4447,0.24241429567337036,0.24241429567337036,0,0,0
4448,0.24284658581018448,0.24284658581018448,0,0,0
4449,0.23155620321631432,0.23155620321631432,0,0,0
4450,0.23024404421448708,0.23024404421448708,0,0,0
4451,0.232005275785923,0.232005275785923,0,0,0
4452,0.23112176358699799,0.23112176358699799,0,0,0
4453,0.22942796349525452,0.22942796349525452,0,0,0
4454,0.22927049547433853,0.22927049547433853,0,0,0
4455,0.22575799748301506,0.22575799748301506,0,0,0
4456,0.22666899114847183,0.22666899114847183,0,0,0
4457,0.2275242991745472,0.2275242991745472,0,0,0
4458,0.23306522518396378,0.23306522518396378,0,0,0
4459,0.2209189422428608,0.2209189422428608,0,0,0
4460,0.219953503459692,0.219953503459692,0,0,0
4461,0.22349659353494644,0.22349659353494644,0,0,0
4462,0.23097899928689003,0.23097899928689003,0,0,0
4463,0.2239353358745575,0.2239353358745575,0,0,0
4464,0.24292372539639473,0.24292372539639473,0,0,0
4465,0.23768868297338486,0.23768868297338486,0,0,0
4466,0.22710517048835754,0.22710517048835754,0,0,0
4467,0.24067842960357666,0.24067842960357666,0,0,0
4468,0.24761392176151276,0.24761392176151276,0,0,0
4469,0.24831588566303253,0.24831588566303253,0,0,0
4470,0.24124328419566154,0.24124328419566154,0,0,0
4471,0.23328940942883492,0.23328940942883492,0,0,0
4472,0.2258869856595993,0.2258869856595993,0,0,0
4473,0.23456450179219246,0.23456450179219246,0,0,0
4474,0.2416384294629097,0.2416384294629097,0,0,0
4475,0.22302711009979248,0.22302711009979248,0,0,0
4476,0.2252746932208538,0.2252746932208538,0,0,0
4477,0.2243068367242813,0.2243068367242813,0,0,0
4478,0.23104064911603928,0.23104064911603928,0,0,0
4479,0.23426947742700577,0.23426947742700577,0,0,0
4480,0.2368258833885193,0.2368258833885193,0,0,0
4481,0.23530762642621994,0.23530762642621994,0,0,0
4482,0.23170117661356926,0.23170117661356926,0,0,0
4483,0.2321530245244503,0.2321530245244503,0,0,0
4484,0.22547276318073273,0.22547276318073273,0,0,0
4485,0.22561897709965706,0.22561897709965706,0,0,0
4486,0.22527188435196877,0.22527188435196877,0,0,0
4487,0.23063140362501144,0.23063140362501144,0,0,0
4488,0.23042570427060127,0.23042570427060127,0,0,0
4489,0.255308348685503,0.255308348685503,0,0,0
4490,0.23432008922100067,0.23432008922100067,0,0,0
4491,0.22147825732827187,0.22147825732827187,0,0,0
4492,0.23007918521761894,0.23007918521761894,0,0,0
4493,0.2434915527701378,0.2434915527701378,0,0,0
4494,0.22935211658477783,0.22935211658477783,0,0,0
4495,0.22512154281139374,0.22512154281139374,0,0,0
4496,0.22609157487750053,0.22609157487750053,0,0,0
4497,0.2612237185239792,0.2612237185239792,0,0,0
4498,0.2244322933256626,0.2244322933256626,0,0,0
4499,0.24470363929867744,0.24470363929867744,0,0,0
4500,0.24101664870977402,0.24101664870977402,0,0,0
4501,0.2224683165550232,0.2224683165550232,0,0,0
4502,0.22562403976917267,0.22562403976917267,0,0,0
4503,0.241767019033432,0.241767019033432,0,0,0
4504,0.22393051534891129,0.22393051534891129,0,0,0
4505,0.22379517555236816,0.22379517555236816,0,0,0
4506,0.22267046570777893,0.22267046570777893,0,0,0
4507,0.23007052391767502,0.23007052391767502,0,0,0
4508,0.23212770000100136,0.23212770000100136,0,0,0
4509,0.2323354072868824,0.2323354072868824,0,0,0
4510,0.2201072797179222,0.2201072797179222,0,0,0
4511,0.2248009741306305,0.2248009741306305,0,0,0
4512,0.22260089218616486,0.22260089218616486,0,0,0
4513,0.22950882464647293,0.22950882464647293,0,0,0
4514,0.21567989885807037,0.21567989885807037,0,0,0
4515,0.23035157471895218,0.23035157471895218,0,0,0
4516,0.2317921780049801,0.2317921780049801,0,0,0
4517,0.22320732101798058,0.22320732101798058,0,0,0
4518,0.21746160835027695,0.21746160835027695,0,0,0
4519,0.2304832674562931,0.2304832674562931,0,0,0
4520,0.22780364751815796,0.22780364751815796,0,0,0
4521,0.21715474501252174,0.21715474501252174,0,0,0
4522,0.22056905552744865,0.22056905552744865,0,0,0
4523,0.22377988323569298,0.22377988323569298,0,0,0
4524,0.22530115768313408,0.22530115768313408,0,0,0
4525,0.22946514189243317,0.22946514189243317,0,0,0
4526,0.22810448706150055,0.22810448706150055,0,0,0
4527,0.23094261810183525,0.23094261810183525,0,0,0
4528,0.22909833118319511,0.22909833118319511,0,0,0
4529,0.22295349463820457,0.22295349463820457,0,0,0
4530,0.23339185491204262,0.23339185491204262,0,0,0
4531,0.2223510630428791,0.2223510630428791,0,0,0
4532,0.23856063187122345,0.23856063187122345,0,0,0
4533,0.21956872195005417,0.21956872195005417,0,0,0
4534,0.23436521738767624,0.23436521738767624,0,0,0
4535,0.22207757830619812,0.22207757830619812,0,0,0
4536,0.23555495962500572,0.23555495962500572,0,0,0
4537,0.21394744142889977,0.21394744142889977,0,0,0
4538,0.226188775151968,0.226188775151968,0,0,0
4539,0.22556739300489426,0.22556739300489426,0,0,0
4540,0.22999484091997147,0.22999484091997147,0,0,0
4541,0.22346730157732964,0.22346730157732964,0,0,0
4542,0.23074932023882866,0.23074932023882866,0,0,0
4543,0.21313008293509483,0.21313008293509483,0,0,0
4544,0.23127348721027374,0.23127348721027374,0,0,0
4545,0.2260163463652134,0.2260163463652134,0,0,0
4546,0.23758462443947792,0.23758462443947792,0,0,0
4547,0.22609209641814232,0.22609209641814232,0,0,0
4548,0.2302016317844391,0.2302016317844391,0,0,0
4549,0.22549407556653023,0.22549407556653023,0,0,0
4550,0.21864375099539757,0.21864375099539757,0,0,0
4551,0.2203807421028614,0.2203807421028614,0,0,0
4552,0.22037358582019806,0.22037358582019806,0,0,0
4553,0.2311459667980671,0.2311459667980671,0,0,0
4554,0.21998650208115578,0.21998650208115578,0,0,0
4555,0.22111735120415688,0.22111735120415688,0,0,0
4556,0.23403845727443695,0.23403845727443695,0,0,0
4557,0.2348814606666565,0.2348814606666565,0,0,0
4558,0.2327481471002102,0.2327481471002102,0,0,0
4559,0.21851685270667076,0.21851685270667076,0,0,0
4560,0.2315107099711895,0.2315107099711895,0,0,0
4561,0.21857429295778275,0.21857429295778275,0,0,0
4562,0.23125037923455238,0.23125037923455238,0,0,0
4563,0.22458560392260551,0.22458560392260551,0,0,0
4564,0.22417805343866348,0.22417805343866348,0,0,0
4565,0.22732437774538994,0.22732437774538994,0,0,0
4566,0.24771469458937645,0.24771469458937645,0,0,0
4567,0.2236974574625492,0.2236974574625492,0,0,0
4568,0.23607705906033516,0.23607705906033516,0,0,0
4569,0.21893693879246712,0.21893693879246712,0,0,0
4570,0.22420156374573708,0.22420156374573708,0,0,0
4571,0.22136567905545235,0.22136567905545235,0,0,0
4572,0.2261335775256157,0.2261335775256157,0,0,0
4573,0.24271777272224426,0.24271777272224426,0,0,0
4574,0.21774398162961006,0.21774398162961006,0,0,0
4575,0.2281889021396637,0.2281889021396637,0,0,0
4576,0.22912973910570145,0.22912973910570145,0,0,0
4577,0.22071116045117378,0.22071116045117378,0,0,0
4578,0.23708369955420494,0.23708369955420494,0,0,0
4579,0.21720077842473984,0.21720077842473984,0,0,0
4580,0.23003257811069489,0.23003257811069489,0,0,0
4581,0.23157744854688644,0.23157744854688644,0,0,0
4582,0.2157657854259014,0.2157657854259014,0,0,0
4583,0.22599435597658157,0.22599435597658157,0,0,0
4584,0.21255401521921158,0.21255401521921158,0,0,0
4585,0.21412982419133186,0.21412982419133186,0,0,0
4586,0.22085624188184738,0.22085624188184738,0,0,0
4587,0.23425642400979996,0.23425642400979996,0,0,0
4588,0.21531856805086136,0.21531856805086136,0,0,0
4589,0.21361174434423447,0.21361174434423447,0,0,0
4590,0.22548393532633781,0.22548393532633781,0,0,0
4591,0.22464248538017273,0.22464248538017273,0,0,0
4592,0.22937515005469322,0.22937515005469322,0,0,0
4593,0.21777170524001122,0.21777170524001122,0,0,0
4594,0.22659813985228539,0.22659813985228539,0,0,0
4595,0.2371557280421257,0.2371557280421257,0,0,0
4596,0.21842525154352188,0.21842525154352188,0,0,0
4597,0.23185919597744942,0.23185919597744942,0,0,0
4598,0.22647229209542274,0.22647229209542274,0,0,0
4599,0.2161269523203373,0.2161269523203373,0,0,0
4600,0.2359711453318596,0.2359711453318596,0,0,0
4601,0.2271735556423664,0.2271735556423664,0,0,0
4602,0.23167594149708748,0.23167594149708748,0,0,0
4603,0.22083241119980812,0.22083241119980812,0,0,0
4604,0.23355213180184364,0.23355213180184364,0,0,0
4605,0.21985599026083946,0.21985599026083946,0,0,0
4606,0.2416001632809639,0.2416001632809639,0,0,0
4607,0.23252125456929207,0.23252125456929207,0,0,0
4608,0.21550913527607918,0.21550913527607918,0,0,0
4609,0.22224177047610283,0.22224177047610283,0,0,0
4610,0.22963108494877815,0.22963108494877815,0,0,0
4611,0.22628513351082802,0.22628513351082802,0,0,0
4612,0.2317068874835968,0.2317068874835968,0,0,0
4613,0.222585029900074,0.222585029900074,0,0,0
4614,0.22466642037034035,0.22466642037034035,0,0,0
4615,0.22369111701846123,0.22369111701846123,0,0,0
4616,0.2287995181977749,0.2287995181977749,0,0,0
4617,0.2250530682504177,0.2250530682504177,0,0,0
4618,0.21289236471056938,0.21289236471056938,0,0,0
4619,0.23224691674113274,0.23224691674113274,0,0,0
4620,0.2223498411476612,0.2223498411476612,0,0,0
4621,0.22497530281543732,0.22497530281543732,0,0,0
4622,0.21347179263830185,0.21347179263830185,0,0,0
4623,0.22128558903932571,0.22128558903932571,0,0,0
4624,0.22868483513593674,0.22868483513593674,0,0,0
4625,0.27346790581941605,0.27346790581941605,0,0,0
4626,0.2569208852946758,0.2569208852946758,0,0,0
4627,0.24715421348810196,0.24715421348810196,0,0,0
4628,0.21857145801186562,0.21857145801186562,0,0,0
4629,0.23441610112786293,0.23441610112786293,0,0,0
4630,0.21818708255887032,0.21818708255887032,0,0,0
4631,0.24046261981129646,0.24046261981129646,0,0,0
4632,0.22376122698187828,0.22376122698187828,0,0,0
4633,0.2164253517985344,0.2164253517985344,0,0,0
4634,0.2288893535733223,0.2288893535733223,0,0,0
4635,0.21723317354917526,0.21723317354917526,0,0,0
4636,0.2245355360209942,0.2245355360209942,0,0,0
4637,0.2160928174853325,0.2160928174853325,0,0,0
4638,0.22139157354831696,0.22139157354831696,0,0,0
4639,0.21761224046349525,0.21761224046349525,0,0,0
4640,0.216773871332407,0.216773871332407,0,0,0
4641,0.2188955470919609,0.2188955470919609,0,0,0
4642,0.2123214714229107,0.2123214714229107,0,0,0
4643,0.21220550313591957,0.21220550313591957,0,0,0
4644,0.21949607506394386,0.21949607506394386,0,0,0
4645,0.21790817752480507,0.21790817752480507,0,0,0
4646,0.23040568828582764,0.23040568828582764,0,0,0
4647,0.22110917419195175,0.22110917419195175,0,0,0
4648,0.2255464792251587,0.2255464792251587,0,0,0
4649,0.22590993717312813,0.22590993717312813,0,0,0
4650,0.2262437343597412,0.2262437343597412,0,0,0
4651,0.23550169169902802,0.23550169169902802,0,0,0
4652,0.216732420027256,0.216732420027256,0,0,0
4653,0.22124170884490013,0.22124170884490013,0,0,0
4654,0.23647035285830498,0.23647035285830498,0,0,0
4655,0.21263878419995308,0.21263878419995308,0,0,0
4656,0.22947416827082634,0.22947416827082634,0,0,0
4657,0.21450017392635345,0.21450017392635345,0,0,0
4658,0.23990943655371666,0.23990943655371666,0,0,0
4659,0.262887641787529,0.262887641787529,0,0,0
4660,0.2276158221065998,0.2276158221065998,0,0,0
4661,0.21840891242027283,0.21840891242027283,0,0,0
4662,0.22122440487146378,0.22122440487146378,0,0,0
4663,0.22777125611901283,0.22777125611901283,0,0,0
4664,0.22368058562278748,0.22368058562278748,0,0,0
4665,0.21612611785531044,0.21612611785531044,0,0,0
4666,0.2164580300450325,0.2164580300450325,0,0,0
4667,0.21445941179990768,0.21445941179990768,0,0,0
4668,0.21723096445202827,0.21723096445202827,0,0,0
4669,0.21971003338694572,0.21971003338694572,0,0,0
4670,0.21555641293525696,0.21555641293525696,0,0,0
4671,0.21195918321609497,0.21195918321609497,0,0,0
4672,0.21468599885702133,0.21468599885702133,0,0,0
4673,0.21324266493320465,0.21324266493320465,0,0,0
4674,0.21253511682152748,0.21253511682152748,0,0,0
4675,0.21309234574437141,0.21309234574437141,0,0,0
4676,0.22581183165311813,0.22581183165311813,0,0,0
4677,0.2396850287914276,0.2396850287914276,0,0,0
4678,0.22831422835588455,0.22831422835588455,0,0,0
4679,0.21930037066340446,0.21930037066340446,0,0,0
4680,0.21372415125370026,0.21372415125370026,0,0,0
4681,0.21552765741944313,0.21552765741944313,0,0,0
4682,0.23095383495092392,0.23095383495092392,0,0,0
4683,0.2691846787929535,0.2691846787929535,0,0,0
4684,0.2136874794960022,0.2136874794960022,0,0,0
4685,0.22942333295941353,0.22942333295941353,0,0,0
4686,0.22519701346755028,0.22519701346755028,0,0,0
4687,0.21633009240031242,0.21633009240031242,0,0,0
4688,0.22861270606517792,0.22861270606517792,0,0,0
4689,0.21614617109298706,0.21614617109298706,0,0,0
4690,0.21479268744587898,0.21479268744587898,0,0,0
4691,0.21576304733753204,0.21576304733753204,0,0,0
4692,0.20834999531507492,0.20834999531507492,0,0,0
4693,0.2380100078880787,0.2380100078880787,0,0,0
4694,0.2218201383948326,0.2218201383948326,0,0,0
4695,0.22421354427933693,0.22421354427933693,0,0,0
4696,0.21647801250219345,0.21647801250219345,0,0,0
4697,0.21225683391094208,0.21225683391094208,0,0,0
4698,0.21713322401046753,0.21713322401046753,0,0,0
4699,0.21922041848301888,0.21922041848301888,0,0,0
4700,0.23716507479548454,0.23716507479548454,0,0,0
4701,0.21566396951675415,0.21566396951675415,0,0,0
4702,0.21626125276088715,0.21626125276088715,0,0,0
4703,0.22140363603830338,0.22140363603830338,0,0,0
4704,0.21767953410744667,0.21767953410744667,0,0,0
4705,0.2200135886669159,0.2200135886669159,0,0,0
4706,0.2434944026172161,0.2434944026172161,0,0,0
4707,0.22314157709479332,0.22314157709479332,0,0,0
4708,0.2164202816784382,0.2164202816784382,0,0,0
4709,0.22398848086595535,0.22398848086595535,0,0,0
4710,0.23322585225105286,0.23322585225105286,0,0,0
4711,0.24869190528988838,0.24869190528988838,0,0,0
4712,0.22499848902225494,0.22499848902225494,0,0,0
4713,0.2289913073182106,0.2289913073182106,0,0,0
4714,0.22215985879302025,0.22215985879302025,0,0,0
4715,0.2307344786822796,0.2307344786822796,0,0,0
4716,0.21453864127397537,0.21453864127397537,0,0,0
4717,0.21344312652945518,0.21344312652945518,0,0,0
4718,0.21970325335860252,0.21970325335860252,0,0,0
4719,0.22030848637223244,0.22030848637223244,0,0,0
4720,0.22170927375555038,0.22170927375555038,0,0,0
4721,0.21622935682535172,0.21622935682535172,0,0,0
4722,0.2157369963824749,0.2157369963824749,0,0,0
4723,0.22505586594343185,0.22505586594343185,0,0,0
4724,0.21897560358047485,0.21897560358047485,0,0,0
4725,0.21792587265372276,0.21792587265372276,0,0,0
4726,0.22311454266309738,0.22311454266309738,0,0,0
4727,0.21869851276278496,0.21869851276278496,0,0,0
4728,0.2170380875468254,0.2170380875468254,0,0,0
4729,0.2146676853299141,0.2146676853299141,0,0,0
4730,0.21015087515115738,0.21015087515115738,0,0,0
4731,0.22478171065449715,0.22478171065449715,0,0,0
4732,0.2306169867515564,0.2306169867515564,0,0,0
4733,0.2262081354856491,0.2262081354856491,0,0,0
4734,0.21407108008861542,0.21407108008861542,0,0,0
4735,0.21697774529457092,0.21697774529457092,0,0,0
4736,0.21094735339283943,0.21094735339283943,0,0,0
4737,0.21808093413710594,0.21808093413710594,0,0,0
4738,0.2682975307106972,0.2682975307106972,0,0,0
4739,0.20865404605865479,0.20865404605865479,0,0,0
4740,0.2171020768582821,0.2171020768582821,0,0,0
4741,0.2222842089831829,0.2222842089831829,0,0,0
4742,0.22674301639199257,0.22674301639199257,0,0,0
4743,0.22765805199742317,0.22765805199742317,0,0,0
4744,0.22360695153474808,0.22360695153474808,0,0,0
4745,0.21870920434594154,0.21870920434594154,0,0,0
4746,0.21674197167158127,0.21674197167158127,0,0,0
4747,0.2086477167904377,0.2086477167904377,0,0,0
4748,0.21765752136707306,0.21765752136707306,0,0,0
4749,0.2197280488908291,0.2197280488908291,0,0,0
4750,0.23318341001868248,0.23318341001868248,0,0,0
4751,0.22110944241285324,0.22110944241285324,0,0,0
4752,0.21456696465611458,0.21456696465611458,0,0,0
4753,0.21512575820088387,0.21512575820088387,0,0,0
4754,0.2317228578031063,0.2317228578031063,0,0,0
4755,0.22638338431715965,0.22638338431715965,0,0,0
4756,0.22321926429867744,0.22321926429867744,0,0,0
4757,0.20865624770522118,0.20865624770522118,0,0,0
4758,0.21003763377666473,0.21003763377666473,0,0,0
4759,0.2266315147280693,0.2266315147280693,0,0,0
4760,0.21653411909937859,0.21653411909937859,0,0,0
4761,0.21817418932914734,0.21817418932914734,0,0,0
4762,0.2140720896422863,0.2140720896422863,0,0,0
4763,0.2096102312207222,0.2096102312207222,0,0,0
4764,0.2171775996685028,0.2171775996685028,0,0,0
4765,0.22589198127388954,0.22589198127388954,0,0,0
4766,0.21942491829395294,0.21942491829395294,0,0,0
4767,0.21827810257673264,0.21827810257673264,0,0,0
4768,0.21624938026070595,0.21624938026070595,0,0,0
4769,0.21350978687405586,0.21350978687405586,0,0,0
4770,0.218747790902853,0.218747790902853,0,0,0
4771,0.22778775542974472,0.22778775542974472,0,0,0
4772,0.224622905254364,0.224622905254364,0,0,0
4773,0.22149699181318283,0.22149699181318283,0,0,0
4774,0.21416162326931953,0.21416162326931953,0,0,0
4775,0.21416481956839561,0.21416481956839561,0,0,0
4776,0.22218622267246246,0.22218622267246246,0,0,0
4777,0.24029603600502014,0.24029603600502014,0,0,0
4778,0.2086503989994526,0.2086503989994526,0,0,0
4779,0.23437676951289177,0.23437676951289177,0,0,0
4780,0.22152633592486382,0.22152633592486382,0,0,0
4781,0.21995265781879425,0.21995265781879425,0,0,0
4782,0.2173980437219143,0.2173980437219143,0,0,0
4783,0.2224738858640194,0.2224738858640194,0,0,0
4784,0.22108563035726547,0.22108563035726547,0,0,0
4785,0.2153519131243229,0.2153519131243229,0,0,0
4786,0.2166723571717739,0.2166723571717739,0,0,0
4787,0.22923437133431435,0.22923437133431435,0,0,0
4788,0.2269580326974392,0.2269580326974392,0,0,0
4789,0.21948692575097084,0.21948692575097084,0,0,0
4790,0.21650856360793114,0.21650856360793114,0,0,0
4791,0.2165948860347271,0.2165948860347271,0,0,0
4792,0.20527272298932076,0.20527272298932076,0,0,0
4793,0.2266320437192917,0.2266320437192917,0,0,0
4794,0.21029631420969963,0.21029631420969963,0,0,0
4795,0.2176198475062847,0.2176198475062847,0,0,0
4796,0.2115906924009323,0.2115906924009323,0,0,0
4797,0.22096168249845505,0.22096168249845505,0,0,0
4798,0.20835357159376144,0.20835357159376144,0,0,0
4799,0.21207772567868233,0.21207772567868233,0,0,0
4800,0.22874436900019646,0.22874436900019646,0,0,0
4801,0.23014627769589424,0.23014627769589424,0,0,0
4802,0.21114522218704224,0.21114522218704224,0,0,0
4803,0.20979377999901772,0.20979377999901772,0,0,0
4804,0.21619120240211487,0.21619120240211487,0,0,0
4805,0.23178818821907043,0.23178818821907043,0,0,0
4806,0.21926189586520195,0.21926189586520195,0,0,0
4807,0.21005281060934067,0.21005281060934067,0,0,0
4808,0.23853814229369164,0.23853814229369164,0,0,0
4809,0.21471359580755234,0.21471359580755234,0,0,0
4810,0.21291199699044228,0.21291199699044228,0,0,0
4811,0.21494444832205772,0.21494444832205772,0,0,0
4812,0.2116817869246006,0.2116817869246006,0,0,0
4813,0.20936650782823563,0.20936650782823563,0,0,0
4814,0.21634304523468018,0.21634304523468018,0,0,0
4815,0.2312232442200184,0.2312232442200184,0,0,0
4816,0.20960690081119537,0.20960690081119537,0,0,0
4817,0.21637774258852005,0.21637774258852005,0,0,0
4818,0.20969776809215546,0.20969776809215546,0,0,0
4819,0.2116856388747692,0.2116856388747692,0,0,0
4820,0.21146732941269875,0.21146732941269875,0,0,0
4821,0.2137952633202076,0.2137952633202076,0,0,0
4822,0.21088851988315582,0.21088851988315582,0,0,0
4823,0.21588685363531113,0.21588685363531113,0,0,0
4824,0.21350732445716858,0.21350732445716858,0,0,0
4825,0.21752531081438065,0.21752531081438065,0,0,0
4826,0.2150522992014885,0.2150522992014885,0,0,0
4827,0.20716800168156624,0.20716800168156624,0,0,0
4828,0.2095191404223442,0.2095191404223442,0,0,0
4829,0.21345865353941917,0.21345865353941917,0,0,0
4830,0.220135398209095,0.220135398209095,0,0,0
4831,0.23206204175949097,0.23206204175949097,0,0,0
4832,0.21782883629202843,0.21782883629202843,0,0,0
4833,0.21293916180729866,0.21293916180729866,0,0,0
4834,0.21310661360621452,0.21310661360621452,0,0,0
4835,0.21122875809669495,0.21122875809669495,0,0,0
4836,0.209991205483675,0.209991205483675,0,0,0
4837,0.21780501678586006,0.21780501678586006,0,0,0
4838,0.20485401898622513,0.20485401898622513,0,0,0
4839,0.2307424619793892,0.2307424619793892,0,0,0
4840,0.21083742007613182,0.21083742007613182,0,0,0
4841,0.22214023023843765,0.22214023023843765,0,0,0
4842,0.21128812804818153,0.21128812804818153,0,0,0
4843,0.2123555950820446,0.2123555950820446,0,0,0
4844,0.21168041229248047,0.21168041229248047,0,0,0
4845,0.2056947574019432,0.2056947574019432,0,0,0
4846,0.2123926505446434,0.2123926505446434,0,0,0
4847,0.2150198072195053,0.2150198072195053,0,0,0
4848,0.22042590007185936,0.22042590007185936,0,0,0
4849,0.21648051217198372,0.21648051217198372,0,0,0
4850,0.20252465084195137,0.20252465084195137,0,0,0
4851,0.21301531791687012,0.21301531791687012,0,0,0
4852,0.24359938502311707,0.24359938502311707,0,0,0
4853,0.20889292657375336,0.20889292657375336,0,0,0
4854,0.2099912129342556,0.2099912129342556,0,0,0
4855,0.20844779908657074,0.20844779908657074,0,0,0
4856,0.2103772647678852,0.2103772647678852,0,0,0
4857,0.2173229567706585,0.2173229567706585,0,0,0
4858,0.21367710083723068,0.21367710083723068,0,0,0
4859,0.21726947277784348,0.21726947277784348,0,0,0
4860,0.2081219218671322,0.2081219218671322,0,0,0
4861,0.20759715139865875,0.20759715139865875,0,0,0
4862,0.2084069699048996,0.2084069699048996,0,0,0
4863,0.2214253842830658,0.2214253842830658,0,0,0
4864,0.2104656845331192,0.2104656845331192,0,0,0
4865,0.2071901299059391,0.2071901299059391,0,0,0
4866,0.22511976584792137,0.22511976584792137,0,0,0
4867,0.21542572230100632,0.21542572230100632,0,0,0
4868,0.21834411099553108,0.21834411099553108,0,0,0
4869,0.22238463535904884,0.22238463535904884,0,0,0
4870,0.2090252861380577,0.2090252861380577,0,0,0
4871,0.20902850851416588,0.20902850851416588,0,0,0
4872,0.2124544344842434,0.2124544344842434,0,0,0
4873,0.21274977549910545,0.21274977549910545,0,0,0
4874,0.2160949558019638,0.2160949558019638,0,0,0
4875,0.21559247374534607,0.21559247374534607,0,0,0
4876,0.2155263088643551,0.2155263088643551,0,0,0
4877,0.2179259955883026,0.2179259955883026,0,0,0
4878,0.2528999000787735,0.2528999000787735,0,0,0
4879,0.22964224964380264,0.22964224964380264,0,0,0
4880,0.2140633463859558,0.2140633463859558,0,0,0
4881,0.21072599664330482,0.21072599664330482,0,0,0
4882,0.20580800995230675,0.20580800995230675,0,0,0
4883,0.2107413224875927,0.2107413224875927,0,0,0
4884,0.21246802434325218,0.21246802434325218,0,0,0
4885,0.21527844667434692,0.21527844667434692,0,0,0
4886,0.21072399616241455,0.21072399616241455,0,0,0
4887,0.2169266641139984,0.2169266641139984,0,0,0
4888,0.2066662684082985,0.2066662684082985,0,0,0
4889,0.22476041689515114,0.22476041689515114,0,0,0
4890,0.21043727546930313,0.21043727546930313,0,0,0
4891,0.20988278463482857,0.20988278463482857,0,0,0
4892,0.20553459972143173,0.20553459972143173,0,0,0
4893,0.22206879034638405,0.22206879034638405,0,0,0
4894,0.21415158361196518,0.21415158361196518,0,0,0
4895,0.2146720066666603,0.2146720066666603,0,0,0
4896,0.22119764238595963,0.22119764238595963,0,0,0
4897,0.2211068496108055,0.2211068496108055,0,0,0
4898,0.2174529954791069,0.2174529954791069,0,0,0
4899,0.21892332658171654,0.21892332658171654,0,0,0
4900,0.21010180935263634,0.21010180935263634,0,0,0
4901,0.2201099619269371,0.2201099619269371,0,0,0
4902,0.2102319598197937,0.2102319598197937,0,0,0
4903,0.22197846695780754,0.22197846695780754,0,0,0
4904,0.22622789815068245,0.22622789815068245,0,0,0
4905,0.22162778675556183,0.22162778675556183,0,0,0
4906,0.21382854133844376,0.21382854133844376,0,0,0
4907,0.21026261895895004,0.21026261895895004,0,0,0
4908,0.2119116596877575,0.2119116596877575,0,0,0
4909,0.21336879208683968,0.21336879208683968,0,0,0
4910,0.21831215545535088,0.21831215545535088,0,0,0
4911,0.2146507166326046,0.2146507166326046,0,0,0
4912,0.2160840481519699,0.2160840481519699,0,0,0
4913,0.2149127908051014,0.2149127908051014,0,0,0
4914,0.21905909106135368,0.21905909106135368,0,0,0
4915,0.20595099031925201,0.20595099031925201,0,0,0
4916,0.21391040086746216,0.21391040086746216,0,0,0
4917,0.20930300652980804,0.20930300652980804,0,0,0
4918,0.20887046679854393,0.20887046679854393,0,0,0
4919,0.2191389873623848,0.2191389873623848,0,0,0
4920,0.20698245987296104,0.20698245987296104,0,0,0
4921,0.2139236219227314,0.2139236219227314,0,0,0
4922,0.2120143547654152,0.2120143547654152,0,0,0
4923,0.2448955774307251,0.2448955774307251,0,0,0
4924,0.22037706524133682,0.22037706524133682,0,0,0
4925,0.20854533091187477,0.20854533091187477,0,0,0
4926,0.21901117265224457,0.21901117265224457,0,0,0
4927,0.24486982822418213,0.24486982822418213,0,0,0
4928,0.21144884079694748,0.21144884079694748,0,0,0
4929,0.2078104130923748,0.2078104130923748,0,0,0
4930,0.20610644668340683,0.20610644668340683,0,0,0
4931,0.20793505758047104,0.20793505758047104,0,0,0
4932,0.20925848186016083,0.20925848186016083,0,0,0
4933,0.21505199745297432,0.21505199745297432,0,0,0
4934,0.20890650898218155,0.20890650898218155,0,0,0
4935,0.2190420925617218,0.2190420925617218,0,0,0
4936,0.2095106579363346,0.2095106579363346,0,0,0
4937,0.20474601909518242,0.20474601909518242,0,0,0
4938,0.20781991630792618,0.20781991630792618,0,0,0
4939,0.20578588545322418,0.20578588545322418,0,0,0
4940,0.2084595374763012,0.2084595374763012,0,0,0
4941,0.22625262290239334,0.22625262290239334,0,0,0
4942,0.21041825786232948,0.21041825786232948,0,0,0
4943,0.20915022119879723,0.20915022119879723,0,0,0
4944,0.21064654737710953,0.21064654737710953,0,0,0
4945,0.21022255718708038,0.21022255718708038,0,0,0
4946,0.20369155332446098,0.20369155332446098,0,0,0
4947,0.20480282604694366,0.20480282604694366,0,0,0
4948,0.21052781865000725,0.21052781865000725,0,0,0
4949,0.21614445745944977,0.21614445745944977,0,0,0
4950,0.20654558762907982,0.20654558762907982,0,0,0
4951,0.21661032363772392,0.21661032363772392,0,0,0
4952,0.21501122415065765,0.21501122415065765,0,0,0
4953,0.2072087861597538,0.2072087861597538,0,0,0
4954,0.20669220015406609,0.20669220015406609,0,0,0
4955,0.2043159008026123,0.2043159008026123,0,0,0
4956,0.2048472836613655,0.2048472836613655,0,0,0
4957,0.23003126680850983,0.23003126680850983,0,0,0
4958,0.21084046736359596,0.21084046736359596,0,0,0
4959,0.2044014409184456,0.2044014409184456,0,0,0
4960,0.20563289523124695,0.20563289523124695,0,0,0
4961,0.20606276765465736,0.20606276765465736,0,0,0
4962,0.22179141268134117,0.22179141268134117,0,0,0
4963,0.21772299334406853,0.21772299334406853,0,0,0
4964,0.21136100217700005,0.21136100217700005,0,0,0
4965,0.21253707259893417,0.21253707259893417,0,0,0
4966,0.2135617546737194,0.2135617546737194,0,0,0
4967,0.20833486318588257,0.20833486318588257,0,0,0
4968,0.2013123445212841,0.2013123445212841,0,0,0
4969,0.22243046015501022,0.22243046015501022,0,0,0
4970,0.2070465050637722,0.2070465050637722,0,0,0
4971,0.20072724297642708,0.20072724297642708,0,0,0
4972,0.20925408974289894,0.20925408974289894,0,0,0
4973,0.21210907027125359,0.21210907027125359,0,0,0
4974,0.20468313992023468,0.20468313992023468,0,0,0
4975,0.21283907815814018,0.21283907815814018,0,0,0
4976,0.20517472550272942,0.20517472550272942,0,0,0
4977,0.20976777002215385,0.20976777002215385,0,0,0
4978,0.20610427111387253,0.20610427111387253,0,0,0
4979,0.21131887286901474,0.21131887286901474,0,0,0
4980,0.21394958347082138,0.21394958347082138,0,0,0
4981,0.20939313992857933,0.20939313992857933,0,0,0
4982,0.20281529799103737,0.20281529799103737,0,0,0
4983,0.2185351327061653,0.2185351327061653,0,0,0
4984,0.2037002481520176,0.2037002481520176,0,0,0
4985,0.20228507742285728,0.20228507742285728,0,0,0
4986,0.20387685671448708,0.20387685671448708,0,0,0
4987,0.23247962445020676,0.23247962445020676,0,0,0
4988,0.2085168920457363,0.2085168920457363,0,0,0
4989,0.205150056630373,0.205150056630373,0,0,0
4990,0.21201961115002632,0.21201961115002632,0,0,0
4991,0.19729816541075706,0.19729816541075706,0,0,0
4992,0.20690672099590302,0.20690672099590302,0,0,0
4993,0.20775553584098816,0.20775553584098816,0,0,0
4994,0.2103910781443119,0.2103910781443119,0,0,0
4995,0.20130235701799393,0.20130235701799393,0,0,0
4996,0.2051873318850994,0.2051873318850994,0,0,0
4997,0.20519018173217773,0.20519018173217773,0,0,0
4998,0.20291900634765625,0.20291900634765625,0,0,0
4999,0.2104785330593586,0.2104785330593586,0,0,0
5000,0.233577698469162,0.233577698469162,0,0,0
5001,0.22481902316212654,0.22481902316212654,0,0,0
5002,0.2051302269101143,0.2051302269101143,0,0,0
5003,0.21037130430340767,0.21037130430340767,0,0,0
5004,0.23314157128334045,0.23314157128334045,0,0,0
5005,0.22195637226104736,0.22195637226104736,0,0,0
5006,0.21068543940782547,0.21068543940782547,0,0,0
5007,0.20960791036486626,0.20960791036486626,0,0,0
5008,0.2058468833565712,0.2058468833565712,0,0,0
5009,0.2100846767425537,0.2100846767425537,0,0,0
5010,0.20326441153883934,0.20326441153883934,0,0,0
5011,0.21283772960305214,0.21283772960305214,0,0,0
5012,0.2060842141509056,0.2060842141509056,0,0,0
5013,0.21022598817944527,0.21022598817944527,0,0,0
5014,0.22176987305283546,0.22176987305283546,0,0,0
5015,0.20744915306568146,0.20744915306568146,0,0,0
5016,0.21651175245642662,0.21651175245642662,0,0,0
5017,0.2136724255979061,0.2136724255979061,0,0,0
5018,0.20432862639427185,0.20432862639427185,0,0,0
5019,0.20291335508227348,0.20291335508227348,0,0,0
5020,0.21274599432945251,0.21274599432945251,0,0,0
5021,0.20852961391210556,0.20852961391210556,0,0,0
5022,0.21272534877061844,0.21272534877061844,0,0,0
5023,0.19901743903756142,0.19901743903756142,0,0,0
5024,0.20217864587903023,0.20217864587903023,0,0,0
5025,0.20982659980654716,0.20982659980654716,0,0,0
5026,0.20150429010391235,0.20150429010391235,0,0,0
5027,0.21622838452458382,0.21622838452458382,0,0,0
5028,0.20066577568650246,0.20066577568650246,0,0,0
5029,0.2029537484049797,0.2029537484049797,0,0,0
5030,0.21990657597780228,0.21990657597780228,0,0,0
5031,0.2062300182878971,0.2062300182878971,0,0,0
5032,0.2033659964799881,0.2033659964799881,0,0,0
5033,0.2322421558201313,0.2322421558201313,0,0,0
5034,0.20415349677205086,0.20415349677205086,0,0,0
5035,0.20085015520453453,0.20085015520453453,0,0,0
5036,0.20639939233660698,0.20639939233660698,0,0,0
5037,0.2094975709915161,0.2094975709915161,0,0,0
5038,0.21000897884368896,0.21000897884368896,0,0,0
5039,0.19682615250349045,0.19682615250349045,0,0,0
5040,0.223267812281847,0.223267812281847,0,0,0
5041,0.2062339074909687,0.2062339074909687,0,0,0
5042,0.20060968771576881,0.20060968771576881,0,0,0
5043,0.20562102273106575,0.20562102273106575,0,0,0
5044,0.20350807905197144,0.20350807905197144,0,0,0
5045,0.1965240314602852,0.1965240314602852,0,0,0
5046,0.2013443559408188,0.2013443559408188,0,0,0
5047,0.20881829410791397,0.20881829410791397,0,0,0
5048,0.20300062000751495,0.20300062000751495,0,0,0
5049,0.21204176917672157,0.21204176917672157,0,0,0
5050,0.20185618847608566,0.20185618847608566,0,0,0
5051,0.2178003452718258,0.2178003452718258,0,0,0
5052,0.19679494574666023,0.19679494574666023,0,0,0
5053,0.20168861746788025,0.20168861746788025,0,0,0
5054,0.20580773428082466,0.20580773428082466,0,0,0
5055,0.2099386788904667,0.2099386788904667,0,0,0
5056,0.20480797439813614,0.20480797439813614,0,0,0
5057,0.20217261463403702,0.20217261463403702,0,0,0
5058,0.20418063178658485,0.20418063178658485,0,0,0
5059,0.20474466681480408,0.20474466681480408,0,0,0
5060,0.2171984426677227,0.2171984426677227,0,0,0
5061,0.20200661197304726,0.20200661197304726,0,0,0
5062,0.20277613401412964,0.20277613401412964,0,0,0
5063,0.22430386766791344,0.22430386766791344,0,0,0
5064,0.2029697559773922,0.2029697559773922,0,0,0
5065,0.21178153529763222,0.21178153529763222,0,0,0
5066,0.20512325316667557,0.20512325316667557,0,0,0
5067,0.19620825350284576,0.19620825350284576,0,0,0
5068,0.21472618728876114,0.21472618728876114,0,0,0
5069,0.23152275010943413,0.23152275010943413,0,0,0
5070,0.20738889649510384,0.20738889649510384,0,0,0
5071,0.20617110282182693,0.20617110282182693,0,0,0
5072,0.2114499732851982,0.2114499732851982,0,0,0
5073,0.21102093160152435,0.21102093160152435,0,0,0
5074,0.19737564027309418,0.19737564027309418,0,0,0
5075,0.21894321218132973,0.21894321218132973,0,0,0
5076,0.20396976917982101,0.20396976917982101,0,0,0
5077,0.2004372738301754,0.2004372738301754,0,0,0
5078,0.20077987760305405,0.20077987760305405,0,0,0
5079,0.20133144780993462,0.20133144780993462,0,0,0
5080,0.2185809314250946,0.2185809314250946,0,0,0
5081,0.20036640390753746,0.20036640390753746,0,0,0
5082,0.20486746728420258,0.20486746728420258,0,0,0
5083,0.197770643979311,0.197770643979311,0,0,0
5084,0.20417118445038795,0.20417118445038795,0,0,0
5085,0.20744278654456139,0.20744278654456139,0,0,0
5086,0.21299395337700844,0.21299395337700844,0,0,0
5087,0.20905907079577446,0.20905907079577446,0,0,0
5088,0.2006455659866333,0.2006455659866333,0,0,0
5089,0.20657610148191452,0.20657610148191452,0,0,0
5090,0.21216290816664696,0.21216290816664696,0,0,0
5091,0.19921676814556122,0.19921676814556122,0,0,0
5092,0.20224826782941818,0.20224826782941818,0,0,0
5093,0.20293930917978287,0.20293930917978287,0,0,0
5094,0.20423083752393723,0.20423083752393723,0,0,0
5095,0.20200202986598015,0.20200202986598015,0,0,0
5096,0.19337811321020126,0.19337811321020126,0,0,0
5097,0.20318008586764336,0.20318008586764336,0,0,0
5098,0.19573206827044487,0.19573206827044487,0,0,0
5099,0.21073859184980392,0.21073859184980392,0,0,0
5100,0.20457301661372185,0.20457301661372185,0,0,0
5101,0.1980597823858261,0.1980597823858261,0,0,0
5102,0.20222855359315872,0.20222855359315872,0,0,0
5103,0.20743480324745178,0.20743480324745178,0,0,0
5104,0.20599890872836113,0.20599890872836113,0,0,0
5105,0.20409007370471954,0.20409007370471954,0,0,0
5106,0.20420820638537407,0.20420820638537407,0,0,0
5107,0.20031378418207169,0.20031378418207169,0,0,0
5108,0.22171509265899658,0.22171509265899658,0,0,0
5109,0.19959717243909836,0.19959717243909836,0,0,0
5110,0.23916687816381454,0.23916687816381454,0,0,0
5111,0.22646013647317886,0.22646013647317886,0,0,0
5112,0.19962548092007637,0.19962548092007637,0,0,0
5113,0.1992361806333065,0.1992361806333065,0,0,0
5114,0.20464681461453438,0.20464681461453438,0,0,0
5115,0.21356527134776115,0.21356527134776115,0,0,0
5116,0.2068793810904026,0.2068793810904026,0,0,0
5117,0.21363317221403122,0.21363317221403122,0,0,0
5118,0.2001357413828373,0.2001357413828373,0,0,0
5119,0.20673513412475586,0.20673513412475586,0,0,0
5120,0.20145530626177788,0.20145530626177788,0,0,0
5121,0.20608308538794518,0.20608308538794518,0,0,0
5122,0.19642342627048492,0.19642342627048492,0,0,0
5123,0.21609199792146683,0.21609199792146683,0,0,0
5124,0.20678244531154633,0.20678244531154633,0,0,0
5125,0.20070048049092293,0.20070048049092293,0,0,0
5126,0.19759529829025269,0.19759529829025269,0,0,0
5127,0.20565976947546005,0.20565976947546005,0,0,0
5128,0.20433375984430313,0.20433375984430313,0,0,0
5129,0.22606903314590454,0.22606903314590454,0,0,0
5130,0.2052558921277523,0.2052558921277523,0,0,0
5131,0.2050875462591648,0.2050875462591648,0,0,0
5132,0.19811776280403137,0.19811776280403137,0,0,0
5133,0.20148584246635437,0.20148584246635437,0,0,0
5134,0.1955256089568138,0.1955256089568138,0,0,0
5135,0.20517314225435257,0.20517314225435257,0,0,0
5136,0.2026693932712078,0.2026693932712078,0,0,0
5137,0.20116214826703072,0.20116214826703072,0,0,0
5138,0.21668805554509163,0.21668805554509163,0,0,0
5139,0.19318145886063576,0.19318145886063576,0,0,0
5140,0.20097985491156578,0.20097985491156578,0,0,0
5141,0.2137354053556919,0.2137354053556919,0,0,0
5142,0.19635313376784325,0.19635313376784325,0,0,0
5143,0.20396863296627998,0.20396863296627998,0,0,0
5144,0.20446573570370674,0.20446573570370674,0,0,0
5145,0.19931109249591827,0.19931109249591827,0,0,0
5146,0.20071521028876305,0.20071521028876305,0,0,0
5147,0.20483215525746346,0.20483215525746346,0,0,0
5148,0.2046491801738739,0.2046491801738739,0,0,0
5149,0.21555779874324799,0.21555779874324799,0,0,0
5150,0.20324082300066948,0.20324082300066948,0,0,0
5151,0.19994265586137772,0.19994265586137772,0,0,0
5152,0.20159245282411575,0.20159245282411575,0,0,0
5153,0.19572975859045982,0.19572975859045982,0,0,0
5154,0.20298461243510246,0.20298461243510246,0,0,0
5155,0.192850049585104,0.192850049585104,0,0,0
5156,0.19795630499720573,0.19795630499720573,0,0,0
5157,0.1997581236064434,0.1997581236064434,0,0,0
5158,0.20186277478933334,0.20186277478933334,0,0,0
5159,0.19667397812008858,0.19667397812008858,0,0,0
5160,0.20869114995002747,0.20869114995002747,0,0,0
5161,0.20426389575004578,0.20426389575004578,0,0,0
5162,0.20220138505101204,0.20220138505101204,0,0,0
5163,0.200273085385561,0.200273085385561,0,0,0
5164,0.1996804066002369,0.1996804066002369,0,0,0
5165,0.204363863915205,0.204363863915205,0,0,0
5166,0.19737089052796364,0.19737089052796364,0,0,0
5167,0.20522680133581161,0.20522680133581161,0,0,0
5168,0.1977953314781189,0.1977953314781189,0,0,0
5169,0.19858937710523605,0.19858937710523605,0,0,0
5170,0.20325913652777672,0.20325913652777672,0,0,0
5171,0.20323477685451508,0.20323477685451508,0,0,0
5172,0.2019248865544796,0.2019248865544796,0,0,0
5173,0.19468725472688675,0.19468725472688675,0,0,0
5174,0.19818301871418953,0.19818301871418953,0,0,0
5175,0.21067960187792778,0.21067960187792778,0,0,0
5176,0.20033488795161247,0.20033488795161247,0,0,0
5177,0.19595153257250786,0.19595153257250786,0,0,0
5178,0.1965474709868431,0.1965474709868431,0,0,0
5179,0.21002524718642235,0.21002524718642235,0,0,0
5180,0.19636110961437225,0.19636110961437225,0,0,0
5181,0.20791243389248848,0.20791243389248848,0,0,0
5182,0.20362354815006256,0.20362354815006256,0,0,0
5183,0.20036786794662476,0.20036786794662476,0,0,0
5184,0.19597524404525757,0.19597524404525757,0,0,0
5185,0.19895731657743454,0.19895731657743454,0,0,0
5186,0.2117350660264492,0.2117350660264492,0,0,0
5187,0.21122942119836807,0.21122942119836807,0,0,0
5188,0.21169915050268173,0.21169915050268173,0,0,0
5189,0.21464451402425766,0.21464451402425766,0,0,0
5190,0.20079904794692993,0.20079904794692993,0,0,0
5191,0.1992974728345871,0.1992974728345871,0,0,0
5192,0.21074425801634789,0.21074425801634789,0,0,0
5193,0.20200665295124054,0.20200665295124054,0,0,0
5194,0.1988268494606018,0.1988268494606018,0,0,0
5195,0.19491616636514664,0.19491616636514664,0,0,0
5196,0.20377416536211967,0.20377416536211967,0,0,0
5197,0.20436746254563332,0.20436746254563332,0,0,0
5198,0.1938842162489891,0.1938842162489891,0,0,0
5199,0.21162672340869904,0.21162672340869904,0,0,0
5200,0.20525233447551727,0.20525233447551727,0,0,0
5201,0.198847483843565,0.198847483843565,0,0,0
5202,0.19919197633862495,0.19919197633862495,0,0,0
5203,0.1993226334452629,0.1993226334452629,0,0,0
5204,0.2147235944867134,0.2147235944867134,0,0,0
5205,0.1991407796740532,0.1991407796740532,0,0,0
5206,0.20086516812443733,0.20086516812443733,0,0,0
5207,0.21120260283350945,0.21120260283350945,0,0,0
5208,0.20039210468530655,0.20039210468530655,0,0,0
5209,0.19973700493574142,0.19973700493574142,0,0,0
5210,0.1933060996234417,0.1933060996234417,0,0,0
5211,0.19642747938632965,0.19642747938632965,0,0,0
5212,0.21514654532074928,0.21514654532074928,0,0,0
5213,0.1919451355934143,0.1919451355934143,0,0,0
5214,0.2075272873044014,0.2075272873044014,0,0,0
5215,0.20637229830026627,0.20637229830026627,0,0,0
5216,0.19912682473659515,0.19912682473659515,0,0,0
5217,0.19477107375860214,0.19477107375860214,0,0,0
5218,0.20479952916502953,0.20479952916502953,0,0,0
5219,0.19575022533535957,0.19575022533535957,0,0,0
5220,0.19651803001761436,0.19651803001761436,0,0,0
5221,0.2152080051600933,0.2152080051600933,0,0,0
5222,0.18577998876571655,0.18577998876571655,0,0,0
5223,0.19605835154652596,0.19605835154652596,0,0,0
5224,0.20977820083498955,0.20977820083498955,0,0,0
5225,0.19243934750556946,0.19243934750556946,0,0,0
5226,0.19448251649737358,0.19448251649737358,0,0,0
5227,0.20658506825566292,0.20658506825566292,0,0,0
5228,0.23027201741933823,0.23027201741933823,0,0,0
5229,0.1951354816555977,0.1951354816555977,0,0,0
5230,0.1960754618048668,0.1960754618048668,0,0,0
5231,0.19321169704198837,0.19321169704198837,0,0,0
5232,0.2112969420850277,0.2112969420850277,0,0,0
5233,0.2101176753640175,0.2101176753640175,0,0,0
5234,0.19357676804065704,0.19357676804065704,0,0,0
5235,0.2052214778959751,0.2052214778959751,0,0,0
5236,0.19515882432460785,0.19515882432460785,0,0,0
5237,0.20020302757620811,0.20020302757620811,0,0,0
5238,0.19818583130836487,0.19818583130836487,0,0,0
5239,0.19232311099767685,0.19232311099767685,0,0,0
5240,0.20811843872070312,0.20811843872070312,0,0,0
5241,0.19076311588287354,0.19076311588287354,0,0,0
5242,0.2024061568081379,0.2024061568081379,0,0,0
5243,0.2042974755167961,0.2042974755167961,0,0,0
5244,0.2063867188990116,0.2063867188990116,0,0,0
5245,0.19341278448700905,0.19341278448700905,0,0,0
5246,0.1884959116578102,0.1884959116578102,0,0,0
5247,0.19414561241865158,0.19414561241865158,0,0,0
5248,0.19588257744908333,0.19588257744908333,0,0,0
5249,0.20718972757458687,0.20718972757458687,0,0,0
5250,0.19548316299915314,0.19548316299915314,0,0,0
5251,0.19256915152072906,0.19256915152072906,0,0,0
5252,0.21305899694561958,0.21305899694561958,0,0,0
5253,0.20483098924160004,0.20483098924160004,0,0,0
5254,0.19891144335269928,0.19891144335269928,0,0,0
5255,0.1927405260503292,0.1927405260503292,0,0,0
5256,0.19614769890904427,0.19614769890904427,0,0,0
5257,0.19786011800169945,0.19786011800169945,0,0,0
5258,0.2054850533604622,0.2054850533604622,0,0,0
5259,0.19646529480814934,0.19646529480814934,0,0,0
5260,0.19353264570236206,0.19353264570236206,0,0,0
5261,0.19737621396780014,0.19737621396780014,0,0,0
5262,0.19985302537679672,0.19985302537679672,0,0,0
5263,0.21251720935106277,0.21251720935106277,0,0,0
5264,0.20204803347587585,0.20204803347587585,0,0,0
5265,0.19118881598114967,0.19118881598114967,0,0,0
5266,0.19633430242538452,0.19633430242538452,0,0,0
5267,0.19361460953950882,0.19361460953950882,0,0,0
5268,0.19342880323529243,0.19342880323529243,0,0,0
5269,0.2090786024928093,0.2090786024928093,0,0,0
5270,0.19144101440906525,0.19144101440906525,0,0,0
5271,0.19510207697749138,0.19510207697749138,0,0,0
5272,0.19626881927251816,0.19626881927251816,0,0,0
5273,0.2048436813056469,0.2048436813056469,0,0,0
5274,0.19254465401172638,0.19254465401172638,0,0,0
5275,0.1948559209704399,0.1948559209704399,0,0,0
5276,0.1897529810667038,0.1897529810667038,0,0,0
5277,0.19808727502822876,0.19808727502822876,0,0,0
5278,0.1921224147081375,0.1921224147081375,0,0,0
5279,0.20049582049250603,0.20049582049250603,0,0,0
5280,0.1914164125919342,0.1914164125919342,0,0,0
5281,0.20518413558602333,0.20518413558602333,0,0,0
5282,0.1907908394932747,0.1907908394932747,0,0,0
5283,0.1915305182337761,0.1915305182337761,0,0,0
5284,0.1955418437719345,0.1955418437719345,0,0,0
5285,0.1993541717529297,0.1993541717529297,0,0,0
5286,0.19731514900922775,0.19731514900922775,0,0,0
5287,0.19494955241680145,0.19494955241680145,0,0,0
5288,0.2086690180003643,0.2086690180003643,0,0,0
5289,0.18403471633791924,0.18403471633791924,0,0,0
5290,0.19652848318219185,0.19652848318219185,0,0,0
5291,0.19521182402968407,0.19521182402968407,0,0,0
5292,0.19553916528820992,0.19553916528820992,0,0,0
5293,0.18581940233707428,0.18581940233707428,0,0,0
5294,0.19922709465026855,0.19922709465026855,0,0,0
5295,0.1999388001859188,0.1999388001859188,0,0,0
5296,0.20776186510920525,0.20776186510920525,0,0,0
5297,0.19327285885810852,0.19327285885810852,0,0,0
5298,0.19506921246647835,0.19506921246647835,0,0,0
5299,0.19793307781219482,0.19793307781219482,0,0,0
5300,0.2024356760084629,0.2024356760084629,0,0,0
5301,0.1912895292043686,0.1912895292043686,0,0,0
5302,0.18806571513414383,0.18806571513414383,0,0,0
5303,0.19979507103562355,0.19979507103562355,0,0,0
5304,0.20266210660338402,0.20266210660338402,0,0,0
5305,0.18765383586287498,0.18765383586287498,0,0,0
5306,0.20347860455513,0.20347860455513,0,0,0
5307,0.18973954021930695,0.18973954021930695,0,0,0
5308,0.20575697720050812,0.20575697720050812,0,0,0
5309,0.19148139655590057,0.19148139655590057,0,0,0
5310,0.20055552199482918,0.20055552199482918,0,0,0
5311,0.1898028515279293,0.1898028515279293,0,0,0
5312,0.20013776794075966,0.20013776794075966,0,0,0
5313,0.19299111142754555,0.19299111142754555,0,0,0
5314,0.19466044008731842,0.19466044008731842,0,0,0
5315,0.1977924220263958,0.1977924220263958,0,0,0
5316,0.19894714280962944,0.19894714280962944,0,0,0
5317,0.19167334213852882,0.19167334213852882,0,0,0
5318,0.20068936794996262,0.20068936794996262,0,0,0
5319,0.2156776264309883,0.2156776264309883,0,0,0
5320,0.18974784389138222,0.18974784389138222,0,0,0
5321,0.19659380242228508,0.19659380242228508,0,0,0
5322,0.19712872058153152,0.19712872058153152,0,0,0
5323,0.18716590479016304,0.18716590479016304,0,0,0
5324,0.19121382758021355,0.19121382758021355,0,0,0
5325,0.19660454988479614,0.19660454988479614,0,0,0
5326,0.18783483281731606,0.18783483281731606,0,0,0
5327,0.1913486048579216,0.1913486048579216,0,0,0
5328,0.19852044433355331,0.19852044433355331,0,0,0
5329,0.19688201323151588,0.19688201323151588,0,0,0
5330,0.20431186631321907,0.20431186631321907,0,0,0
5331,0.188978873193264,0.188978873193264,0,0,0
5332,0.2013954073190689,0.2013954073190689,0,0,0
5333,0.19222256168723106,0.19222256168723106,0,0,0
5334,0.19539844617247581,0.19539844617247581,0,0,0
5335,0.19338581338524818,0.19338581338524818,0,0,0
5336,0.19779275357723236,0.19779275357723236,0,0,0
5337,0.1965586543083191,0.1965586543083191,0,0,0
5338,0.18922333046793938,0.18922333046793938,0,0,0
5339,0.1923590637743473,0.1923590637743473,0,0,0
5340,0.18898582458496094,0.18898582458496094,0,0,0
5341,0.19841758534312248,0.19841758534312248,0,0,0
5342,0.20179812237620354,0.20179812237620354,0,0,0
5343,0.18112998455762863,0.18112998455762863,0,0,0
5344,0.20221352204680443,0.20221352204680443,0,0,0
5345,0.1993059255182743,0.1993059255182743,0,0,0
5346,0.20209185034036636,0.20209185034036636,0,0,0
5347,0.1874464638531208,0.1874464638531208,0,0,0
5348,0.1901450902223587,0.1901450902223587,0,0,0
5349,0.19491644203662872,0.19491644203662872,0,0,0
5350,0.19136781617999077,0.19136781617999077,0,0,0
5351,0.19834152981638908,0.19834152981638908,0,0,0
5352,0.1944706030189991,0.1944706030189991,0,0,0
5353,0.19240647554397583,0.19240647554397583,0,0,0
5354,0.18872466310858727,0.18872466310858727,0,0,0
5355,0.19144881889224052,0.19144881889224052,0,0,0
5356,0.18888020887970924,0.18888020887970924,0,0,0
5357,0.19435913115739822,0.19435913115739822,0,0,0
5358,0.19916311278939247,0.19916311278939247,0,0,0
5359,0.19361380860209465,0.19361380860209465,0,0,0
5360,0.20296910777688026,0.20296910777688026,0,0,0
5361,0.211053516715765,0.211053516715765,0,0,0
5362,0.19590719789266586,0.19590719789266586,0,0,0
5363,0.1919003166258335,0.1919003166258335,0,0,0
5364,0.20186952129006386,0.20186952129006386,0,0,0
5365,0.20048164576292038,0.20048164576292038,0,0,0
5366,0.19408763200044632,0.19408763200044632,0,0,0
5367,0.19553186371922493,0.19553186371922493,0,0,0
5368,0.19015923142433167,0.19015923142433167,0,0,0
5369,0.19184207916259766,0.19184207916259766,0,0,0
5370,0.1863817386329174,0.1863817386329174,0,0,0
5371,0.18719108402729034,0.18719108402729034,0,0,0
5372,0.19100366532802582,0.19100366532802582,0,0,0
5373,0.19248277321457863,0.19248277321457863,0,0,0
5374,0.21528851613402367,0.21528851613402367,0,0,0
5375,0.20009271800518036,0.20009271800518036,0,0,0
5376,0.20043335109949112,0.20043335109949112,0,0,0
5377,0.1943606473505497,0.1943606473505497,0,0,0
5378,0.19110100343823433,0.19110100343823433,0,0,0
5379,0.19432694092392921,0.19432694092392921,0,0,0
5380,0.18834248557686806,0.18834248557686806,0,0,0
5381,0.198775764554739,0.198775764554739,0,0,0
5382,0.19355512782931328,0.19355512782931328,0,0,0
5383,0.19219836592674255,0.19219836592674255,0,0,0
5384,0.18401199579238892,0.18401199579238892,0,0,0
5385,0.1952582597732544,0.1952582597732544,0,0,0
5386,0.1967819519340992,0.1967819519340992,0,0,0
5387,0.21930404007434845,0.21930404007434845,0,0,0
5388,0.19570792838931084,0.19570792838931084,0,0,0
5389,0.1932578943669796,0.1932578943669796,0,0,0
5390,0.18392826989293098,0.18392826989293098,0,0,0
5391,0.1941562220454216,0.1941562220454216,0,0,0
5392,0.18265201896429062,0.18265201896429062,0,0,0
5393,0.1963697262108326,0.1963697262108326,0,0,0
5394,0.18713410571217537,0.18713410571217537,0,0,0
5395,0.19755104929208755,0.19755104929208755,0,0,0
5396,0.19366897642612457,0.19366897642612457,0,0,0
5397,0.18913570791482925,0.18913570791482925,0,0,0
5398,0.1878080517053604,0.1878080517053604,0,0,0
5399,0.19301752746105194,0.19301752746105194,0,0,0
5400,0.191368717700243,0.191368717700243,0,0,0
5401,0.1818545050919056,0.1818545050919056,0,0,0
5402,0.1869475655257702,0.1869475655257702,0,0,0
5403,0.19428996741771698,0.19428996741771698,0,0,0
5404,0.19281110167503357,0.19281110167503357,0,0,0
5405,0.2019861601293087,0.2019861601293087,0,0,0
5406,0.1886085569858551,0.1886085569858551,0,0,0
5407,0.19722536578774452,0.19722536578774452,0,0,0
5408,0.20005333796143532,0.20005333796143532,0,0,0
5409,0.19053127989172935,0.19053127989172935,0,0,0
5410,0.19298502802848816,0.19298502802848816,0,0,0
5411,0.2024184875190258,0.2024184875190258,0,0,0
5412,0.19445471093058586,0.19445471093058586,0,0,0
5413,0.19310274347662926,0.19310274347662926,0,0,0
5414,0.1857042796909809,0.1857042796909809,0,0,0
5415,0.1980915181338787,0.1980915181338787,0,0,0
5416,0.19128496572375298,0.19128496572375298,0,0,0
5417,0.19828158989548683,0.19828158989548683,0,0,0
5418,0.1939464621245861,0.1939464621245861,0,0,0
5419,0.19192397221922874,0.19192397221922874,0,0,0
5420,0.18233078345656395,0.18233078345656395,0,0,0
5421,0.18740607425570488,0.18740607425570488,0,0,0
5422,0.1879820078611374,0.1879820078611374,0,0,0
5423,0.19803588092327118,0.19803588092327118,0,0,0
5424,0.18568677827715874,0.18568677827715874,0,0,0
5425,0.187584538012743,0.187584538012743,0,0,0
5426,0.19971433281898499,0.19971433281898499,0,0,0
5427,0.2027089186012745,0.2027089186012745,0,0,0
5428,0.19397256150841713,0.19397256150841713,0,0,0
5429,0.1935412660241127,0.1935412660241127,0,0,0
5430,0.18756483495235443,0.18756483495235443,0,0,0
5431,0.19238125532865524,0.19238125532865524,0,0,0
5432,0.2077273204922676,0.2077273204922676,0,0,0
5433,0.19721030816435814,0.19721030816435814,0,0,0
5434,0.19224926829338074,0.19224926829338074,0,0,0
5435,0.18689730018377304,0.18689730018377304,0,0,0
5436,0.190342228859663,0.190342228859663,0,0,0
5437,0.19741326943039894,0.19741326943039894,0,0,0
5438,0.1885349340736866,0.1885349340736866,0,0,0
5439,0.18650786951184273,0.18650786951184273,0,0,0
5440,0.18436985090374947,0.18436985090374947,0,0,0
5441,0.19630341231822968,0.19630341231822968,0,0,0
5442,0.2019583061337471,0.2019583061337471,0,0,0
5443,0.18756171315908432,0.18756171315908432,0,0,0
5444,0.18777373433113098,0.18777373433113098,0,0,0
5445,0.1870223991572857,0.1870223991572857,0,0,0
5446,0.18399063125252724,0.18399063125252724,0,0,0
5447,0.18501939997076988,0.18501939997076988,0,0,0
5448,0.1935756579041481,0.1935756579041481,0,0,0
5449,0.18966708332300186,0.18966708332300186,0,0,0
5450,0.1878730244934559,0.1878730244934559,0,0,0
5451,0.189228605479002,0.189228605479002,0,0,0
5452,0.19059087708592415,0.19059087708592415,0,0,0
5453,0.19469306245446205,0.19469306245446205,0,0,0
5454,0.1833854429423809,0.1833854429423809,0,0,0
5455,0.19322576746344566,0.19322576746344566,0,0,0
5456,0.18597659468650818,0.18597659468650818,0,0,0
5457,0.19196970388293266,0.19196970388293266,0,0,0
5458,0.19119328632950783,0.19119328632950783,0,0,0
5459,0.19501537829637527,0.19501537829637527,0,0,0
5460,0.17813506722450256,0.17813506722450256,0,0,0
5461,0.19790871441364288,0.19790871441364288,0,0,0
5462,0.20046091079711914,0.20046091079711914,0,0,0
5463,0.18592486903071404,0.18592486903071404,0,0,0
5464,0.1825416274368763,0.1825416274368763,0,0,0
5465,0.2120722234249115,0.2120722234249115,0,0,0
5466,0.18589754775166512,0.18589754775166512,0,0,0
5467,0.18172837048768997,0.18172837048768997,0,0,0
5468,0.20053436234593391,0.20053436234593391,0,0,0
5469,0.19914096593856812,0.19914096593856812,0,0,0
5470,0.1895049624145031,0.1895049624145031,0,0,0
5471,0.19384299591183662,0.19384299591183662,0,0,0
5472,0.19462350010871887,0.19462350010871887,0,0,0
5473,0.19570044800639153,0.19570044800639153,0,0,0
5474,0.19270086288452148,0.19270086288452148,0,0,0
5475,0.18953194841742516,0.18953194841742516,0,0,0
5476,0.18507231399416924,0.18507231399416924,0,0,0
5477,0.17819279804825783,0.17819279804825783,0,0,0
5478,0.18809523805975914,0.18809523805975914,0,0,0
5479,0.1853766217827797,0.1853766217827797,0,0,0
5480,0.18155544996261597,0.18155544996261597,0,0,0
5481,0.18994876369833946,0.18994876369833946,0,0,0
5482,0.1891758032143116,0.1891758032143116,0,0,0
5483,0.18690016865730286,0.18690016865730286,0,0,0
5484,0.19680790603160858,0.19680790603160858,0,0,0
5485,0.1801932454109192,0.1801932454109192,0,0,0
5486,0.1828528828918934,0.1828528828918934,0,0,0
5487,0.19804276898503304,0.19804276898503304,0,0,0
5488,0.18758681789040565,0.18758681789040565,0,0,0
5489,0.20432152599096298,0.20432152599096298,0,0,0
5490,0.19015460833907127,0.19015460833907127,0,0,0
5491,0.18873722851276398,0.18873722851276398,0,0,0
5492,0.1870202161371708,0.1870202161371708,0,0,0
5493,0.18543850257992744,0.18543850257992744,0,0,0
5494,0.18453897535800934,0.18453897535800934,0,0,0
5495,0.1911982111632824,0.1911982111632824,0,0,0
5496,0.1906195878982544,0.1906195878982544,0,0,0
5497,0.18377236649394035,0.18377236649394035,0,0,0
5498,0.1818903610110283,0.1818903610110283,0,0,0
5499,0.19000176340341568,0.19000176340341568,0,0,0
5500,0.19430822879076004,0.19430822879076004,0,0,0
5501,0.18269510567188263,0.18269510567188263,0,0,0
5502,0.19815081730484962,0.19815081730484962,0,0,0
5503,0.18265202268958092,0.18265202268958092,0,0,0
5504,0.18742837011814117,0.18742837011814117,0,0,0
5505,0.19159042090177536,0.19159042090177536,0,0,0
5506,0.18205884844064713,0.18205884844064713,0,0,0
5507,0.19330018386244774,0.19330018386244774,0,0,0
5508,0.20565973594784737,0.20565973594784737,0,0,0
5509,0.19597600772976875,0.19597600772976875,0,0,0
5510,0.18797741830348969,0.18797741830348969,0,0,0
5511,0.18732742965221405,0.18732742965221405,0,0,0
5512,0.1837330162525177,0.1837330162525177,0,0,0
5513,0.1889224573969841,0.1889224573969841,0,0,0
5514,0.18695085868239403,0.18695085868239403,0,0,0
5515,0.197274312376976,0.197274312376976,0,0,0
5516,0.18674258142709732,0.18674258142709732,0,0,0
5517,0.18768378719687462,0.18768378719687462,0,0,0
5518,0.18626601248979568,0.18626601248979568,0,0,0
5519,0.19923089444637299,0.19923089444637299,0,0,0
5520,0.18720999360084534,0.18720999360084534,0,0,0
5521,0.18321315944194794,0.18321315944194794,0,0,0
5522,0.17987577244639397,0.17987577244639397,0,0,0
5523,0.19017881527543068,0.19017881527543068,0,0,0
5524,0.1851697787642479,0.1851697787642479,0,0,0
5525,0.18504606932401657,0.18504606932401657,0,0,0
5526,0.19537010043859482,0.19537010043859482,0,0,0
5527,0.19438544288277626,0.19438544288277626,0,0,0
5528,0.19137190654873848,0.19137190654873848,0,0,0
5529,0.1787874586880207,0.1787874586880207,0,0,0
5530,0.18368346244096756,0.18368346244096756,0,0,0
5531,0.18305304273962975,0.18305304273962975,0,0,0
5532,0.1819075420498848,0.1819075420498848,0,0,0
5533,0.1852024644613266,0.1852024644613266,0,0,0
5534,0.181080911308527,0.181080911308527,0,0,0
5535,0.18880944326519966,0.18880944326519966,0,0,0
5536,0.19128519669175148,0.19128519669175148,0,0,0
5537,0.20505405962467194,0.20505405962467194,0,0,0
5538,0.18939067423343658,0.18939067423343658,0,0,0
5539,0.18866613507270813,0.18866613507270813,0,0,0
5540,0.1796833723783493,0.1796833723783493,0,0,0
5541,0.1804751381278038,0.1804751381278038,0,0,0
5542,0.18491298332810402,0.18491298332810402,0,0,0
5543,0.18515842780470848,0.18515842780470848,0,0,0
5544,0.18404019623994827,0.18404019623994827,0,0,0
5545,0.18925907835364342,0.18925907835364342,0,0,0
5546,0.19888469949364662,0.19888469949364662,0,0,0
5547,0.17687148973345757,0.17687148973345757,0,0,0
5548,0.18110159784555435,0.18110159784555435,0,0,0
5549,0.18440962955355644,0.18440962955355644,0,0,0
5550,0.19042381644248962,0.19042381644248962,0,0,0
5551,0.21533798426389694,0.21533798426389694,0,0,0
5552,0.19314182549715042,0.19314182549715042,0,0,0
5553,0.1947498470544815,0.1947498470544815,0,0,0
5554,0.18983669951558113,0.18983669951558113,0,0,0
5555,0.18259693309664726,0.18259693309664726,0,0,0
5556,0.18440193682909012,0.18440193682909012,0,0,0
5557,0.1759464330971241,0.1759464330971241,0,0,0
5558,0.18941565603017807,0.18941565603017807,0,0,0
5559,0.19090243056416512,0.19090243056416512,0,0,0
5560,0.18444254994392395,0.18444254994392395,0,0,0
5561,0.19268455728888512,0.19268455728888512,0,0,0
5562,0.18520501628518105,0.18520501628518105,0,0,0
5563,0.1889096051454544,0.1889096051454544,0,0,0
5564,0.17739015817642212,0.17739015817642212,0,0,0
5565,0.18828226625919342,0.18828226625919342,0,0,0
5566,0.18109992891550064,0.18109992891550064,0,0,0
5567,0.17639683932065964,0.17639683932065964,0,0,0
5568,0.17808858677744865,0.17808858677744865,0,0,0
5569,0.18916621431708336,0.18916621431708336,0,0,0
5570,0.18889576196670532,0.18889576196670532,0,0,0
5571,0.1953369528055191,0.1953369528055191,0,0,0
5572,0.18619037047028542,0.18619037047028542,0,0,0
5573,0.1828228309750557,0.1828228309750557,0,0,0
5574,0.18998249620199203,0.18998249620199203,0,0,0
5575,0.18271003291010857,0.18271003291010857,0,0,0
5576,0.17889634519815445,0.17889634519815445,0,0,0
5577,0.18419751152396202,0.18419751152396202,0,0,0
5578,0.1802351027727127,0.1802351027727127,0,0,0
5579,0.18623653054237366,0.18623653054237366,0,0,0
5580,0.19310643151402473,0.19310643151402473,0,0,0
5581,0.19159628078341484,0.19159628078341484,0,0,0
5582,0.21995186805725098,0.21995186805725098,0,0,0
5583,0.19235998019576073,0.19235998019576073,0,0,0
5584,0.19100697711110115,0.19100697711110115,0,0,0
5585,0.20270419493317604,0.20270419493317604,0,0,0
5586,0.18254340812563896,0.18254340812563896,0,0,0
5587,0.18592142313718796,0.18592142313718796,0,0,0
5588,0.1852245070040226,0.1852245070040226,0,0,0
5589,0.1908441074192524,0.1908441074192524,0,0,0
5590,0.18822354823350906,0.18822354823350906,0,0,0
5591,0.1811358444392681,0.1811358444392681,0,0,0
5592,0.17751974612474442,0.17751974612474442,0,0,0
5593,0.1902714967727661,0.1902714967727661,0,0,0
5594,0.17867926508188248,0.17867926508188248,0,0,0
5595,0.18521089851856232,0.18521089851856232,0,0,0
5596,0.17906776070594788,0.17906776070594788,0,0,0
5597,0.18181410059332848,0.18181410059332848,0,0,0
5598,0.17824457958340645,0.17824457958340645,0,0,0
5599,0.1764889918267727,0.1764889918267727,0,0,0
5600,0.18060310930013657,0.18060310930013657,0,0,0
5601,0.18305209651589394,0.18305209651589394,0,0,0
5602,0.18186234682798386,0.18186234682798386,0,0,0
5603,0.18060052394866943,0.18060052394866943,0,0,0
5604,0.18044444546103477,0.18044444546103477,0,0,0
5605,0.1814963035285473,0.1814963035285473,0,0,0
5606,0.1795659288764,0.1795659288764,0,0,0
5607,0.17879731208086014,0.17879731208086014,0,0,0
5608,0.17443891614675522,0.17443891614675522,0,0,0
5609,0.18766489997506142,0.18766489997506142,0,0,0
5610,0.19104206189513206,0.19104206189513206,0,0,0
5611,0.1815854124724865,0.1815854124724865,0,0,0
5612,0.18228859826922417,0.18228859826922417,0,0,0
5613,0.17266174033284187,0.17266174033284187,0,0,0
5614,0.18548359721899033,0.18548359721899033,0,0,0
5615,0.1780494973063469,0.1780494973063469,0,0,0
5616,0.1784372702240944,0.1784372702240944,0,0,0
5617,0.17697596549987793,0.17697596549987793,0,0,0
5618,0.17880897223949432,0.17880897223949432,0,0,0
5619,0.1734253317117691,0.1734253317117691,0,0,0
5620,0.17837711051106453,0.17837711051106453,0,0,0
5621,0.18215448781847954,0.18215448781847954,0,0,0
5622,0.19012697041034698,0.19012697041034698,0,0,0
5623,0.18188349530100822,0.18188349530100822,0,0,0
5624,0.18734635785222054,0.18734635785222054,0,0,0
5625,0.18673613667488098,0.18673613667488098,0,0,0
5626,0.19952776283025742,0.19952776283025742,0,0,0
5627,0.18288828805088997,0.18288828805088997,0,0,0
5628,0.18284179642796516,0.18284179642796516,0,0,0
5629,0.17620956152677536,0.17620956152677536,0,0,0
5630,0.18347522616386414,0.18347522616386414,0,0,0
5631,0.1786430887877941,0.1786430887877941,0,0,0
5632,0.17873156815767288,0.17873156815767288,0,0,0
5633,0.17218350991606712,0.17218350991606712,0,0,0
5634,0.18831345811486244,0.18831345811486244,0,0,0
5635,0.17900501936674118,0.17900501936674118,0,0,0
5636,0.17918045446276665,0.17918045446276665,0,0,0
5637,0.18254809454083443,0.18254809454083443,0,0,0
5638,0.1925561986863613,0.1925561986863613,0,0,0
5639,0.18483300134539604,0.18483300134539604,0,0,0
5640,0.18128810450434685,0.18128810450434685,0,0,0
5641,0.185526754707098,0.185526754707098,0,0,0
5642,0.17933741584420204,0.17933741584420204,0,0,0
5643,0.17916502431035042,0.17916502431035042,0,0,0
5644,0.186439648270607,0.186439648270607,0,0,0
5645,0.1795484870672226,0.1795484870672226,0,0,0
5646,0.17757631465792656,0.17757631465792656,0,0,0
5647,0.18222744017839432,0.18222744017839432,0,0,0
5648,0.1832641065120697,0.1832641065120697,0,0,0
5649,0.18015006557106972,0.18015006557106972,0,0,0
5650,0.1949250064790249,0.1949250064790249,0,0,0
5651,0.18252626061439514,0.18252626061439514,0,0,0
5652,0.17917413264513016,0.17917413264513016,0,0,0
5653,0.18801072984933853,0.18801072984933853,0,0,0
5654,0.1807331219315529,0.1807331219315529,0,0,0
5655,0.19441339373588562,0.19441339373588562,0,0,0
5656,0.17878587916493416,0.17878587916493416,0,0,0
5657,0.17366711422801018,0.17366711422801018,0,0,0
5658,0.19647740200161934,0.19647740200161934,0,0,0
5659,0.17436643689870834,0.17436643689870834,0,0,0
5660,0.18993709981441498,0.18993709981441498,0,0,0
5661,0.1814785897731781,0.1814785897731781,0,0,0
5662,0.1736145131289959,0.1736145131289959,0,0,0
5663,0.18457726389169693,0.18457726389169693,0,0,0
5664,0.19598446041345596,0.19598446041345596,0,0,0
5665,0.19716692343354225,0.19716692343354225,0,0,0
5666,0.1905559003353119,0.1905559003353119,0,0,0
5667,0.18951363861560822,0.18951363861560822,0,0,0
5668,0.17980163916945457,0.17980163916945457,0,0,0
5669,0.19478937983512878,0.19478937983512878,0,0,0
5670,0.18333754688501358,0.18333754688501358,0,0,0
5671,0.17684806883335114,0.17684806883335114,0,0,0
5672,0.17587340623140335,0.17587340623140335,0,0,0
5673,0.1824428327381611,0.1824428327381611,0,0,0
5674,0.1757422275841236,0.1757422275841236,0,0,0
5675,0.17768047377467155,0.17768047377467155,0,0,0
5676,0.17938650399446487,0.17938650399446487,0,0,0
5677,0.17966562882065773,0.17966562882065773,0,0,0
5678,0.18039297312498093,0.18039297312498093,0,0,0
5679,0.1838180050253868,0.1838180050253868,0,0,0
5680,0.1816970445215702,0.1816970445215702,0,0,0
5681,0.18222025781869888,0.18222025781869888,0,0,0
5682,0.186214879155159,0.186214879155159,0,0,0
5683,0.1848330907523632,0.1848330907523632,0,0,0
5684,0.1827583871781826,0.1827583871781826,0,0,0
5685,0.17012447491288185,0.17012447491288185,0,0,0
5686,0.17893698811531067,0.17893698811531067,0,0,0
5687,0.17730364203453064,0.17730364203453064,0,0,0
5688,0.188808374106884,0.188808374106884,0,0,0
5689,0.17185365036129951,0.17185365036129951,0,0,0
5690,0.18262296542525291,0.18262296542525291,0,0,0
5691,0.1803290694952011,0.1803290694952011,0,0,0
5692,0.18458206579089165,0.18458206579089165,0,0,0
5693,0.181527279317379,0.181527279317379,0,0,0
5694,0.179948341101408,0.179948341101408,0,0,0
5695,0.18442075327038765,0.18442075327038765,0,0,0
5696,0.19442707672715187,0.19442707672715187,0,0,0
5697,0.172491192817688,0.172491192817688,0,0,0
5698,0.17626193538308144,0.17626193538308144,0,0,0
5699,0.18183397501707077,0.18183397501707077,0,0,0
5700,0.17860449478030205,0.17860449478030205,0,0,0
5701,0.1761867180466652,0.1761867180466652,0,0,0
5702,0.17764419317245483,0.17764419317245483,0,0,0
5703,0.17626992613077164,0.17626992613077164,0,0,0
5704,0.17571745067834854,0.17571745067834854,0,0,0
5705,0.18774349987506866,0.18774349987506866,0,0,0
5706,0.17847927659749985,0.17847927659749985,0,0,0
5707,0.17119242995977402,0.17119242995977402,0,0,0
5708,0.18253663554787636,0.18253663554787636,0,0,0
5709,0.1758909486234188,0.1758909486234188,0,0,0
5710,0.18787278607487679,0.18787278607487679,0,0,0
5711,0.17632337659597397,0.17632337659597397,0,0,0
5712,0.18315567821264267,0.18315567821264267,0,0,0
5713,0.17221706360578537,0.17221706360578537,0,0,0
5714,0.1822088249027729,0.1822088249027729,0,0,0
5715,0.18083716183900833,0.18083716183900833,0,0,0
5716,0.19069521129131317,0.19069521129131317,0,0,0
5717,0.17086497694253922,0.17086497694253922,0,0,0
5718,0.1715104766190052,0.1715104766190052,0,0,0
5719,0.17438684403896332,0.17438684403896332,0,0,0
5720,0.19003275781869888,0.19003275781869888,0,0,0
5721,0.18822285532951355,0.18822285532951355,0,0,0
5722,0.1767202764749527,0.1767202764749527,0,0,0
5723,0.18113145604729652,0.18113145604729652,0,0,0
5724,0.18108024448156357,0.18108024448156357,0,0,0
5725,0.1833987794816494,0.1833987794816494,0,0,0
5726,0.17669902741909027,0.17669902741909027,0,0,0
5727,0.1810866743326187,0.1810866743326187,0,0,0
5728,0.18145940825343132,0.18145940825343132,0,0,0
5729,0.17758113145828247,0.17758113145828247,0,0,0
5730,0.18195883184671402,0.18195883184671402,0,0,0
5731,0.1723368614912033,0.1723368614912033,0,0,0
5732,0.17246351018548012,0.17246351018548012,0,0,0
5733,0.1935492865741253,0.1935492865741253,0,0,0
5734,0.17757172510027885,0.17757172510027885,0,0,0
5735,0.19432803988456726,0.19432803988456726,0,0,0
5736,0.169512040913105,0.169512040913105,0,0,0
5737,0.18516340479254723,0.18516340479254723,0,0,0
5738,0.17315057292580605,0.17315057292580605,0,0,0
5739,0.17133096978068352,0.17133096978068352,0,0,0
5740,0.1812308058142662,0.1812308058142662,0,0,0
5741,0.1809849850833416,0.1809849850833416,0,0,0
5742,0.17268072068691254,0.17268072068691254,0,0,0
5743,0.18048571050167084,0.18048571050167084,0,0,0
5744,0.17037956789135933,0.17037956789135933,0,0,0
5745,0.17573850974440575,0.17573850974440575,0,0,0
5746,0.1777523197233677,0.1777523197233677,0,0,0
5747,0.17658859118819237,0.17658859118819237,0,0,0
5748,0.1847233846783638,0.1847233846783638,0,0,0
5749,0.1890634410083294,0.1890634410083294,0,0,0
5750,0.17414546385407448,0.17414546385407448,0,0,0
5751,0.1719949096441269,0.1719949096441269,0,0,0
5752,0.18170088529586792,0.18170088529586792,0,0,0
5753,0.16888035088777542,0.16888035088777542,0,0,0
5754,0.18329161778092384,0.18329161778092384,0,0,0
5755,0.17506049200892448,0.17506049200892448,0,0,0
5756,0.1752263754606247,0.1752263754606247,0,0,0
5757,0.18259119614958763,0.18259119614958763,0,0,0
5758,0.17912094295024872,0.17912094295024872,0,0,0
5759,0.169521976262331,0.169521976262331,0,0,0
5760,0.1927753947675228,0.1927753947675228,0,0,0
5761,0.17556430399417877,0.17556430399417877,0,0,0
5762,0.17666443809866905,0.17666443809866905,0,0,0
5763,0.18842730298638344,0.18842730298638344,0,0,0
5764,0.18713674321770668,0.18713674321770668,0,0,0
5765,0.1792854443192482,0.1792854443192482,0,0,0
5766,0.18404312059283257,0.18404312059283257,0,0,0
5767,0.17316654697060585,0.17316654697060585,0,0,0
5768,0.16994332894682884,0.16994332894682884,0,0,0
5769,0.1766807772219181,0.1766807772219181,0,0,0
5770,0.17376059293746948,0.17376059293746948,0,0,0
5771,0.17599230632185936,0.17599230632185936,0,0,0
5772,0.166714858263731,0.166714858263731,0,0,0
5773,0.17967866361141205,0.17967866361141205,0,0,0
5774,0.1695191040635109,0.1695191040635109,0,0,0
5775,0.17584247142076492,0.17584247142076492,0,0,0
5776,0.18740498647093773,0.18740498647093773,0,0,0
5777,0.17777712643146515,0.17777712643146515,0,0,0
5778,0.16698670014739037,0.16698670014739037,0,0,0
5779,0.17216607183218002,0.17216607183218002,0,0,0
5780,0.17198670655488968,0.17198670655488968,0,0,0
5781,0.16892364248633385,0.16892364248633385,0,0,0
5782,0.17339284718036652,0.17339284718036652,0,0,0
5783,0.207328412681818,0.207328412681818,0,0,0
5784,0.17332195490598679,0.17332195490598679,0,0,0
5785,0.1888730227947235,0.1888730227947235,0,0,0
5786,0.19263456016778946,0.19263456016778946,0,0,0
5787,0.16914629191160202,0.16914629191160202,0,0,0
5788,0.17815180122852325,0.17815180122852325,0,0,0
5789,0.18497176095843315,0.18497176095843315,0,0,0
5790,0.18984976783394814,0.18984976783394814,0,0,0
5791,0.17216993495821953,0.17216993495821953,0,0,0
5792,0.17098798602819443,0.17098798602819443,0,0,0
5793,0.17668826133012772,0.17668826133012772,0,0,0
5794,0.17661228403449059,0.17661228403449059,0,0,0
5795,0.1787758320569992,0.1787758320569992,0,0,0
5796,0.16966334357857704,0.16966334357857704,0,0,0
5797,0.18584312498569489,0.18584312498569489,0,0,0
5798,0.17745362594723701,0.17745362594723701,0,0,0
5799,0.18246246874332428,0.18246246874332428,0,0,0
5800,0.1912344992160797,0.1912344992160797,0,0,0
5801,0.16840943321585655,0.16840943321585655,0,0,0
5802,0.18525255843997002,0.18525255843997002,0,0,0
5803,0.17381349205970764,0.17381349205970764,0,0,0
5804,0.17574215307831764,0.17574215307831764,0,0,0
5805,0.16749879345297813,0.16749879345297813,0,0,0
5806,0.17949268221855164,0.17949268221855164,0,0,0
5807,0.17442898452281952,0.17442898452281952,0,0,0
5808,0.1742766685783863,0.1742766685783863,0,0,0
5809,0.1756334938108921,0.1756334938108921,0,0,0
5810,0.17347364127635956,0.17347364127635956,0,0,0
5811,0.1822929009795189,0.1822929009795189,0,0,0
5812,0.17097411304712296,0.17097411304712296,0,0,0
5813,0.17147336900234222,0.17147336900234222,0,0,0
5814,0.17270466685295105,0.17270466685295105,0,0,0
5815,0.16943208873271942,0.16943208873271942,0,0,0
5816,0.19148244708776474,0.19148244708776474,0,0,0
5817,0.17055711522698402,0.17055711522698402,0,0,0
5818,0.1660425327718258,0.1660425327718258,0,0,0
5819,0.1712026670575142,0.1712026670575142,0,0,0
5820,0.17413533851504326,0.17413533851504326,0,0,0
5821,0.1722179278731346,0.1722179278731346,0,0,0
5822,0.1758272685110569,0.1758272685110569,0,0,0
5823,0.16780727729201317,0.16780727729201317,0,0,0
5824,0.17273279651999474,0.17273279651999474,0,0,0
5825,0.17435025423765182,0.17435025423765182,0,0,0
5826,0.16824405267834663,0.16824405267834663,0,0,0
5827,0.1710137128829956,0.1710137128829956,0,0,0
5828,0.16704287752509117,0.16704287752509117,0,0,0
5829,0.16847675666213036,0.16847675666213036,0,0,0
5830,0.16634868830442429,0.16634868830442429,0,0,0
5831,0.16749178618192673,0.16749178618192673,0,0,0
5832,0.18159323185682297,0.18159323185682297,0,0,0
5833,0.16535326093435287,0.16535326093435287,0,0,0
5834,0.17311176285147667,0.17311176285147667,0,0,0
5835,0.1829441711306572,0.1829441711306572,0,0,0
5836,0.1721944361925125,0.1721944361925125,0,0,0
5837,0.17702221497893333,0.17702221497893333,0,0,0
5838,0.1753547228872776,0.1753547228872776,0,0,0
5839,0.17597658932209015,0.17597658932209015,0,0,0
5840,0.17507480457425117,0.17507480457425117,0,0,0
5841,0.17042363435029984,0.17042363435029984,0,0,0
5842,0.16837509348988533,0.16837509348988533,0,0,0
5843,0.17081188410520554,0.17081188410520554,0,0,0
5844,0.17823773249983788,0.17823773249983788,0,0,0
5845,0.17311012372374535,0.17311012372374535,0,0,0
5846,0.1848137229681015,0.1848137229681015,0,0,0
5847,0.1749783456325531,0.1749783456325531,0,0,0
5848,0.16933176293969154,0.16933176293969154,0,0,0
5849,0.17747579514980316,0.17747579514980316,0,0,0
5850,0.17389895394444466,0.17389895394444466,0,0,0
5851,0.17802949994802475,0.17802949994802475,0,0,0
5852,0.1755785159766674,0.1755785159766674,0,0,0
5853,0.17723941057920456,0.17723941057920456,0,0,0
5854,0.1752726323902607,0.1752726323902607,0,0,0
5855,0.17061224579811096,0.17061224579811096,0,0,0
5856,0.16772638633847237,0.16772638633847237,0,0,0
5857,0.1671636626124382,0.1671636626124382,0,0,0
5858,0.1659645065665245,0.1659645065665245,0,0,0
5859,0.16302070766687393,0.16302070766687393,0,0,0
5860,0.18077610433101654,0.18077610433101654,0,0,0
5861,0.18305420875549316,0.18305420875549316,0,0,0
5862,0.17228148132562637,0.17228148132562637,0,0,0
5863,0.16284650191664696,0.16284650191664696,0,0,0
5864,0.16621758788824081,0.16621758788824081,0,0,0
5865,0.18869798630475998,0.18869798630475998,0,0,0
5866,0.16914774104952812,0.16914774104952812,0,0,0
5867,0.1672724448144436,0.1672724448144436,0,0,0
5868,0.1899189092218876,0.1899189092218876,0,0,0
5869,0.1747468002140522,0.1747468002140522,0,0,0
5870,0.16938557103276253,0.16938557103276253,0,0,0
5871,0.1749335341155529,0.1749335341155529,0,0,0
5872,0.16578644514083862,0.16578644514083862,0,0,0
5873,0.17593713849782944,0.17593713849782944,0,0,0
5874,0.17319710552692413,0.17319710552692413,0,0,0
5875,0.16402502357959747,0.16402502357959747,0,0,0
5876,0.16820432618260384,0.16820432618260384,0,0,0
5877,0.1695559173822403,0.1695559173822403,0,0,0
5878,0.17914754524827003,0.17914754524827003,0,0,0
5879,0.17028125375509262,0.17028125375509262,0,0,0
5880,0.17172160372138023,0.17172160372138023,0,0,0
5881,0.1724586822092533,0.1724586822092533,0,0,0
5882,0.17713871598243713,0.17713871598243713,0,0,0
5883,0.17480258271098137,0.17480258271098137,0,0,0
5884,0.17276854440569878,0.17276854440569878,0,0,0
5885,0.16812624037265778,0.16812624037265778,0,0,0
5886,0.18220877274870872,0.18220877274870872,0,0,0
5887,0.17270130664110184,0.17270130664110184,0,0,0
5888,0.1686268262565136,0.1686268262565136,0,0,0
5889,0.1865919716656208,0.1865919716656208,0,0,0
5890,0.16883866116404533,0.16883866116404533,0,0,0
5891,0.17723478004336357,0.17723478004336357,0,0,0
5892,0.17570149898529053,0.17570149898529053,0,0,0
5893,0.1644267402589321,0.1644267402589321,0,0,0
5894,0.1732478030025959,0.1732478030025959,0,0,0
5895,0.1718229167163372,0.1718229167163372,0,0,0
5896,0.17966367304325104,0.17966367304325104,0,0,0
5897,0.1800588294863701,0.1800588294863701,0,0,0
5898,0.16477518901228905,0.16477518901228905,0,0,0
5899,0.17431189119815826,0.17431189119815826,0,0,0
5900,0.16943398863077164,0.16943398863077164,0,0,0
5901,0.17345711216330528,0.17345711216330528,0,0,0
5902,0.18248483911156654,0.18248483911156654,0,0,0
5903,0.16596438735723495,0.16596438735723495,0,0,0
5904,0.1751629114151001,0.1751629114151001,0,0,0
5905,0.16943256929516792,0.16943256929516792,0,0,0
5906,0.20327432081103325,0.20327432081103325,0,0,0
5907,0.1658157743513584,0.1658157743513584,0,0,0
5908,0.16945749148726463,0.16945749148726463,0,0,0
5909,0.18155650049448013,0.18155650049448013,0,0,0
5910,0.18058546259999275,0.18058546259999275,0,0,0
5911,0.1679244004189968,0.1679244004189968,0,0,0
5912,0.17640022933483124,0.17640022933483124,0,0,0
5913,0.18493663519620895,0.18493663519620895,0,0,0
5914,0.17507722228765488,0.17507722228765488,0,0,0
5915,0.18870684877038002,0.18870684877038002,0,0,0
5916,0.16868198662996292,0.16868198662996292,0,0,0
5917,0.17733700573444366,0.17733700573444366,0,0,0
5918,0.16960588470101357,0.16960588470101357,0,0,0
5919,0.16917502507567406,0.16917502507567406,0,0,0
5920,0.17265964671969414,0.17265964671969414,0,0,0
5921,0.18912632763385773,0.18912632763385773,0,0,0
5922,0.16805386543273926,0.16805386543273926,0,0,0
5923,0.18435180559754372,0.18435180559754372,0,0,0
5924,0.17257070168852806,0.17257070168852806,0,0,0
5925,0.17187213152647018,0.17187213152647018,0,0,0
5926,0.16217440739274025,0.16217440739274025,0,0,0
5927,0.1733875535428524,0.1733875535428524,0,0,0
5928,0.17651700600981712,0.17651700600981712,0,0,0
5929,0.17041482776403427,0.17041482776403427,0,0,0
5930,0.16362352669239044,0.16362352669239044,0,0,0
5931,0.17758120596408844,0.17758120596408844,0,0,0
5932,0.18568921834230423,0.18568921834230423,0,0,0
5933,0.16936016455292702,0.16936016455292702,0,0,0
5934,0.16253074631094933,0.16253074631094933,0,0,0
5935,0.16383071616292,0.16383071616292,0,0,0
5936,0.17604463174939156,0.17604463174939156,0,0,0
5937,0.1790306381881237,0.1790306381881237,0,0,0
5938,0.16284388303756714,0.16284388303756714,0,0,0
5939,0.17361579462885857,0.17361579462885857,0,0,0
5940,0.1718609370291233,0.1718609370291233,0,0,0
5941,0.16923725605010986,0.16923725605010986,0,0,0
5942,0.17950766906142235,0.17950766906142235,0,0,0
5943,0.17138458788394928,0.17138458788394928,0,0,0
5944,0.16594623774290085,0.16594623774290085,0,0,0
5945,0.16973472386598587,0.16973472386598587,0,0,0
5946,0.1776476986706257,0.1776476986706257,0,0,0
5947,0.17817287147045135,0.17817287147045135,0,0,0
5948,0.16453935950994492,0.16453935950994492,0,0,0
5949,0.1650272011756897,0.1650272011756897,0,0,0
5950,0.1693875417113304,0.1693875417113304,0,0,0
5951,0.16988006606698036,0.16988006606698036,0,0,0
5952,0.171326395124197,0.171326395124197,0,0,0
5953,0.17801978439092636,0.17801978439092636,0,0,0
5954,0.16985277459025383,0.16985277459025383,0,0,0
5955,0.17268070578575134,0.17268070578575134,0,0,0
5956,0.17527642473578453,0.17527642473578453,0,0,0
5957,0.17813922092318535,0.17813922092318535,0,0,0
5958,0.16762280091643333,0.16762280091643333,0,0,0
5959,0.17456991970539093,0.17456991970539093,0,0,0
5960,0.16857049614191055,0.16857049614191055,0,0,0
5961,0.17912999540567398,0.17912999540567398,0,0,0
5962,0.18882885202765465,0.18882885202765465,0,0,0
5963,0.17400159686803818,0.17400159686803818,0,0,0
5964,0.17384721338748932,0.17384721338748932,0,0,0
5965,0.17191901057958603,0.17191901057958603,0,0,0
5966,0.17238029092550278,0.17238029092550278,0,0,0
5967,0.17633599042892456,0.17633599042892456,0,0,0
5968,0.17604485526680946,0.17604485526680946,0,0,0
5969,0.1675546057522297,0.1675546057522297,0,0,0
5970,0.16598865762352943,0.16598865762352943,0,0,0
5971,0.1686270721256733,0.1686270721256733,0,0,0
5972,0.16000201180577278,0.16000201180577278,0,0,0
5973,0.16479209065437317,0.16479209065437317,0,0,0
5974,0.16324889659881592,0.16324889659881592,0,0,0
5975,0.16338438913226128,0.16338438913226128,0,0,0
5976,0.17342636361718178,0.17342636361718178,0,0,0
5977,0.1651742272078991,0.1651742272078991,0,0,0
5978,0.16405250504612923,0.16405250504612923,0,0,0
5979,0.1771208643913269,0.1771208643913269,0,0,0
5980,0.16656064987182617,0.16656064987182617,0,0,0
5981,0.17239712551236153,0.17239712551236153,0,0,0
5982,0.1668809913098812,0.1668809913098812,0,0,0
5983,0.17051297426223755,0.17051297426223755,0,0,0
5984,0.16627776250243187,0.16627776250243187,0,0,0
5985,0.17776210978627205,0.17776210978627205,0,0,0
5986,0.1802854910492897,0.1802854910492897,0,0,0
5987,0.16437405347824097,0.16437405347824097,0,0,0
5988,0.16601252928376198,0.16601252928376198,0,0,0
5989,0.1667168103158474,0.1667168103158474,0,0,0
5990,0.16277076676487923,0.16277076676487923,0,0,0
5991,0.16698520258069038,0.16698520258069038,0,0,0
5992,0.18667228519916534,0.18667228519916534,0,0,0
5993,0.17161080986261368,0.17161080986261368,0,0,0
5994,0.16521214693784714,0.16521214693784714,0,0,0
5995,0.16271734610199928,0.16271734610199928,0,0,0
5996,0.17032824456691742,0.17032824456691742,0,0,0
5997,0.16560926660895348,0.16560926660895348,0,0,0
5998,0.17700253054499626,0.17700253054499626,0,0,0
5999,0.1673550233244896,0.1673550233244896,0,0,0
6000,0.17300919070839882,0.17300919070839882,0,0,0
6001,0.16683751717209816,0.16683751717209816,0,0,0
6002,0.16416512802243233,0.16416512802243233,0,0,0
6003,0.16429384425282478,0.16429384425282478,0,0,0
6004,0.1756271794438362,0.1756271794438362,0,0,0
6005,0.1672796905040741,0.1672796905040741,0,0,0
6006,0.1642240434885025,0.1642240434885025,0,0,0
6007,0.17005865275859833,0.17005865275859833,0,0,0
6008,0.1598561890423298,0.1598561890423298,0,0,0
6009,0.16382921859622002,0.16382921859622002,0,0,0
6010,0.1697450503706932,0.1697450503706932,0,0,0
6011,0.18150343000888824,0.18150343000888824,0,0,0
6012,0.1696932129561901,0.1696932129561901,0,0,0
6013,0.15573709830641747,0.15573709830641747,0,0,0
6014,0.16387516632676125,0.16387516632676125,0,0,0
6015,0.1667732447385788,0.1667732447385788,0,0,0
6016,0.16353974491357803,0.16353974491357803,0,0,0
6017,0.15758022293448448,0.15758022293448448,0,0,0
6018,0.16804493963718414,0.16804493963718414,0,0,0
6019,0.1689804457128048,0.1689804457128048,0,0,0
6020,0.1758415326476097,0.1758415326476097,0,0,0
6021,0.16643918678164482,0.16643918678164482,0,0,0
6022,0.16238806769251823,0.16238806769251823,0,0,0
6023,0.16976096108555794,0.16976096108555794,0,0,0
6024,0.16027383506298065,0.16027383506298065,0,0,0
6025,0.1676330827176571,0.1676330827176571,0,0,0
6026,0.16263019293546677,0.16263019293546677,0,0,0
6027,0.1782708801329136,0.1782708801329136,0,0,0
6028,0.16876811534166336,0.16876811534166336,0,0,0
6029,0.15958036482334137,0.15958036482334137,0,0,0
6030,0.16525984555482864,0.16525984555482864,0,0,0
6031,0.17838891968131065,0.17838891968131065,0,0,0
6032,0.16487517580389977,0.16487517580389977,0,0,0
6033,0.16627923771739006,0.16627923771739006,0,0,0
6034,0.15916164591908455,0.15916164591908455,0,0,0
6035,0.1589607335627079,0.1589607335627079,0,0,0
6036,0.16227002814412117,0.16227002814412117,0,0,0
6037,0.16713819280266762,0.16713819280266762,0,0,0
6038,0.17247429490089417,0.17247429490089417,0,0,0
6039,0.1683957651257515,0.1683957651257515,0,0,0
6040,0.16641614213585854,0.16641614213585854,0,0,0
6041,0.1706051118671894,0.1706051118671894,0,0,0
6042,0.1721375659108162,0.1721375659108162,0,0,0
6043,0.16830233111977577,0.16830233111977577,0,0,0
6044,0.17747894674539566,0.17747894674539566,0,0,0
6045,0.16341345384716988,0.16341345384716988,0,0,0
6046,0.16742271929979324,0.16742271929979324,0,0,0
6047,0.17146579176187515,0.17146579176187515,0,0,0
6048,0.16698811203241348,0.16698811203241348,0,0,0
6049,0.16519809886813164,0.16519809886813164,0,0,0
6050,0.17900854721665382,0.17900854721665382,0,0,0
6051,0.16180844604969025,0.16180844604969025,0,0,0
6052,0.18116938695311546,0.18116938695311546,0,0,0
6053,0.17179321125149727,0.17179321125149727,0,0,0
6054,0.17498121410608292,0.17498121410608292,0,0,0
6055,0.16823729127645493,0.16823729127645493,0,0,0
6056,0.16204876825213432,0.16204876825213432,0,0,0
6057,0.1799393855035305,0.1799393855035305,0,0,0
6058,0.16385626792907715,0.16385626792907715,0,0,0
6059,0.16370537877082825,0.16370537877082825,0,0,0
6060,0.1656557098031044,0.1656557098031044,0,0,0
6061,0.16051369160413742,0.16051369160413742,0,0,0
6062,0.16389644145965576,0.16389644145965576,0,0,0
6063,0.17165588587522507,0.17165588587522507,0,0,0
6064,0.17696361988782883,0.17696361988782883,0,0,0
6065,0.1678532510995865,0.1678532510995865,0,0,0
6066,0.16317787766456604,0.16317787766456604,0,0,0
6067,0.16022740304470062,0.16022740304470062,0,0,0
6068,0.16765309497714043,0.16765309497714043,0,0,0
6069,0.15321435034275055,0.15321435034275055,0,0,0
6070,0.18599346280097961,0.18599346280097961,0,0,0
6071,0.18161383271217346,0.18161383271217346,0,0,0
6072,0.1884167157113552,0.1884167157113552,0,0,0
6073,0.16591264680027962,0.16591264680027962,0,0,0
6074,0.17343637347221375,0.17343637347221375,0,0,0
6075,0.17202553153038025,0.17202553153038025,0,0,0
6076,0.16621507704257965,0.16621507704257965,0,0,0
6077,0.16334862262010574,0.16334862262010574,0,0,0
6078,0.16858109831809998,0.16858109831809998,0,0,0
6079,0.16639388725161552,0.16639388725161552,0,0,0
6080,0.1725243739783764,0.1725243739783764,0,0,0
6081,0.17277935147285461,0.17277935147285461,0,0,0
6082,0.16947191581130028,0.16947191581130028,0,0,0
6083,0.1604880914092064,0.1604880914092064,0,0,0
6084,0.18154431879520416,0.18154431879520416,0,0,0
6085,0.18206008523702621,0.18206008523702621,0,0,0
6086,0.1716386005282402,0.1716386005282402,0,0,0
6087,0.17243944853544235,0.17243944853544235,0,0,0
6088,0.1707635186612606,0.1707635186612606,0,0,0
6089,0.16454879194498062,0.16454879194498062,0,0,0
6090,0.16346417367458344,0.16346417367458344,0,0,0
6091,0.17630821466445923,0.17630821466445923,0,0,0
6092,0.16184009239077568,0.16184009239077568,0,0,0
6093,0.17253049090504646,0.17253049090504646,0,0,0
6094,0.15872852131724358,0.15872852131724358,0,0,0
6095,0.16568070650100708,0.16568070650100708,0,0,0
6096,0.16698972135782242,0.16698972135782242,0,0,0
6097,0.18222006037831306,0.18222006037831306,0,0,0
6098,0.1609034314751625,0.1609034314751625,0,0,0
6099,0.16588077321648598,0.16588077321648598,0,0,0
6100,0.17949620261788368,0.17949620261788368,0,0,0
6101,0.1715574823319912,0.1715574823319912,0,0,0
6102,0.16346506029367447,0.16346506029367447,0,0,0
6103,0.16598853468894958,0.16598853468894958,0,0,0
6104,0.16378842294216156,0.16378842294216156,0,0,0
6105,0.24869270995259285,0.24869270995259285,0,0,0
6106,0.16429177299141884,0.16429177299141884,0,0,0
6107,0.17087270319461823,0.17087270319461823,0,0,0
6108,0.16657336428761482,0.16657336428761482,0,0,0
6109,0.16978611797094345,0.16978611797094345,0,0,0
6110,0.1751391515135765,0.1751391515135765,0,0,0
6111,0.16049201413989067,0.16049201413989067,0,0,0
6112,0.16862578690052032,0.16862578690052032,0,0,0
6113,0.16531436145305634,0.16531436145305634,0,0,0
6114,0.16609282791614532,0.16609282791614532,0,0,0
6115,0.16348837316036224,0.16348837316036224,0,0,0
6116,0.15845811739563942,0.15845811739563942,0,0,0
6117,0.16478965803980827,0.16478965803980827,0,0,0
6118,0.16333410143852234,0.16333410143852234,0,0,0
6119,0.1623178943991661,0.1623178943991661,0,0,0
6120,0.163779828697443,0.163779828697443,0,0,0
6121,0.17595670372247696,0.17595670372247696,0,0,0
6122,0.16776840761303902,0.16776840761303902,0,0,0
6123,0.1682181879878044,0.1682181879878044,0,0,0
6124,0.16450881585478783,0.16450881585478783,0,0,0
6125,0.166153896600008,0.166153896600008,0,0,0
6126,0.17130998149514198,0.17130998149514198,0,0,0
6127,0.16489354893565178,0.16489354893565178,0,0,0
6128,0.16679475083947182,0.16679475083947182,0,0,0
6129,0.15713489055633545,0.15713489055633545,0,0,0
6130,0.16289307922124863,0.16289307922124863,0,0,0
6131,0.16505663841962814,0.16505663841962814,0,0,0
6132,0.16805696859955788,0.16805696859955788,0,0,0
6133,0.1627454236149788,0.1627454236149788,0,0,0
6134,0.15746380761265755,0.15746380761265755,0,0,0
6135,0.166399996727705,0.166399996727705,0,0,0
6136,0.15998836234211922,0.15998836234211922,0,0,0
6137,0.1712322048842907,0.1712322048842907,0,0,0
6138,0.1617881990969181,0.1617881990969181,0,0,0
6139,0.15963080525398254,0.15963080525398254,0,0,0
6140,0.15932562574744225,0.15932562574744225,0,0,0
6141,0.16051969304680824,0.16051969304680824,0,0,0
6142,0.16608335822820663,0.16608335822820663,0,0,0
6143,0.17343155294656754,0.17343155294656754,0,0,0
6144,0.16563980653882027,0.16563980653882027,0,0,0
6145,0.160418301820755,0.160418301820755,0,0,0
6146,0.17150651291012764,0.17150651291012764,0,0,0
6147,0.1642947942018509,0.1642947942018509,0,0,0
6148,0.16748905554413795,0.16748905554413795,0,0,0
6149,0.16454607620835304,0.16454607620835304,0,0,0
6150,0.1751089133322239,0.1751089133322239,0,0,0
6151,0.1765798218548298,0.1765798218548298,0,0,0
6152,0.16905272379517555,0.16905272379517555,0,0,0
6153,0.19317549839615822,0.19317549839615822,0,0,0
6154,0.1689324788749218,0.1689324788749218,0,0,0
6155,0.16604260727763176,0.16604260727763176,0,0,0
6156,0.18495311960577965,0.18495311960577965,0,0,0
6157,0.17069074884057045,0.17069074884057045,0,0,0
6158,0.17026333883404732,0.17026333883404732,0,0,0
6159,0.17038119584321976,0.17038119584321976,0,0,0
6160,0.1589861661195755,0.1589861661195755,0,0,0
6161,0.17049064859747887,0.17049064859747887,0,0,0
6162,0.16632483527064323,0.16632483527064323,0,0,0
6163,0.16965004801750183,0.16965004801750183,0,0,0
6164,0.16947004944086075,0.16947004944086075,0,0,0
6165,0.1654386855661869,0.1654386855661869,0,0,0
6166,0.16263484209775925,0.16263484209775925,0,0,0
6167,0.15400224551558495,0.15400224551558495,0,0,0
6168,0.16693423688411713,0.16693423688411713,0,0,0
6169,0.166671771556139,0.166671771556139,0,0,0
6170,0.17301944643259048,0.17301944643259048,0,0,0
6171,0.16354748606681824,0.16354748606681824,0,0,0
6172,0.1697397418320179,0.1697397418320179,0,0,0
6173,0.159184280782938,0.159184280782938,0,0,0
6174,0.16527406126260757,0.16527406126260757,0,0,0
6175,0.16248806193470955,0.16248806193470955,0,0,0
6176,0.17931922525167465,0.17931922525167465,0,0,0
6177,0.1648499183356762,0.1648499183356762,0,0,0
6178,0.16648413613438606,0.16648413613438606,0,0,0
6179,0.1561061404645443,0.1561061404645443,0,0,0
6180,0.1646856926381588,0.1646856926381588,0,0,0
6181,0.163548331707716,0.163548331707716,0,0,0
6182,0.1610545963048935,0.1610545963048935,0,0,0
6183,0.16607818007469177,0.16607818007469177,0,0,0
6184,0.1705576293170452,0.1705576293170452,0,0,0
6185,0.16207324340939522,0.16207324340939522,0,0,0
6186,0.15691179409623146,0.15691179409623146,0,0,0
6187,0.1590845175087452,0.1590845175087452,0,0,0
6188,0.1595996730029583,0.1595996730029583,0,0,0
6189,0.17309902980923653,0.17309902980923653,0,0,0
6190,0.16003978624939919,0.16003978624939919,0,0,0
6191,0.17013167217373848,0.17013167217373848,0,0,0
6192,0.16922710463404655,0.16922710463404655,0,0,0
6193,0.1636229306459427,0.1636229306459427,0,0,0
6194,0.16697953641414642,0.16697953641414642,0,0,0
6195,0.1892908737063408,0.1892908737063408,0,0,0
6196,0.16466433182358742,0.16466433182358742,0,0,0
6197,0.1682785451412201,0.1682785451412201,0,0,0
6198,0.16802424937486649,0.16802424937486649,0,0,0
6199,0.16738206520676613,0.16738206520676613,0,0,0
6200,0.16944799199700356,0.16944799199700356,0,0,0
6201,0.1714257076382637,0.1714257076382637,0,0,0
6202,0.1591588333249092,0.1591588333249092,0,0,0
6203,0.1611899584531784,0.1611899584531784,0,0,0
6204,0.16543807461857796,0.16543807461857796,0,0,0
6205,0.16062841564416885,0.16062841564416885,0,0,0
6206,0.15802961215376854,0.15802961215376854,0,0,0
6207,0.1633603796362877,0.1633603796362877,0,0,0
6208,0.16334745660424232,0.16334745660424232,0,0,0
6209,0.16402700170874596,0.16402700170874596,0,0,0
6210,0.15842805057764053,0.15842805057764053,0,0,0
6211,0.1635597087442875,0.1635597087442875,0,0,0
6212,0.16421839967370033,0.16421839967370033,0,0,0
6213,0.16604918614029884,0.16604918614029884,0,0,0
6214,0.16148978099226952,0.16148978099226952,0,0,0
6215,0.1672246977686882,0.1672246977686882,0,0,0
6216,0.15963194519281387,0.15963194519281387,0,0,0
6217,0.16537390649318695,0.16537390649318695,0,0,0
6218,0.16549833863973618,0.16549833863973618,0,0,0
6219,0.16405606269836426,0.16405606269836426,0,0,0
6220,0.16520265489816666,0.16520265489816666,0,0,0
6221,0.17701005190610886,0.17701005190610886,0,0,0
6222,0.1769331954419613,0.1769331954419613,0,0,0
6223,0.1675456278026104,0.1675456278026104,0,0,0
6224,0.16160010918974876,0.16160010918974876,0,0,0
6225,0.16796575486660004,0.16796575486660004,0,0,0
6226,0.17767998203635216,0.17767998203635216,0,0,0
6227,0.16533546149730682,0.16533546149730682,0,0,0
6228,0.1589573323726654,0.1589573323726654,0,0,0
6229,0.16200494021177292,0.16200494021177292,0,0,0
6230,0.1678757555782795,0.1678757555782795,0,0,0
6231,0.1652418151497841,0.1652418151497841,0,0,0
6232,0.1691754199564457,0.1691754199564457,0,0,0
6233,0.16376418247818947,0.16376418247818947,0,0,0
6234,0.17044644430279732,0.17044644430279732,0,0,0
6235,0.16324656829237938,0.16324656829237938,0,0,0
6236,0.175058726221323,0.175058726221323,0,0,0
6237,0.15916840359568596,0.15916840359568596,0,0,0
6238,0.15531262382864952,0.15531262382864952,0,0,0
6239,0.15587319061160088,0.15587319061160088,0,0,0
6240,0.1789720095694065,0.1789720095694065,0,0,0
6241,0.15830353647470474,0.15830353647470474,0,0,0
6242,0.1662433072924614,0.1662433072924614,0,0,0
6243,0.16145334392786026,0.16145334392786026,0,0,0
6244,0.16463277861475945,0.16463277861475945,0,0,0
6245,0.16297492012381554,0.16297492012381554,0,0,0
6246,0.1645374298095703,0.1645374298095703,0,0,0
6247,0.16832847893238068,0.16832847893238068,0,0,0
6248,0.16082417592406273,0.16082417592406273,0,0,0
6249,0.15522490814328194,0.15522490814328194,0,0,0
6250,0.16467653587460518,0.16467653587460518,0,0,0
6251,0.16780442744493484,0.16780442744493484,0,0,0
6252,0.1673722304403782,0.1673722304403782,0,0,0
6253,0.18888774141669273,0.18888774141669273,0,0,0
6254,0.15988148003816605,0.15988148003816605,0,0,0
6255,0.1716625727713108,0.1716625727713108,0,0,0
6256,0.165391456335783,0.165391456335783,0,0,0
6257,0.1617806851863861,0.1617806851863861,0,0,0
6258,0.15302827954292297,0.15302827954292297,0,0,0
6259,0.15572379902005196,0.15572379902005196,0,0,0
6260,0.16139299049973488,0.16139299049973488,0,0,0
6261,0.16459869220852852,0.16459869220852852,0,0,0
6262,0.15856804698705673,0.15856804698705673,0,0,0
6263,0.15586872398853302,0.15586872398853302,0,0,0
6264,0.1701856106519699,0.1701856106519699,0,0,0
6265,0.15846814587712288,0.15846814587712288,0,0,0
6266,0.16570571064949036,0.16570571064949036,0,0,0
6267,0.15556072816252708,0.15556072816252708,0,0,0
6268,0.16775914281606674,0.16775914281606674,0,0,0
6269,0.16006003692746162,0.16006003692746162,0,0,0
6270,0.16249016672372818,0.16249016672372818,0,0,0
6271,0.15735435858368874,0.15735435858368874,0,0,0
6272,0.16072526946663857,0.16072526946663857,0,0,0
6273,0.16281960532069206,0.16281960532069206,0,0,0
6274,0.1616780236363411,0.1616780236363411,0,0,0
6275,0.1680096760392189,0.1680096760392189,0,0,0
6276,0.15317775681614876,0.15317775681614876,0,0,0
6277,0.16803251579403877,0.16803251579403877,0,0,0
6278,0.16414042934775352,0.16414042934775352,0,0,0
6279,0.16825857385993004,0.16825857385993004,0,0,0
6280,0.16848357766866684,0.16848357766866684,0,0,0
6281,0.17302009463310242,0.17302009463310242,0,0,0
6282,0.1644352488219738,0.1644352488219738,0,0,0
6283,0.16055982187390327,0.16055982187390327,0,0,0
6284,0.1678151898086071,0.1678151898086071,0,0,0
6285,0.1644747443497181,0.1644747443497181,0,0,0
6286,0.1699381098151207,0.1699381098151207,0,0,0
6287,0.1625964157283306,0.1625964157283306,0,0,0
6288,0.1671607531607151,0.1671607531607151,0,0,0
6289,0.1660824529826641,0.1660824529826641,0,0,0
6290,0.15507851168513298,0.15507851168513298,0,0,0
6291,0.167238537222147,0.167238537222147,0,0,0
6292,0.1718243844807148,0.1718243844807148,0,0,0
6293,0.1611347757279873,0.1611347757279873,0,0,0
6294,0.1859043352305889,0.1859043352305889,0,0,0
6295,0.16118453443050385,0.16118453443050385,0,0,0
6296,0.15604079887270927,0.15604079887270927,0,0,0
6297,0.1655172035098076,0.1655172035098076,0,0,0
6298,0.1619204878807068,0.1619204878807068,0,0,0
6299,0.18008658662438393,0.18008658662438393,0,0,0
6300,0.17490634694695473,0.17490634694695473,0,0,0
6301,0.16145790740847588,0.16145790740847588,0,0,0
6302,0.17246344685554504,0.17246344685554504,0,0,0
6303,0.16420888155698776,0.16420888155698776,0,0,0
6304,0.1568620689213276,0.1568620689213276,0,0,0
6305,0.169531412422657,0.169531412422657,0,0,0
6306,0.16372495517134666,0.16372495517134666,0,0,0
6307,0.15329289436340332,0.15329289436340332,0,0,0
6308,0.15334827080368996,0.15334827080368996,0,0,0
6309,0.15272662788629532,0.15272662788629532,0,0,0
6310,0.16202842816710472,0.16202842816710472,0,0,0
6311,0.16960768029093742,0.16960768029093742,0,0,0
6312,0.16207854449748993,0.16207854449748993,0,0,0
6313,0.1682758703827858,0.1682758703827858,0,0,0
6314,0.16072899103164673,0.16072899103164673,0,0,0
6315,0.1623319834470749,0.1623319834470749,0,0,0
6316,0.16608861088752747,0.16608861088752747,0,0,0
6317,0.156801488250494,0.156801488250494,0,0,0
6318,0.1563991867005825,0.1563991867005825,0,0,0
6319,0.15910553187131882,0.15910553187131882,0,0,0
6320,0.17827808111906052,0.17827808111906052,0,0,0
6321,0.155934389680624,0.155934389680624,0,0,0
6322,0.15351250022649765,0.15351250022649765,0,0,0
6323,0.1586948037147522,0.1586948037147522,0,0,0
6324,0.1746089607477188,0.1746089607477188,0,0,0
6325,0.16978555172681808,0.16978555172681808,0,0,0
6326,0.15973933786153793,0.15973933786153793,0,0,0
6327,0.16047419235110283,0.16047419235110283,0,0,0
6328,0.16390248015522957,0.16390248015522957,0,0,0
6329,0.16065523773431778,0.16065523773431778,0,0,0
6330,0.16165893152356148,0.16165893152356148,0,0,0
6331,0.1675601340830326,0.1675601340830326,0,0,0
6332,0.16160591319203377,0.16160591319203377,0,0,0
6333,0.16087967157363892,0.16087967157363892,0,0,0
6334,0.16037480160593987,0.16037480160593987,0,0,0
6335,0.1605766862630844,0.1605766862630844,0,0,0
6336,0.15801819786429405,0.15801819786429405,0,0,0
6337,0.15499570593237877,0.15499570593237877,0,0,0
6338,0.16287418454885483,0.16287418454885483,0,0,0
6339,0.1582587994635105,0.1582587994635105,0,0,0
6340,0.1601187288761139,0.1601187288761139,0,0,0
6341,0.16016217693686485,0.16016217693686485,0,0,0
6342,0.1707886941730976,0.1707886941730976,0,0,0
6343,0.15469063073396683,0.15469063073396683,0,0,0
6344,0.16578887030482292,0.16578887030482292,0,0,0
6345,0.15668877959251404,0.15668877959251404,0,0,0
6346,0.16351673379540443,0.16351673379540443,0,0,0
6347,0.1754096895456314,0.1754096895456314,0,0,0
6348,0.16025914624333382,0.16025914624333382,0,0,0
6349,0.1574617139995098,0.1574617139995098,0,0,0
6350,0.16536563262343407,0.16536563262343407,0,0,0
6351,0.1526513509452343,0.1526513509452343,0,0,0
6352,0.16038848087191582,0.16038848087191582,0,0,0
6353,0.16364222764968872,0.16364222764968872,0,0,0
6354,0.168186716735363,0.168186716735363,0,0,0
6355,0.153158288449049,0.153158288449049,0,0,0
6356,0.15846186131238937,0.15846186131238937,0,0,0
6357,0.16477378457784653,0.16477378457784653,0,0,0
6358,0.15889578685164452,0.15889578685164452,0,0,0
6359,0.15527469292283058,0.15527469292283058,0,0,0
6360,0.15680355951189995,0.15680355951189995,0,0,0
6361,0.16521773114800453,0.16521773114800453,0,0,0
6362,0.15644189715385437,0.15644189715385437,0,0,0
6363,0.16972177848219872,0.16972177848219872,0,0,0
6364,0.16334762424230576,0.16334762424230576,0,0,0
6365,0.16262147575616837,0.16262147575616837,0,0,0
6366,0.15384532138705254,0.15384532138705254,0,0,0
6367,0.1610114648938179,0.1610114648938179,0,0,0
6368,0.15511486679315567,0.15511486679315567,0,0,0
6369,0.1608724556863308,0.1608724556863308,0,0,0
6370,0.15817425027489662,0.15817425027489662,0,0,0
6371,0.1661740131676197,0.1661740131676197,0,0,0
6372,0.17654748260974884,0.17654748260974884,0,0,0
6373,0.15846872329711914,0.15846872329711914,0,0,0
6374,0.15485640615224838,0.15485640615224838,0,0,0
6375,0.16114728152751923,0.16114728152751923,0,0,0
6376,0.15964632481336594,0.15964632481336594,0,0,0
6377,0.15352516248822212,0.15352516248822212,0,0,0
6378,0.1651413030922413,0.1651413030922413,0,0,0
6379,0.1563573032617569,0.1563573032617569,0,0,0
6380,0.15545543283224106,0.15545543283224106,0,0,0
6381,0.1631297618150711,0.1631297618150711,0,0,0
6382,0.15864476561546326,0.15864476561546326,0,0,0
6383,0.15534106642007828,0.15534106642007828,0,0,0
6384,0.16062239557504654,0.16062239557504654,0,0,0
6385,0.16464899107813835,0.16464899107813835,0,0,0
6386,0.15670031681656837,0.15670031681656837,0,0,0
6387,0.15557175874710083,0.15557175874710083,0,0,0
6388,0.1532454527914524,0.1532454527914524,0,0,0
6389,0.161578007042408,0.161578007042408,0,0,0
6390,0.1641039066016674,0.1641039066016674,0,0,0
6391,0.15272242948412895,0.15272242948412895,0,0,0
6392,0.1677607148885727,0.1677607148885727,0,0,0
6393,0.16509149596095085,0.16509149596095085,0,0,0
6394,0.15491004660725594,0.15491004660725594,0,0,0
6395,0.15524110198020935,0.15524110198020935,0,0,0
6396,0.15733743086457253,0.15733743086457253,0,0,0
6397,0.15315622091293335,0.15315622091293335,0,0,0
6398,0.1536334827542305,0.1536334827542305,0,0,0
6399,0.15405570343136787,0.15405570343136787,0,0,0
6400,0.16261234506964684,0.16261234506964684,0,0,0
6401,0.16503321379423141,0.16503321379423141,0,0,0
6402,0.17874108999967575,0.17874108999967575,0,0,0
6403,0.15325109288096428,0.15325109288096428,0,0,0
6404,0.15396776795387268,0.15396776795387268,0,0,0
6405,0.1516726016998291,0.1516726016998291,0,0,0
6406,0.15558290109038353,0.15558290109038353,0,0,0
6407,0.1708320789039135,0.1708320789039135,0,0,0
6408,0.16487497463822365,0.16487497463822365,0,0,0
6409,0.16013100743293762,0.16013100743293762,0,0,0
6410,0.16189587116241455,0.16189587116241455,0,0,0
6411,0.14891083911061287,0.14891083911061287,0,0,0
6412,0.15729371085762978,0.15729371085762978,0,0,0
6413,0.15658872574567795,0.15658872574567795,0,0,0
6414,0.16985749825835228,0.16985749825835228,0,0,0
6415,0.16117993742227554,0.16117993742227554,0,0,0
6416,0.16519815102219582,0.16519815102219582,0,0,0
6417,0.1637098416686058,0.1637098416686058,0,0,0
6418,0.1707412749528885,0.1707412749528885,0,0,0
6419,0.1623116210103035,0.1623116210103035,0,0,0
6420,0.15503035858273506,0.15503035858273506,0,0,0
6421,0.1620945893228054,0.1620945893228054,0,0,0
6422,0.1608092151582241,0.1608092151582241,0,0,0
6423,0.1537211462855339,0.1537211462855339,0,0,0
6424,0.15196434780955315,0.15196434780955315,0,0,0
6425,0.15714331716299057,0.15714331716299057,0,0,0
6426,0.15258289128541946,0.15258289128541946,0,0,0
6427,0.15595030039548874,0.15595030039548874,0,0,0
6428,0.1569049246609211,0.1569049246609211,0,0,0
6429,0.16758180409669876,0.16758180409669876,0,0,0
6430,0.15236347913742065,0.15236347913742065,0,0,0
6431,0.162213284522295,0.162213284522295,0,0,0
6432,0.15950360894203186,0.15950360894203186,0,0,0
6433,0.1517638824880123,0.1517638824880123,0,0,0
6434,0.1628582589328289,0.1628582589328289,0,0,0
6435,0.15098164975643158,0.15098164975643158,0,0,0
6436,0.15486714988946915,0.15486714988946915,0,0,0
6437,0.15711254999041557,0.15711254999041557,0,0,0
6438,0.1511184759438038,0.1511184759438038,0,0,0
6439,0.1554894782602787,0.1554894782602787,0,0,0
6440,0.1564764566719532,0.1564764566719532,0,0,0
6441,0.16909212619066238,0.16909212619066238,0,0,0
6442,0.15561119467020035,0.15561119467020035,0,0,0
6443,0.16668711975216866,0.16668711975216866,0,0,0
6444,0.15746959298849106,0.15746959298849106,0,0,0
6445,0.16330664232373238,0.16330664232373238,0,0,0
6446,0.15467961132526398,0.15467961132526398,0,0,0
6447,0.15362188965082169,0.15362188965082169,0,0,0
6448,0.16916674748063087,0.16916674748063087,0,0,0
6449,0.16610856354236603,0.16610856354236603,0,0,0
6450,0.1580202952027321,0.1580202952027321,0,0,0
6451,0.15873545035719872,0.15873545035719872,0,0,0
6452,0.16027703881263733,0.16027703881263733,0,0,0
6453,0.15655719861388206,0.15655719861388206,0,0,0
6454,0.1702863574028015,0.1702863574028015,0,0,0
6455,0.15212134271860123,0.15212134271860123,0,0,0
6456,0.1700241155922413,0.1700241155922413,0,0,0
6457,0.15607917681336403,0.15607917681336403,0,0,0
6458,0.16386867314577103,0.16386867314577103,0,0,0
6459,0.1568199098110199,0.1568199098110199,0,0,0
6460,0.1639375239610672,0.1639375239610672,0,0,0
6461,0.16442938894033432,0.16442938894033432,0,0,0
6462,0.15954432263970375,0.15954432263970375,0,0,0
6463,0.1621176339685917,0.1621176339685917,0,0,0
6464,0.16055328398942947,0.16055328398942947,0,0,0
6465,0.1610482558608055,0.1610482558608055,0,0,0
6466,0.16132543236017227,0.16132543236017227,0,0,0
6467,0.1820579245686531,0.1820579245686531,0,0,0
6468,0.15509917214512825,0.15509917214512825,0,0,0
6469,0.15583793818950653,0.15583793818950653,0,0,0
6470,0.16236764565110207,0.16236764565110207,0,0,0
6471,0.15588132292032242,0.15588132292032242,0,0,0
6472,0.1542784720659256,0.1542784720659256,0,0,0
6473,0.1619843728840351,0.1619843728840351,0,0,0
6474,0.15935331210494041,0.15935331210494041,0,0,0
6475,0.15669795870780945,0.15669795870780945,0,0,0
6476,0.15355274081230164,0.15355274081230164,0,0,0
6477,0.1572912558913231,0.1572912558913231,0,0,0
6478,0.15281538665294647,0.15281538665294647,0,0,0
6479,0.15126824378967285,0.15126824378967285,0,0,0
6480,0.16400983184576035,0.16400983184576035,0,0,0
6481,0.1477811262011528,0.1477811262011528,0,0,0
6482,0.15510153025388718,0.15510153025388718,0,0,0
6483,0.16100426390767097,0.16100426390767097,0,0,0
6484,0.15418897569179535,0.15418897569179535,0,0,0
6485,0.16003254055976868,0.16003254055976868,0,0,0
6486,0.1542099229991436,0.1542099229991436,0,0,0
6487,0.15679429471492767,0.15679429471492767,0,0,0
6488,0.1646847054362297,0.1646847054362297,0,0,0
6489,0.15264654904603958,0.15264654904603958,0,0,0
6490,0.15382491424679756,0.15382491424679756,0,0,0
6491,0.16140630841255188,0.16140630841255188,0,0,0
6492,0.15395908802747726,0.15395908802747726,0,0,0
6493,0.15415755659341812,0.15415755659341812,0,0,0
6494,0.15949344635009766,0.15949344635009766,0,0,0
6495,0.16045449674129486,0.16045449674129486,0,0,0
6496,0.15099118277430534,0.15099118277430534,0,0,0
6497,0.15362336114048958,0.15362336114048958,0,0,0
6498,0.16637060418725014,0.16637060418725014,0,0,0
6499,0.15622945502400398,0.15622945502400398,0,0,0
6500,0.15603818371891975,0.15603818371891975,0,0,0
6501,0.15504804253578186,0.15504804253578186,0,0,0
6502,0.1620599329471588,0.1620599329471588,0,0,0
6503,0.1516825333237648,0.1516825333237648,0,0,0
6504,0.15518561005592346,0.15518561005592346,0,0,0
6505,0.15743257850408554,0.15743257850408554,0,0,0
6506,0.15133824944496155,0.15133824944496155,0,0,0
6507,0.15820249542593956,0.15820249542593956,0,0,0
6508,0.15458174049854279,0.15458174049854279,0,0,0
6509,0.1551819033920765,0.1551819033920765,0,0,0
6510,0.15510408952832222,0.15510408952832222,0,0,0
6511,0.1589563973248005,0.1589563973248005,0,0,0
6512,0.15183821693062782,0.15183821693062782,0,0,0
6513,0.1516544409096241,0.1516544409096241,0,0,0
6514,0.1562088020145893,0.1562088020145893,0,0,0
6515,0.15857763588428497,0.15857763588428497,0,0,0
6516,0.15457984805107117,0.15457984805107117,0,0,0
6517,0.15412140265107155,0.15412140265107155,0,0,0
6518,0.1616084687411785,0.1616084687411785,0,0,0
6519,0.16391396522521973,0.16391396522521973,0,0,0
6520,0.15201780572533607,0.15201780572533607,0,0,0
6521,0.1628037989139557,0.1628037989139557,0,0,0
6522,0.17270822450518608,0.17270822450518608,0,0,0
6523,0.15265457704663277,0.15265457704663277,0,0,0
6524,0.15880783647298813,0.15880783647298813,0,0,0
6525,0.15808529779314995,0.15808529779314995,0,0,0
6526,0.15362727269530296,0.15362727269530296,0,0,0
6527,0.15345687046647072,0.15345687046647072,0,0,0
6528,0.15544015169143677,0.15544015169143677,0,0,0
6529,0.15656333789229393,0.15656333789229393,0,0,0
6530,0.1543504185974598,0.1543504185974598,0,0,0
6531,0.16945555806159973,0.16945555806159973,0,0,0
6532,0.14961553364992142,0.14961553364992142,0,0,0
6533,0.1548980176448822,0.1548980176448822,0,0,0
6534,0.15155531093478203,0.15155531093478203,0,0,0
6535,0.1510438472032547,0.1510438472032547,0,0,0
6536,0.14991993457078934,0.14991993457078934,0,0,0
6537,0.15619946643710136,0.15619946643710136,0,0,0
6538,0.15813619270920753,0.15813619270920753,0,0,0
6539,0.1555146686732769,0.1555146686732769,0,0,0
6540,0.1522928923368454,0.1522928923368454,0,0,0
6541,0.16151921078562737,0.16151921078562737,0,0,0
6542,0.14843635261058807,0.14843635261058807,0,0,0
6543,0.1516023576259613,0.1516023576259613,0,0,0
6544,0.1583465002477169,0.1583465002477169,0,0,0
6545,0.15406595170497894,0.15406595170497894,0,0,0
6546,0.15642863139510155,0.15642863139510155,0,0,0
6547,0.1497376523911953,0.1497376523911953,0,0,0
6548,0.1518920511007309,0.1518920511007309,0,0,0
6549,0.15709323808550835,0.15709323808550835,0,0,0
6550,0.15819478780031204,0.15819478780031204,0,0,0
6551,0.1539551392197609,0.1539551392197609,0,0,0
6552,0.15155092254281044,0.15155092254281044,0,0,0
6553,0.1617218442261219,0.1617218442261219,0,0,0
6554,0.1466723307967186,0.1466723307967186,0,0,0
6555,0.16216280311346054,0.16216280311346054,0,0,0
6556,0.1560891903936863,0.1560891903936863,0,0,0
6557,0.155093714594841,0.155093714594841,0,0,0
6558,0.1516319066286087,0.1516319066286087,0,0,0
6559,0.1550796739757061,0.1550796739757061,0,0,0
6560,0.1675046719610691,0.1675046719610691,0,0,0
6561,0.14916802942752838,0.14916802942752838,0,0,0
6562,0.16494805738329887,0.16494805738329887,0,0,0
6563,0.15160923823714256,0.15160923823714256,0,0,0
6564,0.15720588713884354,0.15720588713884354,0,0,0
6565,0.15180253237485886,0.15180253237485886,0,0,0
6566,0.159991092979908,0.159991092979908,0,0,0
6567,0.16569631546735764,0.16569631546735764,0,0,0
6568,0.16178693994879723,0.16178693994879723,0,0,0
6569,0.14637377858161926,0.14637377858161926,0,0,0
6570,0.15216096118092537,0.15216096118092537,0,0,0
6571,0.1590353138744831,0.1590353138744831,0,0,0
6572,0.14730679243803024,0.14730679243803024,0,0,0
6573,0.15732944384217262,0.15732944384217262,0,0,0
6574,0.15343965217471123,0.15343965217471123,0,0,0
6575,0.15160983055830002,0.15160983055830002,0,0,0
6576,0.16896726191043854,0.16896726191043854,0,0,0
6577,0.1460121013224125,0.1460121013224125,0,0,0
6578,0.15392571315169334,0.15392571315169334,0,0,0
6579,0.14719390496611595,0.14719390496611595,0,0,0
6580,0.15112438797950745,0.15112438797950745,0,0,0
6581,0.1683429665863514,0.1683429665863514,0,0,0
6582,0.15050048381090164,0.15050048381090164,0,0,0
6583,0.15037310868501663,0.15037310868501663,0,0,0
6584,0.16040091961622238,0.16040091961622238,0,0,0
6585,0.1516428254544735,0.1516428254544735,0,0,0
6586,0.14898458123207092,0.14898458123207092,0,0,0
6587,0.1490061767399311,0.1490061767399311,0,0,0
6588,0.15911779180169106,0.15911779180169106,0,0,0
6589,0.16106871888041496,0.16106871888041496,0,0,0
6590,0.17083671316504478,0.17083671316504478,0,0,0
6591,0.15524199232459068,0.15524199232459068,0,0,0
6592,0.1477166898548603,0.1477166898548603,0,0,0
6593,0.15287937596440315,0.15287937596440315,0,0,0
6594,0.1559748873114586,0.1559748873114586,0,0,0
6595,0.156489297747612,0.156489297747612,0,0,0
6596,0.15272823721170425,0.15272823721170425,0,0,0
6597,0.14833978563547134,0.14833978563547134,0,0,0
6598,0.15816599503159523,0.15816599503159523,0,0,0
6599,0.1600310020148754,0.1600310020148754,0,0,0
6600,0.15390371903777122,0.15390371903777122,0,0,0
6601,0.15388179570436478,0.15388179570436478,0,0,0
6602,0.1538933962583542,0.1538933962583542,0,0,0
6603,0.15157682448625565,0.15157682448625565,0,0,0
6604,0.14653387293219566,0.14653387293219566,0,0,0
6605,0.15731721371412277,0.15731721371412277,0,0,0
6606,0.15772389993071556,0.15772389993071556,0,0,0
6607,0.16384512931108475,0.16384512931108475,0,0,0
6608,0.14997988939285278,0.14997988939285278,0,0,0
6609,0.1480933092534542,0.1480933092534542,0,0,0
6610,0.15652548521757126,0.15652548521757126,0,0,0
6611,0.1511310711503029,0.1511310711503029,0,0,0
6612,0.17281540855765343,0.17281540855765343,0,0,0
6613,0.1631038710474968,0.1631038710474968,0,0,0
6614,0.16113683581352234,0.16113683581352234,0,0,0
6615,0.15293588861823082,0.15293588861823082,0,0,0
6616,0.15906966477632523,0.15906966477632523,0,0,0
6617,0.16251078993082047,0.16251078993082047,0,0,0
6618,0.15743829682469368,0.15743829682469368,0,0,0
6619,0.15521736443042755,0.15521736443042755,0,0,0
6620,0.14884093403816223,0.14884093403816223,0,0,0
6621,0.15748199075460434,0.15748199075460434,0,0,0
6622,0.1491890661418438,0.1491890661418438,0,0,0
6623,0.15134227648377419,0.15134227648377419,0,0,0
6624,0.14647211506962776,0.14647211506962776,0,0,0
6625,0.15219324827194214,0.15219324827194214,0,0,0
6626,0.15541795268654823,0.15541795268654823,0,0,0
6627,0.14970601722598076,0.14970601722598076,0,0,0
6628,0.1675434112548828,0.1675434112548828,0,0,0
6629,0.15396860614418983,0.15396860614418983,0,0,0
6630,0.1514236070215702,0.1514236070215702,0,0,0
6631,0.14826998114585876,0.14826998114585876,0,0,0
6632,0.15344277396798134,0.15344277396798134,0,0,0
6633,0.14931678026914597,0.14931678026914597,0,0,0
6634,0.15179653838276863,0.15179653838276863,0,0,0
6635,0.15624549239873886,0.15624549239873886,0,0,0
6636,0.16044089943170547,0.16044089943170547,0,0,0
6637,0.149658415466547,0.149658415466547,0,0,0
6638,0.15094590187072754,0.15094590187072754,0,0,0
6639,0.1484830677509308,0.1484830677509308,0,0,0
6640,0.15793249383568764,0.15793249383568764,0,0,0
6641,0.15297451987862587,0.15297451987862587,0,0,0
6642,0.16506753861904144,0.16506753861904144,0,0,0
6643,0.14603004977107048,0.14603004977107048,0,0,0
6644,0.1579420007765293,0.1579420007765293,0,0,0
6645,0.15317120403051376,0.15317120403051376,0,0,0
6646,0.15096145495772362,0.15096145495772362,0,0,0
6647,0.16005874425172806,0.16005874425172806,0,0,0
6648,0.1536731980741024,0.1536731980741024,0,0,0
6649,0.16445406526327133,0.16445406526327133,0,0,0
6650,0.14709661900997162,0.14709661900997162,0,0,0
6651,0.15533637255430222,0.15533637255430222,0,0,0
6652,0.1463158205151558,0.1463158205151558,0,0,0
6653,0.15740344673395157,0.15740344673395157,0,0,0
6654,0.15209896117448807,0.15209896117448807,0,0,0
6655,0.15418009832501411,0.15418009832501411,0,0,0
6656,0.1530604064464569,0.1530604064464569,0,0,0
6657,0.15805527567863464,0.15805527567863464,0,0,0
6658,0.14942190423607826,0.14942190423607826,0,0,0
6659,0.1580507643520832,0.1580507643520832,0,0,0
6660,0.15848615020513535,0.15848615020513535,0,0,0
6661,0.1536855250597,0.1536855250597,0,0,0
6662,0.15001895651221275,0.15001895651221275,0,0,0
6663,0.15426314249634743,0.15426314249634743,0,0,0
6664,0.15366071835160255,0.15366071835160255,0,0,0
6665,0.1619030199944973,0.1619030199944973,0,0,0
6666,0.16540387272834778,0.16540387272834778,0,0,0
6667,0.15199704840779305,0.15199704840779305,0,0,0
6668,0.14997271448373795,0.14997271448373795,0,0,0
6669,0.14620662853121758,0.14620662853121758,0,0,0
6670,0.15518192946910858,0.15518192946910858,0,0,0
6671,0.14878664165735245,0.14878664165735245,0,0,0
6672,0.14100680127739906,0.14100680127739906,0,0,0
6673,0.14756173640489578,0.14756173640489578,0,0,0
6674,0.15067117288708687,0.15067117288708687,0,0,0
6675,0.1804875023663044,0.1804875023663044,0,0,0
6676,0.1518920548260212,0.1518920548260212,0,0,0
6677,0.15491369366645813,0.15491369366645813,0,0,0
6678,0.1594272181391716,0.1594272181391716,0,0,0
6679,0.1496615968644619,0.1496615968644619,0,0,0
6680,0.15290579572319984,0.15290579572319984,0,0,0
6681,0.1463201902806759,0.1463201902806759,0,0,0
6682,0.15312138199806213,0.15312138199806213,0,0,0
6683,0.15308209881186485,0.15308209881186485,0,0,0
6684,0.16302261501550674,0.16302261501550674,0,0,0
6685,0.15430554747581482,0.15430554747581482,0,0,0
6686,0.1580294631421566,0.1580294631421566,0,0,0
6687,0.15477438271045685,0.15477438271045685,0,0,0
6688,0.14998991414904594,0.14998991414904594,0,0,0
6689,0.15562061592936516,0.15562061592936516,0,0,0
6690,0.16124102473258972,0.16124102473258972,0,0,0
6691,0.15124927833676338,0.15124927833676338,0,0,0
6692,0.15282412990927696,0.15282412990927696,0,0,0
6693,0.1507127657532692,0.1507127657532692,0,0,0
6694,0.15029381588101387,0.15029381588101387,0,0,0
6695,0.16161533072590828,0.16161533072590828,0,0,0
6696,0.1471039354801178,0.1471039354801178,0,0,0
6697,0.1526154987514019,0.1526154987514019,0,0,0
6698,0.15947607904672623,0.15947607904672623,0,0,0
6699,0.15457017347216606,0.15457017347216606,0,0,0
6700,0.16043372452259064,0.16043372452259064,0,0,0
6701,0.14831096306443214,0.14831096306443214,0,0,0
6702,0.15629377961158752,0.15629377961158752,0,0,0
6703,0.1524571031332016,0.1524571031332016,0,0,0
6704,0.14854777604341507,0.14854777604341507,0,0,0
6705,0.1481041982769966,0.1481041982769966,0,0,0
6706,0.15122470632195473,0.15122470632195473,0,0,0
6707,0.14812179654836655,0.14812179654836655,0,0,0
6708,0.16567213833332062,0.16567213833332062,0,0,0
6709,0.16078680008649826,0.16078680008649826,0,0,0
6710,0.1541697382926941,0.1541697382926941,0,0,0
6711,0.15353505313396454,0.15353505313396454,0,0,0
6712,0.1459253542125225,0.1459253542125225,0,0,0
6713,0.14645103737711906,0.14645103737711906,0,0,0
6714,0.1592588983476162,0.1592588983476162,0,0,0
6715,0.15765057876706123,0.15765057876706123,0,0,0
6716,0.14933443814516068,0.14933443814516068,0,0,0
6717,0.1512296423316002,0.1512296423316002,0,0,0
6718,0.15065069496631622,0.15065069496631622,0,0,0
6719,0.14338336884975433,0.14338336884975433,0,0,0
6720,0.15309376269578934,0.15309376269578934,0,0,0
6721,0.14609060809016228,0.14609060809016228,0,0,0
6722,0.15453621745109558,0.15453621745109558,0,0,0
6723,0.1591767780482769,0.1591767780482769,0,0,0
6724,0.15058019012212753,0.15058019012212753,0,0,0
6725,0.13998759910464287,0.13998759910464287,0,0,0
6726,0.14971061050891876,0.14971061050891876,0,0,0
6727,0.1466810218989849,0.1466810218989849,0,0,0
6728,0.15747210010886192,0.15747210010886192,0,0,0
6729,0.15586113184690475,0.15586113184690475,0,0,0
6730,0.16136326268315315,0.16136326268315315,0,0,0
6731,0.1487726829946041,0.1487726829946041,0,0,0
6732,0.1547839567065239,0.1547839567065239,0,0,0
6733,0.14922401309013367,0.14922401309013367,0,0,0
6734,0.15092870593070984,0.15092870593070984,0,0,0
6735,0.1491982713341713,0.1491982713341713,0,0,0
6736,0.1528279222548008,0.1528279222548008,0,0,0
6737,0.17000626027584076,0.17000626027584076,0,0,0
6738,0.15934639796614647,0.15934639796614647,0,0,0
6739,0.14937438443303108,0.14937438443303108,0,0,0
6740,0.1512598618865013,0.1512598618865013,0,0,0
6741,0.15048208087682724,0.15048208087682724,0,0,0
6742,0.16784550994634628,0.16784550994634628,0,0,0
6743,0.16074807941913605,0.16074807941913605,0,0,0
6744,0.14654609188437462,0.14654609188437462,0,0,0
6745,0.15293420106172562,0.15293420106172562,0,0,0
6746,0.15433653444051743,0.15433653444051743,0,0,0
6747,0.15130824223160744,0.15130824223160744,0,0,0
6748,0.1538957804441452,0.1538957804441452,0,0,0
6749,0.14806609973311424,0.14806609973311424,0,0,0
6750,0.150870181620121,0.150870181620121,0,0,0
6751,0.15768077224493027,0.15768077224493027,0,0,0
6752,0.15224486961960793,0.15224486961960793,0,0,0
6753,0.15731703862547874,0.15731703862547874,0,0,0
6754,0.1513320431113243,0.1513320431113243,0,0,0
6755,0.15971548855304718,0.15971548855304718,0,0,0
6756,0.16333039477467537,0.16333039477467537,0,0,0
6757,0.15315859392285347,0.15315859392285347,0,0,0
6758,0.14834806323051453,0.14834806323051453,0,0,0
6759,0.151725172996521,0.151725172996521,0,0,0
6760,0.14809592440724373,0.14809592440724373,0,0,0
6761,0.15055376663804054,0.15055376663804054,0,0,0
6762,0.1515120454132557,0.1515120454132557,0,0,0
6763,0.15110303089022636,0.15110303089022636,0,0,0
6764,0.14887571334838867,0.14887571334838867,0,0,0
6765,0.15041814744472504,0.15041814744472504,0,0,0
6766,0.15053776279091835,0.15053776279091835,0,0,0
6767,0.1493666023015976,0.1493666023015976,0,0,0
6768,0.15046804770827293,0.15046804770827293,0,0,0
6769,0.15227627381682396,0.15227627381682396,0,0,0
6770,0.1484340764582157,0.1484340764582157,0,0,0
6771,0.15563208609819412,0.15563208609819412,0,0,0
6772,0.1467788740992546,0.1467788740992546,0,0,0
6773,0.14649415016174316,0.14649415016174316,0,0,0
6774,0.15090258792042732,0.15090258792042732,0,0,0
6775,0.16380735114216805,0.16380735114216805,0,0,0
6776,0.15405789017677307,0.15405789017677307,0,0,0
6777,0.1581568829715252,0.1581568829715252,0,0,0
6778,0.15026579424738884,0.15026579424738884,0,0,0
6779,0.15790832415223122,0.15790832415223122,0,0,0
6780,0.1508677899837494,0.1508677899837494,0,0,0
6781,0.14685527235269547,0.14685527235269547,0,0,0
6782,0.14411664009094238,0.14411664009094238,0,0,0
6783,0.1480533555150032,0.1480533555150032,0,0,0
6784,0.15056999400258064,0.15056999400258064,0,0,0
6785,0.15201640501618385,0.15201640501618385,0,0,0
6786,0.155470572412014,0.155470572412014,0,0,0
6787,0.1495971605181694,0.1495971605181694,0,0,0
6788,0.14383527263998985,0.14383527263998985,0,0,0
6789,0.15219032019376755,0.15219032019376755,0,0,0
6790,0.14538262784481049,0.14538262784481049,0,0,0
6791,0.15629469230771065,0.15629469230771065,0,0,0
6792,0.15222369134426117,0.15222369134426117,0,0,0
6793,0.1496860347688198,0.1496860347688198,0,0,0
6794,0.14605291560292244,0.14605291560292244,0,0,0
6795,0.1509491689503193,0.1509491689503193,0,0,0
6796,0.15188242495059967,0.15188242495059967,0,0,0
6797,0.15665272623300552,0.15665272623300552,0,0,0
6798,0.14759592339396477,0.14759592339396477,0,0,0
6799,0.14983157068490982,0.14983157068490982,0,0,0
6800,0.15291719883680344,0.15291719883680344,0,0,0
6801,0.15190858393907547,0.15190858393907547,0,0,0
6802,0.14542869850993156,0.14542869850993156,0,0,0
6803,0.14415644854307175,0.14415644854307175,0,0,0
6804,0.1565176211297512,0.1565176211297512,0,0,0
6805,0.14261441305279732,0.14261441305279732,0,0,0
6806,0.15145434066653252,0.15145434066653252,0,0,0
6807,0.1562960483133793,0.1562960483133793,0,0,0
6808,0.1504429578781128,0.1504429578781128,0,0,0
6809,0.1549450233578682,0.1549450233578682,0,0,0
6810,0.14961358904838562,0.14961358904838562,0,0,0
6811,0.14383378624916077,0.14383378624916077,0,0,0
6812,0.14663198590278625,0.14663198590278625,0,0,0
6813,0.14827005192637444,0.14827005192637444,0,0,0
6814,0.14654527232050896,0.14654527232050896,0,0,0
6815,0.15454353019595146,0.15454353019595146,0,0,0
6816,0.16472326964139938,0.16472326964139938,0,0,0
6817,0.14984222128987312,0.14984222128987312,0,0,0
6818,0.15248752757906914,0.15248752757906914,0,0,0
6819,0.16337653249502182,0.16337653249502182,0,0,0
6820,0.14323775842785835,0.14323775842785835,0,0,0
6821,0.14469106867909431,0.14469106867909431,0,0,0
6822,0.15794400498270988,0.15794400498270988,0,0,0
6823,0.155852772295475,0.155852772295475,0,0,0
6824,0.14567336812615395,0.14567336812615395,0,0,0
6825,0.16156284138560295,0.16156284138560295,0,0,0
6826,0.15839267149567604,0.15839267149567604,0,0,0
6827,0.14470597356557846,0.14470597356557846,0,0,0
6828,0.14938529208302498,0.14938529208302498,0,0,0
6829,0.1507410742342472,0.1507410742342472,0,0,0
6830,0.14468812197446823,0.14468812197446823,0,0,0
6831,0.15747403725981712,0.15747403725981712,0,0,0
6832,0.15079481899738312,0.15079481899738312,0,0,0
6833,0.15038016065955162,0.15038016065955162,0,0,0
6834,0.151322640478611,0.151322640478611,0,0,0
6835,0.1491217352449894,0.1491217352449894,0,0,0
6836,0.146696038544178,0.146696038544178,0,0,0
6837,0.1533149890601635,0.1533149890601635,0,0,0
6838,0.15886476263403893,0.15886476263403893,0,0,0
6839,0.15695317462086678,0.15695317462086678,0,0,0
6840,0.1554485633969307,0.1554485633969307,0,0,0
6841,0.14554642885923386,0.14554642885923386,0,0,0
6842,0.14791996404528618,0.14791996404528618,0,0,0
6843,0.1595621258020401,0.1595621258020401,0,0,0
6844,0.15059376135468483,0.15059376135468483,0,0,0
6845,0.14999793097376823,0.14999793097376823,0,0,0
6846,0.1602046974003315,0.1602046974003315,0,0,0
6847,0.15189647302031517,0.15189647302031517,0,0,0
6848,0.15582431107759476,0.15582431107759476,0,0,0
6849,0.14398618414998055,0.14398618414998055,0,0,0
6850,0.1414540633559227,0.1414540633559227,0,0,0
6851,0.15000726655125618,0.15000726655125618,0,0,0
6852,0.1529102697968483,0.1529102697968483,0,0,0
6853,0.1657004915177822,0.1657004915177822,0,0,0
6854,0.1536094807088375,0.1536094807088375,0,0,0
6855,0.1529185250401497,0.1529185250401497,0,0,0
6856,0.1456034630537033,0.1456034630537033,0,0,0
6857,0.15017060562968254,0.15017060562968254,0,0,0
6858,0.14501802250742912,0.14501802250742912,0,0,0
6859,0.15092052519321442,0.15092052519321442,0,0,0
6860,0.1470477096736431,0.1470477096736431,0,0,0
6861,0.1496531069278717,0.1496531069278717,0,0,0
6862,0.1550128310918808,0.1550128310918808,0,0,0
6863,0.1475544422864914,0.1475544422864914,0,0,0
6864,0.14967495203018188,0.14967495203018188,0,0,0
6865,0.1457945667207241,0.1457945667207241,0,0,0
6866,0.1484033688902855,0.1484033688902855,0,0,0
6867,0.14674153923988342,0.14674153923988342,0,0,0
6868,0.14668762311339378,0.14668762311339378,0,0,0
6869,0.15297694504261017,0.15297694504261017,0,0,0
6870,0.15797900035977364,0.15797900035977364,0,0,0
6871,0.1393837071955204,0.1393837071955204,0,0,0
6872,0.15032992884516716,0.15032992884516716,0,0,0
6873,0.14539627358317375,0.14539627358317375,0,0,0
6874,0.14604486897587776,0.14604486897587776,0,0,0
6875,0.1434900462627411,0.1434900462627411,0,0,0
6876,0.14937356114387512,0.14937356114387512,0,0,0
6877,0.15691856294870377,0.15691856294870377,0,0,0
6878,0.16101915389299393,0.16101915389299393,0,0,0
6879,0.14822962880134583,0.14822962880134583,0,0,0
6880,0.13998588547110558,0.13998588547110558,0,0,0
6881,0.14408333227038383,0.14408333227038383,0,0,0
6882,0.14600852131843567,0.14600852131843567,0,0,0
6883,0.14791245386004448,0.14791245386004448,0,0,0
6884,0.15198656544089317,0.15198656544089317,0,0,0
6885,0.14392488449811935,0.14392488449811935,0,0,0
6886,0.14563829824328423,0.14563829824328423,0,0,0
6887,0.1503887102007866,0.1503887102007866,0,0,0
6888,0.1593298427760601,0.1593298427760601,0,0,0
6889,0.17104358971118927,0.17104358971118927,0,0,0
6890,0.1533062681555748,0.1533062681555748,0,0,0
6891,0.15184253826737404,0.15184253826737404,0,0,0
6892,0.14328978583216667,0.14328978583216667,0,0,0
6893,0.15040088817477226,0.15040088817477226,0,0,0
6894,0.15470775216817856,0.15470775216817856,0,0,0
6895,0.15392984449863434,0.15392984449863434,0,0,0
6896,0.14830578863620758,0.14830578863620758,0,0,0
6897,0.14712944254279137,0.14712944254279137,0,0,0
6898,0.1593497022986412,0.1593497022986412,0,0,0
6899,0.15329864993691444,0.15329864993691444,0,0,0
6900,0.14663799107074738,0.14663799107074738,0,0,0
6901,0.1474815085530281,0.1474815085530281,0,0,0
6902,0.14512184634804726,0.14512184634804726,0,0,0
6903,0.14730443432927132,0.14730443432927132,0,0,0
6904,0.15170500427484512,0.15170500427484512,0,0,0
6905,0.14124782383441925,0.14124782383441925,0,0,0
6906,0.1399693451821804,0.1399693451821804,0,0,0
6907,0.14826897159218788,0.14826897159218788,0,0,0
6908,0.15100446343421936,0.15100446343421936,0,0,0
6909,0.14544310048222542,0.14544310048222542,0,0,0
6910,0.1460789032280445,0.1460789032280445,0,0,0
6911,0.14254725724458694,0.14254725724458694,0,0,0
6912,0.14707345515489578,0.14707345515489578,0,0,0
6913,0.14319427125155926,0.14319427125155926,0,0,0
6914,0.14701132848858833,0.14701132848858833,0,0,0
6915,0.14088168926537037,0.14088168926537037,0,0,0
6916,0.1578085720539093,0.1578085720539093,0,0,0
6917,0.1464185230433941,0.1464185230433941,0,0,0
6918,0.15075473114848137,0.15075473114848137,0,0,0
6919,0.14306094124913216,0.14306094124913216,0,0,0
6920,0.16070154309272766,0.16070154309272766,0,0,0
6921,0.14707732573151588,0.14707732573151588,0,0,0
6922,0.14701982960104942,0.14701982960104942,0,0,0
6923,0.1527392417192459,0.1527392417192459,0,0,0
6924,0.14389588311314583,0.14389588311314583,0,0,0
6925,0.14871682971715927,0.14871682971715927,0,0,0
6926,0.1514132209122181,0.1514132209122181,0,0,0
6927,0.14501890912652016,0.14501890912652016,0,0,0
6928,0.14548982307314873,0.14548982307314873,0,0,0
6929,0.15068772062659264,0.15068772062659264,0,0,0
6930,0.1453261710703373,0.1453261710703373,0,0,0
6931,0.15220482274889946,0.15220482274889946,0,0,0
6932,0.1488678641617298,0.1488678641617298,0,0,0
6933,0.15387775376439095,0.15387775376439095,0,0,0
6934,0.14438411220908165,0.14438411220908165,0,0,0
6935,0.14662716910243034,0.14662716910243034,0,0,0
6936,0.16338131949305534,0.16338131949305534,0,0,0
6937,0.1510450802743435,0.1510450802743435,0,0,0
6938,0.1422308273613453,0.1422308273613453,0,0,0
6939,0.15137101337313652,0.15137101337313652,0,0,0
6940,0.14999770373106003,0.14999770373106003,0,0,0
6941,0.1496560163795948,0.1496560163795948,0,0,0
6942,0.1452910155057907,0.1452910155057907,0,0,0
6943,0.14698898047208786,0.14698898047208786,0,0,0
6944,0.14878061041235924,0.14878061041235924,0,0,0
6945,0.15219183638691902,0.15219183638691902,0,0,0
6946,0.15191269665956497,0.15191269665956497,0,0,0
6947,0.14252394065260887,0.14252394065260887,0,0,0
6948,0.15840721130371094,0.15840721130371094,0,0,0
6949,0.15272652357816696,0.15272652357816696,0,0,0
6950,0.15554668754339218,0.15554668754339218,0,0,0
6951,0.14387184008955956,0.14387184008955956,0,0,0
6952,0.14661557227373123,0.14661557227373123,0,0,0
6953,0.14689185097813606,0.14689185097813606,0,0,0
6954,0.1522526666522026,0.1522526666522026,0,0,0
6955,0.15085233002901077,0.15085233002901077,0,0,0
6956,0.15176374465227127,0.15176374465227127,0,0,0
6957,0.14959733188152313,0.14959733188152313,0,0,0
6958,0.1450430415570736,0.1450430415570736,0,0,0
6959,0.147506695240736,0.147506695240736,0,0,0
6960,0.14424706622958183,0.14424706622958183,0,0,0
6961,0.15432694181799889,0.15432694181799889,0,0,0
6962,0.14536822959780693,0.14536822959780693,0,0,0
6963,0.14555060118436813,0.14555060118436813,0,0,0
6964,0.1473904363811016,0.1473904363811016,0,0,0
6965,0.15339678525924683,0.15339678525924683,0,0,0
6966,0.15274588018655777,0.15274588018655777,0,0,0
6967,0.1589268073439598,0.1589268073439598,0,0,0
6968,0.1475822888314724,0.1475822888314724,0,0,0
6969,0.15113487839698792,0.15113487839698792,0,0,0
6970,0.147133469581604,0.147133469581604,0,0,0
6971,0.1506003625690937,0.1506003625690937,0,0,0
6972,0.145571980625391,0.145571980625391,0,0,0
6973,0.15053711272776127,0.15053711272776127,0,0,0
6974,0.1504531018435955,0.1504531018435955,0,0,0
6975,0.1596270427107811,0.1596270427107811,0,0,0
6976,0.14178653061389923,0.14178653061389923,0,0,0
6977,0.15413688123226166,0.15413688123226166,0,0,0
6978,0.14517145976424217,0.14517145976424217,0,0,0
6979,0.1504392996430397,0.1504392996430397,0,0,0
6980,0.1437424272298813,0.1437424272298813,0,0,0
6981,0.1463051252067089,0.1463051252067089,0,0,0
6982,0.14519904926419258,0.14519904926419258,0,0,0
6983,0.15743203088641167,0.15743203088641167,0,0,0
6984,0.14382271096110344,0.14382271096110344,0,0,0
6985,0.14463405311107635,0.14463405311107635,0,0,0
6986,0.1517866961658001,0.1517866961658001,0,0,0
6987,0.15542405098676682,0.15542405098676682,0,0,0
6988,0.15011538192629814,0.15011538192629814,0,0,0
6989,0.15204797685146332,0.15204797685146332,0,0,0
6990,0.14798447117209435,0.14798447117209435,0,0,0
6991,0.15953317284584045,0.15953317284584045,0,0,0
6992,0.14607365056872368,0.14607365056872368,0,0,0
6993,0.15149451419711113,0.15149451419711113,0,0,0
6994,0.14535189419984818,0.14535189419984818,0,0,0
6995,0.1544782854616642,0.1544782854616642,0,0,0
6996,0.14622310549020767,0.14622310549020767,0,0,0
6997,0.1547006033360958,0.1547006033360958,0,0,0
6998,0.15460341051220894,0.15460341051220894,0,0,0
6999,0.16724693775177002,0.16724693775177002,0,0,0
7000,0.1469486579298973,0.1469486579298973,0,0,0
7001,0.14440209046006203,0.14440209046006203,0,0,0
7002,0.15433885529637337,0.15433885529637337,0,0,0
7003,0.14808502793312073,0.14808502793312073,0,0,0
7004,0.14863406121730804,0.14863406121730804,0,0,0
7005,0.15218883752822876,0.15218883752822876,0,0,0
7006,0.1476057954132557,0.1476057954132557,0,0,0
7007,0.13942812010645866,0.13942812010645866,0,0,0
7008,0.18226948007941246,0.18226948007941246,0,0,0
7009,0.15692566335201263,0.15692566335201263,0,0,0
7010,0.14645271003246307,0.14645271003246307,0,0,0
7011,0.14226156659424305,0.14226156659424305,0,0,0
7012,0.1417439505457878,0.1417439505457878,0,0,0
7013,0.1446920670568943,0.1446920670568943,0,0,0
7014,0.14072442427277565,0.14072442427277565,0,0,0
7015,0.15180199965834618,0.15180199965834618,0,0,0
7016,0.14951377362012863,0.14951377362012863,0,0,0
7017,0.14565350115299225,0.14565350115299225,0,0,0
7018,0.14146872237324715,0.14146872237324715,0,0,0
7019,0.1478293351829052,0.1478293351829052,0,0,0
7020,0.15794403105974197,0.15794403105974197,0,0,0
7021,0.15161358937621117,0.15161358937621117,0,0,0
7022,0.14489390328526497,0.14489390328526497,0,0,0
7023,0.14308957755565643,0.14308957755565643,0,0,0
7024,0.1418248973786831,0.1418248973786831,0,0,0
7025,0.1410258449614048,0.1410258449614048,0,0,0
7026,0.1572665348649025,0.1572665348649025,0,0,0
7027,0.14452875405550003,0.14452875405550003,0,0,0
7028,0.14139589667320251,0.14139589667320251,0,0,0
7029,0.14850552007555962,0.14850552007555962,0,0,0
7030,0.155337143689394,0.155337143689394,0,0,0
7031,0.1449064053595066,0.1449064053595066,0,0,0
7032,0.1473129503428936,0.1473129503428936,0,0,0
7033,0.14155022241175175,0.14155022241175175,0,0,0
7034,0.14461702853441238,0.14461702853441238,0,0,0
7035,0.15439721196889877,0.15439721196889877,0,0,0
7036,0.1497461013495922,0.1497461013495922,0,0,0
7037,0.14976883865892887,0.14976883865892887,0,0,0
7038,0.14936110749840736,0.14936110749840736,0,0,0
7039,0.14777925610542297,0.14777925610542297,0,0,0
7040,0.14086723700165749,0.14086723700165749,0,0,0
7041,0.14417613670229912,0.14417613670229912,0,0,0
7042,0.14914941787719727,0.14914941787719727,0,0,0
7043,0.14571081474423409,0.14571081474423409,0,0,0
7044,0.1543446183204651,0.1543446183204651,0,0,0
7045,0.1468268632888794,0.1468268632888794,0,0,0
7046,0.14631031453609467,0.14631031453609467,0,0,0
7047,0.14509061723947525,0.14509061723947525,0,0,0
7048,0.14355284348130226,0.14355284348130226,0,0,0
7049,0.17941266298294067,0.17941266298294067,0,0,0
7050,0.14374924264848232,0.14374924264848232,0,0,0
7051,0.1480535976588726,0.1480535976588726,0,0,0
7052,0.14833249896764755,0.14833249896764755,0,0,0
7053,0.14403407648205757,0.14403407648205757,0,0,0
7054,0.14260639250278473,0.14260639250278473,0,0,0
7055,0.14901172742247581,0.14901172742247581,0,0,0
7056,0.15197353437542915,0.15197353437542915,0,0,0
7057,0.143938310444355,0.143938310444355,0,0,0
7058,0.14618253335356712,0.14618253335356712,0,0,0
7059,0.15674826130270958,0.15674826130270958,0,0,0
7060,0.1386679783463478,0.1386679783463478,0,0,0
7061,0.15187622606754303,0.15187622606754303,0,0,0
7062,0.14397113770246506,0.14397113770246506,0,0,0
7063,0.1580938659608364,0.1580938659608364,0,0,0
7064,0.14218899980187416,0.14218899980187416,0,0,0
7065,0.15885681100189686,0.15885681100189686,0,0,0
7066,0.14632421359419823,0.14632421359419823,0,0,0
7067,0.14709481596946716,0.14709481596946716,0,0,0
7068,0.15759190917015076,0.15759190917015076,0,0,0
7069,0.15285524725914001,0.15285524725914001,0,0,0
7070,0.15020063146948814,0.15020063146948814,0,0,0
7071,0.1453857384622097,0.1453857384622097,0,0,0
7072,0.15143144503235817,0.15143144503235817,0,0,0
7073,0.15281274914741516,0.15281274914741516,0,0,0
7074,0.14445175230503082,0.14445175230503082,0,0,0
7075,0.14562401920557022,0.14562401920557022,0,0,0
7076,0.14559239521622658,0.14559239521622658,0,0,0
7077,0.1492149457335472,0.1492149457335472,0,0,0
7078,0.1588607281446457,0.1588607281446457,0,0,0
7079,0.15018535032868385,0.15018535032868385,0,0,0
7080,0.1502225585281849,0.1502225585281849,0,0,0
7081,0.14562640711665154,0.14562640711665154,0,0,0
7082,0.14620612189173698,0.14620612189173698,0,0,0
7083,0.1457361914217472,0.1457361914217472,0,0,0
7084,0.14952020160853863,0.14952020160853863,0,0,0
7085,0.14400218799710274,0.14400218799710274,0,0,0
7086,0.14035474136471748,0.14035474136471748,0,0,0
7087,0.15555177628993988,0.15555177628993988,0,0,0
7088,0.1403549574315548,0.1403549574315548,0,0,0
7089,0.14317411184310913,0.14317411184310913,0,0,0
7090,0.1433604471385479,0.1433604471385479,0,0,0
7091,0.15337931364774704,0.15337931364774704,0,0,0
7092,0.15240629017353058,0.15240629017353058,0,0,0
7093,0.13929005339741707,0.13929005339741707,0,0,0
7094,0.15088258683681488,0.15088258683681488,0,0,0
7095,0.16181755810976028,0.16181755810976028,0,0,0
7096,0.13970064744353294,0.13970064744353294,0,0,0
7097,0.14925140887498856,0.14925140887498856,0,0,0
7098,0.15534378588199615,0.15534378588199615,0,0,0
7099,0.15350540727376938,0.15350540727376938,0,0,0
7100,0.1572909764945507,0.1572909764945507,0,0,0
7101,0.14996328949928284,0.14996328949928284,0,0,0
7102,0.14297278597950935,0.14297278597950935,0,0,0
7103,0.1510464772582054,0.1510464772582054,0,0,0
7104,0.13948347605764866,0.13948347605764866,0,0,0
7105,0.15354734659194946,0.15354734659194946,0,0,0
7106,0.1422724910080433,0.1422724910080433,0,0,0
7107,0.14696336165070534,0.14696336165070534,0,0,0
7108,0.1439293697476387,0.1439293697476387,0,0,0
7109,0.1435563899576664,0.1435563899576664,0,0,0
7110,0.14182741940021515,0.14182741940021515,0,0,0
7111,0.1480090320110321,0.1480090320110321,0,0,0
7112,0.141192264854908,0.141192264854908,0,0,0
7113,0.1433318667113781,0.1433318667113781,0,0,0
7114,0.14302761480212212,0.14302761480212212,0,0,0
7115,0.14437179267406464,0.14437179267406464,0,0,0
7116,0.14185746386647224,0.14185746386647224,0,0,0
7117,0.14773332700133324,0.14773332700133324,0,0,0
7118,0.1454077549278736,0.1454077549278736,0,0,0
7119,0.14721490815281868,0.14721490815281868,0,0,0
7120,0.15269655361771584,0.15269655361771584,0,0,0
7121,0.143403772264719,0.143403772264719,0,0,0
7122,0.1447448991239071,0.1447448991239071,0,0,0
7123,0.1509658731520176,0.1509658731520176,0,0,0
7124,0.14664385840296745,0.14664385840296745,0,0,0
7125,0.14979226887226105,0.14979226887226105,0,0,0
7126,0.1413276344537735,0.1413276344537735,0,0,0
7127,0.15629266947507858,0.15629266947507858,0,0,0
7128,0.1481444202363491,0.1481444202363491,0,0,0
7129,0.14968803152441978,0.14968803152441978,0,0,0
7130,0.1467824950814247,0.1467824950814247,0,0,0
7131,0.14731798693537712,0.14731798693537712,0,0,0
7132,0.14388151839375496,0.14388151839375496,0,0,0
7133,0.14301710575819016,0.14301710575819016,0,0,0
7134,0.15462800860404968,0.15462800860404968,0,0,0
7135,0.15229972824454308,0.15229972824454308,0,0,0
7136,0.1485064961016178,0.1485064961016178,0,0,0
7137,0.144716564565897,0.144716564565897,0,0,0
7138,0.14382005855441093,0.14382005855441093,0,0,0
7139,0.14463550969958305,0.14463550969958305,0,0,0
7140,0.1412995345890522,0.1412995345890522,0,0,0
7141,0.1510934866964817,0.1510934866964817,0,0,0
7142,0.1471363641321659,0.1471363641321659,0,0,0
7143,0.13852079585194588,0.13852079585194588,0,0,0
7144,0.14392540231347084,0.14392540231347084,0,0,0
7145,0.1484813056886196,0.1484813056886196,0,0,0
7146,0.15087656304240227,0.15087656304240227,0,0,0
7147,0.15198643133044243,0.15198643133044243,0,0,0
7148,0.14861231669783592,0.14861231669783592,0,0,0
7149,0.1513444520533085,0.1513444520533085,0,0,0
7150,0.15139935165643692,0.15139935165643692,0,0,0
7151,0.14242688938975334,0.14242688938975334,0,0,0
7152,0.15649113804101944,0.15649113804101944,0,0,0
7153,0.15679152682423592,0.15679152682423592,0,0,0
7154,0.14707692712545395,0.14707692712545395,0,0,0
7155,0.14680907130241394,0.14680907130241394,0,0,0
7156,0.14394931495189667,0.14394931495189667,0,0,0
7157,0.13886244595050812,0.13886244595050812,0,0,0
7158,0.15146584063768387,0.15146584063768387,0,0,0
7159,0.14771701022982597,0.14771701022982597,0,0,0
7160,0.1510656625032425,0.1510656625032425,0,0,0
7161,0.1446746438741684,0.1446746438741684,0,0,0
7162,0.14454706758260727,0.14454706758260727,0,0,0
7163,0.14402855560183525,0.14402855560183525,0,0,0
7164,0.14050735905766487,0.14050735905766487,0,0,0
7165,0.14715244993567467,0.14715244993567467,0,0,0
7166,0.13831392489373684,0.13831392489373684,0,0,0
7167,0.1432696171104908,0.1432696171104908,0,0,0
7168,0.15111089125275612,0.15111089125275612,0,0,0
7169,0.13594921678304672,0.13594921678304672,0,0,0
7170,0.1433953382074833,0.1433953382074833,0,0,0
7171,0.14733877405524254,0.14733877405524254,0,0,0
7172,0.13826751708984375,0.13826751708984375,0,0,0
7173,0.14843593910336494,0.14843593910336494,0,0,0
7174,0.1570957452058792,0.1570957452058792,0,0,0
7175,0.14133526012301445,0.14133526012301445,0,0,0
7176,0.1444183811545372,0.1444183811545372,0,0,0
7177,0.14018677547574043,0.14018677547574043,0,0,0
7178,0.1420774832367897,0.1420774832367897,0,0,0
7179,0.14268610998988152,0.14268610998988152,0,0,0
7180,0.14852702990174294,0.14852702990174294,0,0,0
7181,0.1929001733660698,0.1929001733660698,0,0,0
7182,0.14880387857556343,0.14880387857556343,0,0,0
7183,0.13906272873282433,0.13906272873282433,0,0,0
7184,0.13956475257873535,0.13956475257873535,0,0,0
7185,0.14820688590407372,0.14820688590407372,0,0,0
7186,0.13711283542215824,0.13711283542215824,0,0,0
7187,0.15010793507099152,0.15010793507099152,0,0,0
7188,0.14556726068258286,0.14556726068258286,0,0,0
7189,0.15210401266813278,0.15210401266813278,0,0,0
7190,0.13758116587996483,0.13758116587996483,0,0,0
7191,0.14621637761592865,0.14621637761592865,0,0,0
7192,0.1442757286131382,0.1442757286131382,0,0,0
7193,0.14253929257392883,0.14253929257392883,0,0,0
7194,0.13923503831028938,0.13923503831028938,0,0,0
7195,0.15476074442267418,0.15476074442267418,0,0,0
7196,0.14739341288805008,0.14739341288805008,0,0,0
7197,0.1440412439405918,0.1440412439405918,0,0,0
7198,0.1398816853761673,0.1398816853761673,0,0,0
7199,0.14805855974555016,0.14805855974555016,0,0,0
7200,0.14712263271212578,0.14712263271212578,0,0,0
7201,0.14359628036618233,0.14359628036618233,0,0,0
7202,0.1463831625878811,0.1463831625878811,0,0,0
7203,0.1528625190258026,0.1528625190258026,0,0,0
7204,0.15060151368379593,0.15060151368379593,0,0,0
7205,0.14233094453811646,0.14233094453811646,0,0,0
7206,0.14059238880872726,0.14059238880872726,0,0,0
7207,0.14873408153653145,0.14873408153653145,0,0,0
7208,0.13848978467285633,0.13848978467285633,0,0,0
7209,0.18854962289333344,0.18854962289333344,0,0,0
7210,0.14166388474404812,0.14166388474404812,0,0,0
7211,0.14698384329676628,0.14698384329676628,0,0,0
7212,0.15088055282831192,0.15088055282831192,0,0,0
7213,0.14369049668312073,0.14369049668312073,0,0,0
7214,0.14209799468517303,0.14209799468517303,0,0,0
7215,0.16671761125326157,0.16671761125326157,0,0,0
7216,0.1652464121580124,0.1652464121580124,0,0,0
7217,0.1446467824280262,0.1446467824280262,0,0,0
7218,0.14651479944586754,0.14651479944586754,0,0,0
7219,0.14246779307723045,0.14246779307723045,0,0,0
7220,0.15553496778011322,0.15553496778011322,0,0,0
7221,0.15146536752581596,0.15146536752581596,0,0,0
7222,0.14422862231731415,0.14422862231731415,0,0,0
7223,0.14150431379675865,0.14150431379675865,0,0,0
7224,0.14455760642886162,0.14455760642886162,0,0,0
7225,0.13767984881997108,0.13767984881997108,0,0,0
7226,0.15657368674874306,0.15657368674874306,0,0,0
7227,0.15154390037059784,0.15154390037059784,0,0,0
7228,0.1404324322938919,0.1404324322938919,0,0,0
7229,0.1528925597667694,0.1528925597667694,0,0,0
7230,0.1425369717180729,0.1425369717180729,0,0,0
7231,0.1525469496846199,0.1525469496846199,0,0,0
7232,0.15132400020956993,0.15132400020956993,0,0,0
7233,0.1429980769753456,0.1429980769753456,0,0,0
7234,0.14280641824007034,0.14280641824007034,0,0,0
7235,0.1384785696864128,0.1384785696864128,0,0,0
7236,0.14581966027617455,0.14581966027617455,0,0,0
7237,0.13939685374498367,0.13939685374498367,0,0,0
7238,0.14521143212914467,0.14521143212914467,0,0,0
7239,0.14447803050279617,0.14447803050279617,0,0,0
7240,0.14141646400094032,0.14141646400094032,0,0,0
7241,0.1469215378165245,0.1469215378165245,0,0,0
7242,0.14075009524822235,0.14075009524822235,0,0,0
7243,0.16113878414034843,0.16113878414034843,0,0,0
7244,0.14879342913627625,0.14879342913627625,0,0,0
7245,0.13443046435713768,0.13443046435713768,0,0,0
7246,0.1525287888944149,0.1525287888944149,0,0,0
7247,0.14540521800518036,0.14540521800518036,0,0,0
7248,0.15133988112211227,0.15133988112211227,0,0,0
7249,0.14472883567214012,0.14472883567214012,0,0,0
7250,0.15162262320518494,0.15162262320518494,0,0,0
7251,0.14606879651546478,0.14606879651546478,0,0,0
7252,0.14802971109747887,0.14802971109747887,0,0,0
7253,0.14243944361805916,0.14243944361805916,0,0,0
7254,0.14576167613267899,0.14576167613267899,0,0,0
7255,0.14982286468148232,0.14982286468148232,0,0,0
7256,0.14091254398226738,0.14091254398226738,0,0,0
7257,0.14923299476504326,0.14923299476504326,0,0,0
7258,0.14601662009954453,0.14601662009954453,0,0,0
7259,0.14339066669344902,0.14339066669344902,0,0,0
7260,0.14409730210900307,0.14409730210900307,0,0,0
7261,0.14183121174573898,0.14183121174573898,0,0,0
7262,0.14073598757386208,0.14073598757386208,0,0,0
7263,0.15017817541956902,0.15017817541956902,0,0,0
7264,0.15250164270401,0.15250164270401,0,0,0
7265,0.14243626222014427,0.14243626222014427,0,0,0
7266,0.1396869756281376,0.1396869756281376,0,0,0
7267,0.15926426649093628,0.15926426649093628,0,0,0
7268,0.14264657720923424,0.14264657720923424,0,0,0
7269,0.14290008321404457,0.14290008321404457,0,0,0
7270,0.14920973405241966,0.14920973405241966,0,0,0
7271,0.14478737860918045,0.14478737860918045,0,0,0
7272,0.16154807433485985,0.16154807433485985,0,0,0
7273,0.15141089260578156,0.15141089260578156,0,0,0
7274,0.13933785259723663,0.13933785259723663,0,0,0
7275,0.14252441748976707,0.14252441748976707,0,0,0
7276,0.14935773611068726,0.14935773611068726,0,0,0
7277,0.142315573990345,0.142315573990345,0,0,0
7278,0.14864403754472733,0.14864403754472733,0,0,0
7279,0.1408224068582058,0.1408224068582058,0,0,0
7280,0.13819138333201408,0.13819138333201408,0,0,0
7281,0.1437758058309555,0.1437758058309555,0,0,0
7282,0.15990323573350906,0.15990323573350906,0,0,0
7283,0.14172808080911636,0.14172808080911636,0,0,0
7284,0.141683429479599,0.141683429479599,0,0,0
7285,0.13836899399757385,0.13836899399757385,0,0,0
7286,0.1425173506140709,0.1425173506140709,0,0,0
7287,0.14270718023180962,0.14270718023180962,0,0,0
7288,0.14936040714383125,0.14936040714383125,0,0,0
7289,0.14119188115000725,0.14119188115000725,0,0,0
7290,0.14854289218783379,0.14854289218783379,0,0,0
7291,0.1372779905796051,0.1372779905796051,0,0,0
7292,0.13636325299739838,0.13636325299739838,0,0,0
7293,0.144579216837883,0.144579216837883,0,0,0
7294,0.1352551393210888,0.1352551393210888,0,0,0
7295,0.14094577357172966,0.14094577357172966,0,0,0
7296,0.14967995136976242,0.14967995136976242,0,0,0
7297,0.15981440991163254,0.15981440991163254,0,0,0
7298,0.14086366817355156,0.14086366817355156,0,0,0
7299,0.14162446931004524,0.14162446931004524,0,0,0
7300,0.13687217235565186,0.13687217235565186,0,0,0
7301,0.13984708487987518,0.13984708487987518,0,0,0
7302,0.13911238871514797,0.13911238871514797,0,0,0
7303,0.14584868028759956,0.14584868028759956,0,0,0
7304,0.14209037274122238,0.14209037274122238,0,0,0
7305,0.14486538246273994,0.14486538246273994,0,0,0
7306,0.14716104418039322,0.14716104418039322,0,0,0
7307,0.13648539781570435,0.13648539781570435,0,0,0
7308,0.14252032339572906,0.14252032339572906,0,0,0
7309,0.1451253443956375,0.1451253443956375,0,0,0
7310,0.15490587800741196,0.15490587800741196,0,0,0
7311,0.1465858593583107,0.1465858593583107,0,0,0
7312,0.14333926886320114,0.14333926886320114,0,0,0
7313,0.13912482932209969,0.13912482932209969,0,0,0
7314,0.14822769537568092,0.14822769537568092,0,0,0
7315,0.1477380059659481,0.1477380059659481,0,0,0
7316,0.13954631611704826,0.13954631611704826,0,0,0
7317,0.14495430514216423,0.14495430514216423,0,0,0
7318,0.15262910723686218,0.15262910723686218,0,0,0
7319,0.1455158367753029,0.1455158367753029,0,0,0
7320,0.14893295243382454,0.14893295243382454,0,0,0
7321,0.14031251519918442,0.14031251519918442,0,0,0
7322,0.13949862122535706,0.13949862122535706,0,0,0
7323,0.14100992307066917,0.14100992307066917,0,0,0
7324,0.14619751647114754,0.14619751647114754,0,0,0
7325,0.13934523612260818,0.13934523612260818,0,0,0
7326,0.13571230322122574,0.13571230322122574,0,0,0
7327,0.13876020908355713,0.13876020908355713,0,0,0
7328,0.1510038897395134,0.1510038897395134,0,0,0
7329,0.14856180921196938,0.14856180921196938,0,0,0
7330,0.14903603121638298,0.14903603121638298,0,0,0
7331,0.15134510770440102,0.15134510770440102,0,0,0
7332,0.1430792659521103,0.1430792659521103,0,0,0
7333,0.14306560531258583,0.14306560531258583,0,0,0
7334,0.14315219223499298,0.14315219223499298,0,0,0
7335,0.14144381135702133,0.14144381135702133,0,0,0
7336,0.14137769490480423,0.14137769490480423,0,0,0
7337,0.1394580490887165,0.1394580490887165,0,0,0
7338,0.1667555756866932,0.1667555756866932,0,0,0
7339,0.14374307543039322,0.14374307543039322,0,0,0
7340,0.14199960604310036,0.14199960604310036,0,0,0
7341,0.13793692737817764,0.13793692737817764,0,0,0
7342,0.14498848468065262,0.14498848468065262,0,0,0
7343,0.14041601866483688,0.14041601866483688,0,0,0
7344,0.14877359569072723,0.14877359569072723,0,0,0
7345,0.1347070299088955,0.1347070299088955,0,0,0
7346,0.13966695964336395,0.13966695964336395,0,0,0
7347,0.14961598441004753,0.14961598441004753,0,0,0
7348,0.14870792999863625,0.14870792999863625,0,0,0
7349,0.14112677797675133,0.14112677797675133,0,0,0
7350,0.14499273896217346,0.14499273896217346,0,0,0
7351,0.13676173985004425,0.13676173985004425,0,0,0
7352,0.1485460363328457,0.1485460363328457,0,0,0
7353,0.135249936953187,0.135249936953187,0,0,0
7354,0.15189454704523087,0.15189454704523087,0,0,0
7355,0.14241770282387733,0.14241770282387733,0,0,0
7356,0.14196928218007088,0.14196928218007088,0,0,0
7357,0.1477664578706026,0.1477664578706026,0,0,0
7358,0.1520206481218338,0.1520206481218338,0,0,0
7359,0.15347907692193985,0.15347907692193985,0,0,0
7360,0.13966042175889015,0.13966042175889015,0,0,0
7361,0.14346016943454742,0.14346016943454742,0,0,0
7362,0.140006173402071,0.140006173402071,0,0,0
7363,0.14063583686947823,0.14063583686947823,0,0,0
7364,0.13896024972200394,0.13896024972200394,0,0,0
7365,0.1446179561316967,0.1446179561316967,0,0,0
7366,0.14186329022049904,0.14186329022049904,0,0,0
7367,0.14528364688158035,0.14528364688158035,0,0,0
7368,0.1379641331732273,0.1379641331732273,0,0,0
7369,0.1356269121170044,0.1356269121170044,0,0,0
7370,0.14488103613257408,0.14488103613257408,0,0,0
7371,0.14173750206828117,0.14173750206828117,0,0,0
7372,0.15085521340370178,0.15085521340370178,0,0,0
7373,0.14379405789077282,0.14379405789077282,0,0,0
7374,0.1502876728773117,0.1502876728773117,0,0,0
7375,0.1446644514799118,0.1446644514799118,0,0,0
7376,0.14343038201332092,0.14343038201332092,0,0,0
7377,0.14227993041276932,0.14227993041276932,0,0,0
7378,0.14364397525787354,0.14364397525787354,0,0,0
7379,0.13506497628986835,0.13506497628986835,0,0,0
7380,0.15378445014357567,0.15378445014357567,0,0,0
7381,0.13952288776636124,0.13952288776636124,0,0,0
7382,0.14856074377894402,0.14856074377894402,0,0,0
7383,0.14991113543510437,0.14991113543510437,0,0,0
7384,0.13633754663169384,0.13633754663169384,0,0,0
7385,0.1469998136162758,0.1469998136162758,0,0,0
7386,0.13982733711600304,0.13982733711600304,0,0,0
7387,0.13839541003108025,0.13839541003108025,0,0,0
7388,0.14954618364572525,0.14954618364572525,0,0,0
7389,0.1419088989496231,0.1419088989496231,0,0,0
7390,0.1442091017961502,0.1442091017961502,0,0,0
7391,0.14150086790323257,0.14150086790323257,0,0,0
7392,0.13762543722987175,0.13762543722987175,0,0,0
7393,0.15694667771458626,0.15694667771458626,0,0,0
7394,0.13920069858431816,0.13920069858431816,0,0,0
7395,0.14276663959026337,0.14276663959026337,0,0,0
7396,0.1448323205113411,0.1448323205113411,0,0,0
7397,0.139423917979002,0.139423917979002,0,0,0
7398,0.1439940743148327,0.1439940743148327,0,0,0
7399,0.14279340207576752,0.14279340207576752,0,0,0
7400,0.14130038022994995,0.14130038022994995,0,0,0
7401,0.1457769237458706,0.1457769237458706,0,0,0
7402,0.14327894896268845,0.14327894896268845,0,0,0
7403,0.13921211659908295,0.13921211659908295,0,0,0
7404,0.13727948442101479,0.13727948442101479,0,0,0
7405,0.1373820137232542,0.1373820137232542,0,0,0
7406,0.14648495614528656,0.14648495614528656,0,0,0
7407,0.14178577437996864,0.14178577437996864,0,0,0
7408,0.15466567873954773,0.15466567873954773,0,0,0
7409,0.1387370564043522,0.1387370564043522,0,0,0
7410,0.14802772924304008,0.14802772924304008,0,0,0
7411,0.15239866822957993,0.15239866822957993,0,0,0
7412,0.13843133859336376,0.13843133859336376,0,0,0
7413,0.15154679119586945,0.15154679119586945,0,0,0
7414,0.15115918591618538,0.15115918591618538,0,0,0
7415,0.13716545701026917,0.13716545701026917,0,0,0
7416,0.15556976571679115,0.15556976571679115,0,0,0
7417,0.14519057422876358,0.14519057422876358,0,0,0
7418,0.14328613504767418,0.14328613504767418,0,0,0
7419,0.14075502753257751,0.14075502753257751,0,0,0
7420,0.1430700421333313,0.1430700421333313,0,0,0
7421,0.1447172686457634,0.1447172686457634,0,0,0
7422,0.13654820248484612,0.13654820248484612,0,0,0
7423,0.14590764418244362,0.14590764418244362,0,0,0
7424,0.14666733145713806,0.14666733145713806,0,0,0
7425,0.14012011513113976,0.14012011513113976,0,0,0
7426,0.14030375331640244,0.14030375331640244,0,0,0
7427,0.14645719528198242,0.14645719528198242,0,0,0
7428,0.13580136746168137,0.13580136746168137,0,0,0
7429,0.1404375098645687,0.1404375098645687,0,0,0
7430,0.14472825825214386,0.14472825825214386,0,0,0
7431,0.14468319341540337,0.14468319341540337,0,0,0
7432,0.1444990262389183,0.1444990262389183,0,0,0
7433,0.14415081217885017,0.14415081217885017,0,0,0
7434,0.15871958062052727,0.15871958062052727,0,0,0
7435,0.14241621643304825,0.14241621643304825,0,0,0
7436,0.1413472592830658,0.1413472592830658,0,0,0
7437,0.17148244753479958,0.17148244753479958,0,0,0
7438,0.13891033083200455,0.13891033083200455,0,0,0
7439,0.1377573162317276,0.1377573162317276,0,0,0
7440,0.14125515148043633,0.14125515148043633,0,0,0
7441,0.13873784989118576,0.13873784989118576,0,0,0
7442,0.14521866664290428,0.14521866664290428,0,0,0
7443,0.13914590328931808,0.13914590328931808,0,0,0
7444,0.1504046805202961,0.1504046805202961,0,0,0
7445,0.13887981325387955,0.13887981325387955,0,0,0
7446,0.13705452904105186,0.13705452904105186,0,0,0
7447,0.14312363788485527,0.14312363788485527,0,0,0
7448,0.1482873521745205,0.1482873521745205,0,0,0
7449,0.15309427306056023,0.15309427306056023,0,0,0
7450,0.1417866237461567,0.1417866237461567,0,0,0
7451,0.14245976135134697,0.14245976135134697,0,0,0
7452,0.14656182751059532,0.14656182751059532,0,0,0
7453,0.13430379703640938,0.13430379703640938,0,0,0
7454,0.139282688498497,0.139282688498497,0,0,0
7455,0.13631673902273178,0.13631673902273178,0,0,0
7456,0.14280512928962708,0.14280512928962708,0,0,0
7457,0.14178669452667236,0.14178669452667236,0,0,0
7458,0.1450669951736927,0.1450669951736927,0,0,0
7459,0.1391463838517666,0.1391463838517666,0,0,0
7460,0.1456899531185627,0.1456899531185627,0,0,0
7461,0.1478988267481327,0.1478988267481327,0,0,0
7462,0.1443965956568718,0.1443965956568718,0,0,0
7463,0.14957968890666962,0.14957968890666962,0,0,0
7464,0.13777458295226097,0.13777458295226097,0,0,0
7465,0.15003561973571777,0.15003561973571777,0,0,0
7466,0.14268338680267334,0.14268338680267334,0,0,0
7467,0.13775914907455444,0.13775914907455444,0,0,0
7468,0.14229707792401314,0.14229707792401314,0,0,0
7469,0.15077940747141838,0.15077940747141838,0,0,0
7470,0.14612983539700508,0.14612983539700508,0,0,0
7471,0.14379249140620232,0.14379249140620232,0,0,0
7472,0.13489694893360138,0.13489694893360138,0,0,0
7473,0.13635656982660294,0.13635656982660294,0,0,0
7474,0.14058557525277138,0.14058557525277138,0,0,0
7475,0.15992041118443012,0.15992041118443012,0,0,0
7476,0.13717681542038918,0.13717681542038918,0,0,0
7477,0.1437549814581871,0.1437549814581871,0,0,0
7478,0.1433880440890789,0.1433880440890789,0,0,0
7479,0.13327551260590553,0.13327551260590553,0,0,0
7480,0.14581551775336266,0.14581551775336266,0,0,0
7481,0.1387825645506382,0.1387825645506382,0,0,0
7482,0.1348142884671688,0.1348142884671688,0,0,0
7483,0.13725801557302475,0.13725801557302475,0,0,0
7484,0.15722249820828438,0.15722249820828438,0,0,0
7485,0.15100643038749695,0.15100643038749695,0,0,0
7486,0.14131198078393936,0.14131198078393936,0,0,0
7487,0.14359788224101067,0.14359788224101067,0,0,0
7488,0.14087390527129173,0.14087390527129173,0,0,0
7489,0.14012042060494423,0.14012042060494423,0,0,0
7490,0.14252889156341553,0.14252889156341553,0,0,0
7491,0.14724214375019073,0.14724214375019073,0,0,0
7492,0.13625212758779526,0.13625212758779526,0,0,0
7493,0.14201834052801132,0.14201834052801132,0,0,0
7494,0.1398857906460762,0.1398857906460762,0,0,0
7495,0.14211362972855568,0.14211362972855568,0,0,0
7496,0.1426910050213337,0.1426910050213337,0,0,0
7497,0.13740243762731552,0.13740243762731552,0,0,0
7498,0.14601388573646545,0.14601388573646545,0,0,0
7499,0.1391236074268818,0.1391236074268818,0,0,0
7500,0.14120253548026085,0.14120253548026085,0,0,0
7501,0.1442129835486412,0.1442129835486412,0,0,0
7502,0.1378866359591484,0.1378866359591484,0,0,0
7503,0.13581559620797634,0.13581559620797634,0,0,0
7504,0.13713432289659977,0.13713432289659977,0,0,0
7505,0.13632413744926453,0.13632413744926453,0,0,0
7506,0.1438303142786026,0.1438303142786026,0,0,0
7507,0.14332161843776703,0.14332161843776703,0,0,0
7508,0.14088205620646477,0.14088205620646477,0,0,0
7509,0.13695193454623222,0.13695193454623222,0,0,0
7510,0.1405571661889553,0.1405571661889553,0,0,0
7511,0.13969404064118862,0.13969404064118862,0,0,0
7512,0.14011192321777344,0.14011192321777344,0,0,0
7513,0.14183427020907402,0.14183427020907402,0,0,0
7514,0.15420537441968918,0.15420537441968918,0,0,0
7515,0.1338163409382105,0.1338163409382105,0,0,0
7516,0.1366160809993744,0.1366160809993744,0,0,0
7517,0.147151418030262,0.147151418030262,0,0,0
7518,0.13726207427680492,0.13726207427680492,0,0,0
7519,0.135753670707345,0.135753670707345,0,0,0
7520,0.15120106004178524,0.15120106004178524,0,0,0
7521,0.1595822349190712,0.1595822349190712,0,0,0
7522,0.13982351496815681,0.13982351496815681,0,0,0
7523,0.14725374057888985,0.14725374057888985,0,0,0
7524,0.13960036262869835,0.13960036262869835,0,0,0
7525,0.13551149144768715,0.13551149144768715,0,0,0
7526,0.14404922723770142,0.14404922723770142,0,0,0
7527,0.14081300050020218,0.14081300050020218,0,0,0
7528,0.14027428440749645,0.14027428440749645,0,0,0
7529,0.1379440799355507,0.1379440799355507,0,0,0
7530,0.14422501996159554,0.14422501996159554,0,0,0
7531,0.14404819160699844,0.14404819160699844,0,0,0
7532,0.14066309109330177,0.14066309109330177,0,0,0
7533,0.13285023346543312,0.13285023346543312,0,0,0
7534,0.14533870294690132,0.14533870294690132,0,0,0
7535,0.1437697783112526,0.1437697783112526,0,0,0
7536,0.136723592877388,0.136723592877388,0,0,0
7537,0.13594535365700722,0.13594535365700722,0,0,0
7538,0.13940971344709396,0.13940971344709396,0,0,0
7539,0.13329074531793594,0.13329074531793594,0,0,0
7540,0.1571662798523903,0.1571662798523903,0,0,0
7541,0.14974068105220795,0.14974068105220795,0,0,0
7542,0.14560145512223244,0.14560145512223244,0,0,0
7543,0.13628725707530975,0.13628725707530975,0,0,0
7544,0.14322111010551453,0.14322111010551453,0,0,0
7545,0.1413935087621212,0.1413935087621212,0,0,0
7546,0.1424257680773735,0.1424257680773735,0,0,0
7547,0.1379051711410284,0.1379051711410284,0,0,0
7548,0.14224375039339066,0.14224375039339066,0,0,0
7549,0.1420441959053278,0.1420441959053278,0,0,0
7550,0.1420770026743412,0.1420770026743412,0,0,0
7551,0.1381673812866211,0.1381673812866211,0,0,0
7552,0.160963274538517,0.160963274538517,0,0,0
7553,0.1366288736462593,0.1366288736462593,0,0,0
7554,0.14192043617367744,0.14192043617367744,0,0,0
7555,0.13954448886215687,0.13954448886215687,0,0,0
7556,0.15202881768345833,0.15202881768345833,0,0,0
7557,0.1349252238869667,0.1349252238869667,0,0,0
7558,0.1355157010257244,0.1355157010257244,0,0,0
7559,0.13988330215215683,0.13988330215215683,0,0,0
7560,0.14017906039953232,0.14017906039953232,0,0,0
7561,0.13395767658948898,0.13395767658948898,0,0,0
7562,0.13879233226180077,0.13879233226180077,0,0,0
7563,0.13469811156392097,0.13469811156392097,0,0,0
7564,0.1605382189154625,0.1605382189154625,0,0,0
7565,0.14254183322191238,0.14254183322191238,0,0,0
7566,0.14038392901420593,0.14038392901420593,0,0,0
7567,0.14201295375823975,0.14201295375823975,0,0,0
7568,0.14550981670618057,0.14550981670618057,0,0,0
7569,0.14793003723025322,0.14793003723025322,0,0,0
7570,0.143500454723835,0.143500454723835,0,0,0
7571,0.13405898213386536,0.13405898213386536,0,0,0
7572,0.14520306885242462,0.14520306885242462,0,0,0
7573,0.1371779590845108,0.1371779590845108,0,0,0
7574,0.14297066256403923,0.14297066256403923,0,0,0
7575,0.13654785975813866,0.13654785975813866,0,0,0
7576,0.13994501903653145,0.13994501903653145,0,0,0
7577,0.15173303335905075,0.15173303335905075,0,0,0
7578,0.1314970999956131,0.1314970999956131,0,0,0
7579,0.1348542645573616,0.1348542645573616,0,0,0
7580,0.14221707358956337,0.14221707358956337,0,0,0
7581,0.14190452173352242,0.14190452173352242,0,0,0
7582,0.13890940323472023,0.13890940323472023,0,0,0
7583,0.143923070281744,0.143923070281744,0,0,0
7584,0.1495369505137205,0.1495369505137205,0,0,0
7585,0.13967058062553406,0.13967058062553406,0,0,0
7586,0.14472929574549198,0.14472929574549198,0,0,0
7587,0.13983270898461342,0.13983270898461342,0,0,0
7588,0.13957281038165092,0.13957281038165092,0,0,0
7589,0.13350859098136425,0.13350859098136425,0,0,0
7590,0.14082954451441765,0.14082954451441765,0,0,0
7591,0.13956598564982414,0.13956598564982414,0,0,0
7592,0.13878805935382843,0.13878805935382843,0,0,0
7593,0.14033416286110878,0.14033416286110878,0,0,0
7594,0.1420360766351223,0.1420360766351223,0,0,0
7595,0.14512082189321518,0.14512082189321518,0,0,0
7596,0.1400049403309822,0.1400049403309822,0,0,0
7597,0.1379043534398079,0.1379043534398079,0,0,0
7598,0.1407628245651722,0.1407628245651722,0,0,0
7599,0.14715595915913582,0.14715595915913582,0,0,0
7600,0.1431623063981533,0.1431623063981533,0,0,0
7601,0.132852453738451,0.132852453738451,0,0,0
7602,0.17097511887550354,0.17097511887550354,0,0,0
7603,0.14335313625633717,0.14335313625633717,0,0,0
7604,0.13774986751377583,0.13774986751377583,0,0,0
7605,0.1359024103730917,0.1359024103730917,0,0,0
7606,0.13919280469417572,0.13919280469417572,0,0,0
7607,0.1442975103855133,0.1442975103855133,0,0,0
7608,0.13605153560638428,0.13605153560638428,0,0,0
7609,0.1336425170302391,0.1336425170302391,0,0,0
7610,0.14086657762527466,0.14086657762527466,0,0,0
7611,0.14524349570274353,0.14524349570274353,0,0,0
7612,0.1363950464874506,0.1363950464874506,0,0,0
7613,0.1480923928320408,0.1480923928320408,0,0,0
7614,0.13374080136418343,0.13374080136418343,0,0,0
7615,0.13825150206685066,0.13825150206685066,0,0,0
7616,0.13957799971103668,0.13957799971103668,0,0,0
7617,0.16661715880036354,0.16661715880036354,0,0,0
7618,0.13925066962838173,0.13925066962838173,0,0,0
7619,0.14351189509034157,0.14351189509034157,0,0,0
7620,0.14018741250038147,0.14018741250038147,0,0,0
7621,0.1405886746942997,0.1405886746942997,0,0,0
7622,0.13610084354877472,0.13610084354877472,0,0,0
7623,0.1383587308228016,0.1383587308228016,0,0,0
7624,0.15008417144417763,0.15008417144417763,0,0,0
7625,0.13401947543025017,0.13401947543025017,0,0,0
7626,0.13753869384527206,0.13753869384527206,0,0,0
7627,0.1483067274093628,0.1483067274093628,0,0,0
7628,0.1477639153599739,0.1477639153599739,0,0,0
7629,0.138990119099617,0.138990119099617,0,0,0
7630,0.13599476590752602,0.13599476590752602,0,0,0
7631,0.140411589294672,0.140411589294672,0,0,0
7632,0.13686949387192726,0.13686949387192726,0,0,0
7633,0.1420910358428955,0.1420910358428955,0,0,0
7634,0.14163747057318687,0.14163747057318687,0,0,0
7635,0.14251229912042618,0.14251229912042618,0,0,0
7636,0.13654807209968567,0.13654807209968567,0,0,0
7637,0.1358492486178875,0.1358492486178875,0,0,0
7638,0.15135937556624413,0.15135937556624413,0,0,0
7639,0.13824201561510563,0.13824201561510563,0,0,0
7640,0.15087392553687096,0.15087392553687096,0,0,0
7641,0.1360651720315218,0.1360651720315218,0,0,0
7642,0.1456053927540779,0.1456053927540779,0,0,0
7643,0.1456260159611702,0.1456260159611702,0,0,0
7644,0.14936460182070732,0.14936460182070732,0,0,0
7645,0.14604678377509117,0.14604678377509117,0,0,0
7646,0.1393245942890644,0.1393245942890644,0,0,0
7647,0.1349407322704792,0.1349407322704792,0,0,0
7648,0.13789049163460732,0.13789049163460732,0,0,0
7649,0.1405654102563858,0.1405654102563858,0,0,0
7650,0.1433568187057972,0.1433568187057972,0,0,0
7651,0.14540095254778862,0.14540095254778862,0,0,0
7652,0.14462798461318016,0.14462798461318016,0,0,0
7653,0.14396527037024498,0.14396527037024498,0,0,0
7654,0.14150360226631165,0.14150360226631165,0,0,0
7655,0.14125380665063858,0.14125380665063858,0,0,0
7656,0.1467543374747038,0.1467543374747038,0,0,0
7657,0.13498227298259735,0.13498227298259735,0,0,0
7658,0.13619430735707283,0.13619430735707283,0,0,0
7659,0.13716518133878708,0.13716518133878708,0,0,0
7660,0.1355873979628086,0.1355873979628086,0,0,0
7661,0.14121650904417038,0.14121650904417038,0,0,0
7662,0.13826390728354454,0.13826390728354454,0,0,0
7663,0.14225848950445652,0.14225848950445652,0,0,0
7664,0.1409856677055359,0.1409856677055359,0,0,0
7665,0.14373161271214485,0.14373161271214485,0,0,0
7666,0.13636152260005474,0.13636152260005474,0,0,0
7667,0.13578655570745468,0.13578655570745468,0,0,0
7668,0.13977420888841152,0.13977420888841152,0,0,0
7669,0.14589374139904976,0.14589374139904976,0,0,0
7670,0.13334263116121292,0.13334263116121292,0,0,0
7671,0.137676689773798,0.137676689773798,0,0,0
7672,0.14775566384196281,0.14775566384196281,0,0,0
7673,0.13817423582077026,0.13817423582077026,0,0,0
7674,0.1363510526716709,0.1363510526716709,0,0,0
7675,0.1391100250184536,0.1391100250184536,0,0,0
7676,0.14079975336790085,0.14079975336790085,0,0,0
7677,0.1455419510602951,0.1455419510602951,0,0,0
7678,0.13665307685732841,0.13665307685732841,0,0,0
7679,0.13955161347985268,0.13955161347985268,0,0,0
7680,0.1404095720499754,0.1404095720499754,0,0,0
7681,0.14091400057077408,0.14091400057077408,0,0,0
7682,0.13746384903788567,0.13746384903788567,0,0,0
7683,0.1365631427615881,0.1365631427615881,0,0,0
7684,0.14104210957884789,0.14104210957884789,0,0,0
7685,0.14156247675418854,0.14156247675418854,0,0,0
7686,0.15163438022136688,0.15163438022136688,0,0,0
7687,0.13467876613140106,0.13467876613140106,0,0,0
7688,0.1336222104728222,0.1336222104728222,0,0,0
7689,0.14586761966347694,0.14586761966347694,0,0,0
7690,0.13694652915000916,0.13694652915000916,0,0,0
7691,0.15198985487222672,0.15198985487222672,0,0,0
7692,0.1424981914460659,0.1424981914460659,0,0,0
7693,0.14308708533644676,0.14308708533644676,0,0,0
7694,0.14449326321482658,0.14449326321482658,0,0,0
7695,0.13652841374278069,0.13652841374278069,0,0,0
7696,0.14570338279008865,0.14570338279008865,0,0,0
7697,0.1443466730415821,0.1443466730415821,0,0,0
7698,0.13670477457344532,0.13670477457344532,0,0,0
7699,0.136661846190691,0.136661846190691,0,0,0
7700,0.13718884252011776,0.13718884252011776,0,0,0
7701,0.1416938118636608,0.1416938118636608,0,0,0
7702,0.13954124599695206,0.13954124599695206,0,0,0
7703,0.14853446930646896,0.14853446930646896,0,0,0
7704,0.14486093074083328,0.14486093074083328,0,0,0
7705,0.1390388272702694,0.1390388272702694,0,0,0
7706,0.14009160175919533,0.14009160175919533,0,0,0
7707,0.1331366840749979,0.1331366840749979,0,0,0
7708,0.141120046377182,0.141120046377182,0,0,0
7709,0.14263791218400002,0.14263791218400002,0,0,0
7710,0.14935263246297836,0.14935263246297836,0,0,0
7711,0.13031813129782677,0.13031813129782677,0,0,0
7712,0.1417039930820465,0.1417039930820465,0,0,0
7713,0.14104020968079567,0.14104020968079567,0,0,0
7714,0.14131403341889381,0.14131403341889381,0,0,0
7715,0.13559770584106445,0.13559770584106445,0,0,0
7716,0.1417899988591671,0.1417899988591671,0,0,0
7717,0.13508379831910133,0.13508379831910133,0,0,0
7718,0.1442507579922676,0.1442507579922676,0,0,0
7719,0.13973040878772736,0.13973040878772736,0,0,0
7720,0.1366943158209324,0.1366943158209324,0,0,0
7721,0.1395315956324339,0.1395315956324339,0,0,0
7722,0.14155029505491257,0.14155029505491257,0,0,0
7723,0.1420399397611618,0.1420399397611618,0,0,0
7724,0.15231135487556458,0.15231135487556458,0,0,0
7725,0.14655287191271782,0.14655287191271782,0,0,0
7726,0.13414094224572182,0.13414094224572182,0,0,0
7727,0.13637788593769073,0.13637788593769073,0,0,0
7728,0.1431449130177498,0.1431449130177498,0,0,0
7729,0.1463409885764122,0.1463409885764122,0,0,0
7730,0.13674138858914375,0.13674138858914375,0,0,0
7731,0.1422604601830244,0.1422604601830244,0,0,0
7732,0.13707117177546024,0.13707117177546024,0,0,0
7733,0.1486816219985485,0.1486816219985485,0,0,0
7734,0.13711905851960182,0.13711905851960182,0,0,0
7735,0.15604276955127716,0.15604276955127716,0,0,0
7736,0.141019094735384,0.141019094735384,0,0,0
7737,0.1386408731341362,0.1386408731341362,0,0,0
7738,0.1339913345873356,0.1339913345873356,0,0,0
7739,0.13415084406733513,0.13415084406733513,0,0,0
7740,0.1398568730801344,0.1398568730801344,0,0,0
7741,0.14591823145747185,0.14591823145747185,0,0,0
7742,0.1457834616303444,0.1457834616303444,0,0,0
7743,0.14097269251942635,0.14097269251942635,0,0,0
7744,0.1351168006658554,0.1351168006658554,0,0,0
7745,0.14031090587377548,0.14031090587377548,0,0,0
7746,0.13624932244420052,0.13624932244420052,0,0,0
7747,0.14616670832037926,0.14616670832037926,0,0,0
7748,0.1516774334013462,0.1516774334013462,0,0,0
7749,0.1356175970286131,0.1356175970286131,0,0,0
7750,0.13271451741456985,0.13271451741456985,0,0,0
7751,0.1391042172908783,0.1391042172908783,0,0,0
7752,0.1448955200612545,0.1448955200612545,0,0,0
7753,0.1410101056098938,0.1410101056098938,0,0,0
7754,0.1328970082104206,0.1328970082104206,0,0,0
7755,0.13617397472262383,0.13617397472262383,0,0,0
7756,0.1374434009194374,0.1374434009194374,0,0,0
7757,0.13540104031562805,0.13540104031562805,0,0,0
7758,0.12904035672545433,0.12904035672545433,0,0,0
7759,0.13297475315630436,0.13297475315630436,0,0,0
7760,0.13789645396173,0.13789645396173,0,0,0
7761,0.13191954419016838,0.13191954419016838,0,0,0
7762,0.13337553292512894,0.13337553292512894,0,0,0
7763,0.14648260548710823,0.14648260548710823,0,0,0
7764,0.1313872542232275,0.1313872542232275,0,0,0
7765,0.12850970588624477,0.12850970588624477,0,0,0
7766,0.13874802365899086,0.13874802365899086,0,0,0
7767,0.13332698866724968,0.13332698866724968,0,0,0
7768,0.13765304535627365,0.13765304535627365,0,0,0
7769,0.13952483981847763,0.13952483981847763,0,0,0
7770,0.1398725640028715,0.1398725640028715,0,0,0
7771,0.14263903349637985,0.14263903349637985,0,0,0
7772,0.13505795039236546,0.13505795039236546,0,0,0
7773,0.14155663177371025,0.14155663177371025,0,0,0
7774,0.1458248309791088,0.1458248309791088,0,0,0
7775,0.1393899116665125,0.1393899116665125,0,0,0
7776,0.1382572315633297,0.1382572315633297,0,0,0
7777,0.135382030159235,0.135382030159235,0,0,0
7778,0.1497887186706066,0.1497887186706066,0,0,0
7779,0.13946310430765152,0.13946310430765152,0,0,0
7780,0.13964048773050308,0.13964048773050308,0,0,0
7781,0.13731949403882027,0.13731949403882027,0,0,0
7782,0.1384289264678955,0.1384289264678955,0,0,0
7783,0.13545876182615757,0.13545876182615757,0,0,0
7784,0.1389201171696186,0.1389201171696186,0,0,0
7785,0.14268865808844566,0.14268865808844566,0,0,0
7786,0.14391353353857994,0.14391353353857994,0,0,0
7787,0.14088018983602524,0.14088018983602524,0,0,0
7788,0.13632324151694775,0.13632324151694775,0,0,0
7789,0.14667176827788353,0.14667176827788353,0,0,0
7790,0.13858497887849808,0.13858497887849808,0,0,0
7791,0.14060582593083382,0.14060582593083382,0,0,0
7792,0.13549480587244034,0.13549480587244034,0,0,0
7793,0.13656381517648697,0.13656381517648697,0,0,0
7794,0.1425583604723215,0.1425583604723215,0,0,0
7795,0.13759135268628597,0.13759135268628597,0,0,0
7796,0.14887635409832,0.14887635409832,0,0,0
7797,0.14968818612396717,0.14968818612396717,0,0,0
7798,0.14041058532893658,0.14041058532893658,0,0,0
7799,0.1454048529267311,0.1454048529267311,0,0,0
7800,0.13741514086723328,0.13741514086723328,0,0,0
7801,0.13432308286428452,0.13432308286428452,0,0,0
7802,0.14469441026449203,0.14469441026449203,0,0,0
7803,0.14569544047117233,0.14569544047117233,0,0,0
7804,0.13183742575347424,0.13183742575347424,0,0,0
7805,0.1356609370559454,0.1356609370559454,0,0,0
7806,0.1346965953707695,0.1346965953707695,0,0,0
7807,0.13535158894956112,0.13535158894956112,0,0,0
7808,0.13866758346557617,0.13866758346557617,0,0,0
7809,0.14128652587532997,0.14128652587532997,0,0,0
7810,0.1412058975547552,0.1412058975547552,0,0,0
7811,0.14258570224046707,0.14258570224046707,0,0,0
7812,0.1326410472393036,0.1326410472393036,0,0,0
7813,0.14654432982206345,0.14654432982206345,0,0,0
7814,0.14880603179335594,0.14880603179335594,0,0,0
7815,0.1358865723013878,0.1358865723013878,0,0,0
7816,0.13742801174521446,0.13742801174521446,0,0,0
7817,0.139497272670269,0.139497272670269,0,0,0
7818,0.13805132918059826,0.13805132918059826,0,0,0
7819,0.13247749581933022,0.13247749581933022,0,0,0
7820,0.14063485711812973,0.14063485711812973,0,0,0
7821,0.14345283061265945,0.14345283061265945,0,0,0
7822,0.13337024860084057,0.13337024860084057,0,0,0
7823,0.13701175898313522,0.13701175898313522,0,0,0
7824,0.13785456866025925,0.13785456866025925,0,0,0
7825,0.1355794370174408,0.1355794370174408,0,0,0
7826,0.1401163563132286,0.1401163563132286,0,0,0
7827,0.13282379508018494,0.13282379508018494,0,0,0
7828,0.13724850490689278,0.13724850490689278,0,0,0
7829,0.1366935558617115,0.1366935558617115,0,0,0
7830,0.13614371605217457,0.13614371605217457,0,0,0
7831,0.13410093262791634,0.13410093262791634,0,0,0
7832,0.13913211226463318,0.13913211226463318,0,0,0
7833,0.13540110178291798,0.13540110178291798,0,0,0
7834,0.13604396395385265,0.13604396395385265,0,0,0
7835,0.14057746157050133,0.14057746157050133,0,0,0
7836,0.14603886380791664,0.14603886380791664,0,0,0
7837,0.12952956557273865,0.12952956557273865,0,0,0
7838,0.14074593409895897,0.14074593409895897,0,0,0
7839,0.13147006556391716,0.13147006556391716,0,0,0
7840,0.14706318080425262,0.14706318080425262,0,0,0
7841,0.13679281249642372,0.13679281249642372,0,0,0
7842,0.13754290714859962,0.13754290714859962,0,0,0
7843,0.13956297375261784,0.13956297375261784,0,0,0
7844,0.1343413759022951,0.1343413759022951,0,0,0
7845,0.13655444979667664,0.13655444979667664,0,0,0
7846,0.13917576894164085,0.13917576894164085,0,0,0
7847,0.1365659348666668,0.1365659348666668,0,0,0
7848,0.13256091997027397,0.13256091997027397,0,0,0
7849,0.1524865049868822,0.1524865049868822,0,0,0
7850,0.1381092220544815,0.1381092220544815,0,0,0
7851,0.14854304492473602,0.14854304492473602,0,0,0
7852,0.13873055949807167,0.13873055949807167,0,0,0
7853,0.15104185044765472,0.15104185044765472,0,0,0
7854,0.1385467778891325,0.1385467778891325,0,0,0
7855,0.1389719843864441,0.1389719843864441,0,0,0
7856,0.13987331464886665,0.13987331464886665,0,0,0
7857,0.13457492738962173,0.13457492738962173,0,0,0
7858,0.13366122171282768,0.13366122171282768,0,0,0
7859,0.13654198125004768,0.13654198125004768,0,0,0
7860,0.13920710235834122,0.13920710235834122,0,0,0
7861,0.138626366853714,0.138626366853714,0,0,0
7862,0.1408989615738392,0.1408989615738392,0,0,0
7863,0.13299055956304073,0.13299055956304073,0,0,0
7864,0.1422051228582859,0.1422051228582859,0,0,0
7865,0.13515246845781803,0.13515246845781803,0,0,0
7866,0.13920584879815578,0.13920584879815578,0,0,0
7867,0.14019083976745605,0.14019083976745605,0,0,0
7868,0.12774161994457245,0.12774161994457245,0,0,0
7869,0.14142071083188057,0.14142071083188057,0,0,0
7870,0.14081679098308086,0.14081679098308086,0,0,0
7871,0.1401776410639286,0.1401776410639286,0,0,0
7872,0.14140624180436134,0.14140624180436134,0,0,0
7873,0.13285615295171738,0.13285615295171738,0,0,0
7874,0.14171097055077553,0.14171097055077553,0,0,0
7875,0.14612967520952225,0.14612967520952225,0,0,0
7876,0.13722364604473114,0.13722364604473114,0,0,0
7877,0.14418766275048256,0.14418766275048256,0,0,0
7878,0.13749969378113747,0.13749969378113747,0,0,0
7879,0.13847383670508862,0.13847383670508862,0,0,0
7880,0.13523661345243454,0.13523661345243454,0,0,0
7881,0.13475719094276428,0.13475719094276428,0,0,0
7882,0.14276383444666862,0.14276383444666862,0,0,0
7883,0.13249674439430237,0.13249674439430237,0,0,0
7884,0.13525494560599327,0.13525494560599327,0,0,0
7885,0.13859929144382477,0.13859929144382477,0,0,0
7886,0.13218795135617256,0.13218795135617256,0,0,0
7887,0.14978644624352455,0.14978644624352455,0,0,0
7888,0.14099060744047165,0.14099060744047165,0,0,0
7889,0.13219920545816422,0.13219920545816422,0,0,0
7890,0.13035803847014904,0.13035803847014904,0,0,0
7891,0.13184037804603577,0.13184037804603577,0,0,0
7892,0.13975263386964798,0.13975263386964798,0,0,0
7893,0.14154988899827003,0.14154988899827003,0,0,0
7894,0.1395476646721363,0.1395476646721363,0,0,0
7895,0.13763958401978016,0.13763958401978016,0,0,0
7896,0.13582821562886238,0.13582821562886238,0,0,0
7897,0.14269762113690376,0.14269762113690376,0,0,0
7898,0.13647009059786797,0.13647009059786797,0,0,0
7899,0.14041192457079887,0.14041192457079887,0,0,0
7900,0.13332045823335648,0.13332045823335648,0,0,0
7901,0.14471125602722168,0.14471125602722168,0,0,0
7902,0.1361142173409462,0.1361142173409462,0,0,0
7903,0.1341436728835106,0.1341436728835106,0,0,0
7904,0.13315923139452934,0.13315923139452934,0,0,0
7905,0.13351204805076122,0.13351204805076122,0,0,0
7906,0.13633214868605137,0.13633214868605137,0,0,0
7907,0.1439235806465149,0.1439235806465149,0,0,0
7908,0.12946758046746254,0.12946758046746254,0,0,0
7909,0.13890985399484634,0.13890985399484634,0,0,0
7910,0.13027440756559372,0.13027440756559372,0,0,0
7911,0.14275397174060345,0.14275397174060345,0,0,0
7912,0.13945477455854416,0.13945477455854416,0,0,0
7913,0.13900845311582088,0.13900845311582088,0,0,0
7914,0.139652818441391,0.139652818441391,0,0,0
7915,0.131458705291152,0.131458705291152,0,0,0
7916,0.13582422211766243,0.13582422211766243,0,0,0
7917,0.1399439163506031,0.1399439163506031,0,0,0
7918,0.1295031849294901,0.1295031849294901,0,0,0
7919,0.1446527261286974,0.1446527261286974,0,0,0
7920,0.13447169587016106,0.13447169587016106,0,0,0
7921,0.13551326841115952,0.13551326841115952,0,0,0
7922,0.13568811677396297,0.13568811677396297,0,0,0
7923,0.13443298265337944,0.13443298265337944,0,0,0
7924,0.13641776330769062,0.13641776330769062,0,0,0
7925,0.14009707793593407,0.14009707793593407,0,0,0
7926,0.13518518023192883,0.13518518023192883,0,0,0
7927,0.14150172099471092,0.14150172099471092,0,0,0
7928,0.13251608610153198,0.13251608610153198,0,0,0
7929,0.14092681929469109,0.14092681929469109,0,0,0
7930,0.12961451150476933,0.12961451150476933,0,0,0
7931,0.14426575601100922,0.14426575601100922,0,0,0
7932,0.1319212131202221,0.1319212131202221,0,0,0
7933,0.13352618739008904,0.13352618739008904,0,0,0
7934,0.13992474600672722,0.13992474600672722,0,0,0
7935,0.1328150760382414,0.1328150760382414,0,0,0
7936,0.13124657794833183,0.13124657794833183,0,0,0
7937,0.12862729653716087,0.12862729653716087,0,0,0
7938,0.13340755552053452,0.13340755552053452,0,0,0
7939,0.1280043851584196,0.1280043851584196,0,0,0
7940,0.1389487311244011,0.1389487311244011,0,0,0
7941,0.13858478888869286,0.13858478888869286,0,0,0
7942,0.14036590605974197,0.14036590605974197,0,0,0
7943,0.14091022685170174,0.14091022685170174,0,0,0
7944,0.14288979396224022,0.14288979396224022,0,0,0
7945,0.14220789074897766,0.14220789074897766,0,0,0
7946,0.14337188377976418,0.14337188377976418,0,0,0
7947,0.13986485823988914,0.13986485823988914,0,0,0
7948,0.14021173119544983,0.14021173119544983,0,0,0
7949,0.14435218647122383,0.14435218647122383,0,0,0
7950,0.1359208319336176,0.1359208319336176,0,0,0
7951,0.13456181809306145,0.13456181809306145,0,0,0
7952,0.13817656971514225,0.13817656971514225,0,0,0
7953,0.13261058926582336,0.13261058926582336,0,0,0
7954,0.14829756319522858,0.14829756319522858,0,0,0
7955,0.14242697693407536,0.14242697693407536,0,0,0
7956,0.13239580392837524,0.13239580392837524,0,0,0
7957,0.1356288604438305,0.1356288604438305,0,0,0
7958,0.13120589405298233,0.13120589405298233,0,0,0
7959,0.13249016553163528,0.13249016553163528,0,0,0
7960,0.13206615298986435,0.13206615298986435,0,0,0
7961,0.1532859206199646,0.1532859206199646,0,0,0
7962,0.15142112970352173,0.15142112970352173,0,0,0
7963,0.14056731574237347,0.14056731574237347,0,0,0
7964,0.1350025273859501,0.1350025273859501,0,0,0
7965,0.14136912673711777,0.14136912673711777,0,0,0
7966,0.13151962496340275,0.13151962496340275,0,0,0
7967,0.13765642046928406,0.13765642046928406,0,0,0
7968,0.1385362520813942,0.1385362520813942,0,0,0
7969,0.13702221773564816,0.13702221773564816,0,0,0
7970,0.13324410282075405,0.13324410282075405,0,0,0
7971,0.13513673096895218,0.13513673096895218,0,0,0
7972,0.13267501071095467,0.13267501071095467,0,0,0
7973,0.14104192703962326,0.14104192703962326,0,0,0
7974,0.14075951650738716,0.14075951650738716,0,0,0
7975,0.1355018112808466,0.1355018112808466,0,0,0
7976,0.1405666284263134,0.1405666284263134,0,0,0
7977,0.12920832447707653,0.12920832447707653,0,0,0
7978,0.1282335426658392,0.1282335426658392,0,0,0
7979,0.1385886948555708,0.1385886948555708,0,0,0
7980,0.1381498072296381,0.1381498072296381,0,0,0
7981,0.13727400824427605,0.13727400824427605,0,0,0
7982,0.13174251280725002,0.13174251280725002,0,0,0
7983,0.1370290406048298,0.1370290406048298,0,0,0
7984,0.13272861391305923,0.13272861391305923,0,0,0
7985,0.13534903898835182,0.13534903898835182,0,0,0
7986,0.13643820397555828,0.13643820397555828,0,0,0
7987,0.1271109003573656,0.1271109003573656,0,0,0
7988,0.14002634957432747,0.14002634957432747,0,0,0
7989,0.13334245793521404,0.13334245793521404,0,0,0
7990,0.1319458708167076,0.1319458708167076,0,0,0
7991,0.1376299411058426,0.1376299411058426,0,0,0
7992,0.14977561123669147,0.14977561123669147,0,0,0
7993,0.13332341238856316,0.13332341238856316,0,0,0
7994,0.13733840733766556,0.13733840733766556,0,0,0
7995,0.1536937803030014,0.1536937803030014,0,0,0
7996,0.13553205505013466,0.13553205505013466,0,0,0
7997,0.13142457976937294,0.13142457976937294,0,0,0
7998,0.1452181227505207,0.1452181227505207,0,0,0
7999,0.1398984007537365,0.1398984007537365,0,0,0
8000,0.13534357026219368,0.13534357026219368,0,0,0
8001,0.13477376848459244,0.13477376848459244,0,0,0
8002,0.13375662826001644,0.13375662826001644,0,0,0
8003,0.13739203847944736,0.13739203847944736,0,0,0
8004,0.1378222331404686,0.1378222331404686,0,0,0
8005,0.13633481226861477,0.13633481226861477,0,0,0
8006,0.13265157118439674,0.13265157118439674,0,0,0
8007,0.13827760890126228,0.13827760890126228,0,0,0
8008,0.14573397487401962,0.14573397487401962,0,0,0
8009,0.1318312454968691,0.1318312454968691,0,0,0
8010,0.13439089991152287,0.13439089991152287,0,0,0
8011,0.1362489014863968,0.1362489014863968,0,0,0
8012,0.1324230544269085,0.1324230544269085,0,0,0
8013,0.13861726224422455,0.13861726224422455,0,0,0
8014,0.1342187561094761,0.1342187561094761,0,0,0
8015,0.13342285715043545,0.13342285715043545,0,0,0
8016,0.13504966720938683,0.13504966720938683,0,0,0
8017,0.13716227002441883,0.13716227002441883,0,0,0
8018,0.13131120055913925,0.13131120055913925,0,0,0
8019,0.1317854542285204,0.1317854542285204,0,0,0
8020,0.13643388077616692,0.13643388077616692,0,0,0
8021,0.13921722397208214,0.13921722397208214,0,0,0
8022,0.1351088061928749,0.1351088061928749,0,0,0
8023,0.1374143436551094,0.1374143436551094,0,0,0
8024,0.13547322899103165,0.13547322899103165,0,0,0
8025,0.1429954171180725,0.1429954171180725,0,0,0
8026,0.14192096516489983,0.14192096516489983,0,0,0
8027,0.1368233896791935,0.1368233896791935,0,0,0
8028,0.14026498422026634,0.14026498422026634,0,0,0
8029,0.13951139338314533,0.13951139338314533,0,0,0
8030,0.13452107086777687,0.13452107086777687,0,0,0
8031,0.14659856259822845,0.14659856259822845,0,0,0
8032,0.13886991515755653,0.13886991515755653,0,0,0
8033,0.14321618154644966,0.14321618154644966,0,0,0
8034,0.13633709028363228,0.13633709028363228,0,0,0
8035,0.12999053485691547,0.12999053485691547,0,0,0
8036,0.13913420401513577,0.13913420401513577,0,0,0
8037,0.13841310143470764,0.13841310143470764,0,0,0
8038,0.13250399008393288,0.13250399008393288,0,0,0
8039,0.138210978358984,0.138210978358984,0,0,0
8040,0.13799933716654778,0.13799933716654778,0,0,0
8041,0.14431195333600044,0.14431195333600044,0,0,0
8042,0.1340768113732338,0.1340768113732338,0,0,0
8043,0.13258951343595982,0.13258951343595982,0,0,0
8044,0.14172476902604103,0.14172476902604103,0,0,0
8045,0.13717763498425484,0.13717763498425484,0,0,0
8046,0.1324363835155964,0.1324363835155964,0,0,0
8047,0.13370944932103157,0.13370944932103157,0,0,0
8048,0.1449346635490656,0.1449346635490656,0,0,0
8049,0.13577251508831978,0.13577251508831978,0,0,0
8050,0.14073204435408115,0.14073204435408115,0,0,0
8051,0.14203306287527084,0.14203306287527084,0,0,0
8052,0.13805603608489037,0.13805603608489037,0,0,0
8053,0.13733018934726715,0.13733018934726715,0,0,0
8054,0.14605095237493515,0.14605095237493515,0,0,0
8055,0.1325102522969246,0.1325102522969246,0,0,0
8056,0.13478286191821098,0.13478286191821098,0,0,0
8057,0.135638989508152,0.135638989508152,0,0,0
8058,0.13265935145318508,0.13265935145318508,0,0,0
8059,0.13573290035128593,0.13573290035128593,0,0,0
8060,0.13364580646157265,0.13364580646157265,0,0,0
8061,0.1300042923539877,0.1300042923539877,0,0,0
8062,0.14001860469579697,0.14001860469579697,0,0,0
8063,0.1456572748720646,0.1456572748720646,0,0,0
8064,0.1422529648989439,0.1422529648989439,0,0,0
8065,0.1369989924132824,0.1369989924132824,0,0,0
8066,0.13144798576831818,0.13144798576831818,0,0,0
8067,0.1352518741041422,0.1352518741041422,0,0,0
8068,0.1496574617922306,0.1496574617922306,0,0,0
8069,0.13729068636894226,0.13729068636894226,0,0,0
8070,0.13387614861130714,0.13387614861130714,0,0,0
8071,0.1433587707579136,0.1433587707579136,0,0,0
8072,0.14044473879039288,0.14044473879039288,0,0,0
8073,0.13392441719770432,0.13392441719770432,0,0,0
8074,0.142533540725708,0.142533540725708,0,0,0
8075,0.1386316642165184,0.1386316642165184,0,0,0
8076,0.13733061030507088,0.13733061030507088,0,0,0
8077,0.1322661153972149,0.1322661153972149,0,0,0
8078,0.1464155614376068,0.1464155614376068,0,0,0
8079,0.14269408211112022,0.14269408211112022,0,0,0
8080,0.1329452320933342,0.1329452320933342,0,0,0
8081,0.1421233583241701,0.1421233583241701,0,0,0
8082,0.1427539810538292,0.1427539810538292,0,0,0
8083,0.13282646983861923,0.13282646983861923,0,0,0
8084,0.14019224792718887,0.14019224792718887,0,0,0
8085,0.12928157672286034,0.12928157672286034,0,0,0
8086,0.13770198076963425,0.13770198076963425,0,0,0
8087,0.1449098326265812,0.1449098326265812,0,0,0
8088,0.1384384222328663,0.1384384222328663,0,0,0
8089,0.13137802109122276,0.13137802109122276,0,0,0
8090,0.13906166702508926,0.13906166702508926,0,0,0
8091,0.13134628906846046,0.13134628906846046,0,0,0
8092,0.13473003916442394,0.13473003916442394,0,0,0
8093,0.13334618881344795,0.13334618881344795,0,0,0
8094,0.13996317610144615,0.13996317610144615,0,0,0
8095,0.1484631896018982,0.1484631896018982,0,0,0
8096,0.1346812415868044,0.1346812415868044,0,0,0
8097,0.1356186755001545,0.1356186755001545,0,0,0
8098,0.1362532153725624,0.1362532153725624,0,0,0
8099,0.14856700226664543,0.14856700226664543,0,0,0
8100,0.13308360427618027,0.13308360427618027,0,0,0
8101,0.1362077258527279,0.1362077258527279,0,0,0
8102,0.1342877522110939,0.1342877522110939,0,0,0
8103,0.13966833241283894,0.13966833241283894,0,0,0
8104,0.1337788738310337,0.1337788738310337,0,0,0
8105,0.14340407773852348,0.14340407773852348,0,0,0
8106,0.16301025822758675,0.16301025822758675,0,0,0
8107,0.13580239936709404,0.13580239936709404,0,0,0
8108,0.13347778096795082,0.13347778096795082,0,0,0
8109,0.13631238788366318,0.13631238788366318,0,0,0
8110,0.13522199355065823,0.13522199355065823,0,0,0
8111,0.13642704859375954,0.13642704859375954,0,0,0
8112,0.13101098500192165,0.13101098500192165,0,0,0
8113,0.13002420030534267,0.13002420030534267,0,0,0
8114,0.1406610868871212,0.1406610868871212,0,0,0
8115,0.13732360675930977,0.13732360675930977,0,0,0
8116,0.1397363282740116,0.1397363282740116,0,0,0
8117,0.1324370875954628,0.1324370875954628,0,0,0
8118,0.13650969229638577,0.13650969229638577,0,0,0
8119,0.13496196642518044,0.13496196642518044,0,0,0
8120,0.1444944515824318,0.1444944515824318,0,0,0
8121,0.1372543964534998,0.1372543964534998,0,0,0
8122,0.1450632382184267,0.1450632382184267,0,0,0
8123,0.1380363591015339,0.1380363591015339,0,0,0
8124,0.13601256906986237,0.13601256906986237,0,0,0
8125,0.13138116523623466,0.13138116523623466,0,0,0
8126,0.13636363856494427,0.13636363856494427,0,0,0
8127,0.13469522446393967,0.13469522446393967,0,0,0
8128,0.1355155035853386,0.1355155035853386,0,0,0
8129,0.13111552968621254,0.13111552968621254,0,0,0
8130,0.1297045722603798,0.1297045722603798,0,0,0
8131,0.13203201442956924,0.13203201442956924,0,0,0
8132,0.1541929803788662,0.1541929803788662,0,0,0
8133,0.1458028070628643,0.1458028070628643,0,0,0
8134,0.14043175801634789,0.14043175801634789,0,0,0
8135,0.14068415015935898,0.14068415015935898,0,0,0
8136,0.14143048599362373,0.14143048599362373,0,0,0
8137,0.15041077509522438,0.15041077509522438,0,0,0
8138,0.13374346680939198,0.13374346680939198,0,0,0
8139,0.1353437826037407,0.1353437826037407,0,0,0
8140,0.1295536272227764,0.1295536272227764,0,0,0
8141,0.1385839320719242,0.1385839320719242,0,0,0
8142,0.13387483917176723,0.13387483917176723,0,0,0
8143,0.1304665356874466,0.1304665356874466,0,0,0
8144,0.131886662915349,0.131886662915349,0,0,0
8145,0.13408388383686543,0.13408388383686543,0,0,0
8146,0.13409999758005142,0.13409999758005142,0,0,0
8147,0.1309205424040556,0.1309205424040556,0,0,0
8148,0.14127855002880096,0.14127855002880096,0,0,0
8149,0.13319485262036324,0.13319485262036324,0,0,0
8150,0.13676300272345543,0.13676300272345543,0,0,0
8151,0.13526271283626556,0.13526271283626556,0,0,0
8152,0.13065540418028831,0.13065540418028831,0,0,0
8153,0.14538255333900452,0.14538255333900452,0,0,0
8154,0.13049335777759552,0.13049335777759552,0,0,0
8155,0.12955840677022934,0.12955840677022934,0,0,0
8156,0.13499155826866627,0.13499155826866627,0,0,0
8157,0.1424905899912119,0.1424905899912119,0,0,0
8158,0.1434936560690403,0.1434936560690403,0,0,0
8159,0.13623890466988087,0.13623890466988087,0,0,0
8160,0.13431713730096817,0.13431713730096817,0,0,0
8161,0.13386615365743637,0.13386615365743637,0,0,0
8162,0.137595534324646,0.137595534324646,0,0,0
8163,0.1284988485276699,0.1284988485276699,0,0,0
8164,0.131870212033391,0.131870212033391,0,0,0
8165,0.13752689212560654,0.13752689212560654,0,0,0
8166,0.13590014353394508,0.13590014353394508,0,0,0
8167,0.13318216055631638,0.13318216055631638,0,0,0
8168,0.13099118694663048,0.13099118694663048,0,0,0
8169,0.1305285282433033,0.1305285282433033,0,0,0
8170,0.13060089200735092,0.13060089200735092,0,0,0
8171,0.13239082880318165,0.13239082880318165,0,0,0
8172,0.13326429389417171,0.13326429389417171,0,0,0
8173,0.13016983307898045,0.13016983307898045,0,0,0
8174,0.1310552954673767,0.1310552954673767,0,0,0
8175,0.13552861101925373,0.13552861101925373,0,0,0
8176,0.13921794295310974,0.13921794295310974,0,0,0
8177,0.13632118329405785,0.13632118329405785,0,0,0
8178,0.13149252906441689,0.13149252906441689,0,0,0
8179,0.1357799582183361,0.1357799582183361,0,0,0
8180,0.13234001025557518,0.13234001025557518,0,0,0
8181,0.14556466415524483,0.14556466415524483,0,0,0
8182,0.13013701513409615,0.13013701513409615,0,0,0
8183,0.14399185590445995,0.14399185590445995,0,0,0
8184,0.1340343914926052,0.1340343914926052,0,0,0
8185,0.13271089270710945,0.13271089270710945,0,0,0
8186,0.1490655615925789,0.1490655615925789,0,0,0
8187,0.1325983926653862,0.1325983926653862,0,0,0
8188,0.1378779634833336,0.1378779634833336,0,0,0
8189,0.13504287227988243,0.13504287227988243,0,0,0
8190,0.136502830311656,0.136502830311656,0,0,0
8191,0.1374633815139532,0.1374633815139532,0,0,0
8192,0.1365424320101738,0.1365424320101738,0,0,0
8193,0.12686827592551708,0.12686827592551708,0,0,0
8194,0.13210893981158733,0.13210893981158733,0,0,0
8195,0.13030307739973068,0.13030307739973068,0,0,0
8196,0.1439699362963438,0.1439699362963438,0,0,0
8197,0.132621793076396,0.132621793076396,0,0,0
8198,0.13049857318401337,0.13049857318401337,0,0,0
8199,0.1289489846676588,0.1289489846676588,0,0,0
8200,0.13707520999014378,0.13707520999014378,0,0,0
8201,0.13268855772912502,0.13268855772912502,0,0,0
8202,0.13905784487724304,0.13905784487724304,0,0,0
8203,0.13027734495699406,0.13027734495699406,0,0,0
8204,0.13811244443058968,0.13811244443058968,0,0,0
8205,0.13972304202616215,0.13972304202616215,0,0,0
8206,0.12823931500315666,0.12823931500315666,0,0,0
8207,0.13656630739569664,0.13656630739569664,0,0,0
8208,0.12911859154701233,0.12911859154701233,0,0,0
8209,0.13404169119894505,0.13404169119894505,0,0,0
8210,0.14402520284056664,0.14402520284056664,0,0,0
8211,0.13246463052928448,0.13246463052928448,0,0,0
8212,0.13049420341849327,0.13049420341849327,0,0,0
8213,0.13091256842017174,0.13091256842017174,0,0,0
8214,0.13306238874793053,0.13306238874793053,0,0,0
8215,0.1335315927863121,0.1335315927863121,0,0,0
8216,0.1335651334375143,0.1335651334375143,0,0,0
8217,0.14051877707242966,0.14051877707242966,0,0,0
8218,0.13241157308220863,0.13241157308220863,0,0,0
8219,0.1412518545985222,0.1412518545985222,0,0,0
8220,0.13588884100317955,0.13588884100317955,0,0,0
8221,0.13382917270064354,0.13382917270064354,0,0,0
8222,0.13975052535533905,0.13975052535533905,0,0,0
8223,0.13423893228173256,0.13423893228173256,0,0,0
8224,0.13214286044239998,0.13214286044239998,0,0,0
8225,0.13268763571977615,0.13268763571977615,0,0,0
8226,0.12713132426142693,0.12713132426142693,0,0,0
8227,0.14021573215723038,0.14021573215723038,0,0,0
8228,0.14068385027348995,0.14068385027348995,0,0,0
8229,0.13801004737615585,0.13801004737615585,0,0,0
8230,0.13884954899549484,0.13884954899549484,0,0,0
8231,0.13729550316929817,0.13729550316929817,0,0,0
8232,0.13571325689554214,0.13571325689554214,0,0,0
8233,0.1411237232387066,0.1411237232387066,0,0,0
8234,0.13023291528224945,0.13023291528224945,0,0,0
8235,0.13194521516561508,0.13194521516561508,0,0,0
8236,0.1468149572610855,0.1468149572610855,0,0,0
8237,0.13281815126538277,0.13281815126538277,0,0,0
8238,0.13397293537855148,0.13397293537855148,0,0,0
8239,0.13300085440278053,0.13300085440278053,0,0,0
8240,0.13483673334121704,0.13483673334121704,0,0,0
8241,0.13592131808400154,0.13592131808400154,0,0,0
8242,0.13359233736991882,0.13359233736991882,0,0,0
8243,0.12574324198067188,0.12574324198067188,0,0,0
8244,0.1367526575922966,0.1367526575922966,0,0,0
8245,0.13850834965705872,0.13850834965705872,0,0,0
8246,0.13482764922082424,0.13482764922082424,0,0,0
8247,0.14220349118113518,0.14220349118113518,0,0,0
8248,0.13012154772877693,0.13012154772877693,0,0,0
8249,0.13066411204636097,0.13066411204636097,0,0,0
8250,0.13392995297908783,0.13392995297908783,0,0,0
8251,0.12903037667274475,0.12903037667274475,0,0,0
8252,0.13680309802293777,0.13680309802293777,0,0,0
8253,0.13625551760196686,0.13625551760196686,0,0,0
8254,0.14389657229185104,0.14389657229185104,0,0,0
8255,0.1367337666451931,0.1367337666451931,0,0,0
8256,0.13857008516788483,0.13857008516788483,0,0,0
8257,0.1371001899242401,0.1371001899242401,0,0,0
8258,0.1318043041974306,0.1318043041974306,0,0,0
8259,0.12800634279847145,0.12800634279847145,0,0,0
8260,0.13148766942322254,0.13148766942322254,0,0,0
8261,0.13246717862784863,0.13246717862784863,0,0,0
8262,0.1292545683681965,0.1292545683681965,0,0,0
8263,0.13434771075844765,0.13434771075844765,0,0,0
8264,0.1315273642539978,0.1315273642539978,0,0,0
8265,0.1318703554570675,0.1318703554570675,0,0,0
8266,0.14432184025645256,0.14432184025645256,0,0,0
8267,0.13331349566578865,0.13331349566578865,0,0,0
8268,0.13543876260519028,0.13543876260519028,0,0,0
8269,0.13542118668556213,0.13542118668556213,0,0,0
8270,0.137714808806777,0.137714808806777,0,0,0
8271,0.1322499942034483,0.1322499942034483,0,0,0
8272,0.13203253969550133,0.13203253969550133,0,0,0
8273,0.13458381406962872,0.13458381406962872,0,0,0
8274,0.136467594653368,0.136467594653368,0,0,0
8275,0.1294281780719757,0.1294281780719757,0,0,0
8276,0.13759714365005493,0.13759714365005493,0,0,0
8277,0.13446266949176788,0.13446266949176788,0,0,0
8278,0.1278007086366415,0.1278007086366415,0,0,0
8279,0.1325434297323227,0.1325434297323227,0,0,0
8280,0.1489933393895626,0.1489933393895626,0,0,0
8281,0.13612687215209007,0.13612687215209007,0,0,0
8282,0.14117245748639107,0.14117245748639107,0,0,0
8283,0.15177948772907257,0.15177948772907257,0,0,0
8284,0.12976376339793205,0.12976376339793205,0,0,0
8285,0.13298136554658413,0.13298136554658413,0,0,0
8286,0.13059157505631447,0.13059157505631447,0,0,0
8287,0.13074003159999847,0.13074003159999847,0,0,0
8288,0.13692690059542656,0.13692690059542656,0,0,0
8289,0.13726403564214706,0.13726403564214706,0,0,0
8290,0.13282490707933903,0.13282490707933903,0,0,0
8291,0.12792697176337242,0.12792697176337242,0,0,0
8292,0.13112937845289707,0.13112937845289707,0,0,0
8293,0.1315512526780367,0.1315512526780367,0,0,0
8294,0.12659977562725544,0.12659977562725544,0,0,0
8295,0.13545725494623184,0.13545725494623184,0,0,0
8296,0.1306500192731619,0.1306500192731619,0,0,0
8297,0.13880979642271996,0.13880979642271996,0,0,0
8298,0.13969087786972523,0.13969087786972523,0,0,0
8299,0.1332580577582121,0.1332580577582121,0,0,0
8300,0.12760947830975056,0.12760947830975056,0,0,0
8301,0.13354748487472534,0.13354748487472534,0,0,0
8302,0.13333775848150253,0.13333775848150253,0,0,0
8303,0.1310498546808958,0.1310498546808958,0,0,0
8304,0.1281055361032486,0.1281055361032486,0,0,0
8305,0.13203883171081543,0.13203883171081543,0,0,0
8306,0.14059140905737877,0.14059140905737877,0,0,0
8307,0.1290463637560606,0.1290463637560606,0,0,0
8308,0.13191205821931362,0.13191205821931362,0,0,0
8309,0.14053045585751534,0.14053045585751534,0,0,0
8310,0.13761283457279205,0.13761283457279205,0,0,0
8311,0.13000327348709106,0.13000327348709106,0,0,0
8312,0.13051489740610123,0.13051489740610123,0,0,0
8313,0.13146048970520496,0.13146048970520496,0,0,0
8314,0.13623185455799103,0.13623185455799103,0,0,0
8315,0.13300679624080658,0.13300679624080658,0,0,0
8316,0.12861558981239796,0.12861558981239796,0,0,0
8317,0.1296535562723875,0.1296535562723875,0,0,0
8318,0.14566119387745857,0.14566119387745857,0,0,0
8319,0.1413416862487793,0.1413416862487793,0,0,0
8320,0.1330088283866644,0.1330088283866644,0,0,0
8321,0.12845291197299957,0.12845291197299957,0,0,0
8322,0.13732891157269478,0.13732891157269478,0,0,0
8323,0.12648381851613522,0.12648381851613522,0,0,0
8324,0.13206902518868446,0.13206902518868446,0,0,0
8325,0.1348346807062626,0.1348346807062626,0,0,0
8326,0.13766437768936157,0.13766437768936157,0,0,0
8327,0.12789295986294746,0.12789295986294746,0,0,0
8328,0.13313956558704376,0.13313956558704376,0,0,0
8329,0.1337322425097227,0.1337322425097227,0,0,0
8330,0.1355789415538311,0.1355789415538311,0,0,0
8331,0.1284378059208393,0.1284378059208393,0,0,0
8332,0.12589461170136929,0.12589461170136929,0,0,0
8333,0.13639342039823532,0.13639342039823532,0,0,0
8334,0.13460787385702133,0.13460787385702133,0,0,0
8335,0.14003964327275753,0.14003964327275753,0,0,0
8336,0.13617273792624474,0.13617273792624474,0,0,0
8337,0.1319363098591566,0.1319363098591566,0,0,0
8338,0.14249281212687492,0.14249281212687492,0,0,0
8339,0.13438669219613075,0.13438669219613075,0,0,0
8340,0.13386188074946404,0.13386188074946404,0,0,0
8341,0.1327796932309866,0.1327796932309866,0,0,0
8342,0.1313612125813961,0.1313612125813961,0,0,0
8343,0.13700668513774872,0.13700668513774872,0,0,0
8344,0.1291188094764948,0.1291188094764948,0,0,0
8345,0.13659783080220222,0.13659783080220222,0,0,0
8346,0.12825968489050865,0.12825968489050865,0,0,0
8347,0.13534920662641525,0.13534920662641525,0,0,0
8348,0.1315510030835867,0.1315510030835867,0,0,0
8349,0.13940765336155891,0.13940765336155891,0,0,0
8350,0.12193574942648411,0.12193574942648411,0,0,0
8351,0.13665599934756756,0.13665599934756756,0,0,0
8352,0.1338859349489212,0.1338859349489212,0,0,0
8353,0.1329097207635641,0.1329097207635641,0,0,0
8354,0.13489396683871746,0.13489396683871746,0,0,0
8355,0.13367564231157303,0.13367564231157303,0,0,0
8356,0.1263360884040594,0.1263360884040594,0,0,0
8357,0.12497231923043728,0.12497231923043728,0,0,0
8358,0.13397886790335178,0.13397886790335178,0,0,0
8359,0.1256591770797968,0.1256591770797968,0,0,0
8360,0.12820093519985676,0.12820093519985676,0,0,0
8361,0.13221682980656624,0.13221682980656624,0,0,0
8362,0.13382036983966827,0.13382036983966827,0,0,0
8363,0.13158796355128288,0.13158796355128288,0,0,0
8364,0.15873487666249275,0.15873487666249275,0,0,0
8365,0.13132521510124207,0.13132521510124207,0,0,0
8366,0.14250622689723969,0.14250622689723969,0,0,0
8367,0.13617611303925514,0.13617611303925514,0,0,0
8368,0.13691160269081593,0.13691160269081593,0,0,0
8369,0.13214014284312725,0.13214014284312725,0,0,0
8370,0.1335514560341835,0.1335514560341835,0,0,0
8371,0.12491049617528915,0.12491049617528915,0,0,0
8372,0.13335537537932396,0.13335537537932396,0,0,0
8373,0.1431722156703472,0.1431722156703472,0,0,0
8374,0.12978927418589592,0.12978927418589592,0,0,0
8375,0.13186833262443542,0.13186833262443542,0,0,0
8376,0.13772005215287209,0.13772005215287209,0,0,0
8377,0.1324702426791191,0.1324702426791191,0,0,0
8378,0.13141089491546154,0.13141089491546154,0,0,0
8379,0.1345528233796358,0.1345528233796358,0,0,0
8380,0.1394196655601263,0.1394196655601263,0,0,0
8381,0.12695457972586155,0.12695457972586155,0,0,0
8382,0.12938264198601246,0.12938264198601246,0,0,0
8383,0.13133236952126026,0.13133236952126026,0,0,0
8384,0.129085386171937,0.129085386171937,0,0,0
8385,0.12929308600723743,0.12929308600723743,0,0,0
8386,0.12582682818174362,0.12582682818174362,0,0,0
8387,0.1416147518903017,0.1416147518903017,0,0,0
8388,0.13502917811274529,0.13502917811274529,0,0,0
8389,0.12718050181865692,0.12718050181865692,0,0,0
8390,0.13275696337223053,0.13275696337223053,0,0,0
8391,0.13136422634124756,0.13136422634124756,0,0,0
8392,0.13459227234125137,0.13459227234125137,0,0,0
8393,0.12948415242135525,0.12948415242135525,0,0,0
8394,0.13556339405477047,0.13556339405477047,0,0,0
8395,0.12785721756517887,0.12785721756517887,0,0,0
8396,0.12612710520625114,0.12612710520625114,0,0,0
8397,0.13198253884911537,0.13198253884911537,0,0,0
8398,0.1379088331013918,0.1379088331013918,0,0,0
8399,0.12742767669260502,0.12742767669260502,0,0,0
8400,0.12944224663078785,0.12944224663078785,0,0,0
8401,0.1385955549776554,0.1385955549776554,0,0,0
8402,0.12990256398916245,0.12990256398916245,0,0,0
8403,0.1446525864303112,0.1446525864303112,0,0,0
8404,0.13118440099060535,0.13118440099060535,0,0,0
8405,0.13193319737911224,0.13193319737911224,0,0,0
8406,0.1320076324045658,0.1320076324045658,0,0,0
8407,0.12892360426485538,0.12892360426485538,0,0,0
8408,0.12915893644094467,0.12915893644094467,0,0,0
8409,0.1316531002521515,0.1316531002521515,0,0,0
8410,0.13938366621732712,0.13938366621732712,0,0,0
8411,0.13891305960714817,0.13891305960714817,0,0,0
8412,0.13044064305722713,0.13044064305722713,0,0,0
8413,0.1328204907476902,0.1328204907476902,0,0,0
8414,0.12728246115148067,0.12728246115148067,0,0,0
8415,0.1298439260572195,0.1298439260572195,0,0,0
8416,0.13636876456439495,0.13636876456439495,0,0,0
8417,0.13949944451451302,0.13949944451451302,0,0,0
8418,0.12946318462491035,0.12946318462491035,0,0,0
8419,0.12617499940097332,0.12617499940097332,0,0,0
8420,0.12986203283071518,0.12986203283071518,0,0,0
8421,0.12571804784238338,0.12571804784238338,0,0,0
8422,0.13571853004395962,0.13571853004395962,0,0,0
8423,0.13136781007051468,0.13136781007051468,0,0,0
8424,0.13338063098490238,0.13338063098490238,0,0,0
8425,0.13169623166322708,0.13169623166322708,0,0,0
8426,0.1325440313667059,0.1325440313667059,0,0,0
8427,0.13117692433297634,0.13117692433297634,0,0,0
8428,0.1313005331903696,0.1313005331903696,0,0,0
8429,0.14953067898750305,0.14953067898750305,0,0,0
8430,0.13986525684595108,0.13986525684595108,0,0,0
8431,0.13123375922441483,0.13123375922441483,0,0,0
8432,0.13275587372481823,0.13275587372481823,0,0,0
8433,0.128644160926342,0.128644160926342,0,0,0
8434,0.1393088474869728,0.1393088474869728,0,0,0
8435,0.13013271056115627,0.13013271056115627,0,0,0
8436,0.12833311781287193,0.12833311781287193,0,0,0
8437,0.13601549342274666,0.13601549342274666,0,0,0
8438,0.132319625467062,0.132319625467062,0,0,0
8439,0.1301998347043991,0.1301998347043991,0,0,0
8440,0.1258393581956625,0.1258393581956625,0,0,0
8441,0.12813965417444706,0.12813965417444706,0,0,0
8442,0.1383405365049839,0.1383405365049839,0,0,0
8443,0.13161417096853256,0.13161417096853256,0,0,0
8444,0.1354665346443653,0.1354665346443653,0,0,0
8445,0.13814008608460426,0.13814008608460426,0,0,0
8446,0.12646726332604885,0.12646726332604885,0,0,0
8447,0.15855493396520615,0.15855493396520615,0,0,0
8448,0.12764590233564377,0.12764590233564377,0,0,0
8449,0.141776567324996,0.141776567324996,0,0,0
8450,0.12745193019509315,0.12745193019509315,0,0,0
8451,0.13251719251275063,0.13251719251275063,0,0,0
8452,0.13518408499658108,0.13518408499658108,0,0,0
8453,0.12816660478711128,0.12816660478711128,0,0,0
8454,0.12624065950512886,0.12624065950512886,0,0,0
8455,0.1254185400903225,0.1254185400903225,0,0,0
8456,0.12336312420666218,0.12336312420666218,0,0,0
8457,0.13287757150828838,0.13287757150828838,0,0,0
8458,0.1259932741522789,0.1259932741522789,0,0,0
8459,0.13535182364284992,0.13535182364284992,0,0,0
8460,0.13005834445357323,0.13005834445357323,0,0,0
8461,0.1422011237591505,0.1422011237591505,0,0,0
8462,0.129829041659832,0.129829041659832,0,0,0
8463,0.1307915858924389,0.1307915858924389,0,0,0
8464,0.1286611407995224,0.1286611407995224,0,0,0
8465,0.12916731275618076,0.12916731275618076,0,0,0
8466,0.13102752715349197,0.13102752715349197,0,0,0
8467,0.13813211023807526,0.13813211023807526,0,0,0
8468,0.13224438577890396,0.13224438577890396,0,0,0
8469,0.13147843070328236,0.13147843070328236,0,0,0
8470,0.13361281156539917,0.13361281156539917,0,0,0
8471,0.1369301825761795,0.1369301825761795,0,0,0
8472,0.13356248661875725,0.13356248661875725,0,0,0
8473,0.13196885585784912,0.13196885585784912,0,0,0
8474,0.12929140217602253,0.12929140217602253,0,0,0
8475,0.14173515513539314,0.14173515513539314,0,0,0
8476,0.13070525974035263,0.13070525974035263,0,0,0
8477,0.13607698678970337,0.13607698678970337,0,0,0
8478,0.1372139472514391,0.1372139472514391,0,0,0
8479,0.1316918320953846,0.1316918320953846,0,0,0
8480,0.1289793737232685,0.1289793737232685,0,0,0
8481,0.13457761518657207,0.13457761518657207,0,0,0
8482,0.13452833145856857,0.13452833145856857,0,0,0
8483,0.13232852146029472,0.13232852146029472,0,0,0
8484,0.12975173257291317,0.12975173257291317,0,0,0
8485,0.13702518679201603,0.13702518679201603,0,0,0
8486,0.13733479008078575,0.13733479008078575,0,0,0
8487,0.12631617859005928,0.12631617859005928,0,0,0
8488,0.12614789605140686,0.12614789605140686,0,0,0
8489,0.13271917402744293,0.13271917402744293,0,0,0
8490,0.13478363491594791,0.13478363491594791,0,0,0
8491,0.1302765253931284,0.1302765253931284,0,0,0
8492,0.1311378814280033,0.1311378814280033,0,0,0
8493,0.13819364085793495,0.13819364085793495,0,0,0
8494,0.1483764983713627,0.1483764983713627,0,0,0
8495,0.12780455872416496,0.12780455872416496,0,0,0
8496,0.14425485581159592,0.14425485581159592,0,0,0
8497,0.1404878906905651,0.1404878906905651,0,0,0
8498,0.13155175000429153,0.13155175000429153,0,0,0
8499,0.1267736256122589,0.1267736256122589,0,0,0
8500,0.13571890071034431,0.13571890071034431,0,0,0
8501,0.124931950122118,0.124931950122118,0,0,0
8502,0.1269773691892624,0.1269773691892624,0,0,0
8503,0.12779010459780693,0.12779010459780693,0,0,0
8504,0.13934966549277306,0.13934966549277306,0,0,0
8505,0.13234736025333405,0.13234736025333405,0,0,0
8506,0.12755350023508072,0.12755350023508072,0,0,0
8507,0.12608255818486214,0.12608255818486214,0,0,0
8508,0.13201535679399967,0.13201535679399967,0,0,0
8509,0.13526301458477974,0.13526301458477974,0,0,0
8510,0.13080785609781742,0.13080785609781742,0,0,0
8511,0.12918103113770485,0.12918103113770485,0,0,0
8512,0.13873051293194294,0.13873051293194294,0,0,0
8513,0.12792007811367512,0.12792007811367512,0,0,0
8514,0.130336070433259,0.130336070433259,0,0,0
8515,0.13835056871175766,0.13835056871175766,0,0,0
8516,0.12899165600538254,0.12899165600538254,0,0,0
8517,0.1273706518113613,0.1273706518113613,0,0,0
8518,0.12780183367431164,0.12780183367431164,0,0,0
8519,0.1290681678801775,0.1290681678801775,0,0,0
8520,0.13028703443706036,0.13028703443706036,0,0,0
8521,0.1294047124683857,0.1294047124683857,0,0,0
8522,0.13017235323786736,0.13017235323786736,0,0,0
8523,0.1326470747590065,0.1326470747590065,0,0,0
8524,0.133209316059947,0.133209316059947,0,0,0
8525,0.13482173532247543,0.13482173532247543,0,0,0
8526,0.12630287744104862,0.12630287744104862,0,0,0
8527,0.1342802196741104,0.1342802196741104,0,0,0
8528,0.12978296540677547,0.12978296540677547,0,0,0
8529,0.13295364379882812,0.13295364379882812,0,0,0
8530,0.12938942573964596,0.12938942573964596,0,0,0
8531,0.13839789666235447,0.13839789666235447,0,0,0
8532,0.1315105091780424,0.1315105091780424,0,0,0
8533,0.13117849454283714,0.13117849454283714,0,0,0
8534,0.13164906948804855,0.13164906948804855,0,0,0
8535,0.1362005863338709,0.1362005863338709,0,0,0
8536,0.12841327860951424,0.12841327860951424,0,0,0
8537,0.13250578381121159,0.13250578381121159,0,0,0
8538,0.13484378531575203,0.13484378531575203,0,0,0
8539,0.13455862924456596,0.13455862924456596,0,0,0
8540,0.12667313776910305,0.12667313776910305,0,0,0
8541,0.14291929453611374,0.14291929453611374,0,0,0
8542,0.12873128056526184,0.12873128056526184,0,0,0
8543,0.12390565127134323,0.12390565127134323,0,0,0
8544,0.13374638184905052,0.13374638184905052,0,0,0
8545,0.13292149640619755,0.13292149640619755,0,0,0
8546,0.13764191791415215,0.13764191791415215,0,0,0
8547,0.14255847223103046,0.14255847223103046,0,0,0
8548,0.12862826511263847,0.12862826511263847,0,0,0
8549,0.12997009605169296,0.12997009605169296,0,0,0
8550,0.13527532294392586,0.13527532294392586,0,0,0
8551,0.1352542582899332,0.1352542582899332,0,0,0
8552,0.12767548486590385,0.12767548486590385,0,0,0
8553,0.12945667281746864,0.12945667281746864,0,0,0
8554,0.1327707339078188,0.1327707339078188,0,0,0
8555,0.14428366720676422,0.14428366720676422,0,0,0
8556,0.13707851245999336,0.13707851245999336,0,0,0
8557,0.13146231323480606,0.13146231323480606,0,0,0
8558,0.14890662766993046,0.14890662766993046,0,0,0
8559,0.13154452107846737,0.13154452107846737,0,0,0
8560,0.13597244583070278,0.13597244583070278,0,0,0
8561,0.13322832062840462,0.13322832062840462,0,0,0
8562,0.12878402695059776,0.12878402695059776,0,0,0
8563,0.1341647058725357,0.1341647058725357,0,0,0
8564,0.13347202725708485,0.13347202725708485,0,0,0
8565,0.129317844286561,0.129317844286561,0,0,0
8566,0.1250355839729309,0.1250355839729309,0,0,0
8567,0.1376713328063488,0.1376713328063488,0,0,0
8568,0.12415572442114353,0.12415572442114353,0,0,0
8569,0.12902668677270412,0.12902668677270412,0,0,0
8570,0.13041268102824688,0.13041268102824688,0,0,0
8571,0.13078818656504154,0.13078818656504154,0,0,0
8572,0.1313721314072609,0.1313721314072609,0,0,0
8573,0.13308215886354446,0.13308215886354446,0,0,0
8574,0.125413928180933,0.125413928180933,0,0,0
8575,0.1389458179473877,0.1389458179473877,0,0,0
8576,0.12881711684167385,0.12881711684167385,0,0,0
8577,0.13006393052637577,0.13006393052637577,0,0,0
8578,0.12744353525340557,0.12744353525340557,0,0,0
8579,0.12571605667471886,0.12571605667471886,0,0,0
8580,0.13118166103959084,0.13118166103959084,0,0,0
8581,0.139608358964324,0.139608358964324,0,0,0
8582,0.12608798779547215,0.12608798779547215,0,0,0
8583,0.12475615553557873,0.12475615553557873,0,0,0
8584,0.12785710766911507,0.12785710766911507,0,0,0
8585,0.128342404961586,0.128342404961586,0,0,0
8586,0.12689934112131596,0.12689934112131596,0,0,0
8587,0.13333819806575775,0.13333819806575775,0,0,0
8588,0.13279705680906773,0.13279705680906773,0,0,0
8589,0.14025342464447021,0.14025342464447021,0,0,0
8590,0.13400400429964066,0.13400400429964066,0,0,0
8591,0.1344208475202322,0.1344208475202322,0,0,0
8592,0.1323410253971815,0.1323410253971815,0,0,0
8593,0.13313371688127518,0.13313371688127518,0,0,0
8594,0.12671605311334133,0.12671605311334133,0,0,0
8595,0.13693458959460258,0.13693458959460258,0,0,0
8596,0.13007398135960102,0.13007398135960102,0,0,0
8597,0.14469900354743004,0.14469900354743004,0,0,0
8598,0.1322084218263626,0.1322084218263626,0,0,0
8599,0.14269271306693554,0.14269271306693554,0,0,0
8600,0.1309579350054264,0.1309579350054264,0,0,0
8601,0.13128166273236275,0.13128166273236275,0,0,0
8602,0.13295024074614048,0.13295024074614048,0,0,0
8603,0.1272525805979967,0.1272525805979967,0,0,0
8604,0.12971068918704987,0.12971068918704987,0,0,0
8605,0.13508989289402962,0.13508989289402962,0,0,0
8606,0.1259451061487198,0.1259451061487198,0,0,0
8607,0.1308964490890503,0.1308964490890503,0,0,0
8608,0.12720762938261032,0.12720762938261032,0,0,0
8609,0.132381996139884,0.132381996139884,0,0,0
8610,0.12579509243369102,0.12579509243369102,0,0,0
8611,0.13043799996376038,0.13043799996376038,0,0,0
8612,0.1372402273118496,0.1372402273118496,0,0,0
8613,0.13488292321562767,0.13488292321562767,0,0,0
8614,0.1295086983591318,0.1295086983591318,0,0,0
8615,0.12632976099848747,0.12632976099848747,0,0,0
8616,0.12861142307519913,0.12861142307519913,0,0,0
8617,0.13752472028136253,0.13752472028136253,0,0,0
8618,0.14193712547421455,0.14193712547421455,0,0,0
8619,0.13014430925250053,0.13014430925250053,0,0,0
8620,0.12602862529456615,0.12602862529456615,0,0,0
8621,0.12960364297032356,0.12960364297032356,0,0,0
8622,0.12574703805148602,0.12574703805148602,0,0,0
8623,0.1325949728488922,0.1325949728488922,0,0,0
8624,0.13365785218775272,0.13365785218775272,0,0,0
8625,0.12774871103465557,0.12774871103465557,0,0,0
8626,0.13503341004252434,0.13503341004252434,0,0,0
8627,0.13205421529710293,0.13205421529710293,0,0,0
8628,0.1299576349556446,0.1299576349556446,0,0,0
8629,0.13307500444352627,0.13307500444352627,0,0,0
8630,0.12891031056642532,0.12891031056642532,0,0,0
8631,0.12963527999818325,0.12963527999818325,0,0,0
8632,0.12732680141925812,0.12732680141925812,0,0,0
8633,0.12562592886388302,0.12562592886388302,0,0,0
8634,0.1274788323789835,0.1274788323789835,0,0,0
8635,0.12769454903900623,0.12769454903900623,0,0,0
8636,0.13164735957980156,0.13164735957980156,0,0,0
8637,0.1278426256030798,0.1278426256030798,0,0,0
8638,0.12561924569308758,0.12561924569308758,0,0,0
8639,0.1258881539106369,0.1258881539106369,0,0,0
8640,0.13195590116083622,0.13195590116083622,0,0,0
8641,0.1337593887001276,0.1337593887001276,0,0,0
8642,0.12764021009206772,0.12764021009206772,0,0,0
8643,0.12977740541100502,0.12977740541100502,0,0,0
8644,0.12750028632581234,0.12750028632581234,0,0,0
8645,0.1337138507515192,0.1337138507515192,0,0,0
8646,0.13408541679382324,0.13408541679382324,0,0,0
8647,0.13760790415108204,0.13760790415108204,0,0,0
8648,0.1246893610805273,0.1246893610805273,0,0,0
8649,0.13019481673836708,0.13019481673836708,0,0,0
8650,0.12537246197462082,0.12537246197462082,0,0,0
8651,0.1330344844609499,0.1330344844609499,0,0,0
8652,0.12961124442517757,0.12961124442517757,0,0,0
8653,0.13078583776950836,0.13078583776950836,0,0,0
8654,0.14016125164926052,0.14016125164926052,0,0,0
8655,0.13115142844617367,0.13115142844617367,0,0,0
8656,0.1359991654753685,0.1359991654753685,0,0,0
8657,0.1358818057924509,0.1358818057924509,0,0,0
8658,0.1291314661502838,0.1291314661502838,0,0,0
8659,0.129651652649045,0.129651652649045,0,0,0
8660,0.13736815005540848,0.13736815005540848,0,0,0
8661,0.13141199201345444,0.13141199201345444,0,0,0
8662,0.1309526152908802,0.1309526152908802,0,0,0
8663,0.12969718873500824,0.12969718873500824,0,0,0
8664,0.1251529846340418,0.1251529846340418,0,0,0
8665,0.127637704834342,0.127637704834342,0,0,0
8666,0.13440034165978432,0.13440034165978432,0,0,0
8667,0.1339633073657751,0.1339633073657751,0,0,0
8668,0.12798635102808475,0.12798635102808475,0,0,0
8669,0.12836014851927757,0.12836014851927757,0,0,0
8670,0.12847058288753033,0.12847058288753033,0,0,0
8671,0.126587001606822,0.126587001606822,0,0,0
8672,0.12973575852811337,0.12973575852811337,0,0,0
8673,0.12881676107645035,0.12881676107645035,0,0,0
8674,0.13420243747532368,0.13420243747532368,0,0,0
8675,0.12530976347625256,0.12530976347625256,0,0,0
8676,0.12598594464361668,0.12598594464361668,0,0,0
8677,0.13377787172794342,0.13377787172794342,0,0,0
8678,0.13266979902982712,0.13266979902982712,0,0,0
8679,0.1263279113918543,0.1263279113918543,0,0,0
8680,0.12696396559476852,0.12696396559476852,0,0,0
8681,0.128281619399786,0.128281619399786,0,0,0
8682,0.13153701834380627,0.13153701834380627,0,0,0
8683,0.12929467856884003,0.12929467856884003,0,0,0
8684,0.12553191557526588,0.12553191557526588,0,0,0
8685,0.12820526026189327,0.12820526026189327,0,0,0
8686,0.1360118743032217,0.1360118743032217,0,0,0
8687,0.12800987623631954,0.12800987623631954,0,0,0
8688,0.12515224516391754,0.12515224516391754,0,0,0
8689,0.13243724592030048,0.13243724592030048,0,0,0
8690,0.14014599286019802,0.14014599286019802,0,0,0
8691,0.1450524479150772,0.1450524479150772,0,0,0
8692,0.1317424513399601,0.1317424513399601,0,0,0
8693,0.13264849409461021,0.13264849409461021,0,0,0
8694,0.13132822141051292,0.13132822141051292,0,0,0
8695,0.12819542363286018,0.12819542363286018,0,0,0
8696,0.128126734867692,0.128126734867692,0,0,0
8697,0.12589873373508453,0.12589873373508453,0,0,0
8698,0.1303266789764166,0.1303266789764166,0,0,0
8699,0.1321145948022604,0.1321145948022604,0,0,0
8700,0.13137862086296082,0.13137862086296082,0,0,0
8701,0.13297590799629688,0.13297590799629688,0,0,0
8702,0.13560258224606514,0.13560258224606514,0,0,0
8703,0.12557583674788475,0.12557583674788475,0,0,0
8704,0.12585776671767235,0.12585776671767235,0,0,0
8705,0.12976031191647053,0.12976031191647053,0,0,0
8706,0.12697936780750751,0.12697936780750751,0,0,0
8707,0.12723558023571968,0.12723558023571968,0,0,0
8708,0.12698984518647194,0.12698984518647194,0,0,0
8709,0.13050735369324684,0.13050735369324684,0,0,0
8710,0.1265670508146286,0.1265670508146286,0,0,0
8711,0.13649215176701546,0.13649215176701546,0,0,0
8712,0.13052866607904434,0.13052866607904434,0,0,0
8713,0.12543863244354725,0.12543863244354725,0,0,0
8714,0.12657446041703224,0.12657446041703224,0,0,0
8715,0.13144511356949806,0.13144511356949806,0,0,0
8716,0.12999629229307175,0.12999629229307175,0,0,0
8717,0.13172695972025394,0.13172695972025394,0,0,0
8718,0.12749706394970417,0.12749706394970417,0,0,0
8719,0.13197365030646324,0.13197365030646324,0,0,0
8720,0.12631365098059177,0.12631365098059177,0,0,0
8721,0.14010017178952694,0.14010017178952694,0,0,0
8722,0.1257980763912201,0.1257980763912201,0,0,0
8723,0.12790249288082123,0.12790249288082123,0,0,0
8724,0.13176744990050793,0.13176744990050793,0,0,0
8725,0.12870529107749462,0.12870529107749462,0,0,0
8726,0.13155188597738743,0.13155188597738743,0,0,0
8727,0.12716550007462502,0.12716550007462502,0,0,0
8728,0.12622567638754845,0.12622567638754845,0,0,0
8729,0.13177288882434368,0.13177288882434368,0,0,0
8730,0.12588023208081722,0.12588023208081722,0,0,0
8731,0.12293124757707119,0.12293124757707119,0,0,0
8732,0.1298919841647148,0.1298919841647148,0,0,0
8733,0.13237525150179863,0.13237525150179863,0,0,0
8734,0.13069933652877808,0.13069933652877808,0,0,0
8735,0.12520345486700535,0.12520345486700535,0,0,0
8736,0.128596318885684,0.128596318885684,0,0,0
8737,0.12141009978950024,0.12141009978950024,0,0,0
8738,0.13238211907446384,0.13238211907446384,0,0,0
8739,0.12622615322470665,0.12622615322470665,0,0,0
8740,0.13025854900479317,0.13025854900479317,0,0,0
8741,0.131158834323287,0.131158834323287,0,0,0
8742,0.12780672498047352,0.12780672498047352,0,0,0
8743,0.12436920404434204,0.12436920404434204,0,0,0
8744,0.136943981051445,0.136943981051445,0,0,0
8745,0.13378243148326874,0.13378243148326874,0,0,0
8746,0.1338875275105238,0.1338875275105238,0,0,0
8747,0.12929411232471466,0.12929411232471466,0,0,0
8748,0.12600843980908394,0.12600843980908394,0,0,0
8749,0.13662841357290745,0.13662841357290745,0,0,0
8750,0.13395805284380913,0.13395805284380913,0,0,0
8751,0.13089842535555363,0.13089842535555363,0,0,0
8752,0.13203592412173748,0.13203592412173748,0,0,0
8753,0.12729432806372643,0.12729432806372643,0,0,0
8754,0.13202529959380627,0.13202529959380627,0,0,0
8755,0.13128048926591873,0.13128048926591873,0,0,0
8756,0.12476236000657082,0.12476236000657082,0,0,0
8757,0.12131240032613277,0.12131240032613277,0,0,0
8758,0.12908035516738892,0.12908035516738892,0,0,0
8759,0.12765637412667274,0.12765637412667274,0,0,0
8760,0.1270904876291752,0.1270904876291752,0,0,0
8761,0.1323214080184698,0.1323214080184698,0,0,0
8762,0.13186702877283096,0.13186702877283096,0,0,0
8763,0.13208987563848495,0.13208987563848495,0,0,0
8764,0.13504569232463837,0.13504569232463837,0,0,0
8765,0.13836999237537384,0.13836999237537384,0,0,0
8766,0.12967858277261257,0.12967858277261257,0,0,0
8767,0.128935344517231,0.128935344517231,0,0,0
8768,0.13534489646553993,0.13534489646553993,0,0,0
8769,0.12477841973304749,0.12477841973304749,0,0,0
8770,0.12954659014940262,0.12954659014940262,0,0,0
8771,0.1278858706355095,0.1278858706355095,0,0,0
8772,0.1280481442809105,0.1280481442809105,0,0,0
8773,0.13066819868981838,0.13066819868981838,0,0,0
8774,0.12811859138309956,0.12811859138309956,0,0,0
8775,0.12474198266863823,0.12474198266863823,0,0,0
8776,0.12971172109246254,0.12971172109246254,0,0,0
8777,0.12390873208642006,0.12390873208642006,0,0,0
8778,0.13366970419883728,0.13366970419883728,0,0,0
8779,0.13748115487396717,0.13748115487396717,0,0,0
8780,0.13286727666854858,0.13286727666854858,0,0,0
8781,0.12803318537771702,0.12803318537771702,0,0,0
8782,0.12815579771995544,0.12815579771995544,0,0,0
8783,0.12121951952576637,0.12121951952576637,0,0,0
8784,0.13657766953110695,0.13657766953110695,0,0,0
8785,0.12387497536838055,0.12387497536838055,0,0,0
8786,0.12979071401059628,0.12979071401059628,0,0,0
8787,0.1215924359858036,0.1215924359858036,0,0,0
8788,0.13445968553423882,0.13445968553423882,0,0,0
8789,0.12548652850091457,0.12548652850091457,0,0,0
8790,0.1313053797930479,0.1313053797930479,0,0,0
8791,0.1263373475521803,0.1263373475521803,0,0,0
8792,0.13020863570272923,0.13020863570272923,0,0,0
8793,0.123196080327034,0.123196080327034,0,0,0
8794,0.12414480559527874,0.12414480559527874,0,0,0
8795,0.12750348821282387,0.12750348821282387,0,0,0
8796,0.13858244940638542,0.13858244940638542,0,0,0
8797,0.13174284249544144,0.13174284249544144,0,0,0
8798,0.12738190963864326,0.12738190963864326,0,0,0
8799,0.12626164220273495,0.12626164220273495,0,0,0
8800,0.12951579131186008,0.12951579131186008,0,0,0
8801,0.13157751969993114,0.13157751969993114,0,0,0
8802,0.125601377338171,0.125601377338171,0,0,0
8803,0.12871239706873894,0.12871239706873894,0,0,0
8804,0.12670617550611496,0.12670617550611496,0,0,0
8805,0.1315222606062889,0.1315222606062889,0,0,0
8806,0.1305608358234167,0.1305608358234167,0,0,0
8807,0.13428576476871967,0.13428576476871967,0,0,0
8808,0.1360977403819561,0.1360977403819561,0,0,0
8809,0.13244609162211418,0.13244609162211418,0,0,0
8810,0.1261353138834238,0.1261353138834238,0,0,0
8811,0.13348722457885742,0.13348722457885742,0,0,0
8812,0.12476872093975544,0.12476872093975544,0,0,0
8813,0.12868850491940975,0.12868850491940975,0,0,0
8814,0.13450773246586323,0.13450773246586323,0,0,0
8815,0.12581763602793217,0.12581763602793217,0,0,0
8816,0.13144288770854473,0.13144288770854473,0,0,0
8817,0.12681812420487404,0.12681812420487404,0,0,0
8818,0.130539333447814,0.130539333447814,0,0,0
8819,0.12830443866550922,0.12830443866550922,0,0,0
8820,0.13231680169701576,0.13231680169701576,0,0,0
8821,0.12885338440537453,0.12885338440537453,0,0,0
8822,0.12670157477259636,0.12670157477259636,0,0,0
8823,0.12462298199534416,0.12462298199534416,0,0,0
8824,0.12814444862306118,0.12814444862306118,0,0,0
8825,0.12387995421886444,0.12387995421886444,0,0,0
8826,0.1262428965419531,0.1262428965419531,0,0,0
8827,0.1304282397031784,0.1304282397031784,0,0,0
8828,0.12225841544568539,0.12225841544568539,0,0,0
8829,0.12702469527721405,0.12702469527721405,0,0,0
8830,0.12702386267483234,0.12702386267483234,0,0,0
8831,0.12708150409162045,0.12708150409162045,0,0,0
8832,0.12947850115597248,0.12947850115597248,0,0,0
8833,0.12392306514084339,0.12392306514084339,0,0,0
8834,0.1262717992067337,0.1262717992067337,0,0,0
8835,0.12887339666485786,0.12887339666485786,0,0,0
8836,0.13055158779025078,0.13055158779025078,0,0,0
8837,0.12289165891706944,0.12289165891706944,0,0,0
8838,0.12952961586415768,0.12952961586415768,0,0,0
8839,0.13083260133862495,0.13083260133862495,0,0,0
8840,0.13276145793497562,0.13276145793497562,0,0,0
8841,0.12990613095462322,0.12990613095462322,0,0,0
8842,0.13209337927401066,0.13209337927401066,0,0,0
8843,0.13444994762539864,0.13444994762539864,0,0,0
8844,0.1269789468497038,0.1269789468497038,0,0,0
8845,0.1280121300369501,0.1280121300369501,0,0,0
8846,0.1457553431391716,0.1457553431391716,0,0,0
8847,0.1330852508544922,0.1330852508544922,0,0,0
8848,0.13531234487891197,0.13531234487891197,0,0,0
8849,0.1330079734325409,0.1330079734325409,0,0,0
8850,0.12621324695646763,0.12621324695646763,0,0,0
8851,0.12893329560756683,0.12893329560756683,0,0,0
8852,0.1310841664671898,0.1310841664671898,0,0,0
8853,0.12944024614989758,0.12944024614989758,0,0,0
8854,0.11934834532439709,0.11934834532439709,0,0,0
8855,0.12583964131772518,0.12583964131772518,0,0,0
8856,0.1289548370987177,0.1289548370987177,0,0,0
8857,0.1237740945070982,0.1237740945070982,0,0,0
8858,0.13309801742434502,0.13309801742434502,0,0,0
8859,0.12525972910225391,0.12525972910225391,0,0,0
8860,0.1396943051367998,0.1396943051367998,0,0,0
8861,0.13198372535407543,0.13198372535407543,0,0,0
8862,0.13312231749296188,0.13312231749296188,0,0,0
8863,0.1269918903708458,0.1269918903708458,0,0,0
8864,0.12892376445233822,0.12892376445233822,0,0,0
8865,0.14370252192020416,0.14370252192020416,0,0,0
8866,0.12928811088204384,0.12928811088204384,0,0,0
8867,0.12708401307463646,0.12708401307463646,0,0,0
8868,0.12894592806696892,0.12894592806696892,0,0,0
8869,0.12784497439861298,0.12784497439861298,0,0,0
8870,0.13697958551347256,0.13697958551347256,0,0,0
8871,0.12410365231335163,0.12410365231335163,0,0,0
8872,0.13764676824212074,0.13764676824212074,0,0,0
8873,0.13173104636371136,0.13173104636371136,0,0,0
8874,0.13439357839524746,0.13439357839524746,0,0,0
8875,0.1274381037801504,0.1274381037801504,0,0,0
8876,0.12601635418832302,0.12601635418832302,0,0,0
8877,0.12534714676439762,0.12534714676439762,0,0,0
8878,0.1264470722526312,0.1264470722526312,0,0,0
8879,0.13079369813203812,0.13079369813203812,0,0,0
8880,0.1253831870853901,0.1253831870853901,0,0,0
8881,0.1281857192516327,0.1281857192516327,0,0,0
8882,0.12324601598083973,0.12324601598083973,0,0,0
8883,0.13932624831795692,0.13932624831795692,0,0,0
8884,0.12450989708304405,0.12450989708304405,0,0,0
8885,0.13531402684748173,0.13531402684748173,0,0,0
8886,0.12971379980444908,0.12971379980444908,0,0,0
8887,0.12633344531059265,0.12633344531059265,0,0,0
8888,0.1270040888339281,0.1270040888339281,0,0,0
8889,0.12211799249053001,0.12211799249053001,0,0,0
8890,0.1224978156387806,0.1224978156387806,0,0,0
8891,0.13005221262574196,0.13005221262574196,0,0,0
8892,0.12559121660888195,0.12559121660888195,0,0,0
8893,0.1340122651308775,0.1340122651308775,0,0,0
8894,0.12467830441892147,0.12467830441892147,0,0,0
8895,0.14271116442978382,0.14271116442978382,0,0,0
8896,0.12824568524956703,0.12824568524956703,0,0,0
8897,0.12448113411664963,0.12448113411664963,0,0,0
8898,0.12396331690251827,0.12396331690251827,0,0,0
8899,0.12796642631292343,0.12796642631292343,0,0,0
8900,0.1276028174906969,0.1276028174906969,0,0,0
8901,0.1269888635724783,0.1269888635724783,0,0,0
8902,0.1328940335661173,0.1328940335661173,0,0,0
8903,0.12756957858800888,0.12756957858800888,0,0,0
8904,0.12264038063585758,0.12264038063585758,0,0,0
8905,0.13258576951920986,0.13258576951920986,0,0,0
8906,0.12935542315244675,0.12935542315244675,0,0,0
8907,0.12632166594266891,0.12632166594266891,0,0,0
8908,0.12762734480202198,0.12762734480202198,0,0,0
8909,0.13124012760818005,0.13124012760818005,0,0,0
8910,0.12659726105630398,0.12659726105630398,0,0,0
8911,0.12468584254384041,0.12468584254384041,0,0,0
8912,0.12586338073015213,0.12586338073015213,0,0,0
8913,0.12912237085402012,0.12912237085402012,0,0,0
8914,0.12309777736663818,0.12309777736663818,0,0,0
8915,0.12993363291025162,0.12993363291025162,0,0,0
8916,0.1258600726723671,0.1258600726723671,0,0,0
8917,0.13604714907705784,0.13604714907705784,0,0,0
8918,0.12755661830306053,0.12755661830306053,0,0,0
8919,0.12414984218776226,0.12414984218776226,0,0,0
8920,0.12423825822770596,0.12423825822770596,0,0,0
8921,0.12992031686007977,0.12992031686007977,0,0,0
8922,0.13137078657746315,0.13137078657746315,0,0,0
8923,0.12916594743728638,0.12916594743728638,0,0,0
8924,0.13061217963695526,0.13061217963695526,0,0,0
8925,0.125701067969203,0.125701067969203,0,0,0
8926,0.1258548628538847,0.1258548628538847,0,0,0
8927,0.12924234382808208,0.12924234382808208,0,0,0
8928,0.12724503502249718,0.12724503502249718,0,0,0
8929,0.13278313539922237,0.13278313539922237,0,0,0
8930,0.12431666813790798,0.12431666813790798,0,0,0
8931,0.12466973811388016,0.12466973811388016,0,0,0
8932,0.12499158643186092,0.12499158643186092,0,0,0
8933,0.12398140504956245,0.12398140504956245,0,0,0
8934,0.13055719062685966,0.13055719062685966,0,0,0
8935,0.12253076210618019,0.12253076210618019,0,0,0
8936,0.12889999710023403,0.12889999710023403,0,0,0
8937,0.12473996542394161,0.12473996542394161,0,0,0
8938,0.13085888884961605,0.13085888884961605,0,0,0
8939,0.13353153504431248,0.13353153504431248,0,0,0
8940,0.12512457370758057,0.12512457370758057,0,0,0
8941,0.13983562588691711,0.13983562588691711,0,0,0
8942,0.13562116399407387,0.13562116399407387,0,0,0
8943,0.12947568483650684,0.12947568483650684,0,0,0
8944,0.1252527553588152,0.1252527553588152,0,0,0
8945,0.12851198017597198,0.12851198017597198,0,0,0
8946,0.13446268811821938,0.13446268811821938,0,0,0
8947,0.12423535622656345,0.12423535622656345,0,0,0
8948,0.12442329339683056,0.12442329339683056,0,0,0
8949,0.12234647944569588,0.12234647944569588,0,0,0
8950,0.12090516276657581,0.12090516276657581,0,0,0
8951,0.13041657768189907,0.13041657768189907,0,0,0
8952,0.1275179423391819,0.1275179423391819,0,0,0
8953,0.1256687268614769,0.1256687268614769,0,0,0
8954,0.12451240979135036,0.12451240979135036,0,0,0
8955,0.12336811982095242,0.12336811982095242,0,0,0
8956,0.12349289283156395,0.12349289283156395,0,0,0
8957,0.13080067560076714,0.13080067560076714,0,0,0
8958,0.1261638104915619,0.1261638104915619,0,0,0
8959,0.13241356052458286,0.13241356052458286,0,0,0
8960,0.13168578036129475,0.13168578036129475,0,0,0
8961,0.12426277063786983,0.12426277063786983,0,0,0
8962,0.12728364020586014,0.12728364020586014,0,0,0
8963,0.12893296033143997,0.12893296033143997,0,0,0
8964,0.1250601876527071,0.1250601876527071,0,0,0
8965,0.14523491263389587,0.14523491263389587,0,0,0
8966,0.13041558489203453,0.13041558489203453,0,0,0
8967,0.1358294114470482,0.1358294114470482,0,0,0
8968,0.12852799706161022,0.12852799706161022,0,0,0
8969,0.13139663636684418,0.13139663636684418,0,0,0
8970,0.12244953587651253,0.12244953587651253,0,0,0
8971,0.12546556815505028,0.12546556815505028,0,0,0
8972,0.1235047709196806,0.1235047709196806,0,0,0
8973,0.12735635600984097,0.12735635600984097,0,0,0
8974,0.12211885489523411,0.12211885489523411,0,0,0
8975,0.12012912333011627,0.12012912333011627,0,0,0
8976,0.12712140753865242,0.12712140753865242,0,0,0
8977,0.12768689915537834,0.12768689915537834,0,0,0
8978,0.12103332579135895,0.12103332579135895,0,0,0
8979,0.12686236016452312,0.12686236016452312,0,0,0
8980,0.12654916755855083,0.12654916755855083,0,0,0
8981,0.13163330033421516,0.13163330033421516,0,0,0
8982,0.1211380697786808,0.1211380697786808,0,0,0
8983,0.1297101341187954,0.1297101341187954,0,0,0
8984,0.13240722939372063,0.13240722939372063,0,0,0
8985,0.12701860070228577,0.12701860070228577,0,0,0
8986,0.12897148728370667,0.12897148728370667,0,0,0
8987,0.12712638266384602,0.12712638266384602,0,0,0
8988,0.13410735130310059,0.13410735130310059,0,0,0
8989,0.12821834161877632,0.12821834161877632,0,0,0
8990,0.12553681433200836,0.12553681433200836,0,0,0
8991,0.13391302339732647,0.13391302339732647,0,0,0
8992,0.12413700483739376,0.12413700483739376,0,0,0
8993,0.12648798525333405,0.12648798525333405,0,0,0
8994,0.12894239649176598,0.12894239649176598,0,0,0
8995,0.12237557210028172,0.12237557210028172,0,0,0
8996,0.12599175423383713,0.12599175423383713,0,0,0
8997,0.13592705875635147,0.13592705875635147,0,0,0
8998,0.12611115165054798,0.12611115165054798,0,0,0
8999,0.1323803011327982,0.1323803011327982,0,0,0
9000,0.12445359118282795,0.12445359118282795,0,0,0
9001,0.12332006171345711,0.12332006171345711,0,0,0
9002,0.12602489814162254,0.12602489814162254,0,0,0
9003,0.13200907036662102,0.13200907036662102,0,0,0
9004,0.12193887680768967,0.12193887680768967,0,0,0
9005,0.122483741492033,0.122483741492033,0,0,0
9006,0.13773903995752335,0.13773903995752335,0,0,0
9007,0.1302245445549488,0.1302245445549488,0,0,0
9008,0.130967753008008,0.130967753008008,0,0,0
9009,0.1298959869891405,0.1298959869891405,0,0,0
9010,0.1281716525554657,0.1281716525554657,0,0,0
9011,0.13882588408887386,0.13882588408887386,0,0,0
9012,0.13086603209376335,0.13086603209376335,0,0,0
9013,0.13104578852653503,0.13104578852653503,0,0,0
9014,0.13167779333889484,0.13167779333889484,0,0,0
9015,0.12473342008888721,0.12473342008888721,0,0,0
9016,0.13593277893960476,0.13593277893960476,0,0,0
9017,0.12993837147951126,0.12993837147951126,0,0,0
9018,0.12443960271775723,0.12443960271775723,0,0,0
9019,0.1271907202899456,0.1271907202899456,0,0,0
9020,0.12504366226494312,0.12504366226494312,0,0,0
9021,0.1299083847552538,0.1299083847552538,0,0,0
9022,0.12161097303032875,0.12161097303032875,0,0,0
9023,0.12679906003177166,0.12679906003177166,0,0,0
9024,0.1393844522535801,0.1393844522535801,0,0,0
9025,0.12616930902004242,0.12616930902004242,0,0,0
9026,0.1226455345749855,0.1226455345749855,0,0,0
9027,0.1275122705847025,0.1275122705847025,0,0,0
9028,0.13294633477926254,0.13294633477926254,0,0,0
9029,0.11910447292029858,0.11910447292029858,0,0,0
9030,0.12744136713445187,0.12744136713445187,0,0,0
9031,0.1197300348430872,0.1197300348430872,0,0,0
9032,0.12433128617703915,0.12433128617703915,0,0,0
9033,0.1343797892332077,0.1343797892332077,0,0,0
9034,0.12806063145399094,0.12806063145399094,0,0,0
9035,0.12722507491707802,0.12722507491707802,0,0,0
9036,0.11788970977067947,0.11788970977067947,0,0,0
9037,0.13846411928534508,0.13846411928534508,0,0,0
9038,0.143219992518425,0.143219992518425,0,0,0
9039,0.12714138627052307,0.12714138627052307,0,0,0
9040,0.1267029382288456,0.1267029382288456,0,0,0
9041,0.12608439102768898,0.12608439102768898,0,0,0
9042,0.12388512119650841,0.12388512119650841,0,0,0
9043,0.12044757418334484,0.12044757418334484,0,0,0
9044,0.12398696504533291,0.12398696504533291,0,0,0
9045,0.12440780363976955,0.12440780363976955,0,0,0
9046,0.125170785933733,0.125170785933733,0,0,0
9047,0.12793679162859917,0.12793679162859917,0,0,0
9048,0.13835706934332848,0.13835706934332848,0,0,0
9049,0.13216857239603996,0.13216857239603996,0,0,0
9050,0.12788168899714947,0.12788168899714947,0,0,0
9051,0.12179349362850189,0.12179349362850189,0,0,0
9052,0.13213577307760715,0.13213577307760715,0,0,0
9053,0.12229708954691887,0.12229708954691887,0,0,0
9054,0.12343607097864151,0.12343607097864151,0,0,0
9055,0.1297083981335163,0.1297083981335163,0,0,0
9056,0.12254295498132706,0.12254295498132706,0,0,0
9057,0.1323952879756689,0.1323952879756689,0,0,0
9058,0.13062124699354172,0.13062124699354172,0,0,0
9059,0.12544512003660202,0.12544512003660202,0,0,0
9060,0.12663210928440094,0.12663210928440094,0,0,0
9061,0.1286140289157629,0.1286140289157629,0,0,0
9062,0.12621180899441242,0.12621180899441242,0,0,0
9063,0.1409777570515871,0.1409777570515871,0,0,0
9064,0.12724475376307964,0.12724475376307964,0,0,0
9065,0.12729074619710445,0.12729074619710445,0,0,0
9066,0.1250306311994791,0.1250306311994791,0,0,0
9067,0.1283695586025715,0.1283695586025715,0,0,0
9068,0.13092117197811604,0.13092117197811604,0,0,0
9069,0.12613950297236443,0.12613950297236443,0,0,0
9070,0.12778642773628235,0.12778642773628235,0,0,0
9071,0.13047989457845688,0.13047989457845688,0,0,0
9072,0.12238024733960629,0.12238024733960629,0,0,0
9073,0.12783209420740604,0.12783209420740604,0,0,0
9074,0.1336663719266653,0.1336663719266653,0,0,0
9075,0.1270968895405531,0.1270968895405531,0,0,0
9076,0.12573518231511116,0.12573518231511116,0,0,0
9077,0.12507450208067894,0.12507450208067894,0,0,0
9078,0.12341153062880039,0.12341153062880039,0,0,0
9079,0.13589942827820778,0.13589942827820778,0,0,0
9080,0.13153674453496933,0.13153674453496933,0,0,0
9081,0.12984461523592472,0.12984461523592472,0,0,0
9082,0.12496224977076054,0.12496224977076054,0,0,0
9083,0.1296106055378914,0.1296106055378914,0,0,0
9084,0.13731013424694538,0.13731013424694538,0,0,0
9085,0.12464328669011593,0.12464328669011593,0,0,0
9086,0.12302045524120331,0.12302045524120331,0,0,0
9087,0.1276686992496252,0.1276686992496252,0,0,0
9088,0.12821302004158497,0.12821302004158497,0,0,0
9089,0.12433239072561264,0.12433239072561264,0,0,0
9090,0.12458931095898151,0.12458931095898151,0,0,0
9091,0.12819513864815235,0.12819513864815235,0,0,0
9092,0.12775610014796257,0.12775610014796257,0,0,0
9093,0.12731502018868923,0.12731502018868923,0,0,0
9094,0.12819157913327217,0.12819157913327217,0,0,0
9095,0.12671181932091713,0.12671181932091713,0,0,0
9096,0.12713978812098503,0.12713978812098503,0,0,0
9097,0.12580847926437855,0.12580847926437855,0,0,0
9098,0.12887700833380222,0.12887700833380222,0,0,0
9099,0.1296628974378109,0.1296628974378109,0,0,0
9100,0.12848840467631817,0.12848840467631817,0,0,0
9101,0.12218012288212776,0.12218012288212776,0,0,0
9102,0.13050604984164238,0.13050604984164238,0,0,0
9103,0.13011956587433815,0.13011956587433815,0,0,0
9104,0.1423488911241293,0.1423488911241293,0,0,0
9105,0.12356214411556721,0.12356214411556721,0,0,0
9106,0.1263085976243019,0.1263085976243019,0,0,0
9107,0.12807412073016167,0.12807412073016167,0,0,0
9108,0.12432972900569439,0.12432972900569439,0,0,0
9109,0.12158704176545143,0.12158704176545143,0,0,0
9110,0.12612313590943813,0.12612313590943813,0,0,0
9111,0.12632728926837444,0.12632728926837444,0,0,0
9112,0.12432639673352242,0.12432639673352242,0,0,0
9113,0.12794286757707596,0.12794286757707596,0,0,0
9114,0.13493680022656918,0.13493680022656918,0,0,0
9115,0.1258988454937935,0.1258988454937935,0,0,0
9116,0.13594472780823708,0.13594472780823708,0,0,0
9117,0.13387013413012028,0.13387013413012028,0,0,0
9118,0.12410923838615417,0.12410923838615417,0,0,0
9119,0.12929854914546013,0.12929854914546013,0,0,0
9120,0.12461027130484581,0.12461027130484581,0,0,0
9121,0.12597062811255455,0.12597062811255455,0,0,0
9122,0.12731722556054592,0.12731722556054592,0,0,0
9123,0.12497010454535484,0.12497010454535484,0,0,0
9124,0.12200991064310074,0.12200991064310074,0,0,0
9125,0.12259144894778728,0.12259144894778728,0,0,0
9126,0.1335507072508335,0.1335507072508335,0,0,0
9127,0.11794355884194374,0.11794355884194374,0,0,0
9128,0.13103116303682327,0.13103116303682327,0,0,0
9129,0.1254472527652979,0.1254472527652979,0,0,0
9130,0.12331509031355381,0.12331509031355381,0,0,0
9131,0.12131417170166969,0.12131417170166969,0,0,0
9132,0.12607033364474773,0.12607033364474773,0,0,0
9133,0.12178383395075798,0.12178383395075798,0,0,0
9134,0.12322991900146008,0.12322991900146008,0,0,0
9135,0.13155322149395943,0.13155322149395943,0,0,0
9136,0.12731787376105785,0.12731787376105785,0,0,0
9137,0.1220843531191349,0.1220843531191349,0,0,0
9138,0.12570866756141186,0.12570866756141186,0,0,0
9139,0.1252523697912693,0.1252523697912693,0,0,0
9140,0.12540262192487717,0.12540262192487717,0,0,0
9141,0.12561742961406708,0.12561742961406708,0,0,0
9142,0.1279528122395277,0.1279528122395277,0,0,0
9143,0.12459110468626022,0.12459110468626022,0,0,0
9144,0.1268791314214468,0.1268791314214468,0,0,0
9145,0.12529235146939754,0.12529235146939754,0,0,0
9146,0.12820414640009403,0.12820414640009403,0,0,0
9147,0.13138651475310326,0.13138651475310326,0,0,0
9148,0.13431664928793907,0.13431664928793907,0,0,0
9149,0.12532216124236584,0.12532216124236584,0,0,0
9150,0.12602900341153145,0.12602900341153145,0,0,0
9151,0.12738223373889923,0.12738223373889923,0,0,0
9152,0.12860441207885742,0.12860441207885742,0,0,0
9153,0.12574983946979046,0.12574983946979046,0,0,0
9154,0.12909960560500622,0.12909960560500622,0,0,0
9155,0.12683410942554474,0.12683410942554474,0,0,0
9156,0.1292332448065281,0.1292332448065281,0,0,0
9157,0.12527049146592617,0.12527049146592617,0,0,0
9158,0.13998984545469284,0.13998984545469284,0,0,0
9159,0.12052563950419426,0.12052563950419426,0,0,0
9160,0.12532256171107292,0.12532256171107292,0,0,0
9161,0.12667541950941086,0.12667541950941086,0,0,0
9162,0.12681457214057446,0.12681457214057446,0,0,0
9163,0.12384378165006638,0.12384378165006638,0,0,0
9164,0.12694784440100193,0.12694784440100193,0,0,0
9165,0.13422363065183163,0.13422363065183163,0,0,0
9166,0.13272937014698982,0.13272937014698982,0,0,0
9167,0.1256151981651783,0.1256151981651783,0,0,0
9168,0.12324956245720387,0.12324956245720387,0,0,0
9169,0.1251802109181881,0.1251802109181881,0,0,0
9170,0.13040082342922688,0.13040082342922688,0,0,0
9171,0.12668516486883163,0.12668516486883163,0,0,0
9172,0.12424545548856258,0.12424545548856258,0,0,0
9173,0.12615671381354332,0.12615671381354332,0,0,0
9174,0.12965906783938408,0.12965906783938408,0,0,0
9175,0.12740661390125751,0.12740661390125751,0,0,0
9176,0.1256092544645071,0.1256092544645071,0,0,0
9177,0.12193098664283752,0.12193098664283752,0,0,0
9178,0.12147602811455727,0.12147602811455727,0,0,0
9179,0.12289816699922085,0.12289816699922085,0,0,0
9180,0.12604306265711784,0.12604306265711784,0,0,0
9181,0.12867090478539467,0.12867090478539467,0,0,0
9182,0.13398518227040768,0.13398518227040768,0,0,0
9183,0.1260930709540844,0.1260930709540844,0,0,0
9184,0.1267517227679491,0.1267517227679491,0,0,0
9185,0.12859476916491985,0.12859476916491985,0,0,0
9186,0.12601657025516033,0.12601657025516033,0,0,0
9187,0.13322240859270096,0.13322240859270096,0,0,0
9188,0.12570736929774284,0.12570736929774284,0,0,0
9189,0.1226538885384798,0.1226538885384798,0,0,0
9190,0.13643310591578484,0.13643310591578484,0,0,0
9191,0.13167865946888924,0.13167865946888924,0,0,0
9192,0.12938439473509789,0.12938439473509789,0,0,0
9193,0.14157100580632687,0.14157100580632687,0,0,0
9194,0.12329062260687351,0.12329062260687351,0,0,0
9195,0.13369077071547508,0.13369077071547508,0,0,0
9196,0.12771102041006088,0.12771102041006088,0,0,0
9197,0.12259414047002792,0.12259414047002792,0,0,0
9198,0.1305075529962778,0.1305075529962778,0,0,0
9199,0.13282118923962116,0.13282118923962116,0,0,0
9200,0.12787157855927944,0.12787157855927944,0,0,0
9201,0.13082876056432724,0.13082876056432724,0,0,0
9202,0.13169323466718197,0.13169323466718197,0,0,0
9203,0.1281164139509201,0.1281164139509201,0,0,0
9204,0.11934693343937397,0.11934693343937397,0,0,0
9205,0.12416683696210384,0.12416683696210384,0,0,0
9206,0.1261742878705263,0.1261742878705263,0,0,0
9207,0.12405785173177719,0.12405785173177719,0,0,0
9208,0.13999095745384693,0.13999095745384693,0,0,0
9209,0.12535694427788258,0.12535694427788258,0,0,0
9210,0.12117668241262436,0.12117668241262436,0,0,0
9211,0.12219389341771603,0.12219389341771603,0,0,0
9212,0.12843085825443268,0.12843085825443268,0,0,0
9213,0.14829297363758087,0.14829297363758087,0,0,0
9214,0.12039660103619099,0.12039660103619099,0,0,0
9215,0.1249923724681139,0.1249923724681139,0,0,0
9216,0.13095135986804962,0.13095135986804962,0,0,0
9217,0.12190237268805504,0.12190237268805504,0,0,0
9218,0.1290806345641613,0.1290806345641613,0,0,0
9219,0.12943475134670734,0.12943475134670734,0,0,0
9220,0.12288935482501984,0.12288935482501984,0,0,0
9221,0.1206807866692543,0.1206807866692543,0,0,0
9222,0.13272116892039776,0.13272116892039776,0,0,0
9223,0.13310298696160316,0.13310298696160316,0,0,0
9224,0.1277898233383894,0.1277898233383894,0,0,0
9225,0.12113337963819504,0.12113337963819504,0,0,0
9226,0.12526857666671276,0.12526857666671276,0,0,0
9227,0.12264993786811829,0.12264993786811829,0,0,0
9228,0.1268615759909153,0.1268615759909153,0,0,0
9229,0.1234538946300745,0.1234538946300745,0,0,0
9230,0.12959915027022362,0.12959915027022362,0,0,0
9231,0.12947151251137257,0.12947151251137257,0,0,0
9232,0.12853118404746056,0.12853118404746056,0,0,0
9233,0.12723546288907528,0.12723546288907528,0,0,0
9234,0.13152615539729595,0.13152615539729595,0,0,0
9235,0.12387852929532528,0.12387852929532528,0,0,0
9236,0.1369801852852106,0.1369801852852106,0,0,0
9237,0.12733537517488003,0.12733537517488003,0,0,0
9238,0.12383294850587845,0.12383294850587845,0,0,0
9239,0.12494285218417645,0.12494285218417645,0,0,0
9240,0.12351991422474384,0.12351991422474384,0,0,0
9241,0.12810005620121956,0.12810005620121956,0,0,0
9242,0.11994747631251812,0.11994747631251812,0,0,0
9243,0.1286076456308365,0.1286076456308365,0,0,0
9244,0.11809530295431614,0.11809530295431614,0,0,0
9245,0.12604290060698986,0.12604290060698986,0,0,0
9246,0.15537315793335438,0.15537315793335438,0,0,0
9247,0.13191557675600052,0.13191557675600052,0,0,0
9248,0.13433020561933517,0.13433020561933517,0,0,0
9249,0.13267967849969864,0.13267967849969864,0,0,0
9250,0.12567592412233353,0.12567592412233353,0,0,0
9251,0.1289071887731552,0.1289071887731552,0,0,0
9252,0.12444148771464825,0.12444148771464825,0,0,0
9253,0.1252557709813118,0.1252557709813118,0,0,0
9254,0.12379737384617329,0.12379737384617329,0,0,0
9255,0.12734943442046642,0.12734943442046642,0,0,0
9256,0.1260563787072897,0.1260563787072897,0,0,0
9257,0.12954634614288807,0.12954634614288807,0,0,0
9258,0.13060933537781239,0.13060933537781239,0,0,0
9259,0.11651904135942459,0.11651904135942459,0,0,0
9260,0.12807317823171616,0.12807317823171616,0,0,0
9261,0.126256687566638,0.126256687566638,0,0,0
9262,0.13543525338172913,0.13543525338172913,0,0,0
9263,0.12429195828735828,0.12429195828735828,0,0,0
9264,0.12108046561479568,0.12108046561479568,0,0,0
9265,0.12777956016361713,0.12777956016361713,0,0,0
9266,0.12345256842672825,0.12345256842672825,0,0,0
9267,0.12680890038609505,0.12680890038609505,0,0,0
9268,0.1292124092578888,0.1292124092578888,0,0,0
9269,0.12214028835296631,0.12214028835296631,0,0,0
9270,0.13340849988162518,0.13340849988162518,0,0,0
9271,0.1230561975389719,0.1230561975389719,0,0,0
9272,0.12373412027955055,0.12373412027955055,0,0,0
9273,0.12128951214253902,0.12128951214253902,0,0,0
9274,0.12449527904391289,0.12449527904391289,0,0,0
9275,0.11853371188044548,0.11853371188044548,0,0,0
9276,0.12435849569737911,0.12435849569737911,0,0,0
9277,0.1277121938765049,0.1277121938765049,0,0,0
9278,0.12238363735377789,0.12238363735377789,0,0,0
9279,0.12590902298688889,0.12590902298688889,0,0,0
9280,0.1187613233923912,0.1187613233923912,0,0,0
9281,0.11880000866949558,0.11880000866949558,0,0,0
9282,0.12544453330338,0.12544453330338,0,0,0
9283,0.1231674775481224,0.1231674775481224,0,0,0
9284,0.13029432855546474,0.13029432855546474,0,0,0
9285,0.12029855139553547,0.12029855139553547,0,0,0
9286,0.12321370653808117,0.12321370653808117,0,0,0
9287,0.12666425295174122,0.12666425295174122,0,0,0
9288,0.12033592909574509,0.12033592909574509,0,0,0
9289,0.12380911968648434,0.12380911968648434,0,0,0
9290,0.12396368756890297,0.12396368756890297,0,0,0
9291,0.12620778009295464,0.12620778009295464,0,0,0
9292,0.12493272125720978,0.12493272125720978,0,0,0
9293,0.1289681550115347,0.1289681550115347,0,0,0
9294,0.12059272266924381,0.12059272266924381,0,0,0
9295,0.130946833640337,0.130946833640337,0,0,0
9296,0.13049669191241264,0.13049669191241264,0,0,0
9297,0.12947034649550915,0.12947034649550915,0,0,0
9298,0.1278298832476139,0.1278298832476139,0,0,0
9299,0.12611139938235283,0.12611139938235283,0,0,0
9300,0.12352668307721615,0.12352668307721615,0,0,0
9301,0.12457127496600151,0.12457127496600151,0,0,0
9302,0.12080132775008678,0.12080132775008678,0,0,0
9303,0.12711643800139427,0.12711643800139427,0,0,0
9304,0.12491643242537975,0.12491643242537975,0,0,0
9305,0.12849790416657925,0.12849790416657925,0,0,0
9306,0.12661873549222946,0.12661873549222946,0,0,0
9307,0.13447595946490765,0.13447595946490765,0,0,0
9308,0.11719119921326637,0.11719119921326637,0,0,0
9309,0.12190967611968517,0.12190967611968517,0,0,0
9310,0.12672690488398075,0.12672690488398075,0,0,0
9311,0.13035650178790092,0.13035650178790092,0,0,0
9312,0.12371544167399406,0.12371544167399406,0,0,0
9313,0.1279419343918562,0.1279419343918562,0,0,0
9314,0.13059203326702118,0.13059203326702118,0,0,0
9315,0.12510359473526478,0.12510359473526478,0,0,0
9316,0.12346701137721539,0.12346701137721539,0,0,0
9317,0.12615720741450787,0.12615720741450787,0,0,0
9318,0.12856956757605076,0.12856956757605076,0,0,0
9319,0.11828463152050972,0.11828463152050972,0,0,0
9320,0.12045346759259701,0.12045346759259701,0,0,0
9321,0.12349891848862171,0.12349891848862171,0,0,0
9322,0.12457657977938652,0.12457657977938652,0,0,0
9323,0.1264340914785862,0.1264340914785862,0,0,0
9324,0.12792924977838993,0.12792924977838993,0,0,0
9325,0.1252144481986761,0.1252144481986761,0,0,0
9326,0.12602903880178928,0.12602903880178928,0,0,0
9327,0.12473002634942532,0.12473002634942532,0,0,0
9328,0.12194368988275528,0.12194368988275528,0,0,0
9329,0.12496928311884403,0.12496928311884403,0,0,0
9330,0.12186805531382561,0.12186805531382561,0,0,0
9331,0.13183917105197906,0.13183917105197906,0,0,0
9332,0.12444820441305637,0.12444820441305637,0,0,0
9333,0.12869729101657867,0.12869729101657867,0,0,0
9334,0.13402283564209938,0.13402283564209938,0,0,0
9335,0.13850532285869122,0.13850532285869122,0,0,0
9336,0.13255666941404343,0.13255666941404343,0,0,0
9337,0.12497282028198242,0.12497282028198242,0,0,0
9338,0.12552086636424065,0.12552086636424065,0,0,0
9339,0.12570396065711975,0.12570396065711975,0,0,0
9340,0.1285081636160612,0.1285081636160612,0,0,0
9341,0.1277054026722908,0.1277054026722908,0,0,0
9342,0.12435254827141762,0.12435254827141762,0,0,0
9343,0.12819107808172703,0.12819107808172703,0,0,0
9344,0.12312212772667408,0.12312212772667408,0,0,0
9345,0.1266831997781992,0.1266831997781992,0,0,0
9346,0.1254474949091673,0.1254474949091673,0,0,0
9347,0.11815701052546501,0.11815701052546501,0,0,0
9348,0.12627613171935081,0.12627613171935081,0,0,0
9349,0.12306062318384647,0.12306062318384647,0,0,0
9350,0.1218518614768982,0.1218518614768982,0,0,0
9351,0.12126981280744076,0.12126981280744076,0,0,0
9352,0.125193540006876,0.125193540006876,0,0,0
9353,0.12918461486697197,0.12918461486697197,0,0,0
9354,0.12207585945725441,0.12207585945725441,0,0,0
9355,0.13242223486304283,0.13242223486304283,0,0,0
9356,0.11908400617539883,0.11908400617539883,0,0,0
9357,0.12123266980051994,0.12123266980051994,0,0,0
9358,0.12939639389514923,0.12939639389514923,0,0,0
9359,0.12438375875353813,0.12438375875353813,0,0,0
9360,0.11948758363723755,0.11948758363723755,0,0,0
9361,0.12582271918654442,0.12582271918654442,0,0,0
9362,0.1203756108880043,0.1203756108880043,0,0,0
9363,0.12050875276327133,0.12050875276327133,0,0,0
9364,0.11743490770459175,0.11743490770459175,0,0,0
9365,0.13019415363669395,0.13019415363669395,0,0,0
9366,0.1283126287162304,0.1283126287162304,0,0,0
9367,0.12234863825142384,0.12234863825142384,0,0,0
9368,0.12863902002573013,0.12863902002573013,0,0,0
9369,0.12338984198868275,0.12338984198868275,0,0,0
9370,0.1208819355815649,0.1208819355815649,0,0,0
9371,0.12859713099896908,0.12859713099896908,0,0,0
9372,0.12571916170418262,0.12571916170418262,0,0,0
9373,0.12528971768915653,0.12528971768915653,0,0,0
9374,0.12203391455113888,0.12203391455113888,0,0,0
9375,0.12461604923009872,0.12461604923009872,0,0,0
9376,0.1267315000295639,0.1267315000295639,0,0,0
9377,0.1225302405655384,0.1225302405655384,0,0,0
9378,0.12579038366675377,0.12579038366675377,0,0,0
9379,0.12672080099582672,0.12672080099582672,0,0,0
9380,0.12211945652961731,0.12211945652961731,0,0,0
9381,0.1220866572111845,0.1220866572111845,0,0,0
9382,0.1278232093900442,0.1278232093900442,0,0,0
9383,0.12269528210163116,0.12269528210163116,0,0,0
9384,0.12508660927414894,0.12508660927414894,0,0,0
9385,0.1204135362058878,0.1204135362058878,0,0,0
9386,0.12508094124495983,0.12508094124495983,0,0,0
9387,0.12455994822084904,0.12455994822084904,0,0,0
9388,0.124552546069026,0.124552546069026,0,0,0
9389,0.12888778187334538,0.12888778187334538,0,0,0
9390,0.12043179199099541,0.12043179199099541,0,0,0
9391,0.12238007225096226,0.12238007225096226,0,0,0
9392,0.12744050472974777,0.12744050472974777,0,0,0
9393,0.12487891502678394,0.12487891502678394,0,0,0
9394,0.12039088644087315,0.12039088644087315,0,0,0
9395,0.12618406489491463,0.12618406489491463,0,0,0
9396,0.1266415398567915,0.1266415398567915,0,0,0
9397,0.1212940365076065,0.1212940365076065,0,0,0
9398,0.12298109941184521,0.12298109941184521,0,0,0
9399,0.1280797626823187,0.1280797626823187,0,0,0
9400,0.12562623992562294,0.12562623992562294,0,0,0
9401,0.1168235819786787,0.1168235819786787,0,0,0
9402,0.16057268902659416,0.16057268902659416,0,0,0
9403,0.12319711223244667,0.12319711223244667,0,0,0
9404,0.12097064405679703,0.12097064405679703,0,0,0
9405,0.1275812592357397,0.1275812592357397,0,0,0
9406,0.12369382195174694,0.12369382195174694,0,0,0
9407,0.12006985023617744,0.12006985023617744,0,0,0
9408,0.1261152494698763,0.1261152494698763,0,0,0
9409,0.1254677940160036,0.1254677940160036,0,0,0
9410,0.12376971542835236,0.12376971542835236,0,0,0
9411,0.1207042746245861,0.1207042746245861,0,0,0
9412,0.12592553719878197,0.12592553719878197,0,0,0
9413,0.12414207123219967,0.12414207123219967,0,0,0
9414,0.13091977313160896,0.13091977313160896,0,0,0
9415,0.1201846469193697,0.1201846469193697,0,0,0
9416,0.13154289685189724,0.13154289685189724,0,0,0
9417,0.12682195752859116,0.12682195752859116,0,0,0
9418,0.1232314221560955,0.1232314221560955,0,0,0
9419,0.12801840901374817,0.12801840901374817,0,0,0
9420,0.13031205162405968,0.13031205162405968,0,0,0
9421,0.11750098504126072,0.11750098504126072,0,0,0
9422,0.12877682782709599,0.12877682782709599,0,0,0
9423,0.1252046525478363,0.1252046525478363,0,0,0
9424,0.13105922378599644,0.13105922378599644,0,0,0
9425,0.12422724068164825,0.12422724068164825,0,0,0
9426,0.12351817078888416,0.12351817078888416,0,0,0
9427,0.12180118635296822,0.12180118635296822,0,0,0
9428,0.12031928822398186,0.12031928822398186,0,0,0
9429,0.12593153677880764,0.12593153677880764,0,0,0
9430,0.1239255852997303,0.1239255852997303,0,0,0
9431,0.13055254518985748,0.13055254518985748,0,0,0
9432,0.12754305265843868,0.12754305265843868,0,0,0
9433,0.1253274343907833,0.1253274343907833,0,0,0
9434,0.11962024681270123,0.11962024681270123,0,0,0
9435,0.12272113561630249,0.12272113561630249,0,0,0
9436,0.12454488687217236,0.12454488687217236,0,0,0
9437,0.11939704418182373,0.11939704418182373,0,0,0
9438,0.1378840021789074,0.1378840021789074,0,0,0
9439,0.12098672613501549,0.12098672613501549,0,0,0
9440,0.13336830213665962,0.13336830213665962,0,0,0
9441,0.12364456988871098,0.12364456988871098,0,0,0
9442,0.1325225941836834,0.1325225941836834,0,0,0
9443,0.12508324347436428,0.12508324347436428,0,0,0
9444,0.11579452082514763,0.11579452082514763,0,0,0
9445,0.12584928050637245,0.12584928050637245,0,0,0
9446,0.1256673578172922,0.1256673578172922,0,0,0
9447,0.11799968592822552,0.11799968592822552,0,0,0
9448,0.12244391813874245,0.12244391813874245,0,0,0
9449,0.1310486327856779,0.1310486327856779,0,0,0
9450,0.12917005270719528,0.12917005270719528,0,0,0
9451,0.12827622331678867,0.12827622331678867,0,0,0
9452,0.11716178059577942,0.11716178059577942,0,0,0
9453,0.12965428456664085,0.12965428456664085,0,0,0
9454,0.12157095596194267,0.12157095596194267,0,0,0
9455,0.12090575695037842,0.12090575695037842,0,0,0
9456,0.11958531849086285,0.11958531849086285,0,0,0
9457,0.12024922482669353,0.12024922482669353,0,0,0
9458,0.12062256410717964,0.12062256410717964,0,0,0
9459,0.12608848325908184,0.12608848325908184,0,0,0
9460,0.1200324147939682,0.1200324147939682,0,0,0
9461,0.12494122982025146,0.12494122982025146,0,0,0
9462,0.12291936576366425,0.12291936576366425,0,0,0
9463,0.11809393391013145,0.11809393391013145,0,0,0
9464,0.12769445776939392,0.12769445776939392,0,0,0
9465,0.12766189314424992,0.12766189314424992,0,0,0
9466,0.12459475733339787,0.12459475733339787,0,0,0
9467,0.12523610703647137,0.12523610703647137,0,0,0
9468,0.1287408582866192,0.1287408582866192,0,0,0
9469,0.13017119094729424,0.13017119094729424,0,0,0
9470,0.1225124429911375,0.1225124429911375,0,0,0
9471,0.12734120897948742,0.12734120897948742,0,0,0
9472,0.1269362661987543,0.1269362661987543,0,0,0
9473,0.1292896755039692,0.1292896755039692,0,0,0
9474,0.11991650052368641,0.11991650052368641,0,0,0
9475,0.12324557639658451,0.12324557639658451,0,0,0
9476,0.1190170906484127,0.1190170906484127,0,0,0
9477,0.13586057350039482,0.13586057350039482,0,0,0
9478,0.12228032201528549,0.12228032201528549,0,0,0
9479,0.12660332396626472,0.12660332396626472,0,0,0
9480,0.12272925116121769,0.12272925116121769,0,0,0
9481,0.12974282540380955,0.12974282540380955,0,0,0
9482,0.12533087469637394,0.12533087469637394,0,0,0
9483,0.1319928653538227,0.1319928653538227,0,0,0
9484,0.12024793773889542,0.12024793773889542,0,0,0
9485,0.12110835872590542,0.12110835872590542,0,0,0
9486,0.12693576700985432,0.12693576700985432,0,0,0
9487,0.12676700949668884,0.12676700949668884,0,0,0
9488,0.12734229676425457,0.12734229676425457,0,0,0
9489,0.1279281172901392,0.1279281172901392,0,0,0
9490,0.12525789812207222,0.12525789812207222,0,0,0
9491,0.12538121826946735,0.12538121826946735,0,0,0
9492,0.12858079932630062,0.12858079932630062,0,0,0
9493,0.12430849485099316,0.12430849485099316,0,0,0
9494,0.12901762127876282,0.12901762127876282,0,0,0
9495,0.12319064140319824,0.12319064140319824,0,0,0
9496,0.12735526263713837,0.12735526263713837,0,0,0
9497,0.1304630134254694,0.1304630134254694,0,0,0
9498,0.12322359718382359,0.12322359718382359,0,0,0
9499,0.13625811412930489,0.13625811412930489,0,0,0
9500,0.12111614271998405,0.12111614271998405,0,0,0
9501,0.13490145280957222,0.13490145280957222,0,0,0
9502,0.12118323892354965,0.12118323892354965,0,0,0
9503,0.12633948028087616,0.12633948028087616,0,0,0
9504,0.12162123620510101,0.12162123620510101,0,0,0
9505,0.1283263973891735,0.1283263973891735,0,0,0
9506,0.12732182070612907,0.12732182070612907,0,0,0
9507,0.11992153525352478,0.11992153525352478,0,0,0
9508,0.12329476699233055,0.12329476699233055,0,0,0
9509,0.11613254249095917,0.11613254249095917,0,0,0
9510,0.1195993646979332,0.1195993646979332,0,0,0
9511,0.12314572744071484,0.12314572744071484,0,0,0
9512,0.12555805779993534,0.12555805779993534,0,0,0
9513,0.12168373912572861,0.12168373912572861,0,0,0
9514,0.11949208751320839,0.11949208751320839,0,0,0
9515,0.11868846043944359,0.11868846043944359,0,0,0
9516,0.12102884612977505,0.12102884612977505,0,0,0
9517,0.1392602138221264,0.1392602138221264,0,0,0
9518,0.13272062316536903,0.13272062316536903,0,0,0
9519,0.12851468846201897,0.12851468846201897,0,0,0
9520,0.1199046391993761,0.1199046391993761,0,0,0
9521,0.12611093185842037,0.12611093185842037,0,0,0
9522,0.12168941088020802,0.12168941088020802,0,0,0
9523,0.12131018005311489,0.12131018005311489,0,0,0
9524,0.12573359347879887,0.12573359347879887,0,0,0
9525,0.12983275949954987,0.12983275949954987,0,0,0
9526,0.12487939186394215,0.12487939186394215,0,0,0
9527,0.12986924685537815,0.12986924685537815,0,0,0
9528,0.12381920777261257,0.12381920777261257,0,0,0
9529,0.12272680550813675,0.12272680550813675,0,0,0
9530,0.12235494516789913,0.12235494516789913,0,0,0
9531,0.12420273199677467,0.12420273199677467,0,0,0
9532,0.12362941727042198,0.12362941727042198,0,0,0
9533,0.12529687769711018,0.12529687769711018,0,0,0
9534,0.12277227640151978,0.12277227640151978,0,0,0
9535,0.11785230226814747,0.11785230226814747,0,0,0
9536,0.1294225975871086,0.1294225975871086,0,0,0
9537,0.12256326340138912,0.12256326340138912,0,0,0
9538,0.12196181900799274,0.12196181900799274,0,0,0
9539,0.12042847834527493,0.12042847834527493,0,0,0
9540,0.131531722843647,0.131531722843647,0,0,0
9541,0.12704988196492195,0.12704988196492195,0,0,0
9542,0.1185776088386774,0.1185776088386774,0,0,0
9543,0.12193765118718147,0.12193765118718147,0,0,0
9544,0.12141356244683266,0.12141356244683266,0,0,0
9545,0.12057957053184509,0.12057957053184509,0,0,0
9546,0.12319103069603443,0.12319103069603443,0,0,0
9547,0.1299822684377432,0.1299822684377432,0,0,0
9548,0.12472306005656719,0.12472306005656719,0,0,0
9549,0.12065689079463482,0.12065689079463482,0,0,0
9550,0.12224419973790646,0.12224419973790646,0,0,0
9551,0.11377835646271706,0.11377835646271706,0,0,0
9552,0.13852480053901672,0.13852480053901672,0,0,0
9553,0.1224875096231699,0.1224875096231699,0,0,0
9554,0.1180709358304739,0.1180709358304739,0,0,0
9555,0.13252307660877705,0.13252307660877705,0,0,0
9556,0.12482924573123455,0.12482924573123455,0,0,0
9557,0.1303574349731207,0.1303574349731207,0,0,0
9558,0.11998630501329899,0.11998630501329899,0,0,0
9559,0.12582760490477085,0.12582760490477085,0,0,0
9560,0.12268997356295586,0.12268997356295586,0,0,0
9561,0.13153324276208878,0.13153324276208878,0,0,0
9562,0.12442294135689735,0.12442294135689735,0,0,0
9563,0.1251535750925541,0.1251535750925541,0,0,0
9564,0.11929038353264332,0.11929038353264332,0,0,0
9565,0.11743908748030663,0.11743908748030663,0,0,0
9566,0.12303103692829609,0.12303103692829609,0,0,0
9567,0.12344473041594028,0.12344473041594028,0,0,0
9568,0.12353742495179176,0.12353742495179176,0,0,0
9569,0.12690787576138973,0.12690787576138973,0,0,0
9570,0.12466265447437763,0.12466265447437763,0,0,0
9571,0.12449276819825172,0.12449276819825172,0,0,0
9572,0.1251506619155407,0.1251506619155407,0,0,0
9573,0.12070483714342117,0.12070483714342117,0,0,0
9574,0.12159410677850246,0.12159410677850246,0,0,0
9575,0.1172129437327385,0.1172129437327385,0,0,0
9576,0.12029079161584377,0.12029079161584377,0,0,0
9577,0.11901355348527431,0.11901355348527431,0,0,0
9578,0.12446022965013981,0.12446022965013981,0,0,0
9579,0.12118810042738914,0.12118810042738914,0,0,0
9580,0.12336450256407261,0.12336450256407261,0,0,0
9581,0.12223204970359802,0.12223204970359802,0,0,0
9582,0.1240509171038866,0.1240509171038866,0,0,0
9583,0.1288894172757864,0.1288894172757864,0,0,0
9584,0.12660848163068295,0.12660848163068295,0,0,0
9585,0.12249727919697762,0.12249727919697762,0,0,0
9586,0.12122633308172226,0.12122633308172226,0,0,0
9587,0.12683270871639252,0.12683270871639252,0,0,0
9588,0.12995626591145992,0.12995626591145992,0,0,0
9589,0.1225894633680582,0.1225894633680582,0,0,0
9590,0.12897958047688007,0.12897958047688007,0,0,0
9591,0.1268298551440239,0.1268298551440239,0,0,0
9592,0.12196295894682407,0.12196295894682407,0,0,0
9593,0.12768305651843548,0.12768305651843548,0,0,0
9594,0.1243240274488926,0.1243240274488926,0,0,0
9595,0.1343760173767805,0.1343760173767805,0,0,0
9596,0.12754864804446697,0.12754864804446697,0,0,0
9597,0.11901840008795261,0.11901840008795261,0,0,0
9598,0.12481765821576118,0.12481765821576118,0,0,0
9599,0.1236488576978445,0.1236488576978445,0,0,0
9600,0.12184828706085682,0.12184828706085682,0,0,0
9601,0.12230734899640083,0.12230734899640083,0,0,0
9602,0.13422347605228424,0.13422347605228424,0,0,0
9603,0.13402747176587582,0.13402747176587582,0,0,0
9604,0.12118704617023468,0.12118704617023468,0,0,0
9605,0.12264334969222546,0.12264334969222546,0,0,0
9606,0.12309353053569794,0.12309353053569794,0,0,0
9607,0.13370714709162712,0.13370714709162712,0,0,0
9608,0.12485168315470219,0.12485168315470219,0,0,0
9609,0.1201877873390913,0.1201877873390913,0,0,0
9610,0.12336952425539494,0.12336952425539494,0,0,0
9611,0.12423571199178696,0.12423571199178696,0,0,0
9612,0.12259715422987938,0.12259715422987938,0,0,0
9613,0.12270130775868893,0.12270130775868893,0,0,0
9614,0.12454769015312195,0.12454769015312195,0,0,0
9615,0.12749961018562317,0.12749961018562317,0,0,0
9616,0.12366314604878426,0.12366314604878426,0,0,0
9617,0.1275371853262186,0.1275371853262186,0,0,0
9618,0.13481871597468853,0.13481871597468853,0,0,0
9619,0.1255129612982273,0.1255129612982273,0,0,0
9620,0.11920919455587864,0.11920919455587864,0,0,0
9621,0.1182566974312067,0.1182566974312067,0,0,0
9622,0.12561452202498913,0.12561452202498913,0,0,0
9623,0.11941773444414139,0.11941773444414139,0,0,0
9624,0.12149238772690296,0.12149238772690296,0,0,0
9625,0.11646528355777264,0.11646528355777264,0,0,0
9626,0.1219043917953968,0.1219043917953968,0,0,0
9627,0.12433823384344578,0.12433823384344578,0,0,0
9628,0.11723324656486511,0.11723324656486511,0,0,0
9629,0.12741957418620586,0.12741957418620586,0,0,0
9630,0.11899281665682793,0.11899281665682793,0,0,0
9631,0.12978175282478333,0.12978175282478333,0,0,0
9632,0.1262653786689043,0.1262653786689043,0,0,0
9633,0.12834055349230766,0.12834055349230766,0,0,0
9634,0.12494909949600697,0.12494909949600697,0,0,0
9635,0.11937745846807957,0.11937745846807957,0,0,0
9636,0.1181288082152605,0.1181288082152605,0,0,0
9637,0.13909636065363884,0.13909636065363884,0,0,0
9638,0.12728025577962399,0.12728025577962399,0,0,0
9639,0.1221893485635519,0.1221893485635519,0,0,0
9640,0.1263777446001768,0.1263777446001768,0,0,0
9641,0.12613658048212528,0.12613658048212528,0,0,0
9642,0.11789144948124886,0.11789144948124886,0,0,0
9643,0.12230750732123852,0.12230750732123852,0,0,0
9644,0.1213498767465353,0.1213498767465353,0,0,0
9645,0.12494882941246033,0.12494882941246033,0,0,0
9646,0.12494536116719246,0.12494536116719246,0,0,0
9647,0.13045025989413261,0.13045025989413261,0,0,0
9648,0.1254078634083271,0.1254078634083271,0,0,0
9649,0.12549333460628986,0.12549333460628986,0,0,0
9650,0.12324305064976215,0.12324305064976215,0,0,0
9651,0.11953376419842243,0.11953376419842243,0,0,0
9652,0.11817196570336819,0.11817196570336819,0,0,0
9653,0.12354551069438457,0.12354551069438457,0,0,0
9654,0.1213355865329504,0.1213355865329504,0,0,0
9655,0.12711579725146294,0.12711579725146294,0,0,0
9656,0.1153305247426033,0.1153305247426033,0,0,0
9657,0.127761572599411,0.127761572599411,0,0,0
9658,0.12785219587385654,0.12785219587385654,0,0,0
9659,0.11895905807614326,0.11895905807614326,0,0,0
9660,0.1218882966786623,0.1218882966786623,0,0,0
9661,0.12097582221031189,0.12097582221031189,0,0,0
9662,0.12171184085309505,0.12171184085309505,0,0,0
9663,0.12631233595311642,0.12631233595311642,0,0,0
9664,0.13099985383450985,0.13099985383450985,0,0,0
9665,0.12003661692142487,0.12003661692142487,0,0,0
9666,0.11669119819998741,0.11669119819998741,0,0,0
9667,0.12527396343648434,0.12527396343648434,0,0,0
9668,0.12087965197861195,0.12087965197861195,0,0,0
9669,0.12583674117922783,0.12583674117922783,0,0,0
9670,0.12443115562200546,0.12443115562200546,0,0,0
9671,0.12978660501539707,0.12978660501539707,0,0,0
9672,0.12201338447630405,0.12201338447630405,0,0,0
9673,0.12266410700976849,0.12266410700976849,0,0,0
9674,0.12193881720304489,0.12193881720304489,0,0,0
9675,0.12272460758686066,0.12272460758686066,0,0,0
9676,0.1163370106369257,0.1163370106369257,0,0,0
9677,0.12208480201661587,0.12208480201661587,0,0,0
9678,0.11804143153131008,0.11804143153131008,0,0,0
9679,0.12456179596483707,0.12456179596483707,0,0,0
9680,0.12130754813551903,0.12130754813551903,0,0,0
9681,0.1306298580020666,0.1306298580020666,0,0,0
9682,0.12052574567496777,0.12052574567496777,0,0,0
9683,0.11914452165365219,0.11914452165365219,0,0,0
9684,0.12851321883499622,0.12851321883499622,0,0,0
9685,0.12475704401731491,0.12475704401731491,0,0,0
9686,0.12241758964955807,0.12241758964955807,0,0,0
9687,0.11954136751592159,0.11954136751592159,0,0,0
9688,0.12539350241422653,0.12539350241422653,0,0,0
9689,0.12744956091046333,0.12744956091046333,0,0,0
9690,0.12366593070328236,0.12366593070328236,0,0,0
9691,0.1231065783649683,0.1231065783649683,0,0,0
9692,0.12131121754646301,0.12131121754646301,0,0,0
9693,0.12358987145125866,0.12358987145125866,0,0,0
9694,0.11726890318095684,0.11726890318095684,0,0,0
9695,0.1195247732102871,0.1195247732102871,0,0,0
9696,0.12535268813371658,0.12535268813371658,0,0,0
9697,0.12801899388432503,0.12801899388432503,0,0,0
9698,0.12214336730539799,0.12214336730539799,0,0,0
9699,0.12118256837129593,0.12118256837129593,0,0,0
9700,0.12470791302621365,0.12470791302621365,0,0,0
9701,0.11848685517907143,0.11848685517907143,0,0,0
9702,0.12509369663894176,0.12509369663894176,0,0,0
9703,0.11594295129179955,0.11594295129179955,0,0,0
9704,0.11929728463292122,0.11929728463292122,0,0,0
9705,0.12659532390534878,0.12659532390534878,0,0,0
9706,0.12395385280251503,0.12395385280251503,0,0,0
9707,0.12281027436256409,0.12281027436256409,0,0,0
9708,0.12515304796397686,0.12515304796397686,0,0,0
9709,0.12074762769043446,0.12074762769043446,0,0,0
9710,0.11763718724250793,0.11763718724250793,0,0,0
9711,0.11942469514906406,0.11942469514906406,0,0,0
9712,0.12004942633211613,0.12004942633211613,0,0,0
9713,0.1296744141727686,0.1296744141727686,0,0,0
9714,0.12304120510816574,0.12304120510816574,0,0,0
9715,0.11764308996498585,0.11764308996498585,0,0,0
9716,0.13038979843258858,0.13038979843258858,0,0,0
9717,0.11966031603515148,0.11966031603515148,0,0,0
9718,0.11835431680083275,0.11835431680083275,0,0,0
9719,0.12606159783899784,0.12606159783899784,0,0,0
9720,0.11898094229400158,0.11898094229400158,0,0,0
9721,0.12375425547361374,0.12375425547361374,0,0,0
9722,0.12624911218881607,0.12624911218881607,0,0,0
9723,0.1250906903296709,0.1250906903296709,0,0,0
9724,0.12255160138010979,0.12255160138010979,0,0,0
9725,0.12360998429358006,0.12360998429358006,0,0,0
9726,0.12949283048510551,0.12949283048510551,0,0,0
9727,0.12267949432134628,0.12267949432134628,0,0,0
9728,0.12220035120844841,0.12220035120844841,0,0,0
9729,0.12206290476024151,0.12206290476024151,0,0,0
9730,0.11276054941117764,0.11276054941117764,0,0,0
9731,0.12407413683831692,0.12407413683831692,0,0,0
9732,0.1203298345208168,0.1203298345208168,0,0,0
9733,0.12925204262137413,0.12925204262137413,0,0,0
9734,0.1358389686793089,0.1358389686793089,0,0,0
9735,0.11899535171687603,0.11899535171687603,0,0,0
9736,0.14019158110022545,0.14019158110022545,0,0,0
9737,0.11870559863746166,0.11870559863746166,0,0,0
9738,0.12424798682332039,0.12424798682332039,0,0,0
9739,0.12079993449151516,0.12079993449151516,0,0,0
9740,0.1209731251001358,0.1209731251001358,0,0,0
9741,0.12693784944713116,0.12693784944713116,0,0,0
9742,0.11905018985271454,0.11905018985271454,0,0,0
9743,0.12276432663202286,0.12276432663202286,0,0,0
9744,0.12009517103433609,0.12009517103433609,0,0,0
9745,0.12362070009112358,0.12362070009112358,0,0,0
9746,0.12013635970652103,0.12013635970652103,0,0,0
9747,0.12983608432114124,0.12983608432114124,0,0,0
9748,0.11769415810704231,0.11769415810704231,0,0,0
9749,0.12029976584017277,0.12029976584017277,0,0,0
9750,0.13242954015731812,0.13242954015731812,0,0,0
9751,0.11297222413122654,0.11297222413122654,0,0,0
9752,0.12309464067220688,0.12309464067220688,0,0,0
9753,0.11700829118490219,0.11700829118490219,0,0,0
9754,0.11827969178557396,0.11827969178557396,0,0,0
9755,0.11926159262657166,0.11926159262657166,0,0,0
9756,0.12483416683971882,0.12483416683971882,0,0,0
9757,0.12072714790701866,0.12072714790701866,0,0,0
9758,0.11930401250720024,0.11930401250720024,0,0,0
9759,0.13194713555276394,0.13194713555276394,0,0,0
9760,0.123986491933465,0.123986491933465,0,0,0
9761,0.12156206369400024,0.12156206369400024,0,0,0
9762,0.1266139056533575,0.1266139056533575,0,0,0
9763,0.1190262995660305,0.1190262995660305,0,0,0
9764,0.1193477027118206,0.1193477027118206,0,0,0
9765,0.11834471859037876,0.11834471859037876,0,0,0
9766,0.1227871011942625,0.1227871011942625,0,0,0
9767,0.12471739202737808,0.12471739202737808,0,0,0
9768,0.12833829037845135,0.12833829037845135,0,0,0
9769,0.11827212013304234,0.11827212013304234,0,0,0
9770,0.1308637261390686,0.1308637261390686,0,0,0
9771,0.11668804660439491,0.11668804660439491,0,0,0
9772,0.12528404034674168,0.12528404034674168,0,0,0
9773,0.1344276126474142,0.1344276126474142,0,0,0
9774,0.12079895101487637,0.12079895101487637,0,0,0
9775,0.12577418610453606,0.12577418610453606,0,0,0
9776,0.12291520088911057,0.12291520088911057,0,0,0
9777,0.12803635746240616,0.12803635746240616,0,0,0
9778,0.12319894134998322,0.12319894134998322,0,0,0
9779,0.14556432887911797,0.14556432887911797,0,0,0
9780,0.12390709854662418,0.12390709854662418,0,0,0
9781,0.12284208089113235,0.12284208089113235,0,0,0
9782,0.12156207300722599,0.12156207300722599,0,0,0
9783,0.12699047103524208,0.12699047103524208,0,0,0
9784,0.12258926406502724,0.12258926406502724,0,0,0
9785,0.1257900781929493,0.1257900781929493,0,0,0
9786,0.1279830876737833,0.1279830876737833,0,0,0
9787,0.13236051425337791,0.13236051425337791,0,0,0
9788,0.1213347427546978,0.1213347427546978,0,0,0
9789,0.12153700925409794,0.12153700925409794,0,0,0
9790,0.12148258462548256,0.12148258462548256,0,0,0
9791,0.12323734536767006,0.12323734536767006,0,0,0
9792,0.1281787995249033,0.1281787995249033,0,0,0
9793,0.12194261327385902,0.12194261327385902,0,0,0
9794,0.12627038918435574,0.12627038918435574,0,0,0
9795,0.1220627948641777,0.1220627948641777,0,0,0
9796,0.12195310182869434,0.12195310182869434,0,0,0
9797,0.12056807056069374,0.12056807056069374,0,0,0
9798,0.12292389385402203,0.12292389385402203,0,0,0
9799,0.12650389224290848,0.12650389224290848,0,0,0
9800,0.12157250009477139,0.12157250009477139,0,0,0
9801,0.11964940838515759,0.11964940838515759,0,0,0
9802,0.12519756890833378,0.12519756890833378,0,0,0
9803,0.13414200954139233,0.13414200954139233,0,0,0
9804,0.12181599996984005,0.12181599996984005,0,0,0
9805,0.1267747636884451,0.1267747636884451,0,0,0
9806,0.12440893612802029,0.12440893612802029,0,0,0
9807,0.11918545141816139,0.11918545141816139,0,0,0
9808,0.13067719526588917,0.13067719526588917,0,0,0
9809,0.12553695403039455,0.12553695403039455,0,0,0
9810,0.12688591331243515,0.12688591331243515,0,0,0
9811,0.12148863263428211,0.12148863263428211,0,0,0
9812,0.11940978653728962,0.11940978653728962,0,0,0
9813,0.12154859118163586,0.12154859118163586,0,0,0
9814,0.12340206652879715,0.12340206652879715,0,0,0
9815,0.12287029437720776,0.12287029437720776,0,0,0
9816,0.11885909177362919,0.11885909177362919,0,0,0
9817,0.12488122470676899,0.12488122470676899,0,0,0
9818,0.12196329608559608,0.12196329608559608,0,0,0
9819,0.12829138711094856,0.12829138711094856,0,0,0
9820,0.11822019144892693,0.11822019144892693,0,0,0
9821,0.12488497421145439,0.12488497421145439,0,0,0
9822,0.12494766898453236,0.12494766898453236,0,0,0
9823,0.12193206511437893,0.12193206511437893,0,0,0
9824,0.12120004929602146,0.12120004929602146,0,0,0
9825,0.12457432597875595,0.12457432597875595,0,0,0
9826,0.12902167439460754,0.12902167439460754,0,0,0
9827,0.12006912380456924,0.12006912380456924,0,0,0
9828,0.1194926779717207,0.1194926779717207,0,0,0
9829,0.12305466085672379,0.12305466085672379,0,0,0
9830,0.1224652323871851,0.1224652323871851,0,0,0
9831,0.11522410064935684,0.11522410064935684,0,0,0
9832,0.12206040136516094,0.12206040136516094,0,0,0
9833,0.1272343061864376,0.1272343061864376,0,0,0
9834,0.1263787653297186,0.1263787653297186,0,0,0
9835,0.11995174922049046,0.11995174922049046,0,0,0
9836,0.12302607484161854,0.12302607484161854,0,0,0
9837,0.12056061625480652,0.12056061625480652,0,0,0
9838,0.11958188004791737,0.11958188004791737,0,0,0
9839,0.12274701707065105,0.12274701707065105,0,0,0
9840,0.12393092922866344,0.12393092922866344,0,0,0
9841,0.12032075598835945,0.12032075598835945,0,0,0
9842,0.12287493236362934,0.12287493236362934,0,0,0
9843,0.12409354001283646,0.12409354001283646,0,0,0
9844,0.11940923146903515,0.11940923146903515,0,0,0
9845,0.13472730666399002,0.13472730666399002,0,0,0
9846,0.12566044926643372,0.12566044926643372,0,0,0
9847,0.13140790723264217,0.13140790723264217,0,0,0
9848,0.12144469283521175,0.12144469283521175,0,0,0
9849,0.12623378448188305,0.12623378448188305,0,0,0
9850,0.1227748692035675,0.1227748692035675,0,0,0
9851,0.11520294100046158,0.11520294100046158,0,0,0
9852,0.12585732154548168,0.12585732154548168,0,0,0
9853,0.13762639835476875,0.13762639835476875,0,0,0
9854,0.13303443789482117,0.13303443789482117,0,0,0
9855,0.11737969517707825,0.11737969517707825,0,0,0
9856,0.12091216631233692,0.12091216631233692,0,0,0
9857,0.11894582770764828,0.11894582770764828,0,0,0
9858,0.1202977504581213,0.1202977504581213,0,0,0
9859,0.12354117445647717,0.12354117445647717,0,0,0
9860,0.1451837234199047,0.1451837234199047,0,0,0
9861,0.121129946783185,0.121129946783185,0,0,0
9862,0.12099269963800907,0.12099269963800907,0,0,0
9863,0.12070303969085217,0.12070303969085217,0,0,0
9864,0.12186013720929623,0.12186013720929623,0,0,0
9865,0.12005347199738026,0.12005347199738026,0,0,0
9866,0.12354037165641785,0.12354037165641785,0,0,0
9867,0.12112238816916943,0.12112238816916943,0,0,0
9868,0.12483450397849083,0.12483450397849083,0,0,0
9869,0.12895801104605198,0.12895801104605198,0,0,0
9870,0.12086071260273457,0.12086071260273457,0,0,0
9871,0.12203263305127621,0.12203263305127621,0,0,0
9872,0.12564018368721008,0.12564018368721008,0,0,0
9873,0.11986090056598186,0.11986090056598186,0,0,0
9874,0.13243579864501953,0.13243579864501953,0,0,0
9875,0.12151706404983997,0.12151706404983997,0,0,0
9876,0.11940373480319977,0.11940373480319977,0,0,0
9877,0.12859344482421875,0.12859344482421875,0,0,0
9878,0.12007750943303108,0.12007750943303108,0,0,0
9879,0.11771892942488194,0.11771892942488194,0,0,0
9880,0.12640922144055367,0.12640922144055367,0,0,0
9881,0.11825821734964848,0.11825821734964848,0,0,0
9882,0.12200110778212547,0.12200110778212547,0,0,0
9883,0.12115119025111198,0.12115119025111198,0,0,0
9884,0.12324392981827259,0.12324392981827259,0,0,0
9885,0.1219492107629776,0.1219492107629776,0,0,0
9886,0.12118920311331749,0.12118920311331749,0,0,0
9887,0.11988475359976292,0.11988475359976292,0,0,0
9888,0.12305441871285439,0.12305441871285439,0,0,0
9889,0.12250556610524654,0.12250556610524654,0,0,0
9890,0.1381007432937622,0.1381007432937622,0,0,0
9891,0.11994131654500961,0.11994131654500961,0,0,0
9892,0.12228615023195744,0.12228615023195744,0,0,0
9893,0.11972921527922153,0.11972921527922153,0,0,0
9894,0.11899300664663315,0.11899300664663315,0,0,0
9895,0.12079080007970333,0.12079080007970333,0,0,0
9896,0.11975246109068394,0.11975246109068394,0,0,0
9897,0.11975215189158916,0.11975215189158916,0,0,0
9898,0.11813289113342762,0.11813289113342762,0,0,0
9899,0.11802900768816471,0.11802900768816471,0,0,0
9900,0.11981657706201077,0.11981657706201077,0,0,0
9901,0.12719435431063175,0.12719435431063175,0,0,0
9902,0.1167911197990179,0.1167911197990179,0,0,0
9903,0.11914851702749729,0.11914851702749729,0,0,0
9904,0.1250370815396309,0.1250370815396309,0,0,0
9905,0.1218005008995533,0.1218005008995533,0,0,0
9906,0.12410498782992363,0.12410498782992363,0,0,0
9907,0.12119089253246784,0.12119089253246784,0,0,0
9908,0.11792225018143654,0.11792225018143654,0,0,0
9909,0.12297391332685947,0.12297391332685947,0,0,0
9910,0.12366215139627457,0.12366215139627457,0,0,0
9911,0.12236821837723255,0.12236821837723255,0,0,0
9912,0.12589554861187935,0.12589554861187935,0,0,0
9913,0.11662046238780022,0.11662046238780022,0,0,0
9914,0.12059105560183525,0.12059105560183525,0,0,0
9915,0.13324952498078346,0.13324952498078346,0,0,0
9916,0.11680853180587292,0.11680853180587292,0,0,0
9917,0.12140502035617828,0.12140502035617828,0,0,0
9918,0.12088596448302269,0.12088596448302269,0,0,0
9919,0.12204938381910324,0.12204938381910324,0,0,0
9920,0.1210874430835247,0.1210874430835247,0,0,0
9921,0.1175075564533472,0.1175075564533472,0,0,0
9922,0.11984764225780964,0.11984764225780964,0,0,0
9923,0.12948601506650448,0.12948601506650448,0,0,0
9924,0.11960116773843765,0.11960116773843765,0,0,0
9925,0.11834405362606049,0.11834405362606049,0,0,0
9926,0.11615721881389618,0.11615721881389618,0,0,0
9927,0.12356230802834034,0.12356230802834034,0,0,0
9928,0.12266292609274387,0.12266292609274387,0,0,0
9929,0.11838060803711414,0.11838060803711414,0,0,0
9930,0.12894846498966217,0.12894846498966217,0,0,0
9931,0.13043798506259918,0.13043798506259918,0,0,0
9932,0.12382318265736103,0.12382318265736103,0,0,0
9933,0.11737813800573349,0.11737813800573349,0,0,0
9934,0.11778555624186993,0.11778555624186993,0,0,0
9935,0.12006608210504055,0.12006608210504055,0,0,0
9936,0.11671164631843567,0.11671164631843567,0,0,0
9937,0.1206116508692503,0.1206116508692503,0,0,0
9938,0.11750286817550659,0.11750286817550659,0,0,0
9939,0.12892748974263668,0.12892748974263668,0,0,0
9940,0.12177929282188416,0.12177929282188416,0,0,0
9941,0.12311572767794132,0.12311572767794132,0,0,0
9942,0.11838856711983681,0.11838856711983681,0,0,0
9943,0.12521755136549473,0.12521755136549473,0,0,0
9944,0.12246443144977093,0.12246443144977093,0,0,0
9945,0.12621513940393925,0.12621513940393925,0,0,0
9946,0.12458238564431667,0.12458238564431667,0,0,0
9947,0.12359216623008251,0.12359216623008251,0,0,0
9948,0.12164271250367165,0.12164271250367165,0,0,0
9949,0.11728090420365334,0.11728090420365334,0,0,0
9950,0.12276614457368851,0.12276614457368851,0,0,0
9951,0.1261242125183344,0.1261242125183344,0,0,0
9952,0.139003224670887,0.139003224670887,0,0,0
9953,0.12084988690912724,0.12084988690912724,0,0,0
9954,0.11951042152941227,0.11951042152941227,0,0,0
9955,0.11968682333827019,0.11968682333827019,0,0,0
9956,0.11819633841514587,0.11819633841514587,0,0,0
9957,0.1212467048317194,0.1212467048317194,0,0,0
9958,0.1263625081628561,0.1263625081628561,0,0,0
9959,0.11928713694214821,0.11928713694214821,0,0,0
9960,0.11950444057583809,0.11950444057583809,0,0,0
9961,0.1265034880489111,0.1265034880489111,0,0,0
9962,0.11910333298146725,0.11910333298146725,0,0,0
9963,0.11631498485803604,0.11631498485803604,0,0,0
9964,0.12517228350043297,0.12517228350043297,0,0,0
9965,0.12378142774105072,0.12378142774105072,0,0,0
9966,0.12457893416285515,0.12457893416285515,0,0,0
9967,0.13576151430606842,0.13576151430606842,0,0,0
9968,0.12707004137337208,0.12707004137337208,0,0,0
9969,0.1161860004067421,0.1161860004067421,0,0,0
9970,0.12709717079997063,0.12709717079997063,0,0,0
9971,0.11520837806165218,0.11520837806165218,0,0,0
9972,0.11721771955490112,0.11721771955490112,0,0,0
9973,0.1261084694415331,0.1261084694415331,0,0,0
9974,0.12298548594117165,0.12298548594117165,0,0,0
9975,0.12371155433356762,0.12371155433356762,0,0,0
9976,0.12047909758985043,0.12047909758985043,0,0,0
9977,0.11903441697359085,0.11903441697359085,0,0,0
9978,0.12219863198697567,0.12219863198697567,0,0,0
9979,0.11749374307692051,0.11749374307692051,0,0,0
9980,0.12074575759470463,0.12074575759470463,0,0,0
9981,0.12093410454690456,0.12093410454690456,0,0,0
9982,0.12840992212295532,0.12840992212295532,0,0,0
9983,0.12158329784870148,0.12158329784870148,0,0,0
9984,0.12274490669369698,0.12274490669369698,0,0,0
9985,0.11961356177926064,0.11961356177926064,0,0,0
9986,0.11955164931714535,0.11955164931714535,0,0,0
9987,0.12514743953943253,0.12514743953943253,0,0,0
9988,0.12312952615320683,0.12312952615320683,0,0,0
9989,0.12533552944660187,0.12533552944660187,0,0,0
9990,0.11496224999427795,0.11496224999427795,0,0,0
9991,0.11875464022159576,0.11875464022159576,0,0,0
9992,0.1265681218355894,0.1265681218355894,0,0,0
9993,0.13018254935741425,0.13018254935741425,0,0,0
9994,0.12034261971712112,0.12034261971712112,0,0,0
9995,0.11825837753713131,0.11825837753713131,0,0,0
9996,0.11798837967216969,0.11798837967216969,0,0,0
9997,0.12162318080663681,0.12162318080663681,0,0,0
9998,0.11760818213224411,0.11760818213224411,0,0,0
9999,0.12481383047997952,0.12481383047997952,0,0,0
