GBW, Gain, Pdiss, Fitness, time, performance weight, solution vector, solution path
23494800.0,136.279,0.00481386,-9.688478296762696,2025-0521-173458,"[1, 1, 1]","[4.52568268e-04 9.52953514e-07 5.88424295e-04 9.75468826e-07
 2.63994302e-04 7.11402744e-07 2.91129788e-04 1.10398125e-06
 5.38499663e-05 1.64815271e-06 6.99939054e-05 6.90615007e-07
 3.62463400e-05 1.16626181e-06 3.07658968e-04 1.17215267e-06
 7.65889029e-04 8.87023302e-07 3.91012962e-04 5.92783951e-07
 3.81410239e-04 5.63422957e-07 4.71035825e-04 1.28776679e-06
 6.53847675e-04 5.03122394e-07 1.37074289e-04 5.87085640e-07
 1.85783175e-12 2.78459448e-12]",STALE
7056340.0,124.213,0.00378313,-9.270728233262568,2025-0521-173839,"[1, 1, 1]","[8.08926653e-04 5.55383095e-07 4.58658335e-05 1.81904739e-06
 4.42989608e-04 5.67076786e-07 1.86784562e-06 1.73216645e-06
 5.80450072e-04 5.97911199e-07 1.16114558e-04 1.99716202e-06
 1.28049024e-04 5.92429414e-07 7.25290507e-04 1.90141554e-06
 7.97151394e-04 1.90860697e-06 7.39124502e-05 1.40580470e-06
 2.07702032e-04 1.72409948e-06 7.29787619e-04 9.41635620e-07
 8.43276051e-04 7.00495460e-07 4.39456392e-04 1.70760371e-06
 1.72887720e-12 1.89541135e-12]",STALE
17248100.0,133.614,0.00472371,-9.562458034070888,2025-0521-174032,"[1, 1, 1]","[1.60619171e-04 5.95173358e-07 8.15338612e-04 8.84877403e-07
 5.53832754e-04 6.25429544e-07 4.86349182e-04 7.22231767e-07
 4.77193494e-04 1.02390795e-06 4.52739631e-05 1.18401116e-06
 5.23944077e-04 7.45892122e-07 9.33058229e-04 5.99698318e-07
 2.11382720e-04 5.38257927e-07 9.26989742e-05 8.97806520e-07
 2.13831763e-04 1.89729294e-06 2.09332867e-04 1.97077990e-06
 6.35042118e-04 1.72329146e-06 7.96983384e-04 1.27892646e-06
 6.70406316e-13 1.95423655e-12]",STALE
466711.0,129.642,0.00243164,-8.283148758144707,2025-0521-174032,"[1, 1, 1]","[7.11090974e-04 1.10219657e-06 4.04192742e-04 1.88020978e-06
 4.29707295e-04 8.67242275e-07 2.20365950e-04 5.60064992e-07
 2.40995044e-04 1.16322921e-06 8.71945339e-07 1.38633656e-06
 7.75936242e-04 1.46933833e-06 9.95520663e-04 1.78678046e-06
 6.58276080e-04 1.04100089e-06 9.73116813e-04 1.78648500e-06
 9.95249598e-04 1.83092305e-06 7.45736645e-04 1.99562552e-06
 8.94026285e-05 1.12354040e-06 5.58008444e-04 5.19949893e-07
 2.01776072e-12 2.13298220e-12]",STALE
13717700.0,132.961,0.00462205,-9.472446661558505,2025-0521-174032,"[1, 1, 1]","[7.86069776e-04 1.24935696e-06 1.30549125e-04 1.93986245e-06
 3.12750448e-04 1.73133326e-06 6.28273045e-05 1.33508367e-06
 1.61011450e-04 6.83065744e-07 6.36318053e-05 1.06212906e-06
 6.15177436e-04 9.26883335e-07 8.20251026e-05 5.00566547e-07
 9.32343067e-04 1.13489098e-06 8.37978469e-04 1.43999329e-06
 7.20569655e-05 9.12384634e-07 3.75220667e-04 7.33458458e-07
 3.37378227e-04 1.94651315e-06 5.23918724e-04 5.38030669e-07
 1.25741491e-12 2.92939024e-12]",STALE
14103100.0,134.545,0.00475678,-9.47200151948177,2025-0521-174237,"[1, 1, 1]","[3.25500403e-04 8.94584410e-07 4.69874205e-04 8.84877403e-07
 5.53832754e-04 6.25429544e-07 6.93497081e-04 7.22231767e-07
 9.45590699e-04 1.02390795e-06 4.22095533e-05 1.44967632e-06
 5.23944077e-04 6.75726582e-07 9.80988295e-04 5.99698318e-07
 2.11382720e-04 5.02596790e-07 9.26989742e-05 1.44442678e-06
 4.47094016e-04 1.33161685e-06 2.09332867e-04 1.61281095e-06
 6.61422592e-04 1.72329146e-06 7.96983384e-04 1.65332477e-06
 7.11337785e-13 2.05823386e-12]",STALE
15195700.0,135.068,0.00367245,-9.616764819308878,2025-0521-174237,"[1, 1, 1]","[3.12347673e-04 5.95173358e-07 8.70168328e-04 8.84877403e-07
 2.74125496e-04 6.92339133e-07 8.42413939e-05 9.15647289e-07
 6.62217355e-04 8.52489586e-07 4.52739631e-05 1.18401116e-06
 4.82413603e-04 1.12402674e-06 9.81522598e-04 5.03800449e-07
 2.11382720e-04 5.38257927e-07 5.76112014e-05 1.44987406e-06
 2.13831763e-04 1.61206394e-06 6.11761768e-04 1.50826783e-06
 6.42508425e-04 1.99940620e-06 8.14694862e-04 1.49221181e-06
 7.86185117e-13 1.95546993e-12]",STALE
20157400.0,131.517,0.00393393,-9.709607886105625,2025-0521-174259,"[1, 1, 1]","[2.70589735e-04 7.47480178e-07 4.97901929e-04 9.96592359e-07
 1.03457284e-04 5.30853159e-07 8.42413939e-05 9.15647289e-07
 6.62217355e-04 8.52489586e-07 6.50457868e-05 1.18401116e-06
 2.32006116e-04 1.12402674e-06 8.29993127e-04 6.36975753e-07
 2.11382720e-04 5.35337528e-07 1.42036260e-04 1.44987406e-06
 1.45223979e-04 1.61206394e-06 5.51848203e-04 1.37562127e-06
 6.42508425e-04 1.79230017e-06 8.14694862e-04 1.42222452e-06
 1.27263425e-12 2.09834135e-12]",STALE
18362200.0,133.041,0.0044486,-9.615701355879512,2025-0521-174259,"[1, 1, 1]","[2.54384063e-04 5.95173358e-07 6.13068788e-04 9.10105985e-07
 4.27886581e-04 5.41389952e-07 8.42413939e-05 9.15647289e-07
 6.62217355e-04 8.52489586e-07 6.23003333e-05 1.18401116e-06
 7.84228930e-04 6.49010033e-07 7.72223780e-04 5.37598591e-07
 2.11382720e-04 6.45665233e-07 1.22230883e-04 8.75245768e-07
 1.37525506e-04 1.32828964e-06 2.37285002e-04 1.50826783e-06
 3.67743518e-04 1.54171185e-06 5.65113979e-04 1.44466902e-06
 7.86185117e-13 2.10532491e-12]",STALE
24728700.0,135.373,0.00642855,-9.585088259775102,2025-0521-174259,"[1, 1, 1]","[3.12347673e-04 5.63174123e-07 7.25635695e-04 8.84877403e-07
 6.78458967e-04 6.92339133e-07 4.96124860e-04 1.49028313e-06
 7.40843414e-04 8.52489586e-07 6.98663590e-05 1.23731564e-06
 4.82413603e-04 1.12402674e-06 9.81522598e-04 5.03800449e-07
 2.78676214e-04 5.38257927e-07 2.25118916e-04 1.44987406e-06
 6.69512355e-05 1.57907864e-06 3.49117793e-04 1.95412986e-06
 5.66498040e-04 1.34680489e-06 8.04242188e-04 1.49221181e-06
 1.94897838e-12 1.95546993e-12]",STALE
29487200.0,125.868,0.0106965,-9.440391839941384,2025-0521-174259,"[1, 1, 1]","[4.30230099e-04 8.12705121e-07 8.70168328e-04 9.95154231e-07
 2.74125496e-04 6.92339133e-07 8.42413939e-05 9.15647289e-07
 8.64219781e-04 8.52489586e-07 9.57794439e-05 1.18401116e-06
 1.33311433e-04 7.94914648e-07 5.00352371e-04 5.99093362e-07
 6.59168023e-04 5.13263080e-07 1.65993206e-04 1.34658202e-06
 7.01450133e-05 1.83319321e-06 6.11761768e-04 1.50826783e-06
 7.10421540e-04 1.99940620e-06 8.14694862e-04 1.38983434e-06
 9.77026659e-13 2.14929532e-12]",STALE
15443500.0,136.969,0.00253255,-9.785187704056668,2025-0521-174259,"[1, 1, 1]","[3.52820564e-04 6.41096452e-07 3.78808820e-04 8.84877403e-07
 2.74125496e-04 1.41371116e-06 2.47558459e-04 5.74969633e-07
 6.62217355e-04 8.52489586e-07 4.52739631e-05 1.18401116e-06
 5.30553253e-04 1.06617674e-06 9.81522598e-04 5.03800449e-07
 2.11382720e-04 6.41795837e-07 1.97472169e-06 9.57894832e-07
 2.83998111e-04 1.65576864e-06 1.83946300e-04 1.67169801e-06
 4.52806587e-04 1.99940620e-06 8.14694862e-04 1.49221181e-06
 7.86185117e-13 2.10570748e-12]",STALE
15655900.0,135.938,0.00416136,-9.57544275034828,2025-0521-174259,"[1, 1, 1]","[3.12347673e-04 7.60054526e-07 6.37249770e-04 9.42323652e-07
 5.61945421e-04 1.39309657e-06 8.42413939e-05 9.15647289e-07
 6.59412208e-04 6.82738760e-07 5.36300437e-05 1.32138337e-06
 2.68121229e-04 1.12402674e-06 9.78832324e-04 8.23493196e-07
 2.11382720e-04 5.00915499e-07 5.76112014e-05 1.03894995e-06
 7.58242884e-04 1.95835171e-06 3.49411725e-04 1.50826783e-06
 9.54196627e-04 1.99940620e-06 7.49841486e-04 1.89907718e-06
 8.34844441e-13 2.16380619e-12]",STALE
6055120.0,137.287,0.00370484,-9.213353297433006,2025-0521-174323,"[1, 1, 1]","[4.77076019e-04 7.91167199e-07 7.09417636e-04 9.48857294e-07
 2.74125496e-04 1.41371116e-06 1.47326534e-04 7.04762913e-07
 6.62217355e-04 8.52489586e-07 1.67099293e-05 1.18401116e-06
 4.14162886e-04 1.06617674e-06 9.81522598e-04 5.03800449e-07
 3.42006930e-04 6.41795837e-07 1.87796293e-04 9.70040727e-07
 7.31110655e-04 1.65576864e-06 4.03791167e-04 1.67169801e-06
 4.86686184e-04 1.95156322e-06 9.15564296e-04 1.49221181e-06
 8.70190182e-13 2.06608418e-12]",STALE
15078400.0,138.571,0.00346522,-9.638624447773642,2025-0521-174323,"[1, 1, 1]","[3.52820564e-04 6.37479236e-07 3.78808820e-04 9.59618036e-07
 7.22339267e-04 1.37279059e-06 1.36402568e-04 9.48206957e-07
 6.62217355e-04 1.31394577e-06 4.52739631e-05 1.18401116e-06
 3.02505575e-04 8.99286993e-07 7.85994492e-04 5.03800449e-07
 2.11382720e-04 6.41795837e-07 1.96985460e-04 8.57976433e-07
 1.15189942e-04 1.65576864e-06 3.93096185e-04 1.67169801e-06
 7.50151248e-04 1.83155601e-06 8.14694862e-04 1.46108210e-06
 1.32442874e-12 2.07613150e-12]",STALE
18288300.0,138.427,0.00245443,-9.872222686651403,2025-0521-174323,"[1, 1, 1]","[6.48768000e-04 6.41096452e-07 9.26885978e-04 8.84877403e-07
 2.74125496e-04 8.29713561e-07 2.05431204e-04 1.14133492e-06
 5.64215559e-04 8.52489586e-07 8.16744924e-05 1.97045475e-06
 5.30553253e-04 1.25815710e-06 9.53267003e-04 5.03800449e-07
 1.60970932e-04 6.41795837e-07 1.85376939e-04 9.57894832e-07
 5.95238217e-04 1.65576864e-06 1.83946300e-04 1.90171700e-06
 4.52806587e-04 1.99940620e-06 8.38304961e-04 1.49221181e-06
 1.61225956e-12 2.16114840e-12]",STALE
13341700.0,136.809,0.00192711,-9.840304665909883,2025-0521-174323,"[1, 1, 1]","[3.52820564e-04 6.41096452e-07 5.89770393e-04 7.76852410e-07
 4.81264731e-04 8.10480972e-07 2.47558459e-04 7.84285385e-07
 6.62217355e-04 1.07804379e-06 4.52739631e-05 1.18401116e-06
 3.82413103e-04 7.28682506e-07 5.43913713e-04 9.94418887e-07
 5.63497568e-05 6.41795837e-07 1.89633615e-04 9.57894832e-07
 7.36715277e-04 1.65576864e-06 1.83946300e-04 1.67169801e-06
 6.19180028e-04 1.94164425e-06 3.84773122e-04 1.99033128e-06
 5.32831827e-13 2.44360098e-12]",STALE
14039200.0,137.728,0.00232278,-9.781334283024101,2025-0521-174349,"[1, 1, 1]","[3.28849122e-04 9.29759219e-07 3.64468987e-04 8.84877403e-07
 2.74125496e-04 8.29713561e-07 1.74235176e-04 1.14133492e-06
 3.67886070e-04 7.89054305e-07 6.26039460e-05 1.55057916e-06
 3.42385147e-05 1.12809297e-06 4.01027752e-04 5.03800449e-07
 1.60970932e-04 6.41795837e-07 4.70519006e-04 9.57894832e-07
 5.95238217e-04 1.65576864e-06 4.05795320e-04 8.51992548e-07
 6.58223691e-04 1.96121606e-06 8.38304961e-04 1.49221181e-06
 9.81767058e-13 2.66249019e-12]",STALE
21690300.0,139.627,0.00357663,-9.782791543815241,2025-0521-174349,"[1, 1, 1]","[6.20614300e-04 8.49666225e-07 5.10804842e-04 1.15225040e-06
 2.63994302e-04 7.11402744e-07 2.91129788e-04 1.22045367e-06
 2.01614811e-05 1.64815271e-06 6.99939054e-05 8.09820555e-07
 3.62463400e-05 1.15126942e-06 6.43872747e-04 1.43017006e-06
 9.44194968e-04 1.20235370e-06 3.79321771e-04 6.51451559e-07
 3.81410239e-04 5.25251457e-07 7.19472623e-04 1.12137125e-06
 6.40435331e-04 7.71560526e-07 1.37074289e-04 6.30466010e-07
 2.02177266e-12 2.78459448e-12]",STALE
21811400.0,133.034,0.00379446,-9.759533563376188,2025-0521-174349,"[1, 1, 1]","[6.48768000e-04 6.41096452e-07 9.26885978e-04 8.84877403e-07
 2.74125496e-04 5.50209299e-07 2.05431204e-04 5.49066057e-07
 5.41164197e-04 8.52489586e-07 4.42962007e-05 8.82387027e-07
 5.30553253e-04 1.67094177e-06 9.53267003e-04 7.99527645e-07
 3.27372874e-04 7.19224173e-07 1.85376939e-04 1.01339148e-06
 3.13607640e-04 1.54826567e-06 3.91424235e-04 1.90171700e-06
 3.66982906e-04 8.08078662e-07 8.38304961e-04 1.49221181e-06
 1.61225956e-12 1.67199510e-12]",STALE
12114500.0,137.814,0.0021228,-9.756396415312954,2025-0521-174441,"[1, 1, 1]","[6.48768000e-04 6.41096452e-07 2.05142148e-04 1.49477026e-06
 7.17497773e-04 8.29713561e-07 2.05431204e-04 1.14133492e-06
 4.37201370e-04 8.52489586e-07 4.50590576e-05 1.62676686e-06
 5.14243009e-04 1.89169741e-06 5.56336819e-04 8.60811610e-07
 1.27079825e-04 6.41795837e-07 6.55645352e-04 9.57894832e-07
 5.95238217e-04 1.58493853e-06 2.80117289e-04 1.18506734e-06
 9.71586249e-04 1.58201128e-06 9.11995432e-04 1.49221181e-06
 6.44036862e-13 2.16114840e-12]",STALE
24842600.0,134.763,0.00655525,-9.578607787488517,2025-0521-174510,"[1, 1, 1]","[4.67423195e-04 8.05584176e-07 9.26885978e-04 1.49900761e-06
 2.74125496e-04 7.72818655e-07 5.62943507e-04 1.14133492e-06
 3.15951839e-04 9.32231909e-07 8.16744924e-05 8.36184748e-07
 3.99953444e-04 1.25815710e-06 9.53267003e-04 7.92101490e-07
 8.95685917e-04 6.43174726e-07 4.19088787e-04 1.03359021e-06
 4.14931986e-04 1.65576864e-06 1.83946300e-04 1.90171700e-06
 8.06003396e-04 1.99940620e-06 8.35452273e-04 1.49221181e-06
 8.18059105e-13 2.90792241e-12]",STALE
26186400.0,126.111,0.00747711,-9.54434202764021,2025-0521-174510,"[1, 1, 1]","[6.48768000e-04 5.19627697e-07 4.20626548e-04 1.22923930e-06
 2.74125496e-04 6.61683716e-07 2.86565385e-04 1.33810395e-06
 5.64215559e-04 8.52489586e-07 8.16744924e-05 1.18934417e-06
 5.30553253e-04 1.25815710e-06 2.14351921e-04 6.50965130e-07
 8.18487714e-04 5.65942742e-07 1.41066845e-04 9.57894832e-07
 9.16325797e-04 1.76157343e-06 2.01695578e-04 1.90171700e-06
 7.88045308e-04 1.69519071e-06 8.38304961e-04 1.49221181e-06
 1.10208135e-12 2.16114840e-12]",STALE
12714400.0,137.057,0.0019118,-9.822853413112862,2025-0521-174510,"[1, 1, 1]","[6.48768000e-04 8.12980343e-07 4.38495605e-04 1.94754386e-06
 3.64745110e-04 1.16643792e-06 1.51868175e-04 1.14133492e-06
 6.98410819e-04 7.85634551e-07 5.48721712e-05 1.97045475e-06
 2.78977950e-04 9.18604359e-07 3.32419037e-04 7.44583909e-07
 1.22843561e-04 5.37098766e-07 1.30959785e-04 1.23189254e-06
 3.99966108e-04 1.65576864e-06 2.34537280e-04 1.93035001e-06
 4.52806587e-04 1.82229966e-06 9.98806477e-04 1.75044772e-06
 8.24066982e-13 2.16114840e-12]",STALE
22733900.0,135.199,0.00390351,-9.765218649047764,2025-0521-174535,"[1, 1, 1]","[4.66430646e-04 6.41096452e-07 9.26885978e-04 1.14752532e-06
 2.38209674e-04 5.20237227e-07 2.05431204e-04 1.14133492e-06
 5.64215559e-04 8.62066207e-07 8.16744924e-05 1.31659427e-06
 4.72107659e-04 1.25815710e-06 9.53267003e-04 5.03800449e-07
 4.67651379e-04 7.32294417e-07 1.94553873e-04 1.43738829e-06
 5.95238217e-04 1.65576864e-06 2.78414711e-04 1.64841403e-06
 4.52806587e-04 1.99940620e-06 6.21480988e-04 1.10410111e-06
 1.61225956e-12 2.25797250e-12]",STALE
18323300.0,135.333,0.0023436,-9.893120202852598,2025-0521-174557,"[1, 1, 1]","[4.79230881e-04 5.02665488e-07 9.26885978e-04 1.64884189e-06
 2.74125496e-04 6.92700849e-07 2.05431204e-04 1.09531364e-06
 6.14375330e-04 8.52489586e-07 8.16744924e-05 1.97045475e-06
 5.30553253e-04 7.72172891e-07 9.53267003e-04 7.96206890e-07
 1.60970932e-04 6.29069591e-07 6.79782188e-04 1.92622378e-06
 4.76265790e-04 5.34605442e-07 1.91070852e-04 1.90171700e-06
 4.52806587e-04 1.99940620e-06 8.38304961e-04 1.49221181e-06
 1.64600978e-12 2.16114840e-12]",STALE
25379800.0,133.818,0.00435928,-9.765073430417434,2025-0521-174608,"[1, 1, 1]","[4.79230881e-04 6.76310713e-07 9.26885978e-04 1.64884189e-06
 1.61899532e-04 1.03046789e-06 4.47131501e-04 1.09531364e-06
 3.84356644e-04 6.71549923e-07 8.37446420e-05 1.21198010e-06
 5.30553253e-04 5.02548084e-07 9.53267003e-04 7.96206890e-07
 5.15314254e-04 6.71762703e-07 1.69583021e-04 1.92622378e-06
 4.76265790e-04 5.34605442e-07 4.10456659e-05 1.97687350e-06
 4.52806587e-04 1.99940620e-06 8.38304961e-04 1.45225637e-06
 1.64600978e-12 2.28325274e-12]",STALE
16157300.0,136.58,0.00237196,-9.833261427851962,2025-0521-174630,"[1, 1, 1]","[3.27922963e-04 5.77982789e-07 9.26885978e-04 1.64884189e-06
 1.96026233e-04 1.02841206e-06 4.71111991e-05 1.24523737e-06
 4.46713227e-04 8.52489586e-07 7.88596930e-05 1.43910334e-06
 5.52204039e-04 7.30224371e-07 9.53267003e-04 7.96206890e-07
 1.60970932e-04 6.29069591e-07 4.77659624e-05 1.95108144e-06
 4.76265790e-04 5.34605442e-07 9.37943442e-05 1.41986500e-06
 4.62453936e-04 1.54758993e-06 8.04942571e-04 1.58720781e-06
 1.65195433e-12 2.49471727e-12]",STALE
15929000.0,138.018,0.00145105,-10.040506134735297,2025-0521-174651,"[1, 1, 1]","[4.79230881e-04 5.97217238e-07 1.39720067e-04 1.64884189e-06
 2.74125496e-04 6.92700849e-07 2.05431204e-04 1.40093799e-06
 4.21492273e-04 8.94642201e-07 7.48033849e-05 1.97045475e-06
 9.55056181e-04 7.72172891e-07 8.24991972e-04 5.58123253e-07
 1.60970932e-04 6.29069591e-07 6.79782188e-04 1.77542892e-06
 4.63894470e-04 6.71060204e-07 6.54459815e-04 1.65639992e-06
 2.63380300e-04 1.96465023e-06 3.54530851e-04 1.49221181e-06
 1.50499309e-12 2.16114840e-12]",STALE
11059000.0,138.725,0.00116072,-9.978988390364673,2025-0521-174710,"[1, 1, 1]","[4.79230881e-04 5.97217238e-07 4.19375955e-05 1.64884189e-06
 2.74125496e-04 6.92700849e-07 2.05431204e-04 1.40093799e-06
 2.18487845e-04 8.94642201e-07 5.22587264e-05 1.97045475e-06
 8.68934670e-04 1.48988576e-06 8.24991972e-04 5.58123253e-07
 1.93046767e-04 6.11003974e-07 2.30741708e-04 1.59345361e-06
 2.04617256e-04 6.71060204e-07 6.54459815e-04 1.65639992e-06
 2.63380300e-04 1.96465023e-06 8.24251582e-04 1.54391205e-06
 1.50499309e-12 2.26398733e-12]",STALE
16825000.0,137.503,0.00219395,-9.884728347091931,2025-0521-174710,"[1, 1, 1]","[4.79230881e-04 5.97217238e-07 1.39720067e-04 1.62538910e-06
 5.25590402e-04 9.02288996e-07 2.05431204e-04 8.93588692e-07
 4.97200733e-04 8.94642201e-07 7.48033849e-05 1.97045475e-06
 7.26296530e-04 7.65935350e-07 8.24991972e-04 5.58123253e-07
 2.22560485e-04 6.29069591e-07 8.93931328e-04 8.19181162e-07
 7.35566763e-04 1.66702727e-06 3.60450620e-04 1.65639992e-06
 4.84697247e-04 1.96465023e-06 2.63164485e-04 1.49221181e-06
 1.50499309e-12 2.16114840e-12]",STALE
12358700.0,138.131,0.00194903,-9.802154266180365,2025-0521-174727,"[1, 1, 1]","[6.25295882e-04 6.16507955e-07 1.39720067e-04 1.80045152e-06
 2.74125496e-04 1.00263108e-06 2.05431204e-04 1.81367007e-06
 6.69275244e-04 9.18972242e-07 5.27546820e-05 1.83179822e-06
 7.41811108e-04 9.43077727e-07 6.22484595e-04 5.38900332e-07
 2.12459527e-04 6.29069591e-07 5.72824040e-04 1.16969461e-06
 6.58727130e-04 1.77948506e-06 3.14253893e-04 1.65639992e-06
 2.63380300e-04 1.79740289e-06 7.97256019e-04 1.49221181e-06
 1.50499309e-12 2.15062851e-12]",STALE
12302600.0,139.295,0.00246907,-9.697463501140549,2025-0521-174747,"[1, 1, 1]","[4.79230881e-04 6.57193267e-07 6.40857656e-04 6.38187677e-07
 3.44372348e-04 9.60390743e-07 2.05431204e-04 1.50081957e-06
 4.21492273e-04 8.08773429e-07 5.67954868e-05 1.85277065e-06
 7.07425485e-04 7.72172891e-07 8.24991972e-04 6.47647188e-07
 1.60970932e-04 6.29069591e-07 3.17655446e-04 1.82915670e-06
 5.67865926e-04 1.91481389e-06 4.49953319e-04 1.65639992e-06
 4.14037469e-04 1.83615577e-06 2.86150411e-04 1.49221181e-06
 1.63691658e-12 2.32292314e-12]",STALE
16237000.0,140.009,0.00119767,-10.13216861947381,2025-0521-174747,"[1, 1, 1]","[6.92549826e-04 6.50263773e-07 2.63862018e-04 7.21729368e-07
 5.75769735e-04 6.92700849e-07 2.18321523e-04 1.40093799e-06
 1.09913194e-04 8.94642201e-07 7.48033849e-05 1.85471558e-06
 8.11199456e-04 1.02558704e-06 8.24991972e-04 5.58123253e-07
 1.16942848e-04 6.29069591e-07 1.39118506e-04 1.26263642e-06
 4.63894470e-04 1.56832076e-06 2.66634450e-04 1.65639992e-06
 4.64203191e-04 1.96465023e-06 8.08743768e-04 1.54415747e-06
 6.79392929e-13 2.29396158e-12]",STALE
16348100.0,139.511,0.00155353,-10.02214764131994,2025-0521-174747,"[1, 1, 1]","[7.12717958e-04 7.61556901e-07 1.66254380e-04 1.64884189e-06
 3.64001434e-04 6.92700849e-07 2.05431204e-04 1.40093799e-06
 4.21492273e-04 8.18048823e-07 7.59806749e-05 1.88568895e-06
 8.19979481e-04 1.76707956e-06 8.24991972e-04 6.28147716e-07
 2.57536120e-04 7.12805615e-07 5.44858545e-04 1.77542892e-06
 4.63894470e-04 8.41121211e-07 6.54459815e-04 8.39137658e-07
 2.63380300e-04 1.96465023e-06 3.75718990e-04 1.79020181e-06
 7.33857924e-13 2.25336326e-12]",STALE
18294400.0,141.286,0.00207785,-9.94470397790186,2025-0521-174818,"[1, 1, 1]","[6.92549826e-04 1.13160786e-06 3.20859318e-04 7.21729368e-07
 3.94814568e-04 7.97820667e-07 3.83148528e-04 1.31643483e-06
 3.06606574e-04 8.27582577e-07 7.48033849e-05 1.65852056e-06
 8.52030216e-04 1.82033268e-06 6.31521562e-04 5.58123253e-07
 1.16942848e-04 6.29069591e-07 5.22859532e-04 1.36537218e-06
 4.21695715e-04 1.54039472e-06 2.66634450e-04 1.02283259e-06
 8.14400071e-04 1.94524809e-06 7.78591101e-04 1.24872034e-06
 6.79392929e-13 2.29396158e-12]",STALE
32516600.0,136.533,0.00279729,-10.065367635823767,2025-0521-174818,"[1, 1, 1]","[6.92549826e-04 6.50263773e-07 2.89169618e-04 1.12164471e-06
 3.66984116e-04 7.65632343e-07 2.18321523e-04 5.90356955e-07
 3.13692500e-04 8.94642201e-07 1.48710045e-04 1.81021767e-06
 8.11199456e-04 1.02558704e-06 8.24991972e-04 5.58123253e-07
 3.06870083e-04 5.54366354e-07 4.25268482e-04 1.26263642e-06
 4.27963125e-04 1.56832076e-06 6.78925242e-04 6.52440734e-07
 8.32531038e-04 1.87379941e-06 6.82176092e-04 1.68793313e-06
 5.66123379e-13 2.33109969e-12]",./circuit_database/NGCC/result_folder/2025-0521-174818
16799900.0,140.943,0.00181843,-9.965610108975005,2025-0521-174818,"[1, 1, 1]","[6.92549826e-04 6.94093666e-07 2.95052639e-05 7.21729368e-07
 5.75769735e-04 8.44517172e-07 2.08032100e-04 1.40093799e-06
 1.09913194e-04 8.75459075e-07 7.48033849e-05 1.79259267e-06
 6.60189203e-04 1.94319367e-06 8.24991972e-04 6.20131475e-07
 2.87619469e-04 6.02330964e-07 6.60411670e-04 1.77474692e-06
 4.63894470e-04 1.59978437e-06 2.66634450e-04 7.36764714e-07
 7.89710269e-04 1.96465023e-06 8.08743768e-04 1.75640324e-06
 7.57836070e-13 2.29396158e-12]",STALE
15974500.0,140.857,0.00150122,-10.026982932009357,2025-0521-174818,"[1, 1, 1]","[6.92549826e-04 6.50263773e-07 4.94203322e-04 7.21729368e-07
 5.75769735e-04 8.42210037e-07 2.18321523e-04 1.67031252e-06
 1.09913194e-04 9.42347161e-07 7.48033849e-05 1.85471558e-06
 8.76724176e-04 1.03761272e-06 7.20461855e-04 5.58123253e-07
 1.16942848e-04 6.15329196e-07 1.39118506e-04 8.58173653e-07
 6.30292286e-04 1.56832076e-06 3.13319067e-04 1.83259663e-06
 4.64203191e-04 1.96465023e-06 8.08743768e-04 1.48763166e-06
 7.56153800e-13 2.29396158e-12]",STALE
16203800.0,141.482,0.00303092,-9.728042400663286,2025-0521-174848,"[1, 1, 1]","[8.62423506e-04 1.07007136e-06 4.08275864e-04 5.65650418e-07
 6.02792015e-04 9.98895394e-07 2.18321523e-04 1.40093799e-06
 3.03547473e-04 8.94642201e-07 7.48033849e-05 1.85471558e-06
 8.11199456e-04 1.02558704e-06 8.24991972e-04 6.91396198e-07
 3.06031177e-04 6.29069591e-07 3.72564884e-04 1.26263642e-06
 4.63894470e-04 1.81255016e-06 6.46586406e-04 1.60042337e-06
 6.67692379e-04 1.76821014e-06 9.15162404e-04 1.54415747e-06
 8.02715217e-13 2.29396158e-12]",STALE
19290100.0,138.25,0.00249529,-9.888213452890936,2025-0521-174920,"[1, 1, 1]","[6.84103252e-04 6.50263773e-07 2.27511482e-04 7.21729368e-07
 5.82856764e-04 7.33281987e-07 3.65538351e-04 1.46238294e-06
 3.51124448e-04 9.27723897e-07 8.09166287e-05 1.64773046e-06
 9.82527898e-04 1.73374641e-06 8.24991972e-04 9.89369158e-07
 2.87945218e-04 6.74627135e-07 4.45045225e-04 1.26263642e-06
 3.71113016e-04 5.44322535e-07 7.46681593e-04 1.05536523e-06
 7.99639787e-04 1.77494402e-06 8.08743768e-04 1.54415747e-06
 8.80998533e-13 2.29396158e-12]",STALE
17741200.0,139.968,0.00162694,-10.037611454941755,2025-0521-174949,"[1, 1, 1]","[6.29416844e-04 7.09890935e-07 2.63862018e-04 7.21729368e-07
 5.75769735e-04 6.13061701e-07 2.18321523e-04 1.71401628e-06
 1.93108827e-04 9.05151110e-07 8.48299243e-05 1.85471558e-06
 9.59239772e-04 1.46671950e-06 8.24991972e-04 5.00947382e-07
 1.81208315e-04 6.26606601e-07 1.39118506e-04 1.26263642e-06
 4.63894470e-04 1.12496500e-06 4.70197925e-04 1.55262963e-06
 6.05817779e-04 1.96465023e-06 8.08743768e-04 1.51625516e-06
 1.35678101e-12 2.29396158e-12]",STALE
15534100.0,141.35,0.00159022,-9.989828885352768,2025-0521-174949,"[1, 1, 1]","[7.59526872e-04 9.34106801e-07 2.19449563e-04 7.21729368e-07
 3.50578278e-04 6.92700849e-07 2.04050316e-04 1.96022453e-06
 2.35667285e-04 8.43954508e-07 7.48033849e-05 1.85471558e-06
 9.47351180e-04 1.19140766e-06 8.24991972e-04 6.92380231e-07
 1.38575865e-04 5.74707929e-07 2.15297632e-04 1.64474839e-06
 4.72798314e-04 1.11483870e-06 2.66634450e-04 1.33342923e-06
 6.62070892e-04 1.92703865e-06 5.94043241e-04 1.54415747e-06
 1.14586663e-12 2.29396158e-12]",STALE
15987400.0,140.053,0.00142502,-10.049956881352562,2025-0521-174949,"[1, 1, 1]","[6.74386262e-04 7.61399990e-07 2.06002568e-04 5.25654685e-07
 6.86428968e-04 6.83963603e-07 4.19503921e-04 1.27648424e-06
 2.52511329e-04 8.94642201e-07 6.99550486e-05 1.72580513e-06
 8.11199456e-04 1.43187533e-06 7.60740684e-04 5.58123253e-07
 1.38988072e-04 6.29790612e-07 1.39118506e-04 8.61772716e-07
 4.63894470e-04 1.64583461e-06 3.06810580e-04 1.65639992e-06
 4.64203191e-04 1.84834670e-06 7.03042575e-04 1.54415747e-06
 1.45506920e-12 2.42611468e-12]",STALE
17120300.0,140.322,0.00136287,-10.09905693878669,2025-0521-174949,"[1, 1, 1]","[7.32552544e-04 6.50263773e-07 2.63862018e-04 7.21729368e-07
 4.07137706e-04 6.69335450e-07 2.53496855e-04 1.36529766e-06
 3.05861714e-05 8.35492330e-07 7.48033849e-05 1.85471558e-06
 8.04676214e-04 6.59908875e-07 7.09291235e-04 5.58123253e-07
 1.16942848e-04 5.77543457e-07 3.85319952e-04 1.26263642e-06
 7.21347840e-04 1.56832076e-06 2.66634450e-04 1.78674985e-06
 5.89406229e-04 1.96465023e-06 6.16568855e-04 1.54415747e-06
 6.79392929e-13 2.20194397e-12]",STALE
14639900.0,139.964,0.000938633,-10.193042291361976,2025-0521-174949,"[1, 1, 1]","[6.92549826e-04 6.50263773e-07 8.83964022e-05 1.05948834e-06
 4.06572317e-04 6.38418841e-07 2.18321523e-04 1.40856565e-06
 4.37491923e-05 8.49980840e-07 6.52335083e-05 1.78845689e-06
 8.11199456e-04 1.62144466e-06 7.71628443e-04 5.58123253e-07
 1.16942848e-04 5.95502876e-07 3.34668154e-04 1.14745330e-06
 5.16645917e-04 1.56832076e-06 2.66634450e-04 1.94957576e-06
 3.72247301e-04 1.64667761e-06 8.08743768e-04 1.50611072e-06
 6.60972204e-13 2.29396158e-12]",STALE
16698400.0,139.339,0.00120144,-10.14297277311824,2025-0521-175013,"[1, 1, 1]","[5.96558110e-04 6.50263773e-07 2.12597559e-04 1.42900886e-06
 4.06572317e-04 6.38418841e-07 2.18321523e-04 1.40856565e-06
 1.34040263e-04 8.64720806e-07 6.76909556e-05 1.51567711e-06
 6.63799862e-04 1.00592714e-06 8.73318888e-04 6.64553624e-07
 1.10176019e-04 5.60498327e-07 3.93383491e-04 1.24342531e-06
 5.84867360e-04 1.26494524e-06 2.66634450e-04 1.94957576e-06
 4.55751174e-04 1.66741440e-06 5.68328403e-04 1.41376666e-06
 6.60972204e-13 2.31628997e-12]",STALE
14874900.0,138.943,0.000991477,-10.176171410745065,2025-0521-175013,"[1, 1, 1]","[4.67703719e-04 6.50263773e-07 1.39406701e-04 1.05948834e-06
 2.59363641e-04 6.38418841e-07 2.57452526e-04 8.00044721e-07
 4.37491923e-05 8.49980840e-07 6.52335083e-05 1.78845689e-06
 6.69744980e-04 1.38686069e-06 7.71628443e-04 5.58123253e-07
 1.16942848e-04 5.93607158e-07 3.34668154e-04 1.61139928e-06
 5.16645917e-04 1.24674732e-06 2.66634450e-04 1.50417438e-06
 4.07199676e-04 1.78938594e-06 8.08743768e-04 1.43043203e-06
 1.16780701e-12 2.38231841e-12]",STALE
14433900.0,141.638,0.000929462,-10.191152053288212,2025-0521-175013,"[1, 1, 1]","[5.38288158e-04 8.78875883e-07 5.55438623e-05 7.30672501e-07
 2.64532841e-04 6.98674312e-07 2.98890235e-04 1.85805335e-06
 4.37491923e-05 8.49980840e-07 6.47189424e-05 1.78845689e-06
 8.11199456e-04 1.96651703e-06 6.91623749e-04 5.19775394e-07
 1.28776921e-04 5.34096125e-07 3.34668154e-04 5.75389098e-07
 3.03040382e-04 1.54190015e-06 4.15654017e-05 1.75750593e-06
 2.48624447e-04 1.79510108e-06 8.08743768e-04 1.50611072e-06
 1.58416465e-12 2.29396158e-12]",./circuit_database/NGCC/result_folder/2025-0521-175013
15183100.0,140.223,0.00107041,-10.151810294703722,2025-0521-175125,"[1, 1, 1]","[6.20022734e-04 6.50263773e-07 1.07652659e-04 1.10970186e-06
 4.06572317e-04 6.59130629e-07 2.18321523e-04 1.70261873e-06
 4.37491923e-05 8.49980840e-07 6.78963015e-05 1.69741178e-06
 7.60640129e-04 1.67635201e-06 7.33784566e-04 6.68463333e-07
 1.56590373e-04 6.05395927e-07 3.34668154e-04 1.14745330e-06
 5.99255094e-04 1.34693581e-06 3.60965184e-04 1.82222970e-06
 3.72247301e-04 1.64667761e-06 8.08743768e-04 1.51587390e-06
 8.01675421e-13 2.35492710e-12]",STALE
15932300.0,140.412,0.00109771,-10.161790854845002,2025-0521-175125,"[1, 1, 1]","[6.65261997e-04 7.15336630e-07 3.91848550e-05 1.05948834e-06
 4.06572317e-04 6.38418841e-07 2.18321523e-04 1.40856565e-06
 6.46804114e-05 8.44069636e-07 6.52335083e-05 1.56273070e-06
 8.11199456e-04 1.47458218e-06 8.13952328e-04 5.58123253e-07
 1.58671230e-04 6.26329369e-07 4.09854739e-04 1.14745330e-06
 6.47456702e-04 1.47024817e-06 1.37669037e-04 1.77006488e-06
 4.47407551e-04 1.62266053e-06 6.46603450e-04 1.57988428e-06
 6.29322827e-13 2.29396158e-12]",STALE
14827400.0,139.013,0.00107013,-10.141628464485409,2025-0521-175125,"[1, 1, 1]","[7.24358656e-04 5.33539653e-07 8.83964022e-05 1.07442258e-06
 3.97996767e-04 6.38418841e-07 2.10411920e-04 1.70892808e-06
 8.97925840e-05 8.63914513e-07 6.63536350e-05 1.68962654e-06
 8.11199456e-04 1.62144466e-06 7.28121435e-04 5.35480221e-07
 1.45414215e-04 6.07711787e-07 1.66098541e-04 1.14745330e-06
 5.16645917e-04 1.49576818e-06 2.42952705e-04 1.93178319e-06
 4.51798643e-04 1.79054482e-06 8.08743768e-04 1.53967564e-06
 6.60972204e-13 2.34926282e-12]",STALE
16448100.0,139.891,0.00129829,-10.10274402573534,2025-0521-175149,"[1, 1, 1]","[6.92549826e-04 6.50263773e-07 1.28845075e-04 1.05859746e-06
 3.86422712e-04 6.74995135e-07 2.74381185e-04 1.30174480e-06
 4.37491923e-05 8.31123544e-07 6.98520383e-05 1.72589237e-06
 6.94089080e-04 1.64866365e-06 7.71628443e-04 6.40895629e-07
 1.64383182e-04 5.91341831e-07 4.78783299e-04 1.14745330e-06
 6.43610622e-04 1.56832076e-06 3.02063642e-04 1.97697984e-06
 5.34439810e-04 1.78271123e-06 9.31918334e-04 1.45512542e-06
 9.62113562e-13 2.29396158e-12]",STALE
16744700.0,140.389,0.00099342,-10.226744471906379,2025-0521-175149,"[1, 1, 1]","[6.55077095e-04 6.50263773e-07 8.83964022e-05 1.21888037e-06
 4.80980443e-04 7.04797248e-07 3.94695212e-04 1.42547071e-06
 4.37491923e-05 8.43118411e-07 6.94219488e-05 1.78845689e-06
 7.01905118e-04 1.71110629e-06 8.59977628e-04 6.49282627e-07
 1.23005670e-04 5.65349112e-07 2.95244772e-04 8.28493505e-07
 3.77750241e-04 1.56832076e-06 3.66198675e-04 1.94832201e-06
 3.72247301e-04 1.64667761e-06 8.32118097e-04 1.53705784e-06
 8.65331127e-13 2.23219222e-12]",STALE
18258800.0,139.529,0.00171583,-10.026997974679912,2025-0521-175210,"[1, 1, 1]","[6.55077095e-04 6.62650589e-07 1.46882859e-04 1.25673099e-06
 4.97924796e-04 6.78012767e-07 2.82450464e-04 1.10394333e-06
 2.48133671e-05 8.74953733e-07 7.70028191e-05 1.74036414e-06
 8.05313945e-04 1.71110629e-06 8.80181766e-04 6.49282627e-07
 1.23005670e-04 5.65349112e-07 3.59411114e-04 5.11951910e-07
 1.66514595e-04 1.53520908e-06 3.24877704e-04 1.94832201e-06
 5.51525679e-04 1.53669918e-06 9.68573143e-04 1.51368018e-06
 1.01653532e-12 2.23219222e-12]",STALE
16789700.0,140.159,0.00103496,-10.210119371050352,2025-0521-175210,"[1, 1, 1]","[7.07647433e-04 6.06401744e-07 8.83964022e-05 1.34897001e-06
 4.80980443e-04 7.38307010e-07 3.94695212e-04 1.42547071e-06
 5.88036088e-05 8.43118411e-07 6.94219488e-05 1.78845689e-06
 6.47783858e-04 1.82357914e-06 9.54320597e-04 5.75035874e-07
 1.48945442e-04 5.42092460e-07 1.75069559e-04 6.01240409e-07
 3.77750241e-04 1.42168778e-06 3.66198675e-04 1.68584567e-06
 3.38506951e-04 1.64667761e-06 7.41550816e-04 1.47579300e-06
 5.79393267e-13 2.23219222e-12]",STALE
17246600.0,140.439,0.00147333,-10.068403458838823,2025-0521-175210,"[1, 1, 1]","[7.01831797e-04 6.50263773e-07 2.56254809e-04 1.20696712e-06
 5.32033586e-04 7.55906949e-07 3.94695212e-04 1.22208352e-06
 4.37491923e-05 8.43118411e-07 6.94219488e-05 1.76715346e-06
 5.50851019e-04 1.71110629e-06 9.23594712e-04 6.49282627e-07
 1.58007477e-04 5.83546953e-07 3.07968518e-04 8.28493505e-07
 4.09349194e-04 1.39979984e-06 3.08757397e-04 1.92540115e-06
 4.95951666e-04 1.64667761e-06 9.24501784e-04 1.59785198e-06
 5.09530730e-13 2.23219222e-12]",STALE
17276200.0,139.497,0.00150115,-10.061024132477337,2025-0521-175210,"[1, 1, 1]","[6.55077095e-04 5.87020825e-07 2.15999867e-04 1.16744837e-06
 5.15620663e-04 7.47523241e-07 5.80752132e-04 1.14576095e-06
 1.00945670e-04 8.43118411e-07 6.94219488e-05 1.78845689e-06
 7.01905118e-04 1.71110629e-06 8.59977628e-04 5.84002726e-07
 1.55917064e-04 5.52209342e-07 2.00831447e-04 7.67342268e-07
 4.64045758e-04 1.56832076e-06 2.53306959e-04 1.94832201e-06
 5.32192809e-04 1.57429061e-06 8.81470052e-04 1.55460417e-06
 5.86623017e-13 2.23543572e-12]",STALE
17231400.0,140.795,0.0012626,-10.135054779025143,2025-0521-175210,"[1, 1, 1]","[6.30798141e-04 5.98282776e-07 8.83964022e-05 1.18195422e-06
 4.80980443e-04 7.98168619e-07 5.87058244e-04 1.53619529e-06
 4.37491923e-05 8.43118411e-07 6.94219488e-05 1.77339101e-06
 8.50451444e-04 1.85865890e-06 9.38618495e-04 6.95644736e-07
 1.73159638e-04 5.65349112e-07 1.67284466e-04 1.17719095e-06
 3.65366117e-04 1.56832076e-06 3.66198675e-04 1.88800164e-06
 4.64480532e-04 1.53443044e-06 8.32118097e-04 1.60677039e-06
 7.00907288e-13 2.21095896e-12]",STALE
15070700.0,141.279,0.000989579,-10.18268295428915,2025-0521-175210,"[1, 1, 1]","[7.03939639e-04 6.90971905e-07 8.04208345e-05 1.21888037e-06
 5.29501266e-04 8.25618426e-07 3.94695212e-04 1.55540706e-06
 6.86282895e-05 8.68221240e-07 6.49290365e-05 1.84567181e-06
 7.91563604e-04 1.81517194e-06 8.59977628e-04 6.49282627e-07
 1.36948150e-04 5.88382828e-07 1.13167365e-04 8.28493505e-07
 2.25593163e-04 1.34756947e-06 3.66198675e-04 1.70637171e-06
 3.65896622e-04 1.64667761e-06 8.32118097e-04 1.53705784e-06
 8.16521453e-13 2.23219222e-12]",STALE
16273700.0,140.472,0.00102465,-10.200910761275162,2025-0521-175232,"[1, 1, 1]","[6.14821002e-04 6.50263773e-07 2.65758751e-05 1.21888037e-06
 5.12864838e-04 7.04797248e-07 3.57464286e-04 1.42547071e-06
 4.37491923e-05 8.43118411e-07 6.94219488e-05 1.73346888e-06
 8.81085552e-04 1.74824838e-06 9.34686816e-04 7.24595802e-07
 1.23005670e-04 5.93823025e-07 3.07373526e-04 9.81461514e-07
 3.77750241e-04 1.50670590e-06 3.21551368e-04 1.78648521e-06
 4.75033298e-04 1.55761887e-06 8.32118097e-04 1.53705784e-06
 7.76666782e-13 2.30287186e-12]",STALE
16408900.0,140.214,0.000916357,-10.253014766568795,2025-0521-175232,"[1, 1, 1]","[6.55077095e-04 5.99929335e-07 3.34375617e-06 1.21888037e-06
 6.13563007e-04 7.04797248e-07 3.94695212e-04 1.42547071e-06
 4.37491923e-05 8.43118411e-07 6.94219488e-05 1.78297611e-06
 7.05373899e-04 1.71110629e-06 8.59977628e-04 6.49282627e-07
 9.83179088e-05 5.43161174e-07 2.40519045e-04 9.13872669e-07
 2.88238415e-04 1.53507224e-06 3.36958258e-04 1.79242249e-06
 4.59933225e-04 1.57105696e-06 6.32107402e-04 1.53705784e-06
 8.65331127e-13 2.28648937e-12]",STALE
16673100.0,139.437,0.000934613,-10.251384537390999,2025-0521-175254,"[1, 1, 1]","[6.29617991e-04 5.09557484e-07 3.34375617e-06 1.21888037e-06
 5.34411712e-04 7.04797248e-07 3.94695212e-04 1.66256638e-06
 7.37780082e-05 8.43118411e-07 6.94219488e-05 1.68668787e-06
 8.23795837e-04 1.61370795e-06 8.26347003e-04 6.49282627e-07
 7.43312691e-05 5.36182314e-07 1.21485140e-04 1.22501578e-06
 6.04577067e-05 1.53507224e-06 4.86610654e-04 1.92666414e-06
 5.51316231e-04 1.63394730e-06 5.11518161e-04 1.53705784e-06
 1.10189787e-12 2.27564799e-12]",STALE
15224400.0,140.691,0.000937145,-10.210733393502514,2025-0521-175254,"[1, 1, 1]","[6.78817905e-04 5.99929335e-07 3.34375617e-06 1.21888037e-06
 5.46564176e-04 8.40922663e-07 3.83559678e-04 1.64998046e-06
 1.14749376e-04 8.75011755e-07 6.19826637e-05 1.72406216e-06
 6.91938109e-04 1.71110629e-06 8.59977628e-04 6.49282627e-07
 8.02961975e-05 5.02686850e-07 1.91174202e-04 8.94703025e-07
 1.29848942e-04 1.61861444e-06 1.61779438e-04 1.88829270e-06
 4.94789808e-04 1.58390218e-06 5.62028910e-04 1.53705784e-06
 8.65331127e-13 2.23639220e-12]",STALE
15563900.0,140.62,0.00114925,-10.131703919322073,2025-0521-175315,"[1, 1, 1]","[5.21002887e-04 5.99929335e-07 6.79424145e-05 1.21888037e-06
 6.83061837e-04 8.92189052e-07 3.94695212e-04 1.19237101e-06
 4.37491923e-05 8.27347415e-07 6.72576250e-05 1.78733697e-06
 8.19742429e-04 1.54992578e-06 8.36028647e-04 6.70334036e-07
 1.21055210e-04 5.52321023e-07 1.17791940e-04 6.37029619e-07
 4.49540716e-04 1.43011530e-06 3.36958258e-04 1.80740649e-06
 5.35660968e-04 1.57105696e-06 6.32107402e-04 1.43718260e-06
 9.32648095e-13 2.34483245e-12]",STALE
16080700.0,140.678,0.000988023,-10.211537895291082,2025-0521-175315,"[1, 1, 1]","[6.55077095e-04 6.50513194e-07 3.34375617e-06 1.27141057e-06
 6.13563007e-04 7.04797248e-07 4.32228013e-04 1.42547071e-06
 5.98958485e-05 8.55103780e-07 7.11860390e-05 1.85464682e-06
 7.05373899e-04 1.71110629e-06 9.80739898e-04 5.63971468e-07
 1.21624097e-04 5.68650736e-07 4.11326430e-04 8.68116219e-07
 1.39773853e-04 1.53507224e-06 3.36958258e-04 1.94181198e-06
 4.59933225e-04 1.57105696e-06 6.23477781e-04 1.53705784e-06
 8.65331127e-13 2.34654840e-12]",STALE
15869800.0,139.778,0.000820211,-10.286645864176599,2025-0521-175315,"[1, 1, 1]","[5.54030444e-04 5.99929335e-07 4.99516333e-06 9.71243368e-07
 6.13563007e-04 7.04797248e-07 2.93618463e-04 1.36127504e-06
 4.64981386e-05 8.43118411e-07 6.67127007e-05 1.75025187e-06
 5.55947533e-04 1.53659930e-06 7.32325879e-04 6.49282627e-07
 9.54499980e-05 5.43161174e-07 2.40519045e-04 6.66883885e-07
 2.75920116e-04 1.34778321e-06 2.11046249e-04 1.79715053e-06
 3.92569324e-04 1.62332829e-06 8.16294053e-04 1.46366279e-06
 9.84513643e-13 2.28648937e-12]",STALE
17014400.0,139.203,0.00114118,-10.1734624869054,2025-0521-175337,"[1, 1, 1]","[4.28702979e-04 5.99929335e-07 3.83636099e-05 9.29900219e-07
 5.54670022e-04 7.04797248e-07 2.93618463e-04 1.36127504e-06
 1.20897550e-04 8.43118411e-07 6.67127007e-05 1.59400995e-06
 5.55947533e-04 1.53659930e-06 7.32325879e-04 5.54581706e-07
 1.15146222e-04 5.00535390e-07 6.39249077e-05 6.66883885e-07
 4.36552071e-04 1.44760915e-06 9.58817564e-05 1.79715053e-06
 4.79181605e-04 1.62332829e-06 8.16294053e-04 1.34724712e-06
 9.84513643e-13 2.24132026e-12]",STALE
17288700.0,139.341,0.000918688,-10.274594294714074,2025-0521-175337,"[1, 1, 1]","[4.10373209e-04 5.99929335e-07 4.99516333e-06 1.17376281e-06
 5.21327070e-04 6.75843088e-07 2.93618463e-04 1.36127504e-06
 7.58683217e-05 8.53763193e-07 7.12607374e-05 1.64424530e-06
 6.23220398e-04 1.53659930e-06 8.72024735e-04 6.49282627e-07
 1.26007083e-04 5.22315088e-07 2.21057831e-05 5.33307984e-07
 2.75920116e-04 1.56221641e-06 2.14134706e-04 1.79715053e-06
 3.42498472e-04 1.69739126e-06 8.41064417e-04 1.50312661e-06
 9.84513643e-13 2.28610036e-12]",STALE
17497900.0,140.079,0.00114837,-10.182904091750919,2025-0521-175423,"[1, 1, 1]","[6.64329673e-04 5.77627019e-07 9.63566451e-05 1.05891129e-06
 6.10846689e-04 8.09324362e-07 2.93618463e-04 1.36127504e-06
 6.29419724e-05 8.44445593e-07 7.07154982e-05 1.61161980e-06
 6.29743892e-04 1.34578421e-06 8.15311136e-04 6.67784785e-07
 1.34322990e-04 5.93325453e-07 1.23616407e-04 8.00447294e-07
 2.75920116e-04 1.24928219e-06 1.07835065e-04 1.71983794e-06
 4.86932310e-04 1.62332829e-06 6.79730778e-04 1.46366279e-06
 9.77709626e-13 2.28648937e-12]",STALE
15615400.0,140.61,0.000982541,-10.201202431582884,2025-0521-175423,"[1, 1, 1]","[3.94433350e-04 5.99929335e-07 4.99516333e-06 7.78193614e-07
 5.87229732e-04 7.04797248e-07 2.93618463e-04 1.56834191e-06
 1.24782483e-05 8.63536196e-07 6.67127007e-05 1.75025187e-06
 6.78172628e-04 1.66620915e-06 8.74966333e-04 6.49282627e-07
 1.17498778e-04 5.84191307e-07 4.89067814e-05 6.66883885e-07
 3.30597187e-04 1.36349862e-06 3.16413967e-04 1.79715053e-06
 5.09745705e-04 1.62332829e-06 9.37559328e-04 1.44561687e-06
 9.84513643e-13 2.28648937e-12]",STALE
16201500.0,139.23,0.000899651,-10.255481158104079,2025-0521-175444,"[1, 1, 1]","[5.54030444e-04 6.11668357e-07 5.47694222e-06 9.55191224e-07
 5.96666452e-04 6.20609588e-07 2.93618463e-04 1.29121121e-06
 4.80722798e-05 8.43118411e-07 6.57117693e-05 1.63532761e-06
 5.79308963e-04 1.49280778e-06 7.75816077e-04 6.68909064e-07
 1.14516742e-04 5.32253626e-07 2.02365196e-04 7.16318936e-07
 2.75920116e-04 1.34778321e-06 2.68743492e-04 1.84654495e-06
 3.92569324e-04 1.61380862e-06 7.81822995e-04 1.48834412e-06
 1.00129278e-12 2.29562193e-12]",STALE
17126100.0,139.683,0.000897616,-10.280567890278746,2025-0521-175510,"[1, 1, 1]","[4.66769458e-04 5.63117218e-07 4.99516333e-06 9.78103636e-07
 6.21270141e-04 7.04797248e-07 3.31474245e-04 1.46008120e-06
 4.64981386e-05 8.30486027e-07 6.88984874e-05 1.62522751e-06
 5.55947533e-04 1.43623839e-06 7.51684177e-04 5.79060656e-07
 9.54499980e-05 5.22807884e-07 2.01551263e-04 6.85931108e-07
 2.93738500e-04 1.34778321e-06 2.96802861e-04 1.79920396e-06
 4.39310138e-04 1.60548899e-06 8.72262881e-04 1.51830131e-06
 9.84513643e-13 2.28648937e-12]",STALE
14524000.0,139.985,0.000879252,-10.217972875378146,2025-0521-175510,"[1, 1, 1]","[6.35548476e-04 5.79066138e-07 4.99516333e-06 1.03547781e-06
 6.16634676e-04 7.34728839e-07 2.93618463e-04 1.36127504e-06
 3.20097081e-05 8.66525357e-07 6.36480209e-05 1.87791092e-06
 5.58802304e-04 1.52082213e-06 7.14852443e-04 5.97574072e-07
 9.66344115e-05 5.16872713e-07 3.15954863e-04 8.06990269e-07
 2.03549141e-04 1.49793240e-06 2.11046249e-04 1.79715053e-06
 4.37279386e-04 1.60971570e-06 8.45762862e-04 1.46366279e-06
 1.00789318e-12 2.28648937e-12]",STALE
20727700.0,137.105,0.00336384,-9.789715783776032,2025-0521-175510,"[1, 1, 1]","[6.20614300e-04 8.49666225e-07 1.67148738e-04 5.11076022e-07
 2.63994302e-04 1.30632814e-06 2.91129788e-04 1.22045367e-06
 3.35600829e-04 1.64815271e-06 6.99939054e-05 8.09820555e-07
 4.60390106e-05 1.33458554e-06 6.43872747e-04 1.43017006e-06
 9.44194968e-04 1.15271630e-06 5.80585816e-04 8.63454153e-07
 3.81410239e-04 5.25251457e-07 8.50312257e-04 1.12137125e-06
 6.40435331e-04 1.21588110e-06 2.13366692e-04 6.30466010e-07
 1.41432182e-12 2.94531867e-12]",STALE
15942400.0,140.209,0.000913296,-10.241942145965698,2025-0521-175613,"[1, 1, 1]","[5.78233239e-04 6.57860079e-07 4.39083974e-05 9.48161001e-07
 5.97054435e-04 6.99815681e-07 2.89534170e-04 1.41784140e-06
 4.64981386e-05 8.43118411e-07 6.66847204e-05 1.74873379e-06
 5.55947533e-04 1.51728945e-06 7.32325879e-04 6.49282627e-07
 9.54499980e-05 5.38150816e-07 2.49420176e-04 7.27528193e-07
 2.48946206e-04 1.29141643e-06 1.79788567e-04 1.74424365e-06
 4.05599961e-04 1.64008949e-06 8.16294053e-04 1.53470225e-06
 9.84513643e-13 2.27083036e-12]",STALE
16041800.0,139.612,0.000875041,-10.26322469515812,2025-0521-175613,"[1, 1, 1]","[5.72685664e-04 5.99929335e-07 3.41344143e-05 9.71243368e-07
 5.82847167e-04 6.87709525e-07 2.77150051e-04 1.29618515e-06
 4.46132561e-05 8.86409093e-07 6.67253026e-05 1.71427353e-06
 5.55947533e-04 1.53659930e-06 7.42513737e-04 6.33789197e-07
 9.53700676e-05 5.42591863e-07 2.50781634e-04 7.30161025e-07
 2.75920116e-04 1.28295720e-06 2.07218794e-04 1.82682496e-06
 3.92569324e-04 1.61393467e-06 8.53651758e-04 1.53448552e-06
 1.04943524e-12 2.28540948e-12]",STALE
15910500.0,139.697,0.000868047,-10.263140587422056,2025-0521-175613,"[1, 1, 1]","[5.24719065e-04 5.99929335e-07 3.26623559e-05 9.53511628e-07
 6.13855357e-04 6.83866879e-07 2.93618463e-04 1.40736552e-06
 3.71392954e-05 8.49452285e-07 6.71189156e-05 1.75025187e-06
 5.55947533e-04 1.60018452e-06 7.32325879e-04 6.28418695e-07
 9.96954670e-05 5.42409925e-07 2.67462216e-04 6.86472815e-07
 3.00720660e-04 1.28094509e-06 2.05474861e-04 1.79715053e-06
 3.75501812e-04 1.61097703e-06 8.40024734e-04 1.46366279e-06
 9.35085490e-13 2.28669915e-12]",STALE
15896800.0,139.891,0.000850145,-10.271816705419816,2025-0521-175634,"[1, 1, 1]","[5.28954930e-04 5.99929335e-07 1.19302733e-05 9.81023586e-07
 6.24056917e-04 7.05205763e-07 3.11041680e-04 1.36127504e-06
 4.37549862e-05 9.10041817e-07 6.67127007e-05 1.75025187e-06
 5.55947533e-04 1.55798952e-06 7.14056552e-04 6.25049410e-07
 9.54499980e-05 5.43161174e-07 2.53187708e-04 6.50042434e-07
 2.75920116e-04 1.28788039e-06 1.91175605e-04 1.79281256e-06
 4.08016321e-04 1.62332829e-06 8.66204714e-04 1.55508465e-06
 1.06708965e-12 2.29401687e-12]",STALE
16291700.0,140.63,0.000827761,-10.294061443524413,2025-0521-175654,"[1, 1, 1]","[5.51215259e-04 7.48324598e-07 4.99516333e-06 9.63440953e-07
 5.99513679e-04 6.83033922e-07 3.14553512e-04 1.31616801e-06
 4.64981386e-05 8.32423757e-07 6.67127007e-05 1.73292542e-06
 5.34069383e-04 1.53659930e-06 7.10668745e-04 6.49282627e-07
 9.54499980e-05 5.43161174e-07 2.40519045e-04 6.66883885e-07
 2.75920116e-04 1.29430223e-06 1.73078790e-04 1.79715053e-06
 3.92569324e-04 1.61328197e-06 8.54146207e-04 1.45905909e-06
 9.62818376e-13 2.26191119e-12]",STALE
15756300.0,139.04,0.000806524,-10.290836945823044,2025-0521-175654,"[1, 1, 1]","[5.37514139e-04 5.26219487e-07 7.25119375e-06 9.58645016e-07
 6.13563007e-04 7.04797248e-07 2.93618463e-04 1.35743017e-06
 4.74786902e-05 8.66049923e-07 6.67127007e-05 1.74735447e-06
 5.68390627e-04 1.53659930e-06 7.19346291e-04 6.49282627e-07
 9.52979907e-05 5.43161174e-07 2.89962550e-04 7.44529933e-07
 2.73867486e-04 1.29437231e-06 2.38604847e-04 1.76991469e-06
 3.80829125e-04 1.63519910e-06 8.16294053e-04 1.46366279e-06
 9.84513643e-13 2.29316218e-12]",STALE
15931500.0,140.812,0.000869944,-10.262765370763383,2025-0521-175654,"[1, 1, 1]","[5.48893209e-04 7.35935281e-07 4.99516333e-06 9.90578241e-07
 5.87986569e-04 7.04797248e-07 3.25887157e-04 1.35913096e-06
 4.64981386e-05 8.60357204e-07 6.61805144e-05 1.74036542e-06
 5.42294045e-04 1.51863631e-06 7.32325879e-04 6.49282627e-07
 9.54499980e-05 5.43161174e-07 2.39337014e-04 6.66883885e-07
 2.75920116e-04 1.40433286e-06 1.66344765e-04 1.77613210e-06
 4.28379547e-04 1.60417091e-06 7.92719949e-04 1.43721962e-06
 9.84513643e-13 2.28979839e-12]",STALE
16344500.0,140.255,0.000905611,-10.256429950441367,2025-0521-175713,"[1, 1, 1]","[5.37620467e-04 6.92978623e-07 3.55966263e-05 9.63440953e-07
 6.06929311e-04 6.83033922e-07 3.30271426e-04 1.34090570e-06
 4.64981386e-05 8.25088270e-07 6.67127007e-05 1.74756424e-06
 5.40574755e-04 1.57098590e-06 7.21475018e-04 6.37812346e-07
 9.54237579e-05 5.43161174e-07 2.40519045e-04 6.91588863e-07
 3.00950161e-04 1.29430223e-06 1.73078790e-04 1.78174835e-06
 4.14183977e-04 1.61701383e-06 8.69038626e-04 1.45905909e-06
 9.79885285e-13 2.24571646e-12]",STALE
16323800.0,140.834,0.000883931,-10.266402899997638,2025-0521-175713,"[1, 1, 1]","[5.57069980e-04 8.11604261e-07 2.09750883e-05 9.73778708e-07
 5.90950469e-04 6.64452135e-07 3.25014933e-04 1.32111107e-06
 4.64981386e-05 8.30314598e-07 6.67127007e-05 1.73292542e-06
 5.34069383e-04 1.57492832e-06 7.10668745e-04 6.51261401e-07
 9.90041872e-05 5.39441058e-07 2.40519045e-04 6.67134937e-07
 2.90683697e-04 1.33649768e-06 1.86614997e-04 1.78595531e-06
 4.02089372e-04 1.61383541e-06 8.60251256e-04 1.46966392e-06
 9.62818376e-13 2.26191119e-12]",STALE
15955400.0,140.916,0.00084934,-10.273826118542399,2025-0521-175713,"[1, 1, 1]","[5.40856230e-04 8.13668456e-07 4.99516333e-06 9.63440953e-07
 5.99513679e-04 6.65544208e-07 3.12006697e-04 1.32097597e-06
 4.64319283e-05 8.38525680e-07 6.63335094e-05 1.74547597e-06
 5.31543787e-04 1.55997105e-06 7.05217715e-04 6.32388605e-07
 9.54499980e-05 5.39815922e-07 2.40519045e-04 6.91276256e-07
 2.77645969e-04 1.25908970e-06 1.74077510e-04 1.79715053e-06
 4.07833726e-04 1.60946027e-06 8.54146207e-04 1.45167774e-06
 9.73195778e-13 2.28308444e-12]",STALE
16460500.0,140.949,0.000869991,-10.276928263202512,2025-0521-175713,"[1, 1, 1]","[5.60344080e-04 8.11868360e-07 3.22507768e-05 9.64133732e-07
 5.89553788e-04 6.83033922e-07 3.32862561e-04 1.34152287e-06
 4.64981386e-05 8.23525719e-07 6.67127007e-05 1.73292542e-06
 5.34069383e-04 1.53659930e-06 7.01271689e-04 6.31945870e-07
 9.59040350e-05 5.43161174e-07 2.58832707e-04 6.66883885e-07
 2.97883912e-04 1.25540194e-06 1.73078790e-04 1.79637480e-06
 3.82061822e-04 1.61328197e-06 8.68678843e-04 1.46607736e-06
 9.85582601e-13 2.24411804e-12]",STALE
16588900.0,140.365,0.000835332,-10.297958470442289,2025-0521-175713,"[1, 1, 1]","[5.39743416e-04 6.87284821e-07 4.99516333e-06 9.63440953e-07
 5.86950142e-04 7.00534454e-07 3.29927131e-04 1.31616801e-06
 4.64981386e-05 8.23960742e-07 6.70090182e-05 1.72658286e-06
 5.34069383e-04 1.49435369e-06 7.10668745e-04 6.49282627e-07
 9.75228107e-05 5.47036510e-07 2.60460510e-04 6.88030224e-07
 2.87898278e-04 1.32007227e-06 1.63859841e-04 1.79038477e-06
 3.92569324e-04 1.60455719e-06 8.54146207e-04 1.47328808e-06
 9.94367751e-13 2.24055815e-12]",STALE
16523100.0,140.785,0.000900337,-10.263686433119792,2025-0521-175732,"[1, 1, 1]","[5.48733109e-04 7.59854279e-07 2.75372956e-05 9.64104808e-07
 5.77498740e-04 7.00534454e-07 3.31440276e-04 1.34963914e-06
 4.54207141e-05 8.28111528e-07 6.67539453e-05 1.72729231e-06
 5.34567966e-04 1.45713986e-06 7.12025683e-04 6.68847083e-07
 1.01539522e-04 5.49551161e-07 2.60460510e-04 7.09191894e-07
 2.87898278e-04 1.31144216e-06 1.63859841e-04 1.77798799e-06
 4.00838390e-04 1.60455719e-06 8.70540429e-04 1.47328808e-06
 9.69179822e-13 2.24055815e-12]",STALE
16638200.0,140.541,0.000843624,-10.294957414089705,2025-0521-175732,"[1, 1, 1]","[5.28389694e-04 7.08797381e-07 4.99516333e-06 9.49022285e-07
 5.74822472e-04 7.00534454e-07 3.37182601e-04 1.31616801e-06
 4.61453919e-05 8.23960742e-07 6.69545994e-05 1.74542421e-06
 5.29417752e-04 1.49991604e-06 7.10668745e-04 6.41278758e-07
 9.95768670e-05 5.47036510e-07 2.84039911e-04 6.59451907e-07
 2.77098817e-04 1.31678144e-06 1.65280313e-04 1.77997027e-06
 3.92569324e-04 1.60455719e-06 8.44676552e-04 1.48483758e-06
 1.00812768e-12 2.22310968e-12]",STALE
16827300.0,140.607,0.000858451,-10.292298926605788,2025-0521-175732,"[1, 1, 1]","[5.41502209e-04 7.35133015e-07 1.51969495e-05 9.66739105e-07
 5.92786518e-04 7.00534454e-07 3.33802938e-04 1.28359369e-06
 4.64981386e-05 8.31150750e-07 6.70090182e-05 1.73760984e-06
 5.39201180e-04 1.49944092e-06 6.98599815e-04 6.49282627e-07
 9.49202116e-05 5.49265916e-07 2.34851522e-04 7.19432164e-07
 2.63606941e-04 1.32007227e-06 1.41932539e-04 1.79038477e-06
 4.02154241e-04 1.59717521e-06 8.48673992e-04 1.47328808e-06
 9.94367751e-13 2.20350309e-12]",STALE
16685900.0,139.771,0.000842734,-10.296659120659923,2025-0521-175732,"[1, 1, 1]","[5.54413707e-04 6.14438882e-07 4.99516333e-06 9.63440953e-07
 5.80679479e-04 6.84481837e-07 3.29927131e-04 1.31616801e-06
 4.64981386e-05 8.30031651e-07 6.67608163e-05 1.72658286e-06
 5.34069383e-04 1.49435369e-06 7.10668745e-04 6.31457834e-07
 1.00923945e-04 5.47036510e-07 2.54180723e-04 6.88030224e-07
 2.87898278e-04 1.33239559e-06 1.81281704e-04 1.79038477e-06
 3.92569324e-04 1.60455719e-06 8.53642765e-04 1.48953979e-06
 9.94367751e-13 2.21193274e-12]",STALE
16421300.0,140.171,0.000821175,-10.300971816112781,2025-0521-175732,"[1, 1, 1]","[5.47871988e-04 6.51956962e-07 4.99516333e-06 9.63440953e-07
 5.76756271e-04 7.00534454e-07 3.32279083e-04 1.31616801e-06
 4.59400096e-05 8.18044908e-07 6.70090182e-05 1.72658286e-06
 5.23390590e-04 1.49435369e-06 7.10668745e-04 6.30455428e-07
 9.42639553e-05 5.47036510e-07 2.81872203e-04 6.82847332e-07
 2.73597848e-04 1.35631883e-06 1.63859841e-04 1.79396767e-06
 3.91726886e-04 1.60370206e-06 8.54146207e-04 1.48234409e-06
 9.94799393e-13 2.26741436e-12]",STALE
16720600.0,140.439,0.000830453,-10.303936799234865,2025-0521-175732,"[1, 1, 1]","[5.29321067e-04 6.87019629e-07 4.99516333e-06 9.54513138e-07
 5.86950142e-04 7.04216693e-07 3.29927131e-04 1.35047043e-06
 4.64981386e-05 8.28922577e-07 6.70443042e-05 1.70914968e-06
 5.26251656e-04 1.46114593e-06 7.10559378e-04 6.29313917e-07
 9.94541300e-05 5.47036510e-07 2.78777173e-04 7.28868611e-07
 2.83634660e-04 1.32007227e-06 1.63840940e-04 1.80312250e-06
 3.82564928e-04 1.60913861e-06 8.67239409e-04 1.48801256e-06
 1.01034716e-12 2.23654322e-12]",STALE
16773300.0,140.597,0.000855246,-10.29252746299213,2025-0521-175733,"[1, 1, 1]","[5.39743416e-04 7.38799374e-07 7.09487744e-06 9.63440953e-07
 5.86950142e-04 6.84222993e-07 3.29927131e-04 1.32650112e-06
 4.67014010e-05 8.23960742e-07 6.67869106e-05 1.73422678e-06
 5.34069383e-04 1.49435369e-06 7.10668745e-04 6.49282627e-07
 1.00510069e-04 5.47036510e-07 2.46807130e-04 7.28036886e-07
 2.59687780e-04 1.35627700e-06 1.63859841e-04 1.79038477e-06
 3.94770217e-04 1.59645998e-06 8.61096322e-04 1.47328808e-06
 9.94367751e-13 2.20282075e-12]",STALE
16641100.0,140.339,0.000804031,-10.315909236765735,2025-0521-175733,"[1, 1, 1]","[5.39743416e-04 6.92162514e-07 2.21261108e-06 9.63440953e-07
 5.96022277e-04 6.83258431e-07 3.50643784e-04 1.33814950e-06
 4.72969026e-05 8.19769207e-07 6.70090182e-05 1.72658286e-06
 5.32297545e-04 1.49444068e-06 7.05591939e-04 6.28050027e-07
 9.68806362e-05 5.44500852e-07 2.66622859e-04 7.18821668e-07
 2.98177996e-04 1.34214153e-06 1.49905302e-04 1.79038477e-06
 3.70016639e-04 1.61008047e-06 8.54146207e-04 1.48887203e-06
 9.58062306e-13 2.24055815e-12]",STALE
17042700.0,140.735,0.000805869,-10.325273949501668,2025-0521-175752,"[1, 1, 1]","[5.33439284e-04 7.43458820e-07 1.54250727e-06 9.63440953e-07
 5.88211674e-04 6.99431812e-07 3.33089964e-04 1.33814950e-06
 4.84417053e-05 8.19769207e-07 6.70023224e-05 1.72767390e-06
 5.32297545e-04 1.51238331e-06 7.00586498e-04 6.28050027e-07
 9.68806362e-05 5.45000030e-07 2.56629914e-04 7.50729826e-07
 3.19736530e-04 1.33963409e-06 1.26777677e-04 1.78814388e-06
 3.70016639e-04 1.60921520e-06 8.54146207e-04 1.48887203e-06
 9.53284234e-13 2.17788640e-12]",./circuit_database/NGCC/result_folder/2025-0521-175752
16244500.0,140.664,0.000788524,-10.313891432135966,2025-0521-175752,"[1, 1, 1]","[5.26186382e-04 7.49571852e-07 2.21261108e-06 9.58715251e-07
 5.96022277e-04 6.83258431e-07 3.50643784e-04 1.32023622e-06
 4.63753585e-05 8.19769207e-07 6.72778324e-05 1.73103745e-06
 5.27955314e-04 1.46207542e-06 7.07734384e-04 6.41590910e-07
 9.69527050e-05 5.47007763e-07 2.78619403e-04 6.99045206e-07
 3.11890295e-04 1.34339884e-06 1.33859830e-04 1.79038477e-06
 3.55099979e-04 1.60675398e-06 8.71381301e-04 1.50438242e-06
 9.96694797e-13 2.30659442e-12]",./circuit_database/NGCC/result_folder/2025-0521-175752
17734300.0,140.244,0.000838382,-10.325372105408384,2025-0521-175812,"[1, 1, 1]","[5.20122936e-04 6.70003591e-07 2.39293950e-05 9.76540639e-07
 5.91952658e-04 6.99431812e-07 3.37250970e-04 1.38335515e-06
 4.77041430e-05 8.19769207e-07 6.69489350e-05 1.72767390e-06
 5.29511814e-04 1.51238331e-06 7.01083424e-04 6.47295869e-07
 9.59408914e-05 5.43718305e-07 2.56629914e-04 7.50729826e-07
 3.39140345e-04 1.33963409e-06 1.49233829e-04 1.78814388e-06
 3.70016639e-04 1.60921520e-06 8.43140305e-04 1.50685656e-06
 9.44514984e-13 2.07776531e-12]",STALE
17783300.0,140.217,0.000817954,-10.337283474435774,2025-0521-175812,"[1, 1, 1]","[5.46868173e-04 6.74676972e-07 7.81824292e-06 9.68515268e-07
 5.91859261e-04 6.86762861e-07 3.44754498e-04 1.35831304e-06
 4.89460397e-05 8.15330821e-07 6.73183557e-05 1.73014338e-06
 5.33400148e-04 1.45963453e-06 6.92797476e-04 6.28050027e-07
 9.83029231e-05 5.45000030e-07 2.73681211e-04 7.20205784e-07
 3.33418070e-04 1.33963409e-06 1.26777677e-04 1.79725515e-06
 3.70016639e-04 1.61485761e-06 8.40994849e-04 1.49406151e-06
 9.53284234e-13 2.08626775e-12]",STALE
16294200.0,140.875,0.000857413,-10.2788429787219,2025-0521-175812,"[1, 1, 1]","[5.42224377e-04 7.87656878e-07 2.28789547e-05 9.60636721e-07
 5.88211674e-04 6.82359045e-07 3.32634010e-04 1.35375503e-06
 4.84417053e-05 8.17046394e-07 6.70653435e-05 1.73199836e-06
 5.29332959e-04 1.50729325e-06 7.00586498e-04 6.26933906e-07
 9.35006707e-05 5.45000030e-07 2.56629914e-04 7.19890764e-07
 3.42326104e-04 1.33963409e-06 1.26777677e-04 1.78814388e-06
 3.92266930e-04 1.60269612e-06 8.51260825e-04 1.49552384e-06
 9.73600080e-13 2.28012134e-12]",STALE
16193300.0,140.761,0.000782769,-10.315701743808038,2025-0521-175812,"[1, 1, 1]","[5.27829558e-04 7.43458820e-07 1.54250727e-06 9.51512842e-07
 5.79385109e-04 7.13771753e-07 3.46345375e-04 1.29985908e-06
 4.84417053e-05 8.20524229e-07 6.66580330e-05 1.74204463e-06
 5.29971990e-04 1.51238331e-06 6.92205562e-04 6.36931474e-07
 9.66237222e-05 5.44945292e-07 2.35152516e-04 7.92297681e-07
 3.14720330e-04 1.31039412e-06 1.18586895e-04 1.78013965e-06
 3.51713333e-04 1.61493058e-06 8.54146207e-04 1.50035827e-06
 9.20636820e-13 2.28419757e-12]",./circuit_database/NGCC/result_folder/2025-0521-175812
17021100.0,140.8,0.000793225,-10.331591229859049,2025-0521-175812,"[1, 1, 1]","[5.28756217e-04 7.43458820e-07 1.54250727e-06 9.63229934e-07
 5.88211674e-04 6.99431812e-07 3.29931856e-04 1.35512689e-06
 4.84417053e-05 8.17512988e-07 6.70023224e-05 1.72767390e-06
 5.31303022e-04 1.55926406e-06 7.08026636e-04 6.06235836e-07
 9.39028246e-05 5.45000030e-07 2.33544990e-04 7.93020491e-07
 2.94157744e-04 1.33963409e-06 1.46799470e-04 1.77956338e-06
 3.70016639e-04 1.61530155e-06 8.36544484e-04 1.49903720e-06
 9.53284234e-13 2.17788640e-12]",./circuit_database/NGCC/result_folder/2025-0521-175812
16995300.0,140.976,0.000807083,-10.323410635486885,2025-0521-175812,"[1, 1, 1]","[5.39547345e-04 7.90422661e-07 1.54250727e-06 9.63440953e-07
 5.88211674e-04 6.87778990e-07 3.13631477e-04 1.37166256e-06
 4.86202312e-05 8.19769207e-07 6.72336295e-05 1.72327612e-06
 5.38080871e-04 1.47899924e-06 6.94627775e-04 6.09587532e-07
 9.68806362e-05 5.45000030e-07 2.56629914e-04 7.50729826e-07
 3.08096153e-04 1.36948225e-06 1.32015282e-04 1.78814388e-06
 3.70016639e-04 1.60921520e-06 8.49114966e-04 1.48279162e-06
 9.53284234e-13 2.18210506e-12]",./circuit_database/NGCC/result_folder/2025-0521-175812
17105300.0,140.603,0.000856336,-10.30048649346829,2025-0521-175812,"[1, 1, 1]","[5.22366563e-04 7.43458820e-07 2.23150305e-05 9.76027077e-07
 5.88211674e-04 6.82791933e-07 3.48790163e-04 1.33814950e-06
 4.84417053e-05 8.17659815e-07 6.69597994e-05 1.72780316e-06
 5.23970959e-04 1.51238331e-06 7.02718255e-04 6.34616681e-07
 9.26668965e-05 5.45000030e-07 2.66093976e-04 7.50729826e-07
 2.97266641e-04 1.32532989e-06 1.28258041e-04 1.78467637e-06
 3.94707548e-04 1.61126529e-06 8.53663718e-04 1.49451822e-06
 9.62084137e-13 2.17788640e-12]",STALE
17297800.0,140.182,0.000792143,-10.339187282624135,2025-0521-175812,"[1, 1, 1]","[5.21160696e-04 6.76853143e-07 1.54250727e-06 9.63440953e-07
 5.88211674e-04 6.85569268e-07 3.13253410e-04 1.33816064e-06
 4.84417053e-05 8.15870163e-07 6.68344740e-05 1.73165663e-06
 5.26356975e-04 1.51238331e-06 7.00586498e-04 6.54736789e-07
 9.28969599e-05 5.42435601e-07 2.56629914e-04 7.41924658e-07
 3.01736586e-04 1.33963409e-06 1.42797928e-04 1.77847683e-06
 3.70016639e-04 1.60921520e-06 8.39475800e-04 1.48887203e-06
 9.53284234e-13 2.12072533e-12]",STALE
17025100.0,140.585,0.000796681,-10.3298052116748,2025-0521-175812,"[1, 1, 1]","[5.20711160e-04 7.40191369e-07 1.54250727e-06 9.63440953e-07
 5.81812535e-04 6.82255002e-07 3.38794305e-04 1.34012645e-06
 4.94537087e-05 8.24534939e-07 6.69007277e-05 1.72630037e-06
 5.40881060e-04 1.48009888e-06 7.00586498e-04 6.30835311e-07
 9.98166799e-05 5.45000030e-07 2.76632216e-04 7.50729826e-07
 3.19736530e-04 1.35158608e-06 1.26777677e-04 1.77323398e-06
 3.52119844e-04 1.61393816e-06 8.45759423e-04 1.48887203e-06
 9.53284234e-13 2.17788640e-12]",./circuit_database/NGCC/result_folder/2025-0521-175812
17768200.0,140.28,0.000810187,-10.34105816366059,2025-0521-175831,"[1, 1, 1]","[5.21160696e-04 6.76853143e-07 6.41440925e-06 9.74194657e-07
 5.82383609e-04 7.01754810e-07 3.13253410e-04 1.36136254e-06
 4.88315572e-05 8.16091827e-07 6.65872345e-05 1.73779257e-06
 5.26068529e-04 1.46796588e-06 6.98204369e-04 6.54736789e-07
 9.29087383e-05 5.44563867e-07 2.76234424e-04 7.10100654e-07
 3.01736586e-04 1.38035223e-06 1.64820817e-04 1.79164818e-06
 3.80349279e-04 1.60921520e-06 8.41300807e-04 1.46790427e-06
 9.07455128e-13 2.04727858e-12]",STALE
16992700.0,140.437,0.000786798,-10.334399142871689,2025-0521-175831,"[1, 1, 1]","[5.08188381e-04 7.14606813e-07 9.73327672e-06 9.63440953e-07
 5.92620092e-04 6.85569268e-07 3.26045323e-04 1.33816064e-06
 4.84417053e-05 8.15870163e-07 6.68479659e-05 1.74513524e-06
 5.30649332e-04 1.51238331e-06 6.97911629e-04 6.26325961e-07
 9.01917538e-05 5.40599290e-07 2.43837140e-04 7.70776469e-07
 3.09000381e-04 1.31603968e-06 1.63572505e-04 1.77847683e-06
 3.60097504e-04 1.60339665e-06 8.55004861e-04 1.50845953e-06
 9.53284234e-13 2.16055245e-12]",./circuit_database/NGCC/result_folder/2025-0521-175831
17261300.0,140.123,0.000788087,-10.340499337024935,2025-0521-175831,"[1, 1, 1]","[5.21160696e-04 6.76853143e-07 4.20490290e-06 9.63440953e-07
 5.96517172e-04 6.77927374e-07 2.95135374e-04 1.38333125e-06
 4.84417053e-05 8.15870163e-07 6.67897819e-05 1.71763381e-06
 5.26356975e-04 1.50037460e-06 6.95251085e-04 6.74328368e-07
 9.28969599e-05 5.41119836e-07 2.30840966e-04 7.41924658e-07
 2.90493088e-04 1.33963409e-06 1.42797928e-04 1.79379366e-06
 3.64207232e-04 1.61599367e-06 8.39575833e-04 1.48887203e-06
 9.53284234e-13 2.12072533e-12]",STALE
17631900.0,140.28,0.000808151,-10.338806599400266,2025-0521-175831,"[1, 1, 1]","[5.21160696e-04 6.76853143e-07 3.74320621e-07 9.74567417e-07
 5.88211674e-04 6.85569268e-07 3.28645536e-04 1.37028443e-06
 4.89808211e-05 8.14303556e-07 6.65859705e-05 1.74911887e-06
 5.33928059e-04 1.49571731e-06 6.95328860e-04 6.29525050e-07
 9.04019240e-05 5.41698782e-07 2.40554689e-04 7.41924658e-07
 3.01736586e-04 1.33963409e-06 1.42797928e-04 1.77009645e-06
 3.90957980e-04 1.60447468e-06 8.51079182e-04 1.50876517e-06
 9.81914700e-13 2.06150496e-12]",STALE
17314700.0,140.392,0.000782643,-10.344851265983028,2025-0521-175831,"[1, 1, 1]","[5.09859447e-04 7.33811070e-07 1.54250727e-06 9.54535909e-07
 5.81075821e-04 6.74145001e-07 3.13253410e-04 1.29684773e-06
 4.86817146e-05 8.17749821e-07 6.67338334e-05 1.73165663e-06
 5.29879421e-04 1.46188416e-06 7.09512765e-04 6.83682942e-07
 9.23683356e-05 5.43134094e-07 2.56629914e-04 7.41924658e-07
 3.03081401e-04 1.33963409e-06 1.66181764e-04 1.77196065e-06
 3.62672674e-04 1.61537246e-06 8.53003218e-04 1.48887203e-06
 9.53284234e-13 2.12072533e-12]",STALE
17494400.0,140.537,0.000794131,-10.343006902574837,2025-0521-175851,"[1, 1, 1]","[5.17366258e-04 7.33811070e-07 1.54250727e-06 9.66481559e-07
 5.81075821e-04 6.91506620e-07 3.29042706e-04 1.29743369e-06
 4.86817146e-05 8.37418273e-07 6.67338334e-05 1.71584014e-06
 5.17989972e-04 1.46188416e-06 7.09287438e-04 6.83682942e-07
 9.26594209e-05 5.41240159e-07 2.58868382e-04 7.38802756e-07
 3.03081401e-04 1.34726559e-06 1.66181764e-04 1.76719325e-06
 3.71731611e-04 1.61537246e-06 8.52189203e-04 1.48887203e-06
 9.36068694e-13 2.12241642e-12]",./circuit_database/NGCC/result_folder/2025-0521-175851
17851000.0,140.576,0.000809363,-10.34351920323684,2025-0521-175851,"[1, 1, 1]","[5.06482495e-04 7.67380639e-07 1.45952913e-05 9.45509619e-07
 5.81075821e-04 6.74145001e-07 3.29224488e-04 1.29652954e-06
 4.86817146e-05 8.11292192e-07 6.88590114e-05 1.73565512e-06
 5.44671342e-04 1.47482569e-06 7.12773161e-04 6.68822321e-07
 8.82049147e-05 5.43134094e-07 2.56629914e-04 7.56780133e-07
 2.75766491e-04 1.34441476e-06 1.66181764e-04 1.77196065e-06
 3.78067288e-04 1.61931513e-06 8.47003098e-04 1.45641082e-06
 9.38280084e-13 2.12072533e-12]",./circuit_database/NGCC/result_folder/2025-0521-175851
16671900.0,140.591,0.000785516,-10.326830061164895,2025-0521-175910,"[1, 1, 1]","[5.11437783e-04 7.33811070e-07 7.45564465e-07 9.54535909e-07
 5.81075821e-04 6.99948044e-07 3.13419743e-04 1.29684773e-06
 4.86817146e-05 8.37937617e-07 6.41165191e-05 1.73165663e-06
 5.33204416e-04 1.43888711e-06 7.02525171e-04 6.66550033e-07
 9.12891511e-05 5.46918527e-07 2.56629914e-04 7.29091992e-07
 3.18707762e-04 1.34400375e-06 1.62059654e-04 1.77196065e-06
 3.74266448e-04 1.62421853e-06 8.61642565e-04 1.48887203e-06
 9.53284234e-13 2.12692456e-12]",./circuit_database/NGCC/result_folder/2025-0521-175910
17000100.0,140.407,0.000781927,-10.337285266433232,2025-0521-175910,"[1, 1, 1]","[5.09859447e-04 7.33811070e-07 7.02844260e-06 9.57794796e-07
 5.81075821e-04 6.74145001e-07 3.13253410e-04 1.29684773e-06
 4.86817146e-05 8.35338845e-07 6.52763151e-05 1.72857692e-06
 5.29879421e-04 1.46188416e-06 7.05214859e-04 6.89004130e-07
 9.23683356e-05 5.49728582e-07 2.60220604e-04 7.58373402e-07
 3.03081401e-04 1.34690325e-06 1.66181764e-04 1.79143371e-06
 3.58922207e-04 1.61537246e-06 8.53003218e-04 1.52644456e-06
 9.47723980e-13 2.12072533e-12]",STALE
17456900.0,140.775,0.000817213,-10.329631857457601,2025-0521-175910,"[1, 1, 1]","[5.15235167e-04 7.84531805e-07 9.59950409e-06 9.45199360e-07
 5.73854655e-04 6.85392603e-07 3.22022276e-04 1.30612063e-06
 4.86817146e-05 8.47268052e-07 6.67338334e-05 1.72926279e-06
 5.14601726e-04 1.48149589e-06 7.13527322e-04 6.83682942e-07
 9.54381877e-05 5.37256264e-07 2.48269738e-04 7.43913427e-07
 2.73984395e-04 1.34392720e-06 1.66181764e-04 1.77196065e-06
 3.70488767e-04 1.62270012e-06 8.56250316e-04 1.48887203e-06
 9.53284234e-13 2.11455996e-12]",./circuit_database/NGCC/result_folder/2025-0521-175910
16733000.0,140.418,0.000769571,-10.337325117380017,2025-0521-175910,"[1, 1, 1]","[5.05939844e-04 7.33811070e-07 1.54250727e-06 9.47535473e-07
 5.74147508e-04 6.74145001e-07 3.13253410e-04 1.29929554e-06
 4.83192755e-05 8.17749821e-07 6.45224073e-05 1.73905591e-06
 5.40825056e-04 1.41137146e-06 7.04614127e-04 6.83682942e-07
 8.99292952e-05 5.45091585e-07 2.56629914e-04 7.62974708e-07
 2.75036176e-04 1.34556000e-06 1.66739436e-04 1.76654947e-06
 3.60238126e-04 1.61361084e-06 8.63272234e-04 1.52234508e-06
 9.53284234e-13 2.12313603e-12]",./circuit_database/NGCC/result_folder/2025-0521-175910
17734200.0,140.587,0.000833261,-10.328030546419825,2025-0521-175910,"[1, 1, 1]","[5.17208470e-04 7.82262990e-07 2.57148883e-05 9.54535909e-07
 5.72565193e-04 6.74145001e-07 3.13374261e-04 1.29684773e-06
 4.90949373e-05 8.29884859e-07 6.84531119e-05 1.72288258e-06
 5.30097067e-04 1.46188416e-06 7.07200821e-04 6.66813596e-07
 9.34865874e-05 5.38041285e-07 2.56629914e-04 7.28878144e-07
 2.77489070e-04 1.33993263e-06 1.63344451e-04 1.77792375e-06
 3.62672674e-04 1.62836158e-06 8.63792475e-04 1.45920516e-06
 9.53284234e-13 2.12752948e-12]",./circuit_database/NGCC/result_folder/2025-0521-175910
17344900.0,140.363,0.00078914,-10.34201774281289,2025-0521-175928,"[1, 1, 1]","[5.13287992e-04 7.33811070e-07 1.54250727e-06 9.54535909e-07
 5.75083334e-04 6.72563956e-07 3.13253410e-04 1.29740676e-06
 4.90463518e-05 8.05982594e-07 6.67338334e-05 1.72253436e-06
 5.35028586e-04 1.43263308e-06 7.04302354e-04 6.83682942e-07
 9.39319831e-05 5.43376125e-07 2.71443820e-04 7.34057774e-07
 3.09280681e-04 1.33963409e-06 1.67609628e-04 1.76525807e-06
 3.62672674e-04 1.61537246e-06 8.53003218e-04 1.48449816e-06
 9.46790242e-13 2.12290063e-12]",STALE
17572800.0,140.294,0.000787179,-10.348767466588116,2025-0521-175928,"[1, 1, 1]","[5.06775223e-04 7.33811070e-07 8.86425323e-06 9.53051589e-07
 5.73090804e-04 6.61041058e-07 3.13253410e-04 1.29684773e-06
 5.06506548e-05 8.32873608e-07 6.77774699e-05 1.72629373e-06
 5.29879421e-04 1.44373813e-06 7.04728512e-04 6.77216349e-07
 9.05140290e-05 5.46343612e-07 2.57724351e-04 7.41924658e-07
 3.17839915e-04 1.33963409e-06 1.65438748e-04 1.77600542e-06
 3.62672674e-04 1.61498774e-06 8.53003218e-04 1.49626396e-06
 9.50279921e-13 2.12258060e-12]",STALE
17802600.0,140.357,0.000779936,-10.35842446713955,2025-0521-175948,"[1, 1, 1]","[5.10250927e-04 7.21754669e-07 5.75042406e-06 9.52940271e-07
 5.80962564e-04 6.73613208e-07 3.20170688e-04 1.30488480e-06
 4.99789781e-05 8.48532157e-07 6.87124497e-05 1.72629373e-06
 5.29879421e-04 1.44373813e-06 6.99920183e-04 6.77216349e-07
 8.95601893e-05 5.45023987e-07 2.42499262e-04 7.56363401e-07
 3.05379763e-04 1.33963409e-06 1.65438748e-04 1.77488161e-06
 3.65197815e-04 1.61752933e-06 8.53003218e-04 1.51292325e-06
 9.50279921e-13 2.12351513e-12]",./circuit_database/NGCC/result_folder/2025-0521-175948
17758600.0,140.308,0.000757089,-10.370261788947886,2025-0521-175948,"[1, 1, 1]","[5.10965028e-04 7.24675604e-07 1.19740483e-06 9.53051589e-07
 5.65552503e-04 6.68933070e-07 3.16613199e-04 1.29522397e-06
 4.88806114e-05 8.32873608e-07 6.85918459e-05 1.72629373e-06
 5.37422938e-04 1.44373813e-06 7.04728512e-04 6.85616188e-07
 8.84717221e-05 5.43721794e-07 2.53021926e-04 7.58102325e-07
 3.05603269e-04 1.34041817e-06 1.66307552e-04 1.77600542e-06
 3.53823692e-04 1.62174842e-06 8.57733444e-04 1.48024168e-06
 9.55228621e-13 2.12258060e-12]",./circuit_database/NGCC/result_folder/2025-0521-175948
17264200.0,140.431,0.000789066,-10.340033128018703,2025-0521-175948,"[1, 1, 1]","[5.05198741e-04 7.52442198e-07 1.38994858e-05 9.53051589e-07
 5.66157524e-04 6.61041058e-07 3.14404475e-04 1.30151491e-06
 4.91051720e-05 8.26568811e-07 6.64921278e-05 1.72629373e-06
 5.33359076e-04 1.45233947e-06 7.05687304e-04 6.71081534e-07
 9.05140290e-05 5.48222920e-07 2.46861011e-04 7.59581510e-07
 3.24474730e-04 1.34191781e-06 1.70301695e-04 1.77201617e-06
 3.60381551e-04 1.62073454e-06 8.48431501e-04 1.51112883e-06
 9.50889618e-13 2.12477772e-12]",./circuit_database/NGCC/result_folder/2025-0521-175948
17681600.0,140.417,0.00077347,-10.359078087858665,2025-0521-175948,"[1, 1, 1]","[5.07655403e-04 7.49803074e-07 3.73330229e-06 9.59339162e-07
 5.75470198e-04 6.61041058e-07 3.13253410e-04 1.29684773e-06
 5.06506548e-05 8.28439321e-07 6.80767195e-05 1.72243962e-06
 5.25191818e-04 1.43515387e-06 6.99318410e-04 6.73653316e-07
 8.94963673e-05 5.48981100e-07 2.48250554e-04 7.59538211e-07
 3.05976594e-04 1.34186908e-06 1.71098053e-04 1.77600542e-06
 3.62672674e-04 1.61498774e-06 8.55599123e-04 1.49281956e-06
 9.45653103e-13 2.12258060e-12]",./circuit_database/NGCC/result_folder/2025-0521-175948
17691600.0,140.417,0.000783731,-10.353600086223958,2025-0521-180007,"[1, 1, 1]","[5.10411936e-04 7.47602623e-07 1.37984618e-05 9.53408320e-07
 5.65552503e-04 6.72451324e-07 3.10489715e-04 1.29522397e-06
 4.88806114e-05 8.28627808e-07 6.82788623e-05 1.72481778e-06
 5.29508013e-04 1.44174125e-06 7.04728512e-04 6.90443702e-07
 9.09106454e-05 5.50182262e-07 2.60775773e-04 7.62123912e-07
 3.17443358e-04 1.34041817e-06 1.69625940e-04 1.77545485e-06
 3.53823692e-04 1.61895826e-06 8.59407802e-04 1.47827659e-06
 9.55228621e-13 2.12258060e-12]",./circuit_database/NGCC/result_folder/2025-0521-180007
17653300.0,140.157,0.000754023,-10.369441308291371,2025-0521-180007,"[1, 1, 1]","[5.13884703e-04 7.16658697e-07 1.19740483e-06 9.57164635e-07
 5.72449117e-04 6.59520876e-07 3.15534022e-04 1.30251146e-06
 5.19371510e-05 8.32873608e-07 6.83284142e-05 1.72629373e-06
 5.31790743e-04 1.44373813e-06 6.98830676e-04 6.90964234e-07
 8.84717221e-05 5.43721794e-07 2.53021926e-04 7.58102325e-07
 2.93742874e-04 1.33542547e-06 1.72762534e-04 1.79036244e-06
 3.48240365e-04 1.61443058e-06 8.59962729e-04 1.48024168e-06
 9.47669409e-13 2.12562550e-12]",./circuit_database/NGCC/result_folder/2025-0521-180007
17576200.0,140.197,0.000746261,-10.372034240036914,2025-0521-180007,"[1, 1, 1]","[5.10965028e-04 7.12059748e-07 1.19740483e-06 9.52874874e-07
 5.65550733e-04 6.68933070e-07 3.06873196e-04 1.29193955e-06
 5.09957881e-05 8.47646398e-07 6.79089684e-05 1.72629373e-06
 5.39416260e-04 1.45143697e-06 7.02747586e-04 6.90272295e-07
 8.43800819e-05 5.36975742e-07 2.62729959e-04 7.62156099e-07
 3.09003199e-04 1.34041817e-06 1.62419083e-04 1.79082470e-06
 3.53823692e-04 1.62174842e-06 8.50932150e-04 1.47782861e-06
 9.53423321e-13 2.12017165e-12]",./circuit_database/NGCC/result_folder/2025-0521-180007
17649900.0,140.365,0.000769443,-10.360565796110569,2025-0521-180007,"[1, 1, 1]","[5.12730650e-04 7.24675604e-07 2.02765947e-06 9.53051589e-07
 5.65861507e-04 6.77543454e-07 3.18027875e-04 1.29370321e-06
 4.88806114e-05 8.37893147e-07 6.80500601e-05 1.72629373e-06
 5.37422938e-04 1.42042742e-06 7.04728512e-04 6.91669802e-07
 9.07427658e-05 5.46341039e-07 2.53021926e-04 7.62462428e-07
 3.05603269e-04 1.34648450e-06 1.68713933e-04 1.77600542e-06
 3.59411511e-04 1.62779006e-06 8.51981798e-04 1.47740604e-06
 9.55228621e-13 2.12258060e-12]",./circuit_database/NGCC/result_folder/2025-0521-180007
17019600.0,140.318,0.000751439,-10.355055617564313,2025-0521-180025,"[1, 1, 1]","[5.10965028e-04 7.23368585e-07 4.69228587e-06 9.52874874e-07
 5.67859915e-04 6.71985519e-07 3.05978595e-04 1.28175976e-06
 4.72236600e-05 8.47646398e-07 6.53785946e-05 1.72629373e-06
 5.37421767e-04 1.45143697e-06 7.02747586e-04 6.88435395e-07
 8.43800819e-05 5.36975742e-07 2.58329033e-04 7.63675906e-07
 3.16361825e-04 1.34041817e-06 1.67947748e-04 1.79082470e-06
 3.59235641e-04 1.62670389e-06 8.49404236e-04 1.48325480e-06
 9.48598120e-13 2.12017165e-12]",./circuit_database/NGCC/result_folder/2025-0521-180025
16852200.0,140.278,0.000747179,-10.353231947406448,2025-0521-180025,"[1, 1, 1]","[5.17937960e-04 7.12054804e-07 1.19740483e-06 9.59034379e-07
 5.65550733e-04 6.68933070e-07 3.07211284e-04 1.28518126e-06
 4.55849512e-05 8.45231757e-07 6.51568360e-05 1.72751223e-06
 5.39416260e-04 1.44976746e-06 7.09521056e-04 6.83827087e-07
 8.70636411e-05 5.48905581e-07 2.63977415e-04 7.71689535e-07
 3.11873423e-04 1.34041817e-06 1.62419083e-04 1.79082470e-06
 3.54604835e-04 1.61338083e-06 8.46613236e-04 1.47473274e-06
 9.39541929e-13 2.13338775e-12]",./circuit_database/NGCC/result_folder/2025-0521-180025
16498400.0,140.257,0.000743267,-10.346296977595294,2025-0521-180044,"[1, 1, 1]","[5.15438255e-04 7.22090138e-07 1.19740483e-06 9.59423229e-07
 5.69116429e-04 6.66414741e-07 3.06873196e-04 1.28520605e-06
 5.09957881e-05 8.47107257e-07 6.38435945e-05 1.72988092e-06
 5.32262011e-04 1.45143697e-06 7.08836546e-04 6.87358442e-07
 8.43800819e-05 5.42741942e-07 2.57603224e-04 7.62156099e-07
 3.09003199e-04 1.33223641e-06 1.54214316e-04 1.79082470e-06
 3.56840561e-04 1.62550554e-06 8.43343091e-04 1.47782861e-06
 9.60681694e-13 2.13880259e-12]",./circuit_database/NGCC/result_folder/2025-0521-180044
18272200.0,143.862,0.00376343,-9.686206997656138,2025-0521-180233,"[1, 1, 1]","[5.78820452e-04 1.60125308e-06 2.98117829e-04 9.76677072e-07
 9.90845693e-04 1.05694880e-06 2.75258857e-04 1.15246328e-06
 1.80263009e-05 1.10568867e-06 3.59822868e-05 1.08324865e-06
 5.79849300e-04 9.12282994e-07 4.03851254e-04 7.27247108e-07
 8.11575100e-04 1.30407937e-06 7.07971509e-04 1.54996697e-06
 9.32535569e-04 9.02906411e-07 4.71674644e-04 1.85540819e-06
 6.69148681e-04 5.32165357e-07 2.29574285e-04 8.77263808e-07
 1.82933422e-12 1.43525644e-12]",STALE
22005200.0,141.001,0.00496549,-4.17998993661454,2025-0521-180613,"[1, 0, -1]","[3.69160073e-04 1.02262756e-06 8.89547194e-04 1.81520992e-06
 4.53214956e-04 1.33612880e-06 3.40857817e-04 1.97143160e-06
 3.46982378e-04 1.22497580e-06 5.95732421e-05 1.16377186e-06
 5.65805813e-05 6.25851928e-07 9.55927438e-04 6.70314383e-07
 9.65011425e-04 1.26997772e-06 6.18173270e-04 7.42785068e-07
 4.00844447e-04 1.21781994e-06 1.00959716e-04 1.48566546e-06
 7.23577676e-04 1.75898277e-06 2.71914194e-04 1.83120465e-06
 2.47412716e-12 1.92990825e-12]",STALE
13918300.0,141.763,0.00186098,-4.0357149283146665,2025-0521-181204,"[1, 0, -1]","[3.16997353e-04 8.59732097e-07 2.92710549e-04 1.48995102e-06
 9.19112454e-04 1.13439719e-06 3.17712166e-04 1.74015288e-06
 2.89082325e-05 1.31458858e-06 3.44211347e-05 1.40539088e-06
 5.43122453e-04 7.18331162e-07 2.04376468e-04 1.26652408e-06
 8.24001834e-04 1.77507024e-06 1.41362111e-04 1.20049393e-06
 7.95972449e-04 1.79460980e-06 3.73317067e-04 1.34949649e-06
 2.72086921e-04 1.10538212e-06 5.61887560e-04 1.50754722e-06
 6.48284776e-13 1.55108992e-12]",STALE
8926800.0,142.116,0.00334019,-3.791586580148521,2025-0521-181234,"[1, 0, -1]","[3.69160073e-04 1.02262756e-06 5.57851073e-04 1.06480463e-06
 4.93298313e-04 1.64296336e-06 3.40857817e-04 1.97143160e-06
 1.55658663e-04 1.22497580e-06 2.57785745e-05 1.16377186e-06
 1.60298283e-04 6.25851928e-07 6.99709936e-04 6.70314383e-07
 6.14586944e-04 1.21511805e-06 6.18173270e-04 5.74444766e-07
 4.00844447e-04 8.50602880e-07 4.21620821e-04 1.62588676e-06
 5.73487527e-04 1.53036748e-06 7.65853706e-04 1.13248494e-06
 2.47412716e-12 2.17851950e-12]",STALE
25850400.0,138.15,0.00550373,-4.312699412407708,2025-0521-181234,"[1, 0, -1]","[3.69160073e-04 1.05780295e-06 3.89603071e-04 1.81520992e-06
 4.53214956e-04 1.08025756e-06 6.30121762e-04 1.54421238e-06
 3.46982378e-04 6.62733968e-07 7.85103431e-05 1.51451033e-06
 2.49821434e-04 5.00883576e-07 9.55927438e-04 6.70314383e-07
 9.65011425e-04 1.22728277e-06 5.78754869e-04 1.15291866e-06
 2.44302847e-04 1.21781994e-06 5.16610557e-04 1.48566546e-06
 9.71988982e-04 1.88528348e-06 2.71914194e-04 1.83120465e-06
 2.47412716e-12 1.92990825e-12]",STALE
31745900.0,142.852,0.00468568,-4.297599529365486,2025-0521-181234,"[1, 0, -1]","[3.69160073e-04 1.02262756e-06 8.89547194e-04 1.83125345e-06
 5.26538963e-04 1.33612880e-06 3.40857817e-04 1.97143160e-06
 2.14792412e-04 1.79404175e-06 6.93604594e-05 1.16377186e-06
 3.83835123e-04 6.37788311e-07 9.55927438e-04 6.70314383e-07
 7.96878847e-04 1.21009449e-06 6.84222670e-04 6.84391208e-07
 4.00844447e-04 1.21781994e-06 1.19455095e-04 1.54829330e-06
 6.46697308e-04 1.13028038e-06 2.71914194e-04 1.79144191e-06
 1.21849824e-12 1.48356782e-12]",./circuit_database/NGCC/result_folder/2025-0521-181234
26133200.0,138.472,0.00337718,-4.348343681260358,2025-0521-181255,"[1, 0, -1]","[3.69160073e-04 1.05780295e-06 4.80619794e-04 1.83762105e-06
 1.42748477e-04 5.91059697e-07 8.18829686e-04 1.40216699e-06
 3.46982378e-04 1.43220229e-06 7.44026348e-05 1.51451033e-06
 2.49821434e-04 7.35393081e-07 8.04907278e-04 6.70314383e-07
 6.06172962e-04 1.25423062e-06 5.78754869e-04 1.60725585e-06
 2.88102102e-04 1.49473798e-06 5.32287520e-04 1.03893499e-06
 9.71988982e-04 1.85166911e-06 4.00034957e-04 1.93782781e-06
 2.42533041e-12 1.84553781e-12]",STALE
21519000.0,139.593,0.00212864,-4.2698169248603985,2025-0521-181329,"[1, 0, -1]","[4.68510124e-04 6.13903616e-07 1.65497865e-04 1.83762105e-06
 1.42748477e-04 1.08530042e-06 9.13819015e-04 1.29763419e-06
 1.02514484e-04 1.50324392e-06 7.44026348e-05 1.89593526e-06
 6.75871193e-04 8.51608769e-07 5.23098510e-04 6.28668030e-07
 7.18150909e-04 1.73281919e-06 9.23850214e-04 1.75433149e-06
 2.88102102e-04 1.49473798e-06 3.78870124e-04 1.68526865e-06
 8.49072695e-04 1.85166911e-06 4.87823220e-04 1.93782781e-06
 1.89607724e-12 1.87864838e-12]",STALE
19523500.0,141.748,0.00272146,-4.155978576958769,2025-0521-181442,"[1, 0, -1]","[5.86457350e-04 8.83889273e-07 4.80619794e-04 1.86845553e-06
 6.31618704e-04 1.60245067e-06 2.05552638e-04 8.07583302e-07
 2.70394870e-04 1.54722048e-06 7.15939276e-05 1.90863717e-06
 7.21773372e-04 6.82159641e-07 7.16746229e-04 9.05523896e-07
 7.27956117e-04 1.94176388e-06 9.32597269e-04 1.60725585e-06
 6.03558332e-04 1.74262937e-06 5.32287520e-04 1.65499031e-06
 9.71988982e-04 1.93159267e-06 1.50810404e-04 1.71862660e-06
 5.53039147e-13 1.84553781e-12]",STALE
24691100.0,142.694,0.0027596,-4.233286836095663,2025-0521-181519,"[1, 0, -1]","[5.27546204e-04 8.83889273e-07 4.71831059e-04 1.42619243e-06
 8.96251332e-04 7.92491473e-07 2.67015495e-04 1.24586448e-06
 6.61900102e-05 1.35866638e-06 6.99197887e-05 1.22123550e-06
 4.98119108e-04 8.61626120e-07 6.65205461e-04 1.07168648e-06
 6.43524729e-04 1.23890728e-06 1.94118865e-04 1.39714071e-06
 1.51548553e-04 1.49473798e-06 6.02897210e-04 1.73220413e-06
 8.75412889e-04 1.41418043e-06 8.51853176e-05 1.78231995e-06
 1.14716168e-12 1.88655389e-12]",STALE
18168500.0,143.055,0.00226653,-4.105310393859804,2025-0521-181519,"[1, 0, -1]","[8.34654744e-04 8.83889273e-07 5.30431326e-04 1.82521966e-06
 8.64948999e-04 7.92491473e-07 2.67015495e-04 1.15684921e-06
 6.61900102e-05 1.42074409e-06 6.57539517e-05 1.66989857e-06
 3.54205067e-04 8.61626120e-07 8.38653293e-04 6.39375940e-07
 7.05743644e-04 1.85686535e-06 8.31185577e-04 1.25608647e-06
 3.10697540e-04 1.49473798e-06 2.46866664e-04 1.65284061e-06
 6.42733754e-04 1.62736079e-06 3.27328263e-05 1.55851300e-06
 1.29925671e-12 2.03057217e-12]",STALE
21269100.0,143.074,0.00406249,-4.129516412779334,2025-0521-181519,"[1, 0, -1]","[8.96311283e-04 8.83889273e-07 4.74169269e-04 1.45035145e-06
 8.64948999e-04 9.57623511e-07 2.67015495e-04 1.15684921e-06
 6.61900102e-05 1.66828542e-06 6.65488957e-05 1.13202241e-06
 3.44578634e-04 6.00812335e-07 9.22823660e-04 7.61051647e-07
 6.43524729e-04 1.27190462e-06 8.31185577e-04 1.09603325e-06
 1.79171483e-04 1.49473798e-06 5.32287520e-04 1.65284061e-06
 8.75412889e-04 1.05666351e-06 1.63226474e-04 1.96153004e-06
 1.70380187e-12 2.24724321e-12]",STALE
25291800.0,143.874,0.00375309,-4.190950896095155,2025-0521-181519,"[1, 0, -1]","[2.86335208e-04 1.46604800e-06 9.42091962e-04 1.42619243e-06
 9.23832216e-04 9.31349655e-07 2.67015495e-04 1.15684921e-06
 6.61900102e-05 1.59920207e-06 6.99197887e-05 1.22123550e-06
 4.67293759e-04 6.29263939e-07 7.11165623e-04 1.37362579e-06
 6.43524729e-04 1.25423062e-06 8.31185577e-04 1.60725585e-06
 2.36358838e-04 1.49473798e-06 3.61326394e-04 1.45645611e-06
 2.55623860e-04 1.62736079e-06 7.22098586e-05 1.67091759e-06
 2.03200805e-12 1.84553781e-12]",STALE
32920600.0,115.275,0.0541334,-4.738209833107654,2025-0521-181645,"[1, 0, -1]","[7.56885107e-04 8.83889273e-07 7.38021131e-04 1.59357104e-06
 5.69434671e-04 7.92491473e-07 4.20350484e-04 1.15684921e-06
 6.61900102e-05 1.63716277e-06 6.99197887e-05 6.23369690e-07
 9.07156324e-04 8.61626120e-07 4.76349439e-04 6.97826952e-07
 6.43524729e-04 6.44162744e-07 8.31185577e-04 1.09482236e-06
 3.95036658e-06 1.49473798e-06 5.32287520e-04 1.65284061e-06
 7.91885344e-04 1.62736079e-06 1.84811212e-04 1.68143986e-06
 5.86439960e-13 1.98145214e-12]",STALE
32219400.0,137.659,0.00755368,-4.393355370966015,2025-0521-181754,"[1, 0, -1]","[6.39214685e-04 1.37964985e-06 7.38021131e-04 1.68195233e-06
 5.76204970e-04 1.46872449e-06 4.20350484e-04 1.02798636e-06
 6.38513100e-04 1.63716277e-06 8.76242543e-05 1.90379408e-06
 6.16931880e-05 1.49750790e-06 6.64911425e-04 6.97826952e-07
 5.42982567e-04 6.44162744e-07 8.31185577e-04 9.67242554e-07
 1.34345065e-04 1.49473798e-06 4.04925928e-04 1.65284061e-06
 6.15191130e-04 1.79856744e-06 7.19333348e-04 1.97178784e-06
 1.05484280e-12 1.51911972e-12]",STALE
34850400.0,108.367,0.0752694,-4.883560052446348,2025-0521-181754,"[1, 0, -1]","[9.86083311e-04 1.03437132e-06 7.38021131e-04 1.89326498e-06
 5.69434671e-04 1.10799719e-06 5.86174241e-04 1.21644628e-06
 5.29491966e-04 1.34817031e-06 8.76242543e-05 1.28461677e-06
 2.60477257e-05 6.20143496e-07 7.31400919e-04 6.07864767e-07
 5.87593978e-04 6.44162744e-07 8.31185577e-04 7.83743359e-07
 3.95036658e-06 1.83274549e-06 2.36562712e-04 1.65284061e-06
 7.29681088e-04 1.53790975e-06 7.12016851e-04 1.89188137e-06
 1.16317029e-12 1.78824425e-12]",STALE
27453100.0,139.461,0.00294513,-4.355340610866678,2025-0521-181830,"[1, 0, -1]","[5.76391167e-04 8.01756203e-07 5.03618474e-04 1.60827723e-06
 3.22419941e-04 1.30439627e-06 2.70108296e-04 7.78549977e-07
 2.98888505e-04 1.77541562e-06 8.07466834e-05 1.38483554e-06
 6.16290317e-04 6.20143496e-07 6.64911425e-04 6.97826952e-07
 5.87593978e-04 8.80501587e-07 1.00368940e-04 1.44674093e-06
 3.95861629e-04 1.49473798e-06 4.04925928e-04 1.65284061e-06
 5.07330445e-04 1.53790975e-06 6.94959387e-04 1.97178784e-06
 1.83464441e-12 1.82857096e-12]",STALE
26441000.0,139.817,0.00387033,-4.309275551978139,2025-0521-182109,"[1, 0, -1]","[7.56922981e-04 1.06526592e-06 7.35765150e-04 1.79071363e-06
 5.16849705e-04 1.01378353e-06 3.87976793e-04 8.38490903e-07
 2.63835480e-04 1.57903638e-06 8.76242543e-05 1.74541724e-06
 2.13678687e-04 6.20143496e-07 6.64911425e-04 1.20413575e-06
 5.87593978e-04 8.86581857e-07 4.18588764e-04 1.10830608e-06
 2.06219009e-04 1.49473798e-06 4.04925928e-04 1.65284061e-06
 6.74641546e-04 1.53790975e-06 3.18840903e-04 1.97178784e-06
 9.24234457e-13 1.91732454e-12]",STALE
40360400.0,106.003,0.0502644,-5.069402510225429,2025-0521-182109,"[1, 0, -1]","[4.00689881e-04 1.00027065e-06 5.27878664e-04 1.97410071e-06
 4.04424194e-04 1.58552820e-06 2.14547221e-04 5.13615170e-07
 2.43121872e-04 1.77427028e-06 8.76242543e-05 1.22729883e-06
 1.39077103e-04 6.62856563e-07 7.16359901e-04 6.97826952e-07
 4.88583817e-04 7.01489922e-07 6.05159822e-04 7.83743359e-07
 3.95036658e-06 1.49473798e-06 4.04925928e-04 1.49688117e-06
 5.71073981e-04 7.89127099e-07 1.84811212e-04 1.97178784e-06
 2.29027468e-12 1.49249125e-12]",STALE
41224200.0,115.965,0.0351604,-4.878575571042155,2025-0521-182238,"[1, 0, -1]","[4.00689881e-04 1.00027065e-06 3.37607944e-04 1.97410071e-06
 4.04424194e-04 1.58552820e-06 2.14547221e-04 5.57603618e-07
 1.44743830e-04 1.51822932e-06 8.76242543e-05 6.86193192e-07
 2.77429299e-04 6.12062757e-07 4.89210690e-04 6.37478178e-07
 4.88583817e-04 5.90602523e-07 9.83497216e-04 1.55448696e-06
 3.95036658e-06 1.49473798e-06 4.80492192e-04 1.87696731e-06
 5.71073981e-04 1.22401582e-06 6.60182376e-04 1.98415491e-06
 9.29090038e-13 1.94775037e-12]",STALE
29322500.0,138.401,0.00378041,-4.391432806222086,2025-0521-182238,"[1, 0, -1]","[4.00689881e-04 1.00027065e-06 5.27878664e-04 1.40385848e-06
 4.04424194e-04 1.27113771e-06 2.14547221e-04 9.44801875e-07
 2.66407505e-04 1.77427028e-06 8.76242543e-05 1.22729883e-06
 3.07808295e-04 7.85740946e-07 2.68420315e-04 6.27949153e-07
 4.42431868e-04 7.01489922e-07 6.05159822e-04 7.83743359e-07
 3.95036658e-06 1.00630171e-06 4.24110934e-04 1.49688117e-06
 5.36375021e-04 7.09203771e-07 2.94119644e-05 1.67225601e-06
 1.15723836e-12 1.96826113e-12]",STALE
33358800.0,136.657,0.00456862,-4.476041171484746,2025-0521-182315,"[1, 0, -1]","[6.24938558e-04 7.59499075e-07 5.54156613e-04 1.90201982e-06
 4.04424194e-04 1.58552820e-06 2.14547221e-04 5.13615170e-07
 4.05661828e-04 1.85268943e-06 8.03231173e-05 1.15169431e-06
 3.96492036e-04 5.19441582e-07 7.16359901e-04 6.97826952e-07
 4.26898619e-04 6.48382279e-07 2.01976300e-04 7.83743359e-07
 4.54797228e-05 1.16093991e-06 4.04925928e-04 1.78243036e-06
 5.71073981e-04 1.02935906e-06 1.84811212e-04 1.97178784e-06
 2.23523784e-12 1.70152805e-12]",STALE
35995700.0,114.124,0.0284816,-4.892201540674498,2025-0521-182315,"[1, 0, -1]","[6.06382369e-04 8.02567077e-07 8.82358946e-04 1.97410071e-06
 3.81652651e-04 1.74597339e-06 2.14547221e-04 1.13790381e-06
 2.43121872e-04 1.90720307e-06 8.60018900e-05 1.22729883e-06
 5.44780558e-04 7.25468440e-07 7.16359901e-04 6.45909789e-07
 4.88583817e-04 7.01489922e-07 7.25016408e-04 1.89226761e-06
 3.95036658e-06 1.49473798e-06 5.11186598e-04 1.49688117e-06
 5.67231820e-04 6.65961499e-07 9.03549566e-05 1.93720413e-06
 5.41810181e-13 1.49249125e-12]",STALE
41716900.0,135.049,0.00744147,-4.572128293663511,2025-0521-182355,"[1, 0, -1]","[5.17857719e-04 8.36264882e-07 5.60810482e-04 1.97410071e-06
 2.94984655e-04 1.58552820e-06 2.14547221e-04 7.87559266e-07
 2.89651335e-04 1.77427028e-06 7.51247935e-05 8.74054722e-07
 1.39077103e-04 6.62856563e-07 7.16359901e-04 6.97826952e-07
 4.57921914e-04 7.01489922e-07 7.85996794e-04 5.51315643e-07
 9.32007885e-05 1.36774902e-06 4.04925928e-04 1.69636306e-06
 5.71073981e-04 1.00055401e-06 2.49739276e-04 1.82037470e-06
 1.31093364e-12 1.49249125e-12]",STALE
29601400.0,137.562,0.00447141,-4.403247960846346,2025-0521-182355,"[1, 0, -1]","[4.34119704e-04 7.95749872e-07 3.97838145e-04 1.95495541e-06
 3.86934957e-04 1.58552820e-06 4.00951629e-05 7.70428348e-07
 3.95275802e-04 1.77427028e-06 8.44183027e-05 1.53075832e-06
 1.31515885e-04 6.84307184e-07 6.15920390e-04 6.97826952e-07
 5.68185412e-04 5.51510154e-07 4.42203252e-04 1.34567625e-06
 6.36635832e-05 1.34657880e-06 4.04925928e-04 1.27608206e-06
 6.26609020e-04 8.33988436e-07 3.93105027e-05 1.89861884e-06
 1.81442750e-12 1.49249125e-12]",STALE
12106700.0,143.669,0.00140376,-3.946557969513107,2025-0521-182504,"[1, 0, -1]","[3.16997353e-04 1.05321091e-06 2.92710549e-04 1.48995102e-06
 9.07716651e-04 1.84797705e-06 3.17712166e-04 1.29195487e-06
 2.89082325e-05 1.06601227e-06 3.44211347e-05 1.40539088e-06
 4.29551426e-04 7.03626313e-07 2.04376468e-04 1.26652408e-06
 3.19011457e-04 1.12200084e-06 1.29859425e-04 1.20049393e-06
 9.02747798e-04 1.84306985e-06 3.73317067e-04 1.23805649e-06
 2.72086921e-04 1.10538212e-06 4.61284445e-04 1.50754722e-06
 1.25303441e-12 1.85962594e-12]",STALE
29706700.0,136.947,0.00440138,-4.421430476586745,2025-0521-182538,"[1, 0, -1]","[4.13287252e-04 7.74777285e-07 5.71066726e-04 1.79224714e-06
 2.66814786e-04 1.76334424e-06 2.84135665e-04 6.15711542e-07
 3.50588489e-04 1.62228223e-06 7.57268015e-05 1.19552780e-06
 8.64194786e-07 6.40484374e-07 6.58405073e-04 6.01909833e-07
 4.66061391e-04 7.02898759e-07 5.94930483e-04 1.25737247e-06
 1.67174016e-04 1.89470389e-06 6.22027707e-04 1.49688117e-06
 7.56827408e-04 1.14794313e-06 2.16669177e-04 1.97178784e-06
 1.75799356e-12 1.89946693e-12]",STALE
11464500.0,144.642,0.00210699,-3.870846002123498,2025-0521-182538,"[1, 0, -1]","[3.16997353e-04 9.15624327e-07 4.80847839e-04 1.36884541e-06
 9.19112454e-04 1.70005542e-06 3.17712166e-04 1.51333797e-06
 2.89082325e-05 1.41929807e-06 2.86521447e-05 1.55418122e-06
 3.70529090e-04 7.18331162e-07 5.23780587e-04 1.11447239e-06
 8.24001834e-04 1.31837262e-06 1.41362111e-04 9.31905746e-07
 5.89772045e-04 1.34325808e-06 3.73317067e-04 1.34949649e-06
 2.71415152e-04 1.26077718e-06 1.73941600e-04 1.50754722e-06
 6.48284776e-13 1.55108992e-12]",./circuit_database/NGCC/result_folder/2025-0521-182538
23066700.0,143.405,0.0022266,-4.201492576062996,2025-0521-182614,"[1, 0, -1]","[3.16997353e-04 8.59732097e-07 1.47149081e-04 1.48995102e-06
 9.19112454e-04 1.13439719e-06 3.17712166e-04 1.74015288e-06
 2.89082325e-05 1.41881715e-06 3.32471471e-05 1.01124678e-06
 5.43122453e-04 7.18331162e-07 5.53441300e-04 1.26652408e-06
 9.56694108e-04 1.23577780e-06 3.54860384e-04 6.06514243e-07
 7.95972449e-04 1.79460980e-06 3.73317067e-04 1.34949649e-06
 2.81003005e-04 1.19375819e-06 1.01528295e-04 1.76135755e-06
 1.40464469e-12 1.06376880e-12]",STALE
13213300.0,142.536,0.00137622,-4.014176532234223,2025-0521-182614,"[1, 0, -1]","[3.94923580e-04 6.75741523e-07 2.92710549e-04 1.37592499e-06
 9.99176163e-04 1.16264027e-06 4.80636109e-04 1.74015288e-06
 2.89082325e-05 1.53795066e-06 3.44211347e-05 1.63706677e-06
 5.43122453e-04 6.72052717e-07 3.68859823e-04 1.05076856e-06
 4.15328085e-04 1.77507024e-06 4.60789591e-04 7.59470386e-07
 6.55949816e-04 1.79460980e-06 5.73358243e-04 1.34949649e-06
 2.72086921e-04 1.18688898e-06 6.26187762e-04 1.50754722e-06
 1.57598834e-12 1.55108992e-12]",STALE
34522100.0,136.223,0.00667825,-4.470048818323454,2025-0521-182742,"[1, 0, -1]","[5.97294603e-04 8.64361774e-07 5.93523516e-04 1.66620478e-06
 2.82332574e-04 1.65445901e-06 2.62439382e-04 8.20044740e-07
 4.30624333e-04 1.63383371e-06 8.35256072e-05 1.33790284e-06
 1.29933976e-04 5.26787579e-07 6.19039771e-04 5.19689867e-07
 3.97867589e-04 8.42132541e-07 4.04118115e-04 9.41976796e-07
 4.56891419e-05 1.65130544e-06 6.29902943e-04 1.27580721e-06
 8.54012562e-04 7.44210811e-07 1.83333274e-04 1.98947211e-06
 2.23218711e-12 1.60638361e-12]",STALE
15087700.0,143.539,0.00290683,-3.994396666672931,2025-0521-182807,"[1, 0, -1]","[2.81261312e-04 1.59679058e-06 4.22424757e-04 7.98904091e-07
 6.68033905e-04 1.13439719e-06 5.02705922e-04 7.91497491e-07
 5.77027065e-05 1.89721590e-06 4.68124039e-05 1.05704724e-06
 4.23899609e-04 1.24478132e-06 5.46486047e-04 7.49028288e-07
 7.43759181e-04 1.15265044e-06 3.58874900e-04 9.86685568e-07
 3.51784668e-04 1.76685366e-06 7.75817870e-04 1.35021493e-06
 2.73891054e-04 1.20169375e-06 6.90153877e-04 1.52842698e-06
 1.13875737e-12 2.50410408e-12]",STALE
28419200.0,142.837,0.00317567,-3.5078562823187145,2025-0521-183709,"[0, -1, 1]","[2.51458522e-04 1.37921670e-06 9.13605765e-05 9.97912302e-07
 6.61399898e-04 9.81230969e-07 3.96172197e-04 1.42492718e-06
 2.48797450e-05 8.47030966e-07 8.24206553e-05 5.55223639e-07
 3.30079631e-04 1.37999697e-06 8.18467112e-04 9.56925174e-07
 5.36949035e-04 6.35026183e-07 9.63295557e-04 1.83257818e-06
 6.34725698e-04 1.51535594e-06 5.64118320e-04 1.60964105e-06
 6.10567096e-04 8.71198001e-07 2.30333999e-04 1.12769600e-06
 2.81789952e-12 2.90168000e-12]",STALE
29593900.0,140.525,0.00284049,-3.61580643460676,2025-0521-184348,"[0, -1, 1]","[2.51458522e-04 1.37921670e-06 9.13605765e-05 9.25333936e-07
 2.45344558e-04 6.59399421e-07 3.96172197e-04 1.37503350e-06
 2.48797450e-05 8.47030966e-07 8.24206553e-05 5.55223639e-07
 2.52009779e-05 1.37999697e-06 6.82167610e-04 1.48084992e-06
 5.36949035e-04 9.36702698e-07 8.50846166e-04 1.83257818e-06
 8.83718839e-04 6.54895972e-07 5.64118320e-04 1.37011103e-06
 7.28326366e-04 8.71198001e-07 2.30333999e-04 1.04890509e-06
 1.58191914e-12 2.90168000e-12]",STALE
34518400.0,134.026,0.00385242,-3.658800760294581,2025-0521-184348,"[0, -1, 1]","[8.31763349e-04 5.34445587e-07 4.48921512e-04 5.43951060e-07
 5.50292423e-04 1.12361977e-06 6.75195548e-04 1.30166165e-06
 8.63437646e-04 1.31760340e-06 1.10672885e-04 1.11208580e-06
 1.83475382e-04 7.28822750e-07 1.73640328e-04 5.31432138e-07
 7.76841578e-04 1.50338691e-06 1.56415086e-04 1.83954164e-06
 7.56839871e-04 1.10120879e-06 6.90830985e-04 1.18815813e-06
 6.72539597e-04 9.97982629e-07 5.59100976e-04 1.59873699e-06
 1.49742801e-12 2.45858206e-12]",STALE
32395700.0,140.382,0.00289471,-3.630370052618976,2025-0521-184514,"[0, -1, 1]","[2.51458522e-04 1.41107515e-06 2.75167706e-04 9.25333936e-07
 3.78967778e-04 6.59399421e-07 3.97630805e-04 1.37503350e-06
 5.09711371e-05 7.92088319e-07 7.58758921e-05 5.55223639e-07
 3.21493074e-05 1.37999697e-06 7.66273296e-04 1.22132546e-06
 5.36949035e-04 9.36702698e-07 3.23291936e-04 1.83257818e-06
 8.83718839e-04 1.56997600e-06 5.64118320e-04 1.29750210e-06
 5.76015550e-04 8.71198001e-07 2.30333999e-04 1.12226579e-06
 1.23490426e-12 2.43433081e-12]",./circuit_database/NGCC/result_folder/2025-0521-184514
20704000.0,138.526,0.00186964,-3.763620436791425,2025-0521-184547,"[0, -1, 1]","[6.47794873e-04 6.95152206e-07 2.81592551e-04 5.71902837e-07
 6.39054776e-04 1.31792381e-06 2.66561061e-04 1.12284554e-06
 2.99785465e-04 1.67715278e-06 7.95079986e-05 1.94697349e-06
 1.56563464e-04 7.28822750e-07 1.37271653e-04 6.90451257e-07
 5.80901536e-04 1.58455443e-06 1.86230268e-04 1.98909311e-06
 7.63279113e-04 1.41627371e-06 8.52956444e-04 8.93725485e-07
 3.45601283e-04 1.46688965e-06 5.61486547e-04 1.76846558e-06
 1.13531406e-12 1.99369514e-12]",STALE
17906800.0,139.7,0.0015606,-3.784883799385086,2025-0521-184547,"[0, -1, 1]","[8.31763349e-04 6.39846658e-07 2.81592551e-04 5.67608739e-07
 5.89845425e-04 1.50364703e-06 3.98039924e-04 9.27838684e-07
 1.39330522e-04 1.09205723e-06 8.04376259e-05 1.79797633e-06
 1.56563464e-04 7.28822750e-07 1.37271653e-04 6.14112890e-07
 4.56350925e-04 1.09872220e-06 4.88894197e-04 1.98909311e-06
 7.73833393e-04 1.78593862e-06 2.41125829e-04 1.21655934e-06
 1.25199698e-04 1.85244873e-06 5.61486547e-04 1.81234294e-06
 1.13531406e-12 2.52644233e-12]",STALE
27837500.0,143.978,0.0030396,-3.497314819999336,2025-0521-184644,"[0, -1, 1]","[4.13718662e-04 1.37163229e-06 2.63366117e-04 9.25333936e-07
 3.78967778e-04 8.60338570e-07 3.97630805e-04 1.54951145e-06
 2.29273929e-05 7.92088319e-07 7.58758921e-05 5.55223639e-07
 5.08450238e-04 6.02317054e-07 7.62329317e-04 5.68788201e-07
 7.06135645e-04 9.36702698e-07 6.40114892e-04 1.67122751e-06
 8.83718839e-04 1.20680593e-06 5.69741496e-04 1.29750210e-06
 5.62888030e-04 8.71198001e-07 2.30333999e-04 1.60500994e-06
 1.67100805e-12 2.71317955e-12]",STALE
42474500.0,142.478,0.00370068,-3.5365504190935146,2025-0521-184714,"[0, -1, 1]","[2.51458522e-04 1.26946148e-06 2.75167706e-04 9.25333936e-07
 5.05752072e-04 6.93261629e-07 3.96974134e-04 1.37503350e-06
 3.56983119e-05 1.36089459e-06 1.00126303e-04 5.04713465e-07
 3.07368550e-04 7.71102309e-07 7.66273296e-04 5.26232189e-07
 8.99349498e-04 9.36702698e-07 5.27282804e-04 1.83257818e-06
 2.12956110e-04 9.06233519e-07 5.64118320e-04 1.29750210e-06
 5.76015550e-04 8.59000381e-07 2.30333999e-04 1.12226579e-06
 1.30011643e-12 2.43433081e-12]",./circuit_database/NGCC/result_folder/2025-0521-184714
30356100.0,141.572,0.0029746,-3.5783417855662405,2025-0521-184745,"[0, -1, 1]","[2.57042673e-04 1.41107515e-06 2.75167706e-04 7.95881838e-07
 3.78967778e-04 6.77110018e-07 3.95702040e-04 1.59132048e-06
 3.19725926e-05 6.69553071e-07 7.58758921e-05 5.55223639e-07
 6.54078574e-04 1.07018802e-06 6.50508698e-04 8.41925169e-07
 5.36949035e-04 9.36702698e-07 3.45161689e-04 1.80061645e-06
 4.79356994e-04 1.44461018e-06 5.64118320e-04 1.29750210e-06
 5.76015550e-04 9.17472244e-07 2.30333999e-04 1.12226579e-06
 1.11041228e-12 2.46597420e-12]",STALE
26148300.0,137.928,0.00278722,-3.6539729230114513,2025-0521-184820,"[0, -1, 1]","[2.08202265e-04 7.09992222e-07 3.39224894e-04 8.89340550e-07
 3.71239809e-04 6.12985559e-07 4.01957889e-04 1.37503350e-06
 5.09711371e-05 7.92088319e-07 7.58758921e-05 6.65082812e-07
 3.21493074e-05 1.45595083e-06 4.56446333e-04 1.22132546e-06
 4.97019682e-04 1.35087538e-06 3.23291936e-04 7.89696187e-07
 6.53659901e-04 1.56997600e-06 5.50775554e-04 1.28644410e-06
 6.66214056e-04 8.30773864e-07 2.30333999e-04 1.34091455e-06
 5.42014550e-13 2.76317411e-12]",STALE
26789800.0,140.573,0.00282748,-3.595132111681367,2025-0521-184854,"[0, -1, 1]","[2.08202265e-04 1.07736485e-06 6.91351763e-04 9.15295620e-07
 3.71239809e-04 6.12985559e-07 4.01957889e-04 1.56256059e-06
 5.09711371e-05 9.71597075e-07 7.58758921e-05 6.65082812e-07
 3.21493074e-05 1.45595083e-06 4.71853019e-04 7.53054882e-07
 3.52647578e-04 8.48663859e-07 3.23291936e-04 1.35502082e-06
 6.53659901e-04 9.89019006e-07 5.59281616e-04 1.28644410e-06
 6.03539999e-04 1.00904254e-06 2.61505677e-04 1.11508051e-06
 1.37156766e-12 2.71335894e-12]",STALE
16528500.0,143.189,0.00212734,-3.5564344753433974,2025-0521-185000,"[0, -1, 1]","[8.31763349e-04 1.53098733e-06 5.46053201e-04 9.22202070e-07
 9.89455604e-04 7.73399889e-07 5.79482335e-04 8.57326902e-07
 1.39330522e-04 1.67465538e-06 8.04376259e-05 1.95972205e-06
 1.31869970e-04 7.28822750e-07 5.01030438e-04 6.14112890e-07
 5.53488492e-04 1.06733276e-06 4.88894197e-04 1.98909311e-06
 7.71286809e-04 1.59090015e-06 2.41125829e-04 1.21655934e-06
 3.12901708e-04 1.85244873e-06 5.61486547e-04 1.63092910e-06
 1.11771538e-12 2.67787935e-12]",STALE
26380700.0,143.563,0.00220042,-3.6350751033470807,2025-0521-185000,"[0, -1, 1]","[2.08202265e-04 1.75428015e-06 5.88827653e-05 9.96012457e-07
 4.57970030e-04 6.12985559e-07 4.01957889e-04 1.37503350e-06
 2.31730621e-05 6.87391628e-07 7.58758921e-05 6.65082812e-07
 3.21493074e-05 1.45595083e-06 9.42010916e-04 1.17412232e-06
 4.97019682e-04 1.72498542e-06 6.44077213e-04 7.89696187e-07
 4.18616276e-04 1.56997600e-06 5.25093803e-04 1.28644410e-06
 6.66214056e-04 8.30773864e-07 1.17431899e-04 1.34091455e-06
 9.30052561e-13 2.76317411e-12]",./circuit_database/NGCC/result_folder/2025-0521-185000
17780300.0,142.064,0.00213454,-3.5955192875337403,2025-0521-185028,"[0, -1, 1]","[5.66302020e-04 6.39846658e-07 2.81592551e-04 5.67608739e-07
 7.95276468e-04 1.38693455e-06 3.27017016e-04 1.44601762e-06
 2.85927046e-04 1.58548328e-06 8.04376259e-05 1.73757223e-06
 1.56563464e-04 1.27888705e-06 6.59488597e-04 6.14112890e-07
 6.30345103e-04 1.09872220e-06 6.64544529e-05 1.98909311e-06
 7.73900187e-04 1.78593862e-06 2.85295674e-04 6.40377074e-07
 3.92528879e-04 1.85244873e-06 5.61486547e-04 1.81234294e-06
 9.79864478e-13 2.52644233e-12]",STALE
19029200.0,139.526,0.00196386,-3.702074889008988,2025-0521-185057,"[0, -1, 1]","[8.63514212e-04 5.82823207e-07 1.90017828e-04 5.67608739e-07
 5.89845425e-04 1.75114751e-06 4.05737276e-04 1.43010274e-06
 2.66212907e-04 1.45430484e-06 9.40935247e-05 1.79797633e-06
 1.08272201e-04 1.02206958e-06 1.37271653e-04 6.14112890e-07
 4.56350925e-04 7.99721301e-07 9.44676814e-05 1.24579779e-06
 7.81662092e-04 1.78593862e-06 1.03591786e-05 1.21655934e-06
 3.71176602e-04 1.79567458e-06 6.30194149e-04 1.77638113e-06
 1.34095001e-12 2.69781729e-12]",STALE
17909200.0,144.116,0.00175592,-3.6368155716565997,2025-0521-185057,"[0, -1, 1]","[9.51386345e-04 1.15900342e-06 2.81592551e-04 5.67608739e-07
 3.62331813e-04 1.40179166e-06 3.15782655e-04 1.09654564e-06
 1.39330522e-04 1.09205723e-06 8.04376259e-05 1.74210032e-06
 1.56563464e-04 7.28822750e-07 5.37110481e-04 6.14112890e-07
 4.35785013e-04 1.06996495e-06 5.14000301e-04 1.59385021e-06
 7.79708520e-04 1.96924683e-06 2.41125829e-04 1.21655934e-06
 3.21153937e-04 1.85244873e-06 5.61486547e-04 1.71004117e-06
 8.96494120e-13 2.52644233e-12]",./circuit_database/NGCC/result_folder/2025-0521-185057
29983100.0,144.447,0.00261936,-3.5677466062610113,2025-0521-185057,"[0, -1, 1]","[2.08202265e-04 1.72835499e-06 3.39224894e-04 8.89340550e-07
 3.71239809e-04 8.93177756e-07 3.90075988e-04 1.41264942e-06
 2.36296152e-05 1.29514918e-06 8.54338679e-05 6.23116959e-07
 1.29290880e-04 1.45595083e-06 6.72188531e-04 9.71960289e-07
 4.97019682e-04 1.49558100e-06 4.03892464e-04 7.89696187e-07
 6.53659901e-04 7.11669318e-07 5.56711687e-04 1.28644410e-06
 6.66214056e-04 8.30773864e-07 3.62563481e-04 1.29618496e-06
 1.24830600e-12 2.76317411e-12]",./circuit_database/NGCC/result_folder/2025-0521-185057
15284500.0,143.305,0.00122345,-3.7771457406488778,2025-0521-185213,"[0, -1, 1]","[8.31763349e-04 1.35909887e-06 2.81592551e-04 5.67608739e-07
 5.89845425e-04 1.57763737e-06 3.98039924e-04 9.75411713e-07
 1.39330522e-04 1.09205723e-06 7.22801617e-05 1.79797633e-06
 4.66774517e-04 7.75207179e-07 1.37271653e-04 6.14112890e-07
 2.83642690e-04 1.21405125e-06 5.48427660e-05 1.82209597e-06
 7.73833393e-04 1.78593862e-06 2.41125829e-04 1.21655934e-06
 1.25199698e-04 1.61355980e-06 5.42086629e-04 1.81234294e-06
 1.98777798e-12 2.63345643e-12]",STALE
7159120.0,144.149,0.00138153,-3.5411261391967184,2025-0521-185323,"[0, -1, 1]","[6.87420468e-04 1.69964691e-06 6.16915950e-05 1.48568642e-06
 5.31989022e-04 1.08853139e-06 3.04274874e-04 1.43734899e-06
 4.14315524e-04 1.15511569e-06 3.22638201e-05 1.78774364e-06
 3.25527207e-04 1.30908826e-06 5.18962761e-04 7.94200894e-07
 2.39558862e-04 1.40840214e-06 1.90616005e-04 1.42548285e-06
 7.79261696e-04 1.59277764e-06 3.33459289e-04 1.60994002e-06
 6.30141796e-04 1.73923058e-06 4.72166827e-04 1.77179752e-06
 5.89910838e-13 2.62174727e-12]",./circuit_database/NGCC/result_folder/2025-0521-185323
7970950.0,141.694,0.00121943,-3.6725696321434826,2025-0521-185424,"[0, -1, 1]","[7.43837565e-04 1.43757304e-06 3.51957088e-04 1.14705382e-06
 1.50398531e-04 1.65475555e-06 3.04274874e-04 1.00156482e-06
 4.30580294e-04 1.39070654e-06 3.50982331e-05 1.78774364e-06
 1.32761124e-04 1.31146362e-06 2.62417331e-04 7.94200894e-07
 1.41458116e-04 1.19505839e-06 2.82390021e-04 1.42548285e-06
 7.79261696e-04 1.38557734e-06 3.43043632e-04 1.60994002e-06
 3.93502687e-04 1.48392436e-06 5.30481391e-04 1.77179752e-06
 1.70734499e-12 2.61499274e-12]",STALE
19836900.0,140.539,0.00213205,-3.6532313799660083,2025-0521-185847,"[0, -1, 1]","[1.66880793e-04 9.83377693e-07 3.98333623e-05 8.89340550e-07
 3.06107088e-04 7.82573575e-07 3.99796471e-04 1.32033436e-06
 2.83110290e-05 1.01284755e-06 7.58758921e-05 1.14378620e-06
 3.50305097e-04 1.45768956e-06 7.86134699e-04 1.34646474e-06
 5.52457018e-04 1.31053222e-06 1.41970630e-04 1.06182548e-06
 6.53659901e-04 1.08384428e-06 5.48065299e-04 1.29185849e-06
 5.03945856e-04 8.23138850e-07 2.73359462e-04 8.79485637e-07
 8.78507598e-13 2.74406042e-12]",STALE
21348900.0,140.671,0.00185473,-3.7268066339138533,2025-0521-185920,"[0, -1, 1]","[2.55157416e-04 6.97061265e-07 8.79367808e-05 8.89340550e-07
 4.28077267e-04 8.21198342e-07 3.94554451e-04 1.22233085e-06
 2.73240790e-05 1.01284755e-06 7.83423127e-05 1.10410654e-06
 1.94036911e-04 1.23247998e-06 8.75680010e-04 1.34646474e-06
 3.43099880e-04 1.32694225e-06 5.19629604e-04 1.22586401e-06
 8.46682596e-04 1.29564367e-06 5.43933208e-04 1.45335918e-06
 5.83300147e-04 8.83420588e-07 2.94381731e-04 1.14588263e-06
 7.85114045e-13 2.70030304e-12]",STALE
22018400.0,139.184,0.0020869,-3.714850557340775,2025-0521-185955,"[0, -1, 1]","[2.55157416e-04 6.97061265e-07 6.56697108e-05 8.89340550e-07
 4.42643159e-04 5.69942175e-07 3.94974119e-04 1.57260188e-06
 3.80629761e-05 1.01284755e-06 8.09578284e-05 1.10410654e-06
 1.95325338e-04 5.61038176e-07 6.28310605e-04 1.18392992e-06
 4.07881318e-04 1.32694225e-06 8.61753045e-04 1.52800202e-06
 5.24811719e-04 1.17011678e-06 5.45572829e-04 1.54499117e-06
 6.37408365e-04 9.08190330e-07 6.71543512e-04 1.14588263e-06
 6.84509327e-13 2.70030304e-12]",STALE
18660800.0,140.62,0.00174303,-3.725677365082514,2025-0521-190104,"[0, -1, 1]","[2.55157416e-04 9.72500694e-07 2.91189808e-04 8.89340550e-07
 3.92004501e-04 5.16230969e-07 3.96088881e-04 1.50536425e-06
 4.06662952e-05 1.30377225e-06 7.83423127e-05 1.38948610e-06
 1.94036911e-04 1.83012560e-06 8.74019453e-04 1.41213416e-06
 5.16323530e-04 1.24833131e-06 8.77653168e-04 1.37220591e-06
 6.25031975e-04 7.14648092e-07 5.50153113e-04 1.42479839e-06
 2.11018073e-04 8.86438312e-07 2.94381731e-04 1.37060658e-06
 7.85114045e-13 2.70030304e-12]",STALE
17187000.0,140.886,0.00122158,-3.85636596801043,2025-0521-190210,"[0, -1, 1]","[2.75356048e-04 8.47204146e-07 5.78039318e-05 5.25440878e-07
 2.49399222e-04 6.91745702e-07 5.50391165e-04 1.22233085e-06
 3.15104877e-05 1.43426241e-06 8.07167132e-05 1.80365064e-06
 4.21350349e-04 1.15114382e-06 6.99985203e-04 7.98142968e-07
 6.08534729e-04 1.72233764e-06 4.15302230e-04 9.43695459e-07
 6.48140672e-04 1.43865968e-06 5.39905029e-04 1.43241723e-06
 2.08173773e-04 1.12255877e-06 7.04009003e-04 7.10649648e-07
 5.91390582e-13 2.63696652e-12]",STALE
16184600.0,143.943,0.00116507,-3.7967845198144587,2025-0521-190210,"[0, -1, 1]","[2.75803441e-04 1.18327423e-06 1.47236638e-04 9.44520907e-07
 4.05658796e-04 7.76104174e-07 4.00222514e-04 1.62753062e-06
 2.83716912e-05 1.50376436e-06 8.07167132e-05 1.88606159e-06
 1.26613918e-04 1.35280764e-06 8.75680010e-04 9.58417091e-07
 5.39141404e-04 1.76632656e-06 7.24690389e-04 9.43695459e-07
 9.66200333e-04 1.37641340e-06 7.33811827e-04 1.48859241e-06
 1.46842934e-04 8.55118686e-07 3.52179235e-04 1.36034453e-06
 8.14408656e-13 2.66608616e-12]",STALE
16235000.0,142.118,0.00173018,-3.6658039504451043,2025-0521-190210,"[0, -1, 1]","[2.68673999e-04 1.22366207e-06 2.86080001e-04 1.28554655e-06
 1.76051666e-04 7.75843870e-07 2.63923273e-04 1.04692548e-06
 2.73240790e-05 1.93161174e-06 8.07167132e-05 1.68823084e-06
 5.56247437e-04 1.05096165e-06 8.75680010e-04 1.09663117e-06
 5.39141404e-04 1.80253133e-06 7.24690389e-04 6.33318160e-07
 6.48140672e-04 1.38898981e-06 5.33522053e-04 1.29882304e-06
 2.74099270e-04 9.55248457e-07 5.78230282e-04 1.36707464e-06
 1.10552580e-12 2.72134586e-12]",STALE
19870800.0,141.679,0.00211472,-3.6321552906294934,2025-0521-190210,"[0, -1, 1]","[2.75356048e-04 8.69507637e-07 4.22693035e-04 5.17244682e-07
 1.76000419e-04 7.64310624e-07 5.31452227e-04 1.22233085e-06
 2.73240790e-05 1.28839861e-06 8.07167132e-05 1.36090933e-06
 9.25228474e-05 1.01296852e-06 8.75680010e-04 5.94462842e-07
 4.73265322e-04 1.51420424e-06 7.43126916e-04 9.43695459e-07
 6.48140672e-04 1.39460627e-06 6.54351681e-04 1.52813096e-06
 1.46842934e-04 8.55118686e-07 4.97952722e-04 1.98232330e-06
 1.07654399e-12 2.75313649e-12]",STALE
23129500.0,140.327,0.00139927,-3.8741178442285094,2025-0521-190210,"[0, -1, 1]","[2.58123813e-04 5.91271977e-07 4.82089299e-05 9.44520907e-07
 3.82109687e-04 7.39141136e-07 5.29144269e-04 1.40023971e-06
 3.40377522e-05 1.49796118e-06 8.57480493e-05 1.06259865e-06
 6.93493588e-04 1.23247998e-06 5.77448636e-04 8.59358067e-07
 6.59673430e-04 1.86110402e-06 8.23374123e-04 6.81751710e-07
 8.18137381e-04 1.37934703e-06 6.95082087e-04 1.48859241e-06
 2.30467453e-04 7.67655422e-07 6.62905240e-04 1.36034453e-06
 8.14408656e-13 2.71454711e-12]",STALE
16526300.0,143.741,0.0014544,-3.7094296164521103,2025-0521-190211,"[0, -1, 1]","[2.75356048e-04 1.22675487e-06 4.40224846e-05 9.44520907e-07
 4.05658796e-04 8.03971581e-07 4.00222514e-04 1.65242496e-06
 2.32957021e-05 1.36102301e-06 8.39555827e-05 1.79503118e-06
 3.14428425e-04 8.12453463e-07 8.81866350e-04 9.24502095e-07
 6.29900802e-04 1.37883254e-06 7.24690389e-04 1.00134459e-06
 4.28156738e-04 1.49884965e-06 5.39905029e-04 1.48859241e-06
 2.16715612e-04 9.45827595e-07 3.84746515e-04 1.03346062e-06
 1.00361364e-12 2.75313649e-12]",STALE
18467900.0,141.808,0.00158975,-3.7373506597742927,2025-0521-190211,"[0, -1, 1]","[2.75356048e-04 8.26515978e-07 5.78039318e-05 1.26017511e-06
 2.20796873e-04 7.35178131e-07 4.00222514e-04 1.22233085e-06
 1.67769858e-05 1.43426241e-06 7.68574722e-05 1.35757805e-06
 4.21350349e-04 1.61141426e-06 8.75680010e-04 8.59358067e-07
 5.39141404e-04 1.53838664e-06 9.83685360e-04 9.43695459e-07
 8.53861836e-04 1.49884965e-06 7.31875848e-04 1.48859241e-06
 4.65601605e-04 1.04096276e-06 4.97952722e-04 1.36034453e-06
 9.10859254e-13 2.73101539e-12]",STALE
18297500.0,140.951,0.000981014,-3.9637838384249138,2025-0521-190234,"[0, -1, 1]","[2.75356048e-04 6.78845951e-07 5.78039318e-05 1.53909563e-06
 3.01977162e-04 7.47850237e-07 2.45862264e-04 1.22233085e-06
 3.17723622e-05 1.43426241e-06 8.15773459e-05 1.46737113e-06
 4.21350349e-04 8.47368273e-07 6.30418123e-04 8.36303691e-07
 5.41227991e-04 1.93155110e-06 7.00994892e-04 9.43695459e-07
 6.48140672e-04 1.57179483e-06 5.61155736e-04 1.44729139e-06
 1.46842934e-04 8.55118686e-07 4.97952722e-04 1.60687460e-06
 6.69878389e-13 2.67094573e-12]",STALE
19475800.0,141.36,0.00134998,-3.829716859409507,2025-0521-190234,"[0, -1, 1]","[2.75356048e-04 9.60435193e-07 4.75743014e-05 6.16566818e-07
 4.05658796e-04 7.35178131e-07 4.00222514e-04 1.08247033e-06
 2.53105702e-05 1.20479177e-06 9.16810572e-05 1.53873001e-06
 6.09307186e-04 9.85318771e-07 5.63808680e-04 8.59358067e-07
 5.39141404e-04 1.16968597e-06 7.24690389e-04 9.43695459e-07
 9.14614221e-04 1.49175175e-06 5.42661606e-04 1.48859241e-06
 1.46842934e-04 1.05192710e-06 4.89986369e-04 1.37193591e-06
 9.70681510e-13 2.80424068e-12]",STALE
23345800.0,141.318,0.00102135,-3.9911472738983544,2025-0521-190301,"[0, -1, 1]","[2.75356048e-04 7.16755041e-07 5.78039318e-05 1.84157880e-06
 3.01977162e-04 7.47850237e-07 3.30077252e-04 1.22233085e-06
 2.84224465e-05 1.43426241e-06 8.15773459e-05 9.76039939e-07
 4.21350349e-04 1.02778731e-06 8.61449942e-04 8.59618249e-07
 4.43811637e-04 1.74026450e-06 8.90267746e-04 1.01754914e-06
 7.17762933e-04 1.53096178e-06 5.12255980e-04 1.44729139e-06
 2.22208799e-04 9.99032984e-07 5.68844245e-04 1.24480566e-06
 6.69878389e-13 2.63888089e-12]",./circuit_database/NGCC/result_folder/2025-0521-190301
16135200.0,141.28,0.000952552,-3.942049173837163,2025-0521-190301,"[0, -1, 1]","[2.32833226e-04 6.43098060e-07 1.65744685e-05 1.53909563e-06
 4.33715416e-04 7.47850237e-07 2.45862264e-04 1.42315217e-06
 3.17723622e-05 1.43426241e-06 7.86618393e-05 1.62092992e-06
 4.21350349e-04 8.47368273e-07 6.30418123e-04 7.54749437e-07
 5.09376015e-04 1.91329521e-06 7.00994892e-04 7.39490074e-07
 8.25414619e-04 1.43032194e-06 5.61155736e-04 1.56675405e-06
 1.61399049e-04 8.55118686e-07 2.79923715e-04 1.65790334e-06
 9.81475839e-13 2.72504482e-12]",./circuit_database/NGCC/result_folder/2025-0521-190301
19289300.0,141.386,0.000952636,-3.978457656581892,2025-0521-190301,"[0, -1, 1]","[2.30493017e-04 7.15545953e-07 5.78039318e-05 1.35177700e-06
 3.01977162e-04 7.47850237e-07 3.16347803e-04 1.30355508e-06
 2.62067799e-05 1.78427685e-06 7.49825863e-05 1.25847194e-06
 1.81011079e-05 1.46902002e-06 2.88127245e-04 8.36303691e-07
 5.41227991e-04 1.93155110e-06 8.46784443e-04 9.49232060e-07
 9.88204807e-04 1.57179483e-06 5.61155736e-04 1.24727917e-06
 1.46842934e-04 8.55118686e-07 5.44619779e-04 1.74290880e-06
 6.69878389e-13 2.67094573e-12]",./circuit_database/NGCC/result_folder/2025-0521-190301
19644300.0,142.159,0.00159208,-3.7424227563983568,2025-0521-190328,"[0, -1, 1]","[2.91192535e-04 1.03334432e-06 4.09290269e-04 1.88711536e-06
 2.14535676e-04 7.47850237e-07 3.29293448e-04 1.22233085e-06
 3.41922197e-05 1.48276277e-06 7.76494444e-05 1.31153810e-06
 1.94047732e-04 1.71978182e-06 6.09803841e-04 8.59618249e-07
 5.85833590e-04 1.94984183e-06 8.66680895e-04 1.21137114e-06
 8.07285467e-04 1.50096982e-06 6.28762795e-04 1.44729139e-06
 2.67217303e-04 9.99032984e-07 5.68844245e-04 1.37975991e-06
 5.03359203e-13 2.63888089e-12]",STALE
32061500.0,141.586,0.00155965,-3.8703050857880505,2025-0521-190328,"[0, -1, 1]","[2.51799320e-04 7.16755041e-07 4.81915653e-05 1.18770182e-06
 3.76152516e-04 8.27773418e-07 3.97394171e-04 1.17459940e-06
 2.33494473e-05 1.43426241e-06 9.24576477e-05 6.80379310e-07
 4.25950954e-04 1.60290718e-06 8.61449942e-04 7.55374767e-07
 5.98582160e-04 1.59941908e-06 9.28107262e-04 1.03193408e-06
 7.17762933e-04 1.62249744e-06 6.77334854e-04 1.24203942e-06
 2.93379700e-04 7.42655792e-07 5.68844245e-04 1.24480566e-06
 7.10901967e-13 2.63888089e-12]",./circuit_database/NGCC/result_folder/2025-0521-190328
18111100.0,143.458,0.00121635,-3.813158631009822,2025-0521-190328,"[0, -1, 1]","[2.77587799e-04 1.36981212e-06 2.16676669e-04 1.70208878e-06
 1.60874277e-04 7.47850237e-07 3.69814890e-04 1.33800995e-06
 2.84224465e-05 1.43426241e-06 7.67284790e-05 1.43478351e-06
 3.07776971e-04 8.88121536e-07 7.37844683e-04 8.59618249e-07
 4.43811637e-04 1.79753893e-06 6.41043997e-04 1.01754914e-06
 6.99853456e-04 1.48141109e-06 4.82201174e-04 1.44729139e-06
 2.60215411e-04 1.17767395e-06 5.86521317e-04 1.18667207e-06
 8.94819014e-13 2.63888089e-12]",STALE
22155400.0,141.605,0.00166683,-3.760772081944222,2025-0521-190328,"[0, -1, 1]","[2.98341344e-04 7.16755041e-07 3.95408410e-04 1.17003292e-06
 3.01977162e-04 7.65543018e-07 3.30077252e-04 1.58221642e-06
 3.00792403e-05 1.43426241e-06 8.15773459e-05 9.76039939e-07
 7.15494227e-04 1.25362891e-06 6.28425971e-04 7.11406906e-07
 4.43811637e-04 1.74026450e-06 6.26819764e-04 1.10767317e-06
 4.85101758e-04 1.46994108e-06 7.41155655e-04 1.64468135e-06
 2.37779435e-04 9.99032984e-07 3.65890391e-04 1.24480566e-06
 6.15504805e-13 2.70429763e-12]",STALE
25908500.0,141.878,0.00150907,-3.831946811476339,2025-0521-190328,"[0, -1, 1]","[2.57816046e-04 1.10244317e-06 1.55789854e-04 1.84157880e-06
 2.41983775e-04 7.39045250e-07 3.30077252e-04 1.26109338e-06
 3.75884704e-05 1.22380303e-06 9.30632389e-05 9.76039939e-07
 6.08057711e-04 6.40429908e-07 7.99508657e-04 1.05204022e-06
 5.39289268e-04 1.74026450e-06 9.26226660e-04 5.35933492e-07
 3.66724667e-04 1.55913540e-06 5.12255980e-04 1.44729139e-06
 2.71957201e-04 1.19508783e-06 3.35004545e-04 1.24480566e-06
 6.69878389e-13 2.63912296e-12]",./circuit_database/NGCC/result_folder/2025-0521-190328
20912700.0,142.219,0.00151124,-3.777324238530156,2025-0521-190328,"[0, -1, 1]","[3.23376096e-04 9.72146786e-07 3.16452615e-04 1.73525296e-06
 2.76085119e-04 8.22420805e-07 3.06581831e-04 1.26597337e-06
 3.83573456e-05 1.66256397e-06 7.12003979e-05 9.76039939e-07
 5.69448292e-05 1.02778731e-06 5.97918413e-04 1.13241794e-06
 3.83949154e-04 1.79608491e-06 8.92050201e-04 8.44758091e-07
 7.17762933e-04 1.66221103e-06 5.36362157e-04 1.50626991e-06
 2.94131684e-04 9.99032984e-07 5.68844245e-04 1.56049263e-06
 5.41514460e-13 2.68423104e-12]",STALE
21828900.0,142.64,0.00168165,-3.7309916485440233,2025-0521-190353,"[0, -1, 1]","[2.48653073e-04 1.26591324e-06 2.35831075e-04 1.84157880e-06
 2.39614925e-04 7.47850237e-07 3.12775501e-04 1.31800673e-06
 3.36424241e-05 9.03125071e-07 8.08362719e-05 1.05473730e-06
 4.21350349e-04 1.04687953e-06 8.61449942e-04 8.68404828e-07
 6.09393615e-04 1.38236782e-06 8.90267746e-04 1.17414748e-06
 9.24869071e-04 1.35983095e-06 2.25379385e-04 1.25147494e-06
 2.09104192e-04 9.99032984e-07 5.68844245e-04 1.91679659e-06
 9.70275651e-13 2.70795671e-12]",STALE
19297700.0,141.654,0.00129813,-3.838283435553913,2025-0521-190353,"[0, -1, 1]","[2.61581683e-04 9.43394996e-07 5.78039318e-05 1.76195201e-06
 2.69049936e-04 6.88438559e-07 3.30077252e-04 1.00511650e-06
 2.55270050e-05 1.43426241e-06 8.23321501e-05 1.38914791e-06
 4.21350349e-04 1.02778731e-06 8.61449942e-04 8.59618249e-07
 4.43811637e-04 1.28083804e-06 8.90267746e-04 1.01754914e-06
 8.42932950e-04 1.42584606e-06 5.12255980e-04 1.40288022e-06
 2.76739891e-04 9.99032984e-07 5.68844245e-04 1.24480566e-06
 6.69878389e-13 2.73591677e-12]",STALE
24216700.0,142.414,0.00130442,-3.868812720882745,2025-0521-190353,"[0, -1, 1]","[2.70628138e-04 1.19740898e-06 1.50257566e-04 1.76484949e-06
 1.98660693e-04 7.47850237e-07 3.30077252e-04 1.22233085e-06
 2.84224465e-05 1.15820021e-06 8.15773459e-05 9.76039939e-07
 2.08236922e-05 1.02778731e-06 8.61449942e-04 7.28872677e-07
 4.43811637e-04 1.74026450e-06 6.79223133e-04 1.01754914e-06
 4.65017037e-04 1.65351291e-06 7.10501287e-04 1.43489494e-06
 2.87070310e-04 9.99032984e-07 5.68844245e-04 9.01398798e-07
 5.49002820e-13 2.63888089e-12]",./circuit_database/NGCC/result_folder/2025-0521-190353
19209300.0,143.986,0.00105881,-3.8745780065141817,2025-0521-190418,"[0, -1, 1]","[2.30221985e-04 1.39058232e-06 5.78039318e-05 1.64364202e-06
 3.01977162e-04 7.58715001e-07 3.43697743e-04 1.22233085e-06
 3.45577685e-05 1.05701357e-06 8.15773459e-05 1.38620131e-06
 7.84385758e-05 1.02778731e-06 8.10024524e-04 8.59618249e-07
 4.43811637e-04 1.39691787e-06 7.28522746e-04 1.10651074e-06
 7.17762933e-04 1.53096178e-06 5.12255980e-04 1.44729139e-06
 1.93219444e-04 1.28513388e-06 3.46355615e-04 1.90772549e-06
 7.60186761e-13 2.72963277e-12]",./circuit_database/NGCC/result_folder/2025-0521-190418
22471200.0,141.629,0.00110233,-3.9428986986887775,2025-0521-190418,"[0, -1, 1]","[2.75356048e-04 7.16755041e-07 5.08867340e-05 1.44569508e-06
 3.80715819e-04 7.47850237e-07 3.27196976e-04 1.43606864e-06
 2.81374010e-05 1.43426241e-06 7.93946296e-05 9.76039939e-07
 1.53223025e-04 1.02778731e-06 8.61449942e-04 1.28781759e-06
 5.68212322e-04 1.88596314e-06 8.90267746e-04 7.18093417e-07
 7.17762933e-04 1.67302796e-06 5.12255980e-04 1.27198195e-06
 2.22208799e-04 9.99032984e-07 6.09105822e-04 1.54172927e-06
 5.87300825e-13 2.70898681e-12]",./circuit_database/NGCC/result_folder/2025-0521-190418
24926100.0,142.138,0.00128837,-3.886516767493434,2025-0521-190418,"[0, -1, 1]","[2.40724217e-04 1.09586861e-06 5.78039318e-05 1.21976021e-06
 1.81330683e-04 7.47850237e-07 3.55632932e-04 1.39404692e-06
 2.83273301e-05 1.43426241e-06 8.15773459e-05 8.67202594e-07
 3.41465682e-04 1.02778731e-06 6.60201415e-04 1.25123699e-06
 4.43811637e-04 1.74026450e-06 8.83525024e-04 1.61552998e-06
 8.73131300e-04 1.53096178e-06 3.49787919e-04 1.65269765e-06
 2.83618397e-04 8.25040502e-07 5.68844245e-04 1.09643505e-06
 7.53030596e-13 2.63888089e-12]",./circuit_database/NGCC/result_folder/2025-0521-190418
24132600.0,142.989,0.00177249,-3.7222658968221864,2025-0521-190418,"[0, -1, 1]","[3.06013125e-04 1.32195344e-06 3.76965815e-04 1.84157880e-06
 4.42516917e-04 7.47850237e-07 3.45690468e-04 1.08745484e-06
 2.16742416e-05 1.43426241e-06 8.52524917e-05 9.76039939e-07
 4.21350349e-04 8.01196348e-07 6.50373562e-04 1.12420837e-06
 5.11573075e-04 1.74026450e-06 8.90267746e-04 6.14685469e-07
 6.89607005e-04 1.53096178e-06 5.12255980e-04 1.44729139e-06
 2.16588751e-04 8.36197778e-07 3.86306596e-04 1.24480566e-06
 6.69878389e-13 2.71999699e-12]",./circuit_database/NGCC/result_folder/2025-0521-190418
22056700.0,142.746,0.00107039,-3.9271121767436803,2025-0521-190441,"[0, -1, 1]","[3.84078193e-04 9.56952960e-07 5.42360636e-05 1.66638553e-06
 3.01977162e-04 7.16019454e-07 3.54388003e-04 1.27684339e-06
 2.46776926e-05 1.44591427e-06 8.15773459e-05 1.14640567e-06
 2.69331123e-04 9.91195272e-07 8.23241669e-04 8.59618249e-07
 4.92381837e-04 1.74026450e-06 8.04861439e-04 7.00453840e-07
 7.17762933e-04 1.36416576e-06 6.54504703e-04 1.48932847e-06
 2.22208799e-04 9.50035052e-07 6.57653429e-04 1.49461164e-06
 5.53194837e-13 2.64305783e-12]",./circuit_database/NGCC/result_folder/2025-0521-190441
25416300.0,139.835,0.00110044,-4.0097006868792935,2025-0521-190441,"[0, -1, 1]","[2.75356048e-04 5.86290099e-07 5.78039318e-05 1.80536943e-06
 2.69823023e-04 7.47850237e-07 3.34639128e-04 9.82694280e-07
 2.80142011e-05 1.30014245e-06 8.15773459e-05 8.35437977e-07
 4.38679535e-04 1.28939879e-06 7.05206870e-04 6.03669139e-07
 4.74244892e-04 1.82260913e-06 8.38755932e-04 7.26611509e-07
 7.22134834e-04 1.50634718e-06 6.47639843e-04 1.46286073e-06
 2.39470542e-04 8.97324194e-07 5.16748359e-04 1.06818371e-06
 5.65309299e-13 2.68765309e-12]",STALE
23938300.0,143.371,0.00121568,-3.875883699553129,2025-0521-190441,"[0, -1, 1]","[2.23774488e-04 1.06966653e-06 5.78039318e-05 1.62652537e-06
 3.63382894e-04 7.73445210e-07 3.30077252e-04 1.25970266e-06
 2.61429691e-05 1.38120744e-06 8.16948206e-05 9.76039939e-07
 2.04116359e-04 1.02778731e-06 8.61449942e-04 6.96792337e-07
 4.64592334e-04 1.69408637e-06 8.54561906e-04 7.09880652e-07
 7.45511860e-04 1.53096178e-06 6.54786509e-04 1.44729139e-06
 2.45805340e-04 7.86598609e-07 4.83197236e-04 1.44437658e-06
 6.68802532e-13 2.64996899e-12]",./circuit_database/NGCC/result_folder/2025-0521-190441
27705300.0,140.247,0.00138137,-3.9206599930776647,2025-0521-190508,"[0, -1, 1]","[2.00767946e-04 7.41272292e-07 1.21121748e-04 1.82951541e-06
 2.55332314e-04 7.64969815e-07 3.52936352e-04 1.11520287e-06
 2.80142011e-05 1.46428769e-06 8.15773459e-05 7.01782775e-07
 2.16135498e-04 1.41748322e-06 6.97508775e-04 6.03669139e-07
 4.54015823e-04 1.57238459e-06 9.29607684e-04 7.32952737e-07
 5.63436495e-04 1.41343172e-06 6.47639843e-04 1.46286073e-06
 2.39470542e-04 7.64115057e-07 4.85605104e-04 7.24140457e-07
 5.65309299e-13 2.70489766e-12]",STALE
25282600.0,140.266,0.0011668,-3.9736868630083846,2025-0521-190508,"[0, -1, 1]","[2.03834264e-04 7.62059534e-07 2.86656626e-05 1.61528484e-06
 2.69823023e-04 7.47850237e-07 3.34639128e-04 1.13811617e-06
 3.14377823e-05 1.00160891e-06 8.15773459e-05 8.35437977e-07
 3.96490731e-04 1.19201066e-06 7.48786606e-04 6.73708136e-07
 4.74244892e-04 1.77049961e-06 7.87329967e-04 7.26611509e-07
 8.37022745e-04 1.50634718e-06 6.47639843e-04 1.48529137e-06
 2.28548401e-04 8.13046896e-07 5.90838573e-04 7.86303692e-07
 5.65309299e-13 2.68804084e-12]",STALE
27603500.0,140.934,0.00136638,-3.9095463621655346,2025-0521-190508,"[0, -1, 1]","[2.75356048e-04 8.02840843e-07 5.78039318e-05 1.65239560e-06
 2.69823023e-04 7.47850237e-07 3.22396408e-04 9.41735173e-07
 2.98141068e-05 9.57468876e-07 8.15773459e-05 6.97209768e-07
 2.19046557e-04 1.11377858e-06 7.05206870e-04 5.36786646e-07
 5.43244332e-04 1.61081366e-06 7.52030673e-04 8.84290318e-07
 9.48445451e-04 1.46888048e-06 6.06514508e-04 1.39984931e-06
 2.83603701e-04 8.97324194e-07 5.16748359e-04 1.26254359e-06
 6.78687938e-13 2.73322749e-12]",STALE
27948500.0,141.134,0.0012261,-3.9549050144259534,2025-0521-190532,"[0, -1, 1]","[1.81294698e-04 8.39715764e-07 5.78039318e-05 1.81477811e-06
 2.28985018e-04 7.65659594e-07 3.34639128e-04 9.25038268e-07
 2.80142011e-05 1.56807797e-06 8.73178936e-05 7.73080590e-07
 4.38679535e-04 1.14533860e-06 6.59277970e-04 6.69943096e-07
 5.37165087e-04 1.82260913e-06 7.15414279e-04 9.83959767e-07
 7.53200227e-04 1.34067941e-06 6.42881023e-04 1.41928446e-06
 2.45645108e-04 8.97324194e-07 7.21058294e-04 1.06818371e-06
 7.10163320e-13 2.70766964e-12]",./circuit_database/NGCC/result_folder/2025-0521-190532
24119100.0,140.473,0.00118198,-3.953308282890085,2025-0521-190532,"[0, -1, 1]","[4.09205344e-04 6.09653989e-07 4.94158702e-05 1.80815175e-06
 2.37934411e-04 6.93564299e-07 3.30478169e-04 1.27260606e-06
 2.80142011e-05 1.30014245e-06 7.85826698e-05 7.90041076e-07
 4.38679535e-04 1.10435923e-06 6.94941233e-04 6.03669139e-07
 5.35433901e-04 1.88888419e-06 7.53534162e-04 7.98099470e-07
 6.93540568e-04 1.37249659e-06 6.39720488e-04 1.46286073e-06
 2.75923211e-04 9.35243473e-07 4.87204534e-04 1.36052584e-06
 5.65309299e-13 2.75003245e-12]",STALE
23745100.0,140.719,0.00107794,-3.98454015805347,2025-0521-190533,"[0, -1, 1]","[2.73672015e-04 7.78517265e-07 5.78039318e-05 1.80536943e-06
 3.32174460e-04 7.47850237e-07 3.34639128e-04 9.82694280e-07
 2.73645339e-05 1.30014245e-06 7.45952154e-05 7.86521202e-07
 4.74938529e-04 1.08571560e-06 6.76397747e-04 7.43214318e-07
 5.22378993e-04 1.82260913e-06 6.93798892e-04 6.18641364e-07
 7.22134834e-04 1.66163513e-06 6.18042740e-04 1.46286073e-06
 1.96905506e-04 9.20567433e-07 4.96799737e-04 8.99826775e-07
 5.65309299e-13 2.68765309e-12]",STALE
24377200.0,140.291,0.00105709,-4.0081047610197595,2025-0521-190533,"[0, -1, 1]","[2.65657266e-04 5.86290099e-07 5.78039318e-05 1.80536943e-06
 2.69823023e-04 7.80332738e-07 3.22941687e-04 1.21562175e-06
 2.80142011e-05 1.21918297e-06 7.73944908e-05 8.35437977e-07
 2.66149610e-04 1.43249482e-06 6.56954510e-04 8.45299931e-07
 4.74244892e-04 1.83831635e-06 7.50355997e-04 7.26611509e-07
 6.79814289e-04 1.57238431e-06 6.47639843e-04 1.52960940e-06
 2.39470542e-04 9.75636692e-07 5.16748359e-04 1.19714989e-06
 5.65309299e-13 2.65051828e-12]",./circuit_database/NGCC/result_folder/2025-0521-190533
23964600.0,140.093,0.00105552,-4.009380065346036,2025-0521-190626,"[0, -1, 1]","[2.75356048e-04 5.86290099e-07 4.57789538e-05 1.70340675e-06
 2.69823023e-04 7.49846913e-07 3.28769495e-04 9.82694280e-07
 2.91783255e-05 1.46973184e-06 8.15614523e-05 9.34925906e-07
 4.34459000e-04 1.33500365e-06 7.23740544e-04 7.02622497e-07
 4.74244892e-04 1.78729271e-06 8.38755932e-04 7.97224285e-07
 7.22134834e-04 1.50634718e-06 6.53203093e-04 1.46286073e-06
 2.30799112e-04 9.56930829e-07 4.70269595e-04 1.20615427e-06
 6.30101916e-13 2.68765309e-12]",./circuit_database/NGCC/result_folder/2025-0521-190626
26344100.0,139.929,0.00119126,-3.9809878585932643,2025-0521-190626,"[0, -1, 1]","[3.10978289e-04 5.86290099e-07 5.78039318e-05 1.80536943e-06
 2.69823023e-04 7.15086294e-07 3.35026450e-04 1.10966420e-06
 2.57326514e-05 1.31097618e-06 8.53184494e-05 8.64606209e-07
 3.25168692e-04 1.38109556e-06 6.93404366e-04 5.31808751e-07
 4.74244892e-04 1.68629446e-06 8.38755932e-04 8.32232679e-07
 8.00690246e-04 1.50634718e-06 6.37178960e-04 1.47375603e-06
 2.69021756e-04 8.97324194e-07 5.16748359e-04 1.00707803e-06
 5.09206326e-13 2.65875127e-12]",STALE
24967700.0,141.083,0.00121171,-3.936660266958231,2025-0521-190626,"[0, -1, 1]","[3.21036562e-04 7.44990914e-07 5.78039318e-05 1.73517596e-06
 2.67325801e-04 7.27860841e-07 3.37115796e-04 1.16794525e-06
 2.68650482e-05 1.30014245e-06 8.32553734e-05 8.72201360e-07
 3.81967577e-04 1.28939879e-06 7.05206870e-04 6.03669139e-07
 4.90080812e-04 1.69260970e-06 8.38755932e-04 7.26560236e-07
 7.22134834e-04 1.45138717e-06 6.50543585e-04 1.46286073e-06
 2.67387461e-04 8.97324194e-07 5.16748359e-04 1.02240687e-06
 6.51227196e-13 2.69289732e-12]",./circuit_database/NGCC/result_folder/2025-0521-190626
26684900.0,138.897,0.00113789,-4.026270379013175,2025-0521-190627,"[0, -1, 1]","[2.75356048e-04 5.37244724e-07 1.00082893e-04 1.70691141e-06
 2.48554898e-04 7.68483119e-07 3.41351583e-04 8.49225322e-07
 2.80142011e-05 1.45334289e-06 8.15773459e-05 7.87045506e-07
 3.23873506e-04 1.28939879e-06 6.90621769e-04 7.49223733e-07
 4.91997060e-04 1.82260913e-06 8.13854626e-04 5.53070819e-07
 8.32244225e-04 1.51500360e-06 6.51104359e-04 1.46286073e-06
 2.15038619e-04 8.97324194e-07 5.15447484e-04 1.06818371e-06
 5.65309299e-13 2.65592436e-12]",STALE
26748300.0,138.947,0.00113761,-4.025798870434858,2025-0521-190650,"[0, -1, 1]","[2.44820003e-04 5.75337949e-07 1.00082893e-04 1.67575894e-06
 2.26299917e-04 7.50885231e-07 3.41351583e-04 7.34668972e-07
 2.69495166e-05 1.51768651e-06 7.99645715e-05 7.89964390e-07
 2.29509323e-04 1.33656646e-06 6.90621769e-04 6.21414552e-07
 4.91997060e-04 1.73171252e-06 7.50648842e-04 5.36539615e-07
 8.47080221e-04 1.57173504e-06 6.55868839e-04 1.48597302e-06
 1.91200744e-04 8.70048050e-07 6.10834989e-04 1.08208633e-06
 6.43838073e-13 2.62891064e-12]",STALE
24166700.0,140.604,0.00108086,-3.98970691078773,2025-0521-190650,"[0, -1, 1]","[2.64943124e-04 6.89319153e-07 4.40371672e-05 1.71011106e-06
 2.28196434e-04 7.68483119e-07 3.41351583e-04 8.43609130e-07
 3.04806267e-05 1.60749862e-06 7.77268194e-05 8.86051128e-07
 3.01292271e-04 1.28939879e-06 6.61267917e-04 7.49223733e-07
 4.91997060e-04 1.73199422e-06 8.12157200e-04 5.89806859e-07
 7.48167508e-04 1.58447908e-06 6.51104359e-04 1.46286073e-06
 2.20435389e-04 9.36588550e-07 4.70907034e-04 1.25194551e-06
 5.36475113e-13 2.65592436e-12]",STALE
27956700.0,138.887,0.00115899,-4.028619865718507,2025-0521-190650,"[0, -1, 1]","[2.40832237e-04 5.49352814e-07 1.00082893e-04 1.64288814e-06
 2.71256160e-04 7.58302244e-07 3.41351583e-04 7.84822740e-07
 2.80142011e-05 1.45380159e-06 7.79814326e-05 6.64875339e-07
 3.23873506e-04 1.28939879e-06 6.39592619e-04 6.53375676e-07
 5.11369067e-04 1.73210881e-06 8.45932254e-04 7.02153974e-07
 7.34438163e-04 1.50702335e-06 6.53844802e-04 1.44006806e-06
 2.15038619e-04 9.76280811e-07 4.32155793e-04 9.26318552e-07
 5.65309299e-13 2.62333680e-12]",./circuit_database/NGCC/result_folder/2025-0521-190650
26358300.0,139.633,0.00120572,-3.9823453066770083,2025-0521-190715,"[0, -1, 1]","[2.38363283e-04 5.99005766e-07 1.00082893e-04 1.68639760e-06
 2.88462989e-04 7.91279711e-07 3.41351583e-04 9.48936171e-07
 3.04339697e-05 1.48371920e-06 7.55143618e-05 7.13748548e-07
 2.92302067e-04 1.34991044e-06 6.16896934e-04 6.53375676e-07
 5.25420727e-04 1.73210881e-06 8.30300573e-04 7.02153974e-07
 7.34438163e-04 1.50702335e-06 6.64015084e-04 1.47598828e-06
 2.15038619e-04 9.38419792e-07 5.23848173e-04 8.97578161e-07
 5.65309299e-13 2.62333680e-12]",STALE
27149900.0,140.765,0.00107277,-4.014717186178896,2025-0521-190715,"[0, -1, 1]","[2.57535007e-04 7.22297435e-07 1.00082893e-04 1.64288814e-06
 2.78388305e-04 7.84158896e-07 3.41351583e-04 8.75367150e-07
 2.92012531e-05 1.61522508e-06 7.41989130e-05 6.64875339e-07
 2.53052848e-04 1.40556003e-06 5.73274144e-04 8.00109875e-07
 5.30012885e-04 1.73210881e-06 7.79169561e-04 7.02153974e-07
 6.96493490e-04 1.57812641e-06 6.53336649e-04 1.45154665e-06
 1.70919885e-04 9.76280811e-07 3.55631605e-04 1.09733076e-06
 6.68479986e-13 2.60454659e-12]",./circuit_database/NGCC/result_folder/2025-0521-190715
28071900.0,139.537,0.00125112,-3.9820713233166742,2025-0521-190715,"[0, -1, 1]","[2.40250673e-04 6.15678093e-07 1.17408411e-04 1.60518249e-06
 2.89733595e-04 7.58302244e-07 3.30824505e-04 8.84552425e-07
 2.59106931e-05 1.45533580e-06 7.42973718e-05 5.95996896e-07
 3.02945058e-04 1.18004309e-06 5.81829826e-04 6.53375676e-07
 5.18565528e-04 1.73625806e-06 7.83109387e-04 7.02153974e-07
 6.53411752e-04 1.50702335e-06 6.63317888e-04 1.44006806e-06
 2.15038619e-04 8.61242496e-07 4.32155793e-04 9.26318552e-07
 6.06606533e-13 2.61902265e-12]",./circuit_database/NGCC/result_folder/2025-0521-190715
27162200.0,139.579,0.00103999,-4.054268394845002,2025-0521-190715,"[0, -1, 1]","[2.18794566e-04 5.49352814e-07 8.68271468e-05 1.64288814e-06
 2.90974723e-04 7.38218372e-07 3.33427958e-04 9.28696271e-07
 3.01562106e-05 1.45380159e-06 7.47482402e-05 6.37296277e-07
 2.60205583e-04 1.28939879e-06 6.39592619e-04 6.28213555e-07
 5.01532184e-04 1.73210881e-06 7.82283915e-04 7.02153974e-07
 6.32715179e-04 1.56304555e-06 6.61209820e-04 1.47940917e-06
 1.98122768e-04 1.10383310e-06 3.84607688e-04 1.08492021e-06
 5.68869896e-13 2.64981570e-12]",./circuit_database/NGCC/result_folder/2025-0521-190715
