GBW, Gain, Pdiss, Fitness, time, performance weight, solution vector, solution path
447.514,69.5681,0.000986801,-5.656577045384548,2025-0521-211527,"[1, 1, 1]","[2.83216619e-12 1.97108217e-12 2.64919486e-04 1.75183205e-06
 2.81979804e-04 1.62220874e-06 4.40862138e-04 7.54380968e-07
 5.32729247e-04 1.55535313e-06 1.34447405e-04 1.31586040e-06
 4.15818041e-04 1.11722700e-06 1.73935515e+04 1.41004866e+04
 3.44200546e-04 1.33893371e-06 8.08538399e-04 1.49074799e-06
 9.49795232e-05 1.06951706e-06 4.79675354e-04 1.36461467e-06
 5.58564096e-04 1.31466775e-06 9.14513466e-04 1.93375390e-06
 4.02807417e-04 9.70672243e-07]",STALE
217.614,63.3056,0.000603601,-5.556936881257833,2025-0521-211636,"[1, 1, 1]","[1.96912990e-12 2.21760617e-12 2.63594056e-04 9.30994892e-07
 3.17346741e-04 1.72571632e-06 6.23261209e-04 1.26053453e-06
 6.15935603e-04 1.95286406e-06 9.55799676e-04 1.71460074e-06
 2.83990166e-04 9.13416568e-07 1.79243369e+04 1.89633590e+04
 9.69863273e-05 1.39904927e-06 7.95268385e-04 1.47833843e-06
 3.28502958e-05 5.41249309e-07 7.16395078e-04 1.96067694e-06
 3.88857010e-04 1.38579997e-06 9.48951996e-04 1.21220364e-06
 2.37154154e-04 1.49790754e-06]",STALE
550.542,71.3653,0.00110411,-5.697778112895091,2025-0521-211856,"[1, 1, 1]","[1.62064032e-12 8.43279436e-13 1.78736687e-04 1.48727872e-06
 3.02938715e-04 1.82917259e-06 3.92680540e-04 1.39247107e-06
 8.71761335e-04 1.07244494e-06 4.16464452e-04 8.27932656e-07
 6.01320823e-04 1.83903899e-06 5.12806010e+03 1.14661846e+04
 5.26215949e-04 1.87110400e-06 9.22639897e-04 1.33258808e-06
 2.96507963e-04 5.52478342e-07 7.85673897e-04 1.27385543e-06
 9.66421788e-04 9.32884421e-07 4.74091751e-04 9.79880203e-07
 1.76606747e-04 5.89600221e-07]",STALE
1243.1,78.4332,0.000576208,-6.3339267827777865,2025-0521-212007,"[1, 1, 1]","[2.93050117e-12 2.84372199e-12 1.97883256e-04 8.59929112e-07
 6.94868167e-04 1.32816735e-06 3.05117090e-04 8.31809334e-07
 2.12153076e-04 7.43488008e-07 6.22337437e-04 8.12807142e-07
 3.79990915e-04 1.62672804e-06 1.91405476e+04 1.33959469e+04
 1.18231640e-04 1.68303923e-06 9.84946421e-04 9.51045415e-07
 6.36862044e-05 9.03629187e-07 5.42627687e-04 1.05556928e-06
 1.35270931e-04 1.85131604e-06 6.71792008e-04 1.79929328e-06
 3.14747420e-05 6.85775981e-07]",STALE
1335.87,79.0647,0.000892147,-6.175327777458769,2025-0521-212056,"[1, 1, 1]","[2.84582853e-12 1.96209524e-12 2.42441074e-04 1.75183205e-06
 7.92215829e-04 1.72100573e-06 3.10613454e-04 7.14281137e-07
 9.49793508e-04 1.98303943e-06 1.19965011e-04 1.78473118e-06
 4.15818041e-04 1.05229718e-06 1.49466574e+04 1.30158341e+04
 1.71305174e-04 1.25733653e-06 9.67449699e-04 1.20208319e-06
 1.34276928e-04 1.53468527e-06 3.94924848e-04 1.11620489e-06
 5.58564096e-04 1.57612843e-06 8.59647556e-04 1.19926473e-06
 3.44234337e-04 1.34469297e-06]",STALE
1437.8,79.7039,0.000973455,-6.1693825991291655,2025-0521-212217,"[1, 1, 1]","[2.84307997e-12 1.96209524e-12 2.18708998e-04 1.70118491e-06
 7.04411082e-04 1.84082656e-06 2.46284650e-04 1.05547859e-06
 9.88336567e-04 1.54362361e-06 1.19965011e-04 1.78473118e-06
 4.15818041e-04 1.05229718e-06 1.77174794e+04 1.59333949e+04
 6.22205312e-04 1.28763702e-06 9.67449699e-04 1.04124776e-06
 1.14472159e-04 1.84377364e-06 6.97248229e-04 1.62934676e-06
 6.24596347e-04 1.62105265e-06 8.59647556e-04 1.19926473e-06
 3.18032810e-04 8.62849013e-07]",STALE
1531.63,80.2508,0.00104074,-6.167811617634949,2025-0521-212217,"[1, 1, 1]","[2.83886848e-12 2.01439651e-12 2.24603326e-04 1.63111546e-06
 7.92215829e-04 1.73655093e-06 3.10613454e-04 8.88059065e-07
 9.32542783e-04 1.57736426e-06 4.11596193e-04 1.78473118e-06
 4.15818041e-04 1.05632159e-06 1.49466574e+04 1.30158341e+04
 2.55709582e-04 7.26062747e-07 9.49269787e-04 1.05067999e-06
 1.22177735e-04 1.53468527e-06 5.05714613e-04 1.11620489e-06
 5.33054507e-04 1.53898402e-06 7.78902684e-04 1.88077428e-06
 3.65025070e-04 1.54953893e-06]",STALE
1547.91,80.3434,0.000903695,-6.233723826528294,2025-0521-212301,"[1, 1, 1]","[2.84582853e-12 1.86534428e-12 2.45562508e-04 1.56162920e-06
 6.67521116e-04 1.56339877e-06 2.84012835e-04 5.19250677e-07
 9.92871559e-04 1.97449936e-06 1.56648737e-04 1.78473118e-06
 4.07387158e-04 1.05662609e-06 1.49466574e+04 1.30087026e+04
 1.71305174e-04 1.12687040e-06 9.67449699e-04 1.20208319e-06
 1.87125056e-04 1.53468527e-06 3.38543510e-04 1.39621040e-06
 5.58564096e-04 1.61323971e-06 7.85937125e-04 1.50681766e-06
 3.01183150e-04 1.35496736e-06]",STALE
2309.85,83.8209,0.000989021,-6.368378264914868,2025-0521-212301,"[1, 1, 1]","[2.84582853e-12 1.85021600e-12 2.34485113e-04 1.84126614e-06
 8.28600686e-04 1.85822233e-06 3.16962799e-04 8.60357935e-07
 9.56576412e-04 1.92804457e-06 1.19965011e-04 1.78473118e-06
 4.09517615e-04 1.05229718e-06 1.52431029e+04 1.41484949e+04
 3.82193184e-04 1.65194062e-06 9.33871197e-04 8.71309422e-07
 9.52703614e-05 1.53468527e-06 2.84108974e-04 8.77427268e-07
 5.19195170e-04 1.61396325e-06 8.52511206e-04 1.25904395e-06
 3.44234337e-04 1.59699851e-06]",STALE
1566.7,80.4502,0.000928275,-6.227309189092626,2025-0521-212301,"[1, 1, 1]","[2.84318699e-12 2.01191663e-12 2.30407793e-04 1.54016923e-06
 7.92215829e-04 1.72100573e-06 3.10613454e-04 1.06530050e-06
 9.56812487e-04 1.98303943e-06 1.80662548e-04 1.78473118e-06
 4.16491506e-04 1.06418144e-06 1.63832458e+04 1.41719551e+04
 1.99151942e-04 1.25733653e-06 8.85924221e-04 1.20208319e-06
 1.84360070e-04 1.68738714e-06 2.60450951e-04 1.01412311e-06
 5.75481208e-04 1.49907008e-06 8.59647556e-04 1.39535474e-06
 3.30964311e-04 1.46863447e-06]",STALE
2070.08,82.87,0.000988881,-6.320843096865055,2025-0521-212317,"[1, 1, 1]","[2.85159149e-12 1.82637035e-12 2.43158317e-04 1.75197120e-06
 8.28600686e-04 1.54153872e-06 3.18295362e-04 8.47555348e-07
 8.36316010e-04 1.92804457e-06 1.28780270e-04 1.36319222e-06
 4.08714291e-04 1.05229718e-06 1.52431029e+04 1.41484949e+04
 3.82193184e-04 1.65194062e-06 8.60774767e-04 8.04930163e-07
 9.52703614e-05 1.24796343e-06 1.76108858e-04 8.77427268e-07
 6.20588079e-04 1.61396325e-06 7.40071304e-04 1.25904395e-06
 3.60343634e-04 1.32500462e-06]",STALE
1912.57,82.1829,0.000976032,-6.292153282683893,2025-0521-212317,"[1, 1, 1]","[2.85274055e-12 1.86093037e-12 2.37463997e-04 1.76457207e-06
 7.11644281e-04 1.55646784e-06 3.16225921e-04 8.84956707e-07
 8.20365296e-04 1.92804457e-06 1.23991250e-04 1.81519322e-06
 3.83987745e-04 1.05229718e-06 1.52431029e+04 8.91930246e+03
 3.82193184e-04 1.84932167e-06 8.72998376e-04 9.56726147e-07
 2.06979815e-04 1.53468527e-06 4.15698507e-04 9.32195369e-07
 5.86337616e-04 1.66455180e-06 8.52511206e-04 1.13699804e-06
 3.20704287e-04 1.59699851e-06]",STALE
2639.12,84.9781,0.00105355,-6.3988039864716875,2025-0521-212317,"[1, 1, 1]","[2.84322965e-12 1.86483213e-12 2.34485113e-04 1.79075914e-06
 7.23319163e-04 1.86146891e-06 3.16962799e-04 8.60357935e-07
 9.10922354e-04 1.92804457e-06 1.11941693e-04 1.78961976e-06
 4.25191153e-04 1.06000045e-06 1.37603774e+04 1.28588409e+04
 3.82193184e-04 1.32658027e-06 9.22403566e-04 9.39564027e-07
 1.96280120e-04 1.53468527e-06 2.55695400e-04 5.75634497e-07
 5.19195170e-04 1.63446768e-06 7.69269376e-04 1.25904395e-06
 3.44234337e-04 1.81889242e-06]",STALE
2355.56,83.9917,0.000948801,-6.394919037161986,2025-0521-212334,"[1, 1, 1]","[2.84322965e-12 1.86483213e-12 2.49168001e-04 1.72157364e-06
 7.76818901e-04 1.86146891e-06 2.93933507e-04 7.88540329e-07
 9.10922354e-04 1.74979012e-06 1.11941693e-04 1.87794745e-06
 4.25191153e-04 1.06000045e-06 1.37603774e+04 1.81744414e+04
 4.38652568e-04 1.32658027e-06 8.90025835e-04 9.06374499e-07
 2.08563889e-04 1.53468527e-06 2.55695400e-04 9.35605737e-07
 5.19195170e-04 1.63446768e-06 7.69269376e-04 1.04874937e-06
 3.24024227e-04 1.41332835e-06]",STALE
2978.94,86.0298,0.00100504,-6.471878409242437,2025-0521-212334,"[1, 1, 1]","[2.84443168e-12 1.84759960e-12 2.41122143e-04 1.82245909e-06
 7.23319163e-04 1.46489015e-06 3.16962799e-04 8.60357935e-07
 8.89379190e-04 1.94966076e-06 1.23199455e-04 1.70353867e-06
 4.18613739e-04 1.05950687e-06 1.37603774e+04 1.28588409e+04
 3.38595469e-04 1.70723895e-06 9.45277770e-04 9.84253877e-07
 1.81158649e-04 1.17464320e-06 2.55695400e-04 9.21448648e-07
 5.19195170e-04 1.63446768e-06 6.41759237e-04 1.25904395e-06
 3.44234337e-04 1.41563574e-06]",STALE
1534.09,80.2654,0.000846192,-6.258381923842166,2025-0521-212334,"[1, 1, 1]","[2.84322965e-12 1.85695096e-12 2.50334795e-04 1.70928252e-06
 5.54277135e-04 1.66617559e-06 2.93792543e-04 8.80725382e-07
 9.10922354e-04 1.59734382e-06 1.06452757e-04 1.78961976e-06
 4.25191153e-04 1.06901164e-06 1.40633245e+04 1.44080299e+04
 1.67560630e-04 1.59175000e-06 9.35493504e-04 8.88027079e-07
 5.52305469e-05 1.66560008e-06 1.93320961e-04 9.45713119e-07
 4.80824305e-04 1.56736597e-06 7.51597688e-04 1.25904395e-06
 3.44234337e-04 1.79240494e-06]",STALE
3558.9,87.574,0.000929976,-6.582844044311695,2025-0521-212350,"[1, 1, 1]","[2.84443168e-12 1.84759960e-12 2.41122143e-04 1.66413276e-06
 7.23319163e-04 1.46489015e-06 3.29552405e-04 8.60357935e-07
 9.62156761e-04 1.02633884e-06 1.23199455e-04 1.67153212e-06
 4.57940063e-04 1.03579795e-06 1.25467122e+04 1.18359298e+04
 1.94707331e-04 1.67610316e-06 9.76301821e-04 6.66975485e-07
 1.48905691e-04 1.17464320e-06 4.01823634e-04 1.17831832e-06
 4.48705280e-04 1.63446768e-06 6.41759237e-04 1.01828723e-06
 4.67487851e-04 1.37048454e-06]",STALE
1682.28,81.0659,0.000914401,-6.264761589454414,2025-0521-212430,"[1, 1, 1]","[2.84443168e-12 1.92154838e-12 2.34416093e-04 1.12123519e-06
 7.23319163e-04 1.46489015e-06 3.29552405e-04 7.94569815e-07
 9.62156761e-04 1.63865119e-06 9.86885420e-05 1.95783109e-06
 3.03302264e-04 1.03680858e-06 4.74497640e+03 1.18359298e+04
 6.89740721e-04 1.45002721e-06 9.76301821e-04 7.23099872e-07
 9.90385853e-05 1.17464320e-06 4.01823634e-04 1.88730880e-06
 4.48705280e-04 1.42396961e-06 7.31759138e-04 1.01828723e-06
 2.78609065e-04 1.86314328e-06]",STALE
2232.38,83.5206,0.000913387,-6.388113296882482,2025-0521-212526,"[1, 1, 1]","[2.83984878e-12 1.86552171e-12 2.48898300e-04 1.21014143e-06
 6.63883741e-04 1.46489015e-06 3.34805593e-04 6.40081519e-07
 9.15654711e-04 1.02633884e-06 1.09195675e-04 1.55078445e-06
 4.57940063e-04 1.03579795e-06 1.50800641e+04 1.18359298e+04
 1.80638102e-04 1.67610316e-06 9.76990435e-04 5.70687968e-07
 1.48905691e-04 1.15587308e-06 3.33248517e-04 1.27620093e-06
 4.44886245e-04 1.63446768e-06 5.87854626e-04 1.10546402e-06
 2.08929711e-04 9.75557941e-07]",STALE
2172.93,83.2878,0.000878587,-6.393260962992257,2025-0521-212621,"[1, 1, 1]","[2.84537155e-12 1.86048425e-12 2.41122143e-04 1.66003867e-06
 6.53643068e-04 1.33909104e-06 3.29552405e-04 8.10815479e-07
 9.62156761e-04 1.17942383e-06 1.16941436e-04 1.45744323e-06
 4.66223471e-04 1.04006337e-06 1.38698339e+04 1.27283274e+04
 1.37990966e-04 1.67610316e-06 9.76301821e-04 6.66975485e-07
 1.21340905e-04 1.34106786e-06 4.03362543e-04 9.80637438e-07
 4.81397778e-04 1.67337199e-06 6.04570205e-04 1.01828723e-06
 3.31854467e-04 1.37048454e-06]",STALE
3244.75,86.7704,0.000929577,-6.542895871429138,2025-0521-212621,"[1, 1, 1]","[2.84454943e-12 1.86465641e-12 2.35242239e-04 1.58921196e-06
 7.23319163e-04 1.46489015e-06 3.29552405e-04 7.80185904e-07
 9.66049687e-04 8.65532784e-07 1.18607497e-04 1.88350568e-06
 4.57940063e-04 1.03579795e-06 1.31858924e+04 1.25651076e+04
 1.94707331e-04 1.67610316e-06 9.80152313e-04 6.66975485e-07
 1.70895110e-04 1.22273722e-06 5.00293544e-04 1.17831832e-06
 4.94232872e-04 1.66893772e-06 6.55269971e-04 1.04167097e-06
 3.39985371e-04 1.57369991e-06]",STALE
2572.0,84.7533,0.000902813,-6.454673160204883,2025-0521-212638,"[1, 1, 1]","[2.84673928e-12 1.84759960e-12 2.41122143e-04 1.66413276e-06
 7.23319163e-04 1.40661618e-06 3.30222899e-04 8.60357935e-07
 8.25309860e-04 1.26108787e-06 1.17546576e-04 1.52562367e-06
 4.57940063e-04 1.03929013e-06 1.46246536e+04 1.12442005e+04
 1.41932934e-04 1.37743219e-06 9.55881403e-04 6.66975485e-07
 1.63390252e-04 1.09451072e-06 3.90922116e-04 1.22265873e-06
 4.86593653e-04 1.66910133e-06 6.32890289e-04 1.11800367e-06
 4.84240212e-04 1.37048454e-06]",STALE
3079.61,86.3174,0.000919506,-6.524941153724449,2025-0521-212735,"[1, 1, 1]","[2.84443168e-12 1.84759960e-12 2.45878973e-04 1.63635060e-06
 7.35383341e-04 1.50965620e-06 3.29017301e-04 9.11303937e-07
 9.46769156e-04 1.02633884e-06 1.14684896e-04 1.65580707e-06
 4.57940063e-04 1.03579795e-06 1.32594416e+04 1.18359298e+04
 1.94707331e-04 1.76459986e-06 9.76301821e-04 6.66975485e-07
 1.39874260e-04 1.05660306e-06 3.89166450e-04 1.12079692e-06
 4.55732814e-04 1.63446768e-06 6.27004695e-04 1.01828723e-06
 4.58137663e-04 1.41418379e-06]",STALE
2651.91,85.0195,0.000910617,-6.464223027237852,2025-0521-212735,"[1, 1, 1]","[2.84745090e-12 1.84532865e-12 2.45180753e-04 1.66413276e-06
 7.23319163e-04 1.48197961e-06 3.29552405e-04 8.53364325e-07
 9.85220080e-04 1.14418646e-06 1.15814645e-04 1.67153212e-06
 4.51732863e-04 1.03690432e-06 1.25467122e+04 1.13610509e+04
 1.81731269e-04 1.63243209e-06 9.46264245e-04 7.01901218e-07
 1.48905691e-04 1.19918029e-06 3.90171912e-04 1.19217611e-06
 4.48705280e-04 1.60130986e-06 6.33316246e-04 9.94928841e-07
 4.51118537e-04 1.46029282e-06]",STALE
3695.8,87.9015,0.00092742,-6.600432003819377,2025-0521-212735,"[1, 1, 1]","[2.85507712e-12 1.83089038e-12 2.41122143e-04 1.58871037e-06
 7.23319163e-04 1.43901967e-06 3.29470499e-04 8.04663669e-07
 9.62156761e-04 1.03770819e-06 1.23199455e-04 1.69709518e-06
 4.56445407e-04 1.03579795e-06 1.29188180e+04 1.18359298e+04
 1.94707331e-04 1.67610316e-06 9.87802178e-04 6.69745513e-07
 1.53973218e-04 1.25483151e-06 4.01823634e-04 1.17831832e-06
 3.69282808e-04 1.66547415e-06 6.41759237e-04 1.01828723e-06
 4.67487851e-04 1.45958579e-06]",STALE
3097.94,86.37,0.000926073,-6.524427779845073,2025-0521-212735,"[1, 1, 1]","[2.85169183e-12 1.84759960e-12 2.42378615e-04 1.66413276e-06
 7.20174110e-04 1.51003143e-06 3.28238618e-04 8.60357935e-07
 9.22252947e-04 9.84985147e-07 1.23199455e-04 1.66736835e-06
 4.49513008e-04 1.03452334e-06 1.20346326e+04 1.18359298e+04
 1.99766249e-04 1.65006286e-06 9.33378576e-04 6.94793861e-07
 1.49384324e-04 1.11775509e-06 3.87079959e-04 1.14991909e-06
 4.25393883e-04 1.64910489e-06 6.23611018e-04 1.03744023e-06
 4.71843173e-04 1.46283632e-06]",STALE
2816.33,85.542,0.000908702,-6.491262057462496,2025-0521-212735,"[1, 1, 1]","[2.85327135e-12 1.81164798e-12 2.42381577e-04 1.56946201e-06
 7.23319163e-04 1.46489015e-06 3.29552405e-04 8.60357935e-07
 9.62156761e-04 1.02733275e-06 1.20981506e-04 1.63804552e-06
 4.50739889e-04 1.03582678e-06 1.31773210e+04 1.18359298e+04
 1.83107657e-04 1.65307674e-06 9.45434202e-04 6.69171379e-07
 1.41626376e-04 1.09824161e-06 4.32288154e-04 1.22125681e-06
 4.48705280e-04 1.63446768e-06 6.52665597e-04 1.01828723e-06
 4.82459255e-04 1.39968403e-06]",STALE
3269.64,86.8376,0.000919388,-6.5510011068218095,2025-0521-212735,"[1, 1, 1]","[2.84659760e-12 1.85121518e-12 2.41122143e-04 1.68486879e-06
 7.28209893e-04 1.46489015e-06 3.34136968e-04 8.67656953e-07
 9.83167504e-04 1.00556585e-06 1.30766265e-04 1.67759731e-06
 4.57940063e-04 1.03579795e-06 1.25467122e+04 1.16375549e+04
 1.85313150e-04 1.67610316e-06 9.76301821e-04 7.02524597e-07
 1.48905691e-04 1.07546328e-06 4.01823634e-04 1.10322374e-06
 4.01595276e-04 1.66496655e-06 6.23541395e-04 1.05444962e-06
 4.40226356e-04 1.32116468e-06]",STALE
3040.89,86.2068,0.000913763,-6.522167141757628,2025-0521-212753,"[1, 1, 1]","[2.85267118e-12 1.83129213e-12 2.45843829e-04 1.59520480e-06
 7.15578386e-04 1.45479231e-06 3.25082139e-04 8.04663669e-07
 9.34676766e-04 9.31726865e-07 1.28814736e-04 1.71795687e-06
 4.52127704e-04 1.03705053e-06 1.23262632e+04 1.12893199e+04
 1.88713575e-04 1.67610316e-06 9.96783095e-04 7.01044530e-07
 1.42474035e-04 1.11627046e-06 4.01823634e-04 1.09707995e-06
 3.69282808e-04 1.68536260e-06 6.29517233e-04 1.08768507e-06
 4.47166202e-04 1.53959174e-06]",STALE
3736.34,87.9963,0.000915547,-6.610765745442997,2025-0521-212753,"[1, 1, 1]","[2.85067583e-12 1.81968375e-12 2.42798539e-04 1.51814772e-06
 7.23983002e-04 1.43901967e-06 3.31654151e-04 8.04663669e-07
 9.62156761e-04 1.00651918e-06 1.23199455e-04 1.65686772e-06
 4.46531151e-04 1.03735134e-06 1.29611877e+04 1.18359298e+04
 1.88752534e-04 1.59349435e-06 9.87802178e-04 6.69745513e-07
 1.43434094e-04 1.25483151e-06 4.01823634e-04 1.11650210e-06
 3.15687314e-04 1.67548993e-06 6.22313770e-04 9.60543039e-07
 4.67487851e-04 1.45958579e-06]",STALE
3775.4,88.0863,0.000900333,-6.622559802808187,2025-0521-212812,"[1, 1, 1]","[2.85659971e-12 1.81968375e-12 2.40290970e-04 1.52963208e-06
 7.23983002e-04 1.48253165e-06 3.32449142e-04 7.55547333e-07
 9.28627762e-04 1.09417681e-06 1.12136019e-04 1.66116679e-06
 4.37917015e-04 1.03735134e-06 1.29611877e+04 1.22245475e+04
 1.81287631e-04 1.53652011e-06 9.91443246e-04 6.40375444e-07
 1.43434094e-04 1.29703879e-06 4.28061665e-04 1.04215684e-06
 3.15687314e-04 1.69504370e-06 6.24335341e-04 1.05291968e-06
 4.45577406e-04 1.45958579e-06]",STALE
4221.97,89.0579,0.000915271,-6.663965440890676,2025-0521-212812,"[1, 1, 1]","[2.85067583e-12 1.83313263e-12 2.42798539e-04 1.59388710e-06
 7.18614225e-04 1.47984799e-06 3.33939853e-04 8.22525692e-07
 9.92174433e-04 1.10433124e-06 1.11022828e-04 1.65686772e-06
 4.36868525e-04 1.03735134e-06 1.23149383e+04 1.18359298e+04
 1.95418958e-04 1.54300452e-06 9.70463999e-04 6.69745513e-07
 1.43434094e-04 1.16997049e-06 4.20068211e-04 1.11650210e-06
 2.37649386e-04 1.67548993e-06 6.16873041e-04 1.04099621e-06
 4.52583748e-04 1.41603596e-06]",STALE
2593.04,84.8234,0.000826528,-6.4965516456093795,2025-0521-212849,"[1, 1, 1]","[2.80455037e-12 1.84618821e-12 2.42798539e-04 1.66355171e-06
 7.27987184e-04 1.47984799e-06 3.33939853e-04 8.18319246e-07
 9.92935818e-04 1.18182931e-06 1.25302655e-04 1.65788302e-06
 4.36868525e-04 1.03735134e-06 1.10313350e+04 1.15346266e+04
 1.21031425e-04 1.53961809e-06 9.88041904e-04 6.51667842e-07
 1.43434094e-04 1.17289821e-06 4.80122011e-04 1.11650210e-06
 2.54853813e-04 1.68839110e-06 6.16873041e-04 1.04099621e-06
 4.56452881e-04 1.41603596e-06]",STALE
2635.73,84.9652,0.000888533,-6.472227357681298,2025-0521-212849,"[1, 1, 1]","[2.77927008e-12 1.83380840e-12 2.43080801e-04 1.50602093e-06
 6.54657469e-04 1.38280645e-06 3.33939853e-04 7.65048030e-07
 9.10442167e-04 1.19004749e-06 1.11022828e-04 1.65686772e-06
 4.39679820e-04 1.03248755e-06 1.38061610e+04 1.16152282e+04
 1.67919379e-04 1.54300452e-06 9.70463999e-04 7.31404585e-07
 1.46992815e-04 1.16997049e-06 3.45266765e-04 1.15072247e-06
 2.39436741e-04 1.70643956e-06 6.16873041e-04 1.22540697e-06
 4.52583748e-04 1.41603596e-06]",STALE
2005.28,82.5912,0.000812342,-6.392436114459903,2025-0521-212849,"[1, 1, 1]","[2.92237234e-12 1.83313263e-12 2.51833774e-04 1.59388710e-06
 7.06553755e-04 1.47984799e-06 5.14770447e-04 8.35080910e-07
 9.64368535e-04 1.10433124e-06 1.15359845e-04 1.59138257e-06
 4.36868525e-04 1.04399397e-06 1.39963135e+04 1.20031611e+04
 1.17529602e-04 1.62397409e-06 9.70463999e-04 6.69745513e-07
 1.59420974e-04 1.16997049e-06 6.01106914e-04 1.13963070e-06
 2.52009384e-04 1.67548993e-06 6.44418633e-04 1.04099621e-06
 4.53112062e-04 1.41603596e-06]",STALE
5094.03,90.6892,0.00107211,-6.6768221514325585,2025-0521-212908,"[1, 1, 1]","[2.85067583e-12 1.80472172e-12 2.28043637e-04 1.59388710e-06
 5.83211841e-04 1.44186081e-06 3.33939853e-04 7.30281995e-07
 9.92174433e-04 1.07478775e-06 1.01293744e-04 1.56025814e-06
 4.44040485e-04 1.04040677e-06 1.23149383e+04 1.27781792e+04
 3.07006373e-04 1.42488592e-06 9.70463999e-04 7.60316317e-07
 1.42417105e-04 1.16997049e-06 4.47996474e-04 1.11650210e-06
 2.37649386e-04 1.67548993e-06 5.94837299e-04 1.04099621e-06
 4.52583748e-04 1.36046479e-06]",STALE
5233.84,90.9247,0.00102533,-6.707956777472277,2025-0521-212908,"[1, 1, 1]","[2.89292452e-12 1.85373578e-12 2.31854386e-04 1.64517921e-06
 5.98521547e-04 1.45015511e-06 3.33939853e-04 8.22525692e-07
 8.92469547e-04 1.13322502e-06 1.05048107e-04 1.76354256e-06
 4.43795899e-04 1.03610003e-06 1.43229728e+04 1.18359298e+04
 2.69009099e-04 1.48110780e-06 9.49176804e-04 6.69745513e-07
 1.20826504e-04 1.23626172e-06 4.55973154e-04 1.02681154e-06
 2.41539064e-04 1.66308480e-06 5.60411623e-04 9.68532559e-07
 4.52583748e-04 1.29173369e-06]",STALE
5588.8,91.4943,0.00104153,-6.729646784507343,2025-0521-212928,"[1, 1, 1]","[2.87907246e-12 1.84474430e-12 2.31778025e-04 1.53150448e-06
 6.35467037e-04 1.45636303e-06 3.94136645e-04 8.22525692e-07
 9.23252192e-04 1.20402071e-06 1.05829088e-04 1.61726935e-06
 4.46912574e-04 1.03610003e-06 1.30559707e+04 1.18359298e+04
 2.69009099e-04 1.42728821e-06 9.62029596e-04 6.43248470e-07
 1.41521602e-04 1.21418383e-06 5.22120916e-04 9.21142487e-07
 2.41539064e-04 1.66308480e-06 5.83174871e-04 9.68532559e-07
 4.72569785e-04 1.32581646e-06]",STALE
3108.22,86.3993,0.000898181,-6.539147886789708,2025-0521-212928,"[1, 1, 1]","[2.93499989e-12 1.85373578e-12 2.34934923e-04 1.64517921e-06
 6.46383582e-04 1.49170730e-06 2.62930586e-04 7.82699232e-07
 9.18411647e-04 1.05625357e-06 1.09914087e-04 1.96171349e-06
 4.43795899e-04 1.03610003e-06 1.43229728e+04 1.18359298e+04
 1.64709870e-04 1.48110780e-06 9.10944392e-04 6.45087793e-07
 1.20826504e-04 1.23626172e-06 4.55973154e-04 1.02681154e-06
 2.58995167e-04 1.67310698e-06 5.14489935e-04 8.32419843e-07
 4.52583748e-04 1.29173369e-06]",STALE
4595.14,89.7941,0.000995014,-6.6644695561824925,2025-0521-212928,"[1, 1, 1]","[2.91329240e-12 1.88641232e-12 2.40716848e-04 1.64517921e-06
 5.98521547e-04 1.45015511e-06 3.78574866e-04 8.21194741e-07
 9.22295012e-04 1.15732674e-06 1.05048107e-04 1.92348035e-06
 4.33481229e-04 1.03610003e-06 1.38608502e+04 1.18359298e+04
 2.69009099e-04 1.54885264e-06 9.49176804e-04 6.44931777e-07
 1.20826504e-04 1.20759258e-06 4.88626223e-04 1.05719567e-06
 2.68252023e-04 1.69824558e-06 5.59687493e-04 9.68532559e-07
 4.47127373e-04 1.32930446e-06]",STALE
4389.86,89.3958,0.000990028,-6.6468031925832465,2025-0521-212947,"[1, 1, 1]","[2.87740480e-12 1.84474430e-12 2.30382774e-04 1.45366286e-06
 6.51833020e-04 1.43898017e-06 3.94136645e-04 8.34251266e-07
 9.23252192e-04 1.20402071e-06 1.05829088e-04 1.61726935e-06
 4.61700099e-04 1.03610003e-06 1.33798534e+04 1.28138132e+04
 2.18296739e-04 1.48873602e-06 9.97302043e-04 6.31571127e-07
 1.18251959e-04 1.26381787e-06 5.70829779e-04 8.59232602e-07
 2.39370197e-04 1.69770519e-06 5.83174871e-04 1.02239205e-06
 4.72569785e-04 1.39064963e-06]",STALE
4779.31,90.1354,0.000973051,-6.691229597733891,2025-0521-212947,"[1, 1, 1]","[2.94307855e-12 1.82309259e-12 2.31778025e-04 1.61029917e-06
 6.30345534e-04 1.44777863e-06 3.82820425e-04 8.22525692e-07
 9.23252192e-04 1.17642349e-06 1.05829088e-04 1.61726935e-06
 4.46912574e-04 1.06523865e-06 1.24508449e+04 1.24198357e+04
 2.30738329e-04 1.47631199e-06 9.62029596e-04 6.63479833e-07
 1.41521602e-04 1.29077916e-06 5.22120916e-04 9.38015619e-07
 2.74631372e-04 1.69820723e-06 5.55092301e-04 9.68532559e-07
 4.90806161e-04 1.32581646e-06]",STALE
5322.03,91.0691,0.00103752,-6.710080841071904,2025-0521-212947,"[1, 1, 1]","[2.81083204e-12 1.81865527e-12 2.31778025e-04 1.56126388e-06
 7.05159840e-04 1.42555675e-06 4.64039321e-04 8.22525692e-07
 9.23252192e-04 1.16512585e-06 1.07739389e-04 1.37033971e-06
 4.42416883e-04 1.02402591e-06 1.22186466e+04 1.27961791e+04
 2.69009099e-04 1.42728821e-06 9.69159451e-04 6.43248470e-07
 1.41521602e-04 1.27899046e-06 5.22120916e-04 9.21142487e-07
 2.36798049e-04 1.64352216e-06 5.97352173e-04 1.11584364e-06
 4.72569785e-04 1.32581646e-06]",STALE
5509.62,91.3714,0.00103851,-6.724710963684245,2025-0521-212947,"[1, 1, 1]","[2.85454815e-12 1.82421373e-12 2.31778025e-04 1.56687230e-06
 6.20790652e-04 1.43408581e-06 3.94136645e-04 8.29635268e-07
 9.61071158e-04 1.20402071e-06 1.22401247e-04 1.85349575e-06
 4.56767600e-04 1.03610003e-06 1.28420824e+04 1.18359298e+04
 2.69009099e-04 1.51472638e-06 9.21181664e-04 6.43248470e-07
 1.50503967e-04 1.20492080e-06 5.51456175e-04 8.44055543e-07
 2.41539064e-04 1.66308480e-06 5.83174871e-04 8.18135954e-07
 4.39731742e-04 1.27973751e-06]",STALE
5677.35,91.6312,0.000962804,-6.770607782748512,2025-0521-213007,"[1, 1, 1]","[2.87907246e-12 1.82161699e-12 2.37981368e-04 1.53150448e-06
 5.95741594e-04 1.40231279e-06 4.36772861e-04 8.75230997e-07
 9.23252192e-04 1.26117370e-06 1.05829088e-04 1.61726935e-06
 4.33216769e-04 1.03610003e-06 1.37287608e+04 1.18359298e+04
 2.32786911e-04 1.49222681e-06 9.62029596e-04 6.43248470e-07
 1.41521602e-04 1.19047037e-06 5.22120916e-04 8.97979615e-07
 2.01461451e-04 1.70225081e-06 5.70290347e-04 8.35368171e-07
 5.01018682e-04 1.38207721e-06]",STALE
5942.47,92.027,0.00108096,-6.740157374356076,2025-0521-213007,"[1, 1, 1]","[2.87907246e-12 1.84474430e-12 2.46402312e-04 1.53150448e-06
 6.63147841e-04 1.45636303e-06 4.04279861e-04 8.39129024e-07
 9.51982107e-04 1.27069823e-06 1.50415310e-04 1.55575440e-06
 4.60887245e-04 1.04685387e-06 1.24025359e+04 1.18359298e+04
 3.05464284e-04 1.52317875e-06 9.62029596e-04 6.43248470e-07
 1.41521602e-04 1.17338566e-06 5.27372785e-04 8.38012729e-07
 2.41539064e-04 1.63596593e-06 6.08906562e-04 9.68532559e-07
 4.67739318e-04 1.32581646e-06]",STALE
6007.97,92.1225,0.000975096,-6.789680380513393,2025-0521-213007,"[1, 1, 1]","[2.79871656e-12 1.85891513e-12 2.26516366e-04 1.53150448e-06
 6.32635859e-04 1.47852662e-06 3.94136645e-04 7.82600562e-07
 9.41191498e-04 1.20986567e-06 1.05829088e-04 1.54238057e-06
 4.46912574e-04 1.05427912e-06 1.39450671e+04 1.25168271e+04
 2.19594421e-04 1.41548689e-06 9.87249969e-04 6.64450209e-07
 1.10626683e-04 1.20614304e-06 5.06329995e-04 9.21142487e-07
 2.09111798e-04 1.68216082e-06 5.83174871e-04 8.64763459e-07
 4.72569785e-04 1.32581646e-06]",STALE
6612.99,92.9554,0.000999339,-6.820685029545656,2025-0521-213007,"[1, 1, 1]","[2.80583651e-12 1.83093916e-12 2.18469365e-04 1.63071383e-06
 6.30689795e-04 1.44558076e-06 3.94136645e-04 7.69770982e-07
 9.17796676e-04 1.20402071e-06 1.05829088e-04 1.68023273e-06
 4.46884685e-04 1.04106002e-06 1.30559707e+04 1.18359298e+04
 2.45327246e-04 1.47868921e-06 9.62029596e-04 6.28028221e-07
 1.77204793e-04 1.23035765e-06 5.22120916e-04 8.40671026e-07
 2.01807945e-04 1.68491091e-06 5.83174871e-04 1.11139499e-06
 4.27201432e-04 1.32581646e-06]",STALE
6344.25,92.5947,0.000992848,-6.805497523052452,2025-0521-213027,"[1, 1, 1]","[2.74338285e-12 1.83093916e-12 2.18469365e-04 1.63071383e-06
 6.10530565e-04 1.37988121e-06 3.67706785e-04 7.10815758e-07
 9.23056809e-04 1.20402071e-06 1.05829088e-04 1.77055678e-06
 4.46884685e-04 9.95777054e-07 1.30559707e+04 1.18402646e+04
 2.25307067e-04 1.47868921e-06 9.72772315e-04 6.28028221e-07
 1.77204793e-04 1.23035765e-06 5.22120916e-04 8.39205481e-07
 1.74253633e-04 1.68491091e-06 5.88655535e-04 1.11139499e-06
 4.49970261e-04 1.37838363e-06]",STALE
6705.53,93.0758,0.00102445,-6.815942343066294,2025-0521-213027,"[1, 1, 1]","[2.79898640e-12 1.83093916e-12 2.18469365e-04 1.63071383e-06
 6.30689795e-04 1.49676513e-06 3.48271379e-04 7.69770982e-07
 9.21192131e-04 1.20539523e-06 1.29540228e-04 1.68023273e-06
 4.35622117e-04 1.05433341e-06 1.30559707e+04 1.29054132e+04
 2.89839417e-04 1.49739260e-06 9.43789328e-04 5.88069352e-07
 1.46164808e-04 1.31196793e-06 5.22120916e-04 8.70946179e-07
 2.01807945e-04 1.71153697e-06 5.62302922e-04 1.19791247e-06
 3.84159090e-04 1.32581646e-06]",STALE
6359.74,92.6176,0.00097475,-6.814546117248548,2025-0521-213027,"[1, 1, 1]","[2.77800479e-12 1.79575076e-12 1.99659210e-04 1.67122307e-06
 6.36015966e-04 1.41393312e-06 4.00391892e-04 7.19757836e-07
 8.93261922e-04 1.27210423e-06 1.05829088e-04 1.68023273e-06
 4.39268410e-04 1.04106002e-06 1.38461357e+04 1.17351661e+04
 2.37690016e-04 1.49928309e-06 9.15481445e-04 6.28028221e-07
 1.42513266e-04 1.20429068e-06 4.87043409e-04 9.36531374e-07
 2.01807945e-04 1.70613874e-06 5.83174871e-04 1.12004386e-06
 4.27201432e-04 1.30693828e-06]",STALE
5916.15,91.9885,0.000949449,-6.794567535295879,2025-0521-213027,"[1, 1, 1]","[2.91137513e-12 1.83093916e-12 2.01666196e-04 1.63071383e-06
 6.50229282e-04 1.45452416e-06 4.16702380e-04 7.37032198e-07
 9.60096830e-04 1.13523883e-06 7.62686069e-05 1.71546508e-06
 4.25281851e-04 1.07753650e-06 1.29641837e+04 1.12449719e+04
 2.49052973e-04 1.51841156e-06 9.62029596e-04 6.28028221e-07
 1.82913579e-04 1.22612795e-06 4.80374725e-04 8.69919662e-07
 2.21598735e-04 1.65510299e-06 5.83174871e-04 1.25893835e-06
 4.39852707e-04 1.29339730e-06]",STALE
6461.77,92.755,0.00097865,-6.819724095256964,2025-0521-213027,"[1, 1, 1]","[2.81162290e-12 1.83093916e-12 2.02425436e-04 1.63071383e-06
 6.16582602e-04 1.41277792e-06 3.94136645e-04 7.44388630e-07
 9.17796676e-04 1.20402071e-06 1.05829088e-04 1.77385480e-06
 4.53646266e-04 1.02945761e-06 1.30559707e+04 1.26999331e+04
 2.14184036e-04 1.46606196e-06 9.56002571e-04 6.56056621e-07
 1.63846223e-04 1.17467281e-06 5.63279727e-04 9.22224230e-07
 2.29122692e-04 1.68491091e-06 5.47257311e-04 9.70008754e-07
 4.21601471e-04 1.33480212e-06]",STALE
9790.94,96.3648,0.00107111,-6.960990315219059,2025-0521-213047,"[1, 1, 1]","[2.80583651e-12 1.83093916e-12 1.84764357e-04 1.58101736e-06
 6.30689795e-04 1.42321734e-06 4.30550889e-04 7.85342208e-07
 9.25726949e-04 1.19739013e-06 1.48654683e-04 1.63075891e-06
 4.46884685e-04 1.00233163e-06 1.34135975e+04 1.15040437e+04
 2.91724388e-04 1.47868921e-06 9.37165206e-04 6.28028221e-07
 1.54600215e-04 1.27861211e-06 5.95425393e-04 8.91573688e-07
 1.58753004e-04 1.65552178e-06 5.91524021e-04 1.11139499e-06
 4.27201432e-04 1.24376859e-06]",STALE
6522.72,92.8362,0.000969902,-6.8277008811415945,2025-0521-213047,"[1, 1, 1]","[2.80583651e-12 1.86595887e-12 2.08871258e-04 1.62537200e-06
 6.30689795e-04 1.49159678e-06 4.05805167e-04 7.52238962e-07
 9.51298549e-04 1.20402071e-06 8.59080922e-05 1.73067459e-06
 4.46884685e-04 1.08104799e-06 1.30559707e+04 1.19383349e+04
 2.45327246e-04 1.55615003e-06 9.62029596e-04 6.28028221e-07
 1.53711733e-04 1.18515755e-06 5.22120916e-04 9.10430350e-07
 2.01209251e-04 1.70507854e-06 5.93082841e-04 1.11139499e-06
 3.93242278e-04 1.35590935e-06]",STALE
5855.68,91.8984,0.000936107,-6.796251842650472,2025-0521-213047,"[1, 1, 1]","[2.80583651e-12 1.83093916e-12 2.18469365e-04 1.55184280e-06
 6.30689795e-04 1.45837654e-06 3.78823337e-04 7.69770982e-07
 9.17796676e-04 1.20402071e-06 8.64212509e-05 1.77747646e-06
 4.46884685e-04 1.06183093e-06 1.30559707e+04 1.26460416e+04
 1.94885182e-04 1.43861624e-06 9.87045569e-04 6.28028221e-07
 1.77204793e-04 1.23035765e-06 5.29998357e-04 8.40671026e-07
 1.85474193e-04 1.68491091e-06 6.29636107e-04 1.18480160e-06
 3.97792905e-04 1.32581646e-06]",STALE
9681.91,96.2669,0.00104403,-6.9672480630448534,2025-0521-213107,"[1, 1, 1]","[2.72268104e-12 1.83093916e-12 1.84764357e-04 1.66024125e-06
 6.30689795e-04 1.42321734e-06 4.25858414e-04 8.06691467e-07
 9.60004551e-04 1.20001902e-06 1.05607768e-04 1.67796721e-06
 4.46884685e-04 1.01099799e-06 1.34851402e+04 1.15058331e+04
 2.70365058e-04 1.46822074e-06 9.63818197e-04 6.28028221e-07
 1.37730591e-04 1.27861211e-06 5.95425393e-04 8.91573688e-07
 1.38239288e-04 1.64688177e-06 5.79752825e-04 1.07649947e-06
 3.86680567e-04 1.28973525e-06]",STALE
10127.4,96.6586,0.00107309,-6.974861815816981,2025-0521-213107,"[1, 1, 1]","[2.71855841e-12 1.83740708e-12 1.55287515e-04 1.58101736e-06
 6.47806612e-04 1.48074004e-06 4.35517955e-04 7.40260597e-07
 9.55098040e-04 1.25917407e-06 1.13683619e-04 1.63075891e-06
 4.50423677e-04 1.01109094e-06 1.24472928e+04 1.10333895e+04
 2.91724388e-04 1.47868921e-06 9.37165206e-04 6.38242462e-07
 1.38430944e-04 1.28456916e-06 5.95425393e-04 8.74310852e-07
 1.58753004e-04 1.65552178e-06 5.57238372e-04 1.11139499e-06
 4.74677461e-04 1.20932216e-06]",STALE
9827.95,96.3977,0.00106889,-6.963529924279218,2025-0521-213107,"[1, 1, 1]","[2.80765338e-12 1.84872665e-12 1.84764357e-04 1.53744747e-06
 6.30689795e-04 1.41679402e-06 4.30476409e-04 8.07195224e-07
 9.13534429e-04 1.21992361e-06 1.41337735e-04 1.63075891e-06
 4.55404647e-04 1.00233163e-06 1.34135975e+04 1.20809667e+04
 2.91724388e-04 1.54980702e-06 9.37165206e-04 5.81830034e-07
 1.18365049e-04 1.27453303e-06 5.95425393e-04 8.91573688e-07
 1.58753004e-04 1.65552178e-06 6.05547493e-04 1.04913227e-06
 4.27201432e-04 1.20343781e-06]",STALE
12821.2,98.7065,0.0010857,-7.072218837042055,2025-0521-213126,"[1, 1, 1]","[2.71855841e-12 1.83740708e-12 1.55287515e-04 1.54023041e-06
 6.18325839e-04 1.45999994e-06 4.20262828e-04 7.83029383e-07
 9.83895652e-04 1.26687837e-06 1.02318565e-04 1.72362700e-06
 4.50423677e-04 9.80070698e-07 1.17981751e+04 1.14372857e+04
 2.91724388e-04 1.47868921e-06 9.74428286e-04 6.03132010e-07
 1.45465471e-04 1.28456916e-06 5.63207942e-04 7.90365504e-07
 1.58753004e-04 1.70091261e-06 5.92793489e-04 1.11139499e-06
 4.74677461e-04 1.20932216e-06]",STALE
15253.5,100.217,0.00111353,-7.136667584383184,2025-0521-213126,"[1, 1, 1]","[2.71855841e-12 1.83740708e-12 1.55287515e-04 1.60648250e-06
 6.47806612e-04 1.52578645e-06 4.35517955e-04 7.40260597e-07
 9.77628460e-04 1.21535902e-06 1.13683619e-04 1.63075891e-06
 4.45153250e-04 1.01109094e-06 1.24472928e+04 1.05246451e+04
 3.28240231e-04 1.46281562e-06 9.29960862e-04 6.38242462e-07
 1.64651059e-04 1.29902920e-06 5.95425393e-04 8.74310852e-07
 1.13956160e-04 1.64874719e-06 5.57238372e-04 1.01400721e-06
 4.74677461e-04 1.19387399e-06]",STALE
12403.0,98.42,0.00105603,-7.069850487765716,2025-0521-213145,"[1, 1, 1]","[2.71855841e-12 1.89636785e-12 1.65001930e-04 1.60648250e-06
 6.47806612e-04 1.52578645e-06 4.96692606e-04 7.40260597e-07
 9.37479877e-04 1.21535902e-06 1.13683619e-04 1.63075891e-06
 4.45153250e-04 1.01109094e-06 1.24472928e+04 1.13078803e+04
 3.07852317e-04 1.60711920e-06 9.29960862e-04 6.67365974e-07
 1.94739923e-04 1.37283732e-06 6.53707275e-04 9.33773251e-07
 1.13956160e-04 1.64874719e-06 5.94539869e-04 1.10751516e-06
 5.40033499e-04 1.00821140e-06]",STALE
9296.2,95.9157,0.00100502,-6.966130754284042,2025-0521-213205,"[1, 1, 1]","[2.71855841e-12 1.83740708e-12 1.55287515e-04 1.67175696e-06
 6.47806612e-04 1.56731750e-06 5.03804446e-04 7.14698566e-07
 9.00982735e-04 1.21535902e-06 1.13683619e-04 1.63075891e-06
 4.03073853e-04 9.96543551e-07 1.20432286e+04 9.14300088e+03
 2.89038872e-04 1.46281562e-06 9.03075868e-04 6.38242462e-07
 1.64651059e-04 1.29902920e-06 7.19366030e-04 7.24073143e-07
 1.13956160e-04 1.63589259e-06 4.54427136e-04 9.90631819e-07
 4.74677461e-04 1.19387399e-06]",STALE
15439.4,100.323,0.00112069,-7.1391449222342525,2025-0521-213205,"[1, 1, 1]","[2.60012112e-12 1.83740708e-12 1.55287515e-04 1.51911817e-06
 6.68051967e-04 1.57051473e-06 4.35517955e-04 6.95725937e-07
 9.77628460e-04 1.29095815e-06 1.13683619e-04 1.50281495e-06
 4.45153250e-04 9.26695696e-07 1.38390938e+04 1.12218475e+04
 3.30088682e-04 1.58830877e-06 8.28076045e-04 5.99867308e-07
 1.64651059e-04 1.38929198e-06 6.97987996e-04 8.74310852e-07
 3.70598785e-05 1.64874719e-06 5.57238372e-04 1.01400721e-06
 4.90684201e-04 1.19387399e-06]",STALE
16021.5,100.644,0.00116051,-7.140054287041213,2025-0521-213246,"[1, 1, 1]","[2.56231060e-12 1.78585340e-12 1.55287515e-04 1.56225264e-06
 6.68051967e-04 1.62982240e-06 4.34733716e-04 6.60564006e-07
 9.84683901e-04 1.22143307e-06 1.13683619e-04 1.56060097e-06
 4.44162739e-04 9.26695696e-07 1.41675493e+04 1.12218475e+04
 3.69987475e-04 1.58830877e-06 8.60794831e-04 6.32709426e-07
 1.64651059e-04 1.38929198e-06 6.97987996e-04 9.55499350e-07
 3.70598785e-05 1.64874719e-06 5.57238372e-04 1.05224598e-06
 4.90684201e-04 1.22196506e-06]",STALE
19509.7,102.355,0.00117069,-7.2218086826749,2025-0521-213246,"[1, 1, 1]","[2.45961885e-12 1.82763188e-12 1.32368375e-04 1.51911817e-06
 6.30352697e-04 1.60629158e-06 4.35517955e-04 6.63765287e-07
 9.73482618e-04 1.30577746e-06 1.13683619e-04 1.50281495e-06
 4.72426159e-04 9.70447866e-07 1.38390938e+04 1.12218475e+04
 3.53276196e-04 1.58830877e-06 8.38453255e-04 5.99867308e-07
 1.64651059e-04 1.31634998e-06 6.97987996e-04 8.59136830e-07
 4.62687727e-05 1.67672876e-06 5.62137529e-04 1.01400721e-06
 4.90684201e-04 1.19387785e-06]",STALE
12873.4,98.7449,0.00110904,-7.064746053552736,2025-0521-213246,"[1, 1, 1]","[2.48802357e-12 1.82772683e-12 1.36823210e-04 1.55327578e-06
 6.48123223e-04 1.56682319e-06 4.35517955e-04 6.95233548e-07
 9.77628460e-04 1.29095815e-06 1.46950518e-04 1.55586340e-06
 4.34078096e-04 8.94260508e-07 1.38390938e+04 1.20689421e+04
 3.30088682e-04 1.61449009e-06 7.99135712e-04 5.99867308e-07
 1.64651059e-04 1.38929198e-06 6.97987996e-04 8.74310852e-07
 6.97276608e-05 1.69724763e-06 5.31271765e-04 1.04910852e-06
 4.89187257e-04 1.14369107e-06]",STALE
18397.7,101.846,0.00114378,-7.206421034550305,2025-0521-213306,"[1, 1, 1]","[2.45961885e-12 1.90453134e-12 1.18165657e-04 1.54129685e-06
 5.91314025e-04 1.60629158e-06 4.51829271e-04 7.25279622e-07
 9.41188809e-04 1.33447053e-06 1.32865668e-04 1.57980525e-06
 4.55850277e-04 9.70404954e-07 1.47003096e+04 1.12218475e+04
 3.53276196e-04 1.58830877e-06 8.00697389e-04 5.99867308e-07
 1.64651059e-04 1.31634998e-06 6.61340808e-04 9.00718117e-07
 6.78120002e-05 1.67672876e-06 5.26076990e-04 1.01400721e-06
 5.09265900e-04 1.19620007e-06]",STALE
18715.7,101.994,0.00117025,-7.2039274253299395,2025-0521-213306,"[1, 1, 1]","[2.46159575e-12 1.90010623e-12 1.15942763e-04 1.52852531e-06
 6.59930713e-04 1.56288844e-06 4.35517955e-04 6.64978717e-07
 9.85001968e-04 1.28591445e-06 1.01302468e-04 1.50281495e-06
 4.72426159e-04 9.70447866e-07 1.41512653e+04 1.12218475e+04
 3.53276196e-04 1.58830877e-06 8.38453255e-04 5.67395391e-07
 1.54363344e-04 1.34957250e-06 6.44628144e-04 9.25913775e-07
 6.62133116e-05 1.67672876e-06 5.62137529e-04 1.05892915e-06
 4.90684201e-04 1.27118795e-06]",STALE
22284.4,103.509,0.00116461,-7.281820430460252,2025-0521-213306,"[1, 1, 1]","[2.45961885e-12 1.87066398e-12 1.32368375e-04 1.54988793e-06
 5.83327887e-04 1.55385358e-06 4.05951563e-04 6.63765287e-07
 9.82168019e-04 1.30577746e-06 1.13683619e-04 1.40783467e-06
 4.69498280e-04 9.70447866e-07 1.44585235e+04 1.12218475e+04
 3.52583396e-04 1.59105283e-06 8.91758105e-04 5.99867308e-07
 1.33090682e-04 1.34413897e-06 6.97987996e-04 8.59136830e-07
 4.62687727e-05 1.69330435e-06 5.65224482e-04 1.01400721e-06
 4.71613522e-04 1.19387785e-06]",STALE
23297.9,103.895,0.00115767,-7.30373199776357,2025-0521-213324,"[1, 1, 1]","[2.45012277e-12 1.80730733e-12 1.30510190e-04 1.56402387e-06
 5.98650790e-04 1.50752401e-06 4.01112115e-04 6.63765287e-07
 9.82044290e-04 1.29554937e-06 1.09268471e-04 1.40783467e-06
 4.69498280e-04 9.70447866e-07 1.44585235e+04 1.10097731e+04
 3.52583396e-04 1.62449962e-06 9.52346428e-04 6.19486230e-07
 1.37214910e-04 1.35751043e-06 6.97987996e-04 8.07826982e-07
 6.43708512e-05 1.69330435e-06 5.88776907e-04 1.01400721e-06
 4.50427447e-04 1.19387785e-06]",STALE
19481.9,102.342,0.00113669,-7.233989270477679,2025-0521-213324,"[1, 1, 1]","[2.45961885e-12 1.91096720e-12 1.34266413e-04 1.47807004e-06
 5.51788732e-04 1.57441834e-06 4.05951563e-04 6.37488894e-07
 9.49630086e-04 1.25691603e-06 9.60115008e-05 1.47717041e-06
 4.69498280e-04 1.02605774e-06 1.41308456e+04 1.12218475e+04
 3.52583396e-04 1.60851379e-06 8.54308563e-04 5.77337727e-07
 1.40853277e-04 1.26521140e-06 6.89947876e-04 8.59136830e-07
 4.62687727e-05 1.73339975e-06 5.61955102e-04 1.05366188e-06
 4.59897771e-04 1.19387785e-06]",STALE
25045.0,104.524,0.00118168,-7.326221150892889,2025-0521-213324,"[1, 1, 1]","[2.44619093e-12 1.87066398e-12 1.21299177e-04 1.53649163e-06
 6.03007735e-04 1.58218881e-06 4.30506125e-04 7.20908751e-07
 9.59686123e-04 1.30577746e-06 1.13683619e-04 1.40783467e-06
 4.69498280e-04 9.70447866e-07 1.43586348e+04 1.12218475e+04
 3.69889998e-04 1.59105283e-06 8.91758105e-04 5.65528227e-07
 1.22505521e-04 1.34413897e-06 6.97987996e-04 9.18742457e-07
 4.62687727e-05 1.73966990e-06 5.33239088e-04 9.50009865e-07
 4.72404069e-04 1.19387785e-06]",STALE
20979.5,102.985,0.00113459,-7.2669561820523265,2025-0521-213324,"[1, 1, 1]","[2.64411691e-12 1.88659502e-12 1.38917376e-04 1.54988793e-06
 5.31479823e-04 1.55385358e-06 4.12402360e-04 7.33247439e-07
 9.82168019e-04 1.30577746e-06 1.13683619e-04 1.40783467e-06
 4.41210990e-04 9.70447866e-07 1.40891767e+04 1.12218475e+04
 3.68443305e-04 1.59105283e-06 8.90392410e-04 6.18868703e-07
 1.22544555e-04 1.34413897e-06 6.84542377e-04 9.28353777e-07
 4.62687727e-05 1.69330435e-06 5.46740848e-04 1.01400721e-06
 4.71613522e-04 1.18742014e-06]",STALE
22008.6,103.402,0.00113664,-7.286969481883237,2025-0521-213324,"[1, 1, 1]","[2.60533191e-12 1.87066398e-12 1.08329005e-04 1.54988793e-06
 5.83327887e-04 1.49997635e-06 4.05951563e-04 6.79998451e-07
 9.82168019e-04 1.31042999e-06 1.01293979e-04 1.52553430e-06
 4.69498280e-04 9.70447866e-07 1.40838098e+04 1.12218475e+04
 3.40797515e-04 1.66040404e-06 8.44586597e-04 6.34015434e-07
 1.33090682e-04 1.34413897e-06 6.97987996e-04 8.59136830e-07
 4.62687727e-05 1.69330435e-06 6.07571355e-04 1.10752740e-06
 4.71613522e-04 1.21155548e-06]",STALE
23466.2,103.957,0.0011279,-7.318172171141833,2025-0521-213344,"[1, 1, 1]","[2.50735191e-12 2.00379302e-12 9.18112536e-05 1.51811959e-06
 6.03007735e-04 1.48219745e-06 4.76248579e-04 7.20908751e-07
 9.25792879e-04 1.30577746e-06 7.35448589e-05 1.45116999e-06
 4.69498280e-04 1.02104816e-06 1.43586348e+04 1.00384502e+04
 3.69889998e-04 1.74607908e-06 9.49978490e-04 5.35495266e-07
 1.22505521e-04 1.33915629e-06 6.97987996e-04 9.52370581e-07
 7.74315072e-05 1.73966990e-06 5.33239088e-04 1.08802929e-06
 4.72404069e-04 1.19387785e-06]",STALE
31670.0,106.562,0.00128362,-7.392211588181563,2025-0521-213404,"[1, 1, 1]","[2.31996879e-12 1.97019033e-12 1.21299177e-04 1.53869386e-06
 6.03007735e-04 1.66057726e-06 4.84217762e-04 6.69281023e-07
 9.59686123e-04 1.26163196e-06 1.13683619e-04 1.37672991e-06
 5.33620757e-04 1.04073839e-06 1.35681946e+04 1.06811706e+04
 4.01462343e-04 1.59105283e-06 9.45435269e-04 5.65528227e-07
 9.45162846e-05 1.39756204e-06 6.49592371e-04 9.56882628e-07
 4.62687727e-05 1.73966990e-06 6.07925288e-04 8.67409794e-07
 5.52174416e-04 1.19387785e-06]",STALE
43628.0,109.346,0.00113629,-7.584276119807945,2025-0521-213404,"[1, 1, 1]","[2.35026318e-12 1.74879106e-12 7.30451090e-05 1.51081121e-06
 6.03007735e-04 1.56192801e-06 4.30506125e-04 8.15049948e-07
 9.07539236e-04 1.37537350e-06 1.23637264e-04 1.32091717e-06
 4.62251513e-04 1.05087440e-06 1.43586348e+04 1.12218475e+04
 3.69889998e-04 1.59105283e-06 8.91758105e-04 6.47938732e-07
 8.66983508e-05 1.34413897e-06 6.97987996e-04 9.18742457e-07
 4.62687727e-05 1.76720115e-06 5.33239088e-04 9.32844291e-07
 5.35544874e-04 1.35127366e-06]",STALE
20398.1,102.742,0.00108305,-7.274941209853679,2025-0521-213404,"[1, 1, 1]","[2.41508532e-12 1.96086750e-12 1.01965997e-04 1.53649163e-06
 6.01099264e-04 1.58218881e-06 4.30506125e-04 7.20908751e-07
 8.80028292e-04 1.40736551e-06 5.52132634e-05 1.32622361e-06
 4.67698455e-04 1.03761756e-06 1.43586348e+04 9.82037454e+03
 3.26270675e-04 1.69762950e-06 9.06480192e-04 5.65528227e-07
 1.42955906e-04 1.29036048e-06 6.97987996e-04 8.68464501e-07
 1.12455603e-04 1.85403671e-06 5.29011590e-04 8.89023948e-07
 4.40986499e-04 1.11228655e-06]",STALE
35937.7,107.662,0.00113624,-7.500080204930637,2025-0521-213422,"[1, 1, 1]","[2.28973348e-12 1.57257473e-12 7.30451090e-05 1.38050464e-06
 6.03007735e-04 1.51787628e-06 4.58049023e-04 8.29337262e-07
 9.07054781e-04 1.37537350e-06 1.23637264e-04 1.27160536e-06
 4.62251513e-04 1.05087440e-06 1.59557598e+04 1.12190052e+04
 3.69889998e-04 1.59105283e-06 8.91758105e-04 7.32704923e-07
 7.58696428e-05 1.34413897e-06 6.97987996e-04 9.18742457e-07
 4.62687727e-05 1.85859900e-06 5.33239088e-04 9.32844291e-07
 5.35544874e-04 1.24434071e-06]",STALE
26803.6,105.113,0.0011341,-7.373541777733903,2025-0521-213422,"[1, 1, 1]","[2.47777119e-12 1.88783402e-12 6.90741175e-05 1.51081121e-06
 5.20024884e-04 1.56192801e-06 4.30506125e-04 7.23968314e-07
 8.13362045e-04 1.37537350e-06 8.16042582e-05 1.37982113e-06
 4.69852993e-04 1.11339833e-06 1.43586348e+04 1.05525608e+04
 3.77827273e-04 1.59105283e-06 9.75428822e-04 6.29579760e-07
 5.89092920e-05 1.34413897e-06 6.38686277e-04 9.18742457e-07
 1.26970759e-04 1.76720115e-06 5.33239088e-04 1.04573056e-06
 5.23632922e-04 1.35127366e-06]",STALE
72331.3,113.738,0.0011116,-7.813377732573876,2025-0521-213422,"[1, 1, 1]","[2.39306236e-12 1.82668726e-12 3.50836184e-05 1.39567385e-06
 6.50364768e-04 1.63386897e-06 4.30506125e-04 9.05322537e-07
 9.24626342e-04 1.40463962e-06 5.38258001e-05 1.32091717e-06
 4.62251513e-04 1.11258409e-06 1.27369208e+04 1.12218475e+04
 3.69889998e-04 1.59105283e-06 9.02412083e-04 5.88517149e-07
 1.38444174e-04 1.34413897e-06 6.97987996e-04 9.18742457e-07
 7.15934662e-05 1.76720115e-06 6.02077928e-04 1.03320462e-06
 5.35544874e-04 1.40257500e-06]",./circuit_database/AZC/result_folder/2025-0521-213422
82242.7,114.853,0.00112166,-7.865236127038467,2025-0521-213454,"[1, 1, 1]","[2.39306236e-12 2.01409434e-12 3.50836184e-05 1.43518202e-06
 6.50364768e-04 1.66133463e-06 4.30506125e-04 9.05322537e-07
 9.24626342e-04 1.46125481e-06 5.38258001e-05 1.32091717e-06
 4.62251513e-04 1.11258409e-06 1.27369208e+04 1.11534996e+04
 3.81073774e-04 1.59105283e-06 9.02412083e-04 5.88517149e-07
 1.85977565e-04 1.34413897e-06 6.41554159e-04 8.86521189e-07
 6.77852655e-05 1.81580644e-06 6.02077928e-04 1.03320462e-06
 5.42057002e-04 1.43290293e-06]",./circuit_database/AZC/result_folder/2025-0521-213454
33745.9,107.115,0.00108572,-7.492503177204168,2025-0521-213454,"[1, 1, 1]","[2.29790993e-12 1.91726277e-12 5.82693898e-05 1.35091748e-06
 6.50364768e-04 1.65089183e-06 4.30506125e-04 1.02121720e-06
 8.44271005e-04 1.40463962e-06 8.93080116e-05 1.54744262e-06
 4.48197317e-04 1.05179823e-06 1.27369208e+04 1.12218475e+04
 3.42286979e-04 1.59105283e-06 8.62985257e-04 5.84298613e-07
 9.26385076e-05 1.34413897e-06 6.57579615e-04 1.04435052e-06
 8.17825364e-05 1.85161463e-06 5.82690237e-04 1.19664448e-06
 4.79116401e-04 1.43255799e-06]",STALE
106368.0,116.461,0.00340805,-2.5075421061753107,2025-0521-214135,"[1, 0, -1]","[1.85804012e-12 1.00339436e-12 2.81560312e-04 1.86967204e-06
 7.94547368e-04 1.20146690e-06 6.90838321e-04 1.44770457e-06
 9.01352694e-05 1.83854973e-06 5.48251742e-06 1.37138796e-06
 9.83709624e-04 8.89184213e-07 9.29631741e+03 5.76336114e+03
 7.99644154e-04 7.02464223e-07 1.14453736e-05 1.41326222e-06
 7.59965677e-04 8.16918512e-07 4.88365447e-04 7.87644149e-07
 7.46730171e-04 1.89824236e-06 4.29823116e-04 1.86043455e-06
 8.78102648e-05 1.08149209e-06]",STALE
108141.0,113.965,0.00276656,-2.592776092153271,2025-0521-214147,"[1, 0, -1]","[5.12434835e-13 1.00339436e-12 6.29517831e-04 1.86967204e-06
 7.94547368e-04 8.62993895e-07 6.00349954e-04 1.99893653e-06
 9.01352694e-05 1.83854973e-06 5.48251742e-06 9.51479569e-07
 9.83709624e-04 9.16644377e-07 1.23195698e+04 5.76336114e+03
 7.99644154e-04 7.02464223e-07 2.86357792e-05 1.41326222e-06
 7.59965677e-04 1.48100137e-06 3.26369013e-04 7.87644149e-07
 7.46730171e-04 1.67469318e-06 2.17996329e-04 1.63424996e-06
 4.66755763e-05 1.08149209e-06]",STALE
110827.0,117.254,0.00266371,-2.523990676452987,2025-0521-214147,"[1, 0, -1]","[1.85804012e-12 1.00339436e-12 2.81560312e-04 1.86967204e-06
 6.15527818e-04 1.20146690e-06 6.64224510e-04 1.93792175e-06
 9.01352694e-05 1.83854973e-06 5.48251742e-06 1.23443067e-06
 9.83709624e-04 8.89184213e-07 9.29631741e+03 5.11675293e+03
 8.25314328e-04 1.58914507e-06 1.14453736e-05 1.41326222e-06
 5.61664268e-04 8.16918512e-07 4.98578962e-04 6.62968491e-07
 8.71441939e-04 1.89824236e-06 8.01730062e-04 1.56377296e-06
 8.78102648e-05 1.08149209e-06]",./circuit_database/AZC/result_folder/2025-0521-214147
89032.8,113.518,0.00257284,-2.524830574995965,2025-0521-214246,"[1, 0, -1]","[1.62732455e-12 1.05428003e-12 4.49788277e-04 1.86967204e-06
 7.94547368e-04 8.19654640e-07 4.79086529e-04 1.32604510e-06
 2.21247320e-04 1.69636965e-06 5.48251742e-06 1.66123378e-06
 7.88772518e-04 5.85437488e-07 1.23195698e+04 5.76336114e+03
 5.15018145e-04 1.20235731e-06 2.86357792e-05 1.41326222e-06
 7.59965677e-04 1.68143707e-06 3.26369013e-04 1.32484150e-06
 9.41400237e-04 1.67469318e-06 2.17996329e-04 1.63424996e-06
 4.66755763e-05 1.08149209e-06]",STALE
141379.0,113.62,0.00301462,-2.7114176832706454,2025-0521-214258,"[1, 0, -1]","[9.75487393e-13 1.29422549e-12 5.24103591e-04 1.86967204e-06
 7.29897837e-04 7.14190493e-07 6.00349954e-04 1.99893653e-06
 7.54078472e-05 1.26948260e-06 5.48251742e-06 1.16010644e-06
 9.83709624e-04 8.82729804e-07 5.63637434e+03 5.76336114e+03
 7.66064293e-04 7.02464223e-07 5.46619684e-05 1.27703711e-06
 7.59965677e-04 1.48100137e-06 4.54684965e-04 7.87644149e-07
 5.72753433e-04 1.67469318e-06 3.54011238e-04 1.63424996e-06
 4.66755763e-05 1.54837510e-06]",STALE
128290.0,114.627,0.00299162,-2.6446232559702008,2025-0521-214329,"[1, 0, -1]","[7.82978560e-13 1.43921898e-12 2.80028183e-04 1.62024851e-06
 8.12787274e-04 7.14190493e-07 1.28074961e-04 1.48571922e-06
 1.63184925e-04 1.26948260e-06 6.40437513e-06 1.77890506e-06
 9.19899761e-04 8.82729804e-07 1.42832825e+04 5.76336114e+03
 7.32660724e-04 7.02464223e-07 4.53954907e-05 1.27703711e-06
 7.59965677e-04 1.48100137e-06 4.54684965e-04 7.87644149e-07
 4.85074157e-04 1.67469318e-06 3.54011238e-04 1.71980217e-06
 4.66755763e-05 1.16553952e-06]",STALE
1261.74,78.5714,0.00079031,-1.6283550180783077,2025-0521-214329,"[1, 0, -1]","[1.88958674e-12 1.40841636e-12 2.06752820e-04 1.52163099e-06
 8.68081392e-04 1.58265515e-06 6.74099550e-04 1.05457817e-06
 4.13335069e-04 1.67959093e-06 4.39470612e-04 9.23183223e-07
 3.39013049e-05 5.14747365e-07 1.05743277e+04 4.65545903e+03
 4.82428875e-04 1.22233901e-06 7.78433832e-04 7.83576111e-07
 3.32861905e-04 1.45566042e-06 8.43471223e-04 1.72440058e-06
 2.98059687e-04 8.29134123e-07 2.13091492e-04 1.31308010e-06
 2.33318599e-05 1.03913402e-06]",STALE
147470.0,113.655,0.00317803,-2.724893645327294,2025-0521-214342,"[1, 0, -1]","[9.75487393e-13 1.79486262e-12 6.25418194e-04 1.55356822e-06
 7.29897837e-04 7.90874701e-07 2.53048471e-04 1.99893653e-06
 7.54078472e-05 9.99957412e-07 5.48251742e-06 1.67419010e-06
 8.85790636e-04 8.41549435e-07 6.58346743e+03 5.76336114e+03
 4.37108584e-04 7.14631176e-07 5.16492451e-05 1.27703711e-06
 7.59965677e-04 1.58390389e-06 4.54684965e-04 7.87644149e-07
 3.89178663e-04 1.64204343e-06 2.16420526e-04 1.63424996e-06
 1.51310097e-04 1.54837510e-06]",STALE
123768.0,114.288,0.00190668,-2.669932917599568,2025-0521-214342,"[1, 0, -1]","[2.50217798e-12 1.37968750e-12 8.94039966e-04 1.46155970e-06
 7.57188665e-04 7.14190493e-07 1.15331891e-04 1.99893653e-06
 7.54078472e-05 1.61520207e-06 8.05551916e-06 1.16010644e-06
 6.24030306e-04 8.82729804e-07 5.85252216e+03 5.76336114e+03
 8.26681952e-04 7.02464223e-07 4.93962722e-05 1.27703711e-06
 5.17529024e-04 1.48100137e-06 4.54684965e-04 7.87644149e-07
 4.55989767e-04 1.67469318e-06 2.39313970e-04 1.64058338e-06
 4.66755763e-05 1.49844676e-06]",./circuit_database/AZC/result_folder/2025-0521-214342
18521.7,101.895,0.000573154,-2.2310825078193783,2025-0521-214407,"[1, 0, -1]","[9.75487393e-13 1.61532918e-12 4.26404777e-04 1.37753746e-06
 6.99415033e-04 7.90874701e-07 4.98736608e-04 1.65906867e-06
 7.54078472e-05 9.99957412e-07 6.58521176e-06 1.18866767e-06
 1.50834182e-04 8.41549435e-07 1.11489365e+04 1.06744279e+04
 4.37108584e-04 8.82541422e-07 4.98140815e-05 1.57554694e-06
 3.37202425e-04 1.38768567e-06 5.26577044e-04 7.87644149e-07
 5.05003587e-04 1.64204343e-06 1.73473952e-04 1.87722171e-06
 1.05087733e-04 8.76200512e-07]",STALE
117292.0,115.594,0.0027844,-2.586854911681847,2025-0521-214407,"[1, 0, -1]","[1.72408010e-12 1.79486262e-12 6.25418194e-04 1.87243404e-06
 8.65343641e-04 7.59255701e-07 2.53048471e-04 1.85519848e-06
 7.21684877e-04 1.20740111e-06 5.48251742e-06 1.89624670e-06
 8.85790636e-04 8.41549435e-07 2.73884940e+03 5.76336114e+03
 5.54969941e-04 8.03138862e-07 5.16492451e-05 1.49601583e-06
 5.69771403e-04 1.58390389e-06 4.90366977e-04 9.89635516e-07
 3.89178663e-04 1.69433862e-06 4.38766981e-04 1.63424996e-06
 1.71841958e-04 1.54837510e-06]",STALE
20365.8,102.712,0.000930489,-2.2227287831784444,2025-0521-214407,"[1, 0, -1]","[1.79604772e-12 1.79486262e-12 1.39578710e-04 1.55356822e-06
 7.29897837e-04 6.10557592e-07 2.53048471e-04 1.49240537e-06
 5.44743889e-04 1.03606035e-06 5.11347560e-06 1.48559836e-06
 4.55797667e-04 1.47047114e-06 1.20154062e+04 1.02559408e+04
 6.46702451e-04 7.33366511e-07 4.31373886e-05 1.55038112e-06
 2.78968624e-04 1.58390389e-06 4.54684965e-04 9.17934366e-07
 6.59905159e-04 1.70630060e-06 2.16420526e-04 1.63424996e-06
 1.51310097e-04 1.54837510e-06]",STALE
159257.0,116.375,0.00247095,-2.708887224060093,2025-0521-214430,"[1, 0, -1]","[1.54841011e-12 2.92019441e-12 6.25418194e-04 1.62559953e-06
 7.29897837e-04 7.20923457e-07 2.53048471e-04 1.56074539e-06
 3.82518078e-04 1.06884043e-06 5.48251742e-06 1.67419010e-06
 7.73756483e-04 9.46073045e-07 6.58346743e+03 1.15535233e+04
 4.37108584e-04 6.75816169e-07 4.98112212e-05 1.27703711e-06
 7.59965677e-04 1.52034681e-06 4.54684965e-04 7.80679881e-07
 3.89178663e-04 1.55384145e-06 2.19150067e-04 1.56237397e-06
 1.51310097e-04 1.54837510e-06]",./circuit_database/AZC/result_folder/2025-0521-214430
103958.0,115.464,0.00171543,-2.5720515220220093,2025-0521-214441,"[1, 0, -1]","[1.48835008e-12 1.79486262e-12 9.25543123e-04 1.83896373e-06
 8.51281492e-04 6.90360157e-07 6.42692960e-04 1.73108465e-06
 2.98720993e-04 1.21870884e-06 4.51116911e-06 1.67419010e-06
 6.98349047e-04 1.24510461e-06 1.11595800e+04 1.38891859e+04
 5.90176054e-04 7.14631176e-07 5.80267406e-05 1.28410091e-06
 6.82753167e-04 1.36741903e-06 4.21052180e-04 7.87644149e-07
 5.21746024e-04 1.67422223e-06 2.54822113e-04 1.71564015e-06
 1.51310097e-04 1.54837510e-06]",STALE
105865.0,115.569,0.00138317,-2.591760459648622,2025-0521-214453,"[1, 0, -1]","[9.75487393e-13 1.79486262e-12 9.39283080e-04 1.55356822e-06
 7.88777296e-04 5.73776498e-07 2.53048471e-04 1.99893653e-06
 7.54078472e-05 9.99957412e-07 6.62014693e-06 1.97894467e-06
 4.87699825e-04 1.07788145e-06 1.29347597e+04 1.61010739e+04
 8.86866067e-04 5.27404501e-07 4.70324191e-05 1.27703711e-06
 7.10579952e-04 1.58390389e-06 4.55511793e-04 9.17946215e-07
 3.89178663e-04 1.64204343e-06 1.90698895e-04 1.63424996e-06
 1.51310097e-04 1.87207300e-06]",./circuit_database/AZC/result_folder/2025-0521-214453
123116.0,115.851,0.00170029,-2.6364372596309615,2025-0521-214453,"[1, 0, -1]","[1.29707215e-12 1.77824396e-12 8.44594051e-04 9.01534449e-07
 7.29897837e-04 7.90874701e-07 8.58811418e-06 1.58897066e-06
 7.54078472e-05 1.12034353e-06 5.48251742e-06 1.99082157e-06
 6.19709854e-04 8.55012502e-07 6.58033493e+03 1.51830902e+04
 4.37108584e-04 7.44440353e-07 5.16492451e-05 1.17866690e-06
 7.59965677e-04 1.58390389e-06 4.54684965e-04 7.87644149e-07
 5.55041961e-04 1.64204343e-06 3.11395962e-04 1.72447508e-06
 1.51310097e-04 1.41469225e-06]",./circuit_database/AZC/result_folder/2025-0521-214453
127415.0,116.589,0.0021929,-2.6152108207784397,2025-0521-214504,"[1, 0, -1]","[9.75487393e-13 1.62601448e-12 6.25418194e-04 1.55356822e-06
 7.17771719e-04 7.90874701e-07 2.53048471e-04 1.99893653e-06
 1.57899752e-04 8.07027176e-07 5.10432155e-06 1.67419010e-06
 7.30348107e-04 8.41549435e-07 6.58346743e+03 5.76336114e+03
 4.37108584e-04 8.23292648e-07 4.95083716e-05 1.28090394e-06
 6.91413984e-04 1.70710003e-06 4.54684965e-04 8.72534845e-07
 5.95587155e-04 1.61814619e-06 2.58796847e-04 1.61546706e-06
 1.60910412e-04 1.22831661e-06]",./circuit_database/AZC/result_folder/2025-0521-214504
184728.0,114.345,0.00343214,-2.7996250972210825,2025-0521-214527,"[1, 0, -1]","[1.40083055e-12 1.61419595e-12 7.10261724e-04 1.60496202e-06
 7.11325081e-04 7.16295501e-07 3.05304701e-04 1.69219321e-06
 1.07350610e-04 1.28362109e-06 4.81104560e-06 1.71995724e-06
 8.81984142e-04 8.00980215e-07 8.65487113e+03 5.43884872e+03
 6.48520391e-04 1.05138318e-06 5.16492451e-05 1.27703711e-06
 8.04164360e-04 1.56436571e-06 3.38852019e-04 7.29776056e-07
 3.89178663e-04 1.65500658e-06 1.73535449e-04 1.63424996e-06
 2.88477647e-04 1.32004286e-06]",STALE
216562.0,110.272,0.00442134,-2.9506710037819603,2025-0521-214540,"[1, 0, -1]","[1.66355303e-12 1.52273049e-12 9.06841912e-04 1.60496202e-06
 7.68711673e-04 7.48363483e-07 3.64681797e-04 1.79878047e-06
 2.35512692e-04 1.47985857e-06 5.79648264e-06 1.71995724e-06
 9.00138772e-04 8.00980215e-07 7.11914744e+03 5.43884872e+03
 4.48502537e-04 1.05138318e-06 5.16351333e-05 1.27703711e-06
 6.94199133e-04 1.56436571e-06 3.41614652e-04 9.23475004e-07
 1.90561965e-04 1.48779147e-06 1.73535449e-04 1.63424996e-06
 2.88477647e-04 1.60211653e-06]",STALE
189675.0,117.684,0.00309991,-2.7353503250825675,2025-0521-214540,"[1, 0, -1]","[1.40083055e-12 1.61419595e-12 7.67633645e-04 1.75362222e-06
 7.79620399e-04 6.73400576e-07 3.05304701e-04 1.89478219e-06
 1.07350610e-04 1.61126732e-06 6.35330329e-06 1.63025297e-06
 9.55067263e-04 8.00980215e-07 8.65487113e+03 5.43884872e+03
 7.82214064e-04 1.05138318e-06 4.70848720e-05 1.35214389e-06
 8.04164360e-04 1.56436571e-06 3.38852019e-04 5.24830222e-07
 5.80386778e-04 1.65500658e-06 2.35705523e-04 1.63424996e-06
 4.11144350e-04 9.93361130e-07]",./circuit_database/AZC/result_folder/2025-0521-214540
207085.0,113.619,0.00333996,-2.8694696627442955,2025-0521-214602,"[1, 0, -1]","[1.66355303e-12 1.53341131e-12 9.33714151e-04 1.60496202e-06
 7.17656074e-04 8.20569999e-07 6.47132657e-05 1.79878047e-06
 3.50909098e-04 1.18691574e-06 5.03812418e-06 1.52583300e-06
 7.38410303e-04 8.65329532e-07 8.02209647e+03 4.76313247e+03
 7.05707225e-04 1.05138318e-06 4.76881679e-05 1.33328403e-06
 6.07776636e-04 1.56436571e-06 3.67588729e-04 9.23475004e-07
 1.90561965e-04 1.51879231e-06 1.73535449e-04 1.56242301e-06
 2.88477647e-04 1.60211653e-06]",./circuit_database/AZC/result_folder/2025-0521-214602
251942.0,110.798,0.00417483,-3.007810948722796,2025-0521-214624,"[1, 0, -1]","[1.87245072e-12 1.67914079e-12 9.06841912e-04 1.54540692e-06
 7.93502557e-04 7.93142706e-07 3.64681797e-04 1.79878047e-06
 2.73834781e-04 1.47136460e-06 5.95639821e-06 1.61830477e-06
 9.00138772e-04 8.34322373e-07 7.04557065e+03 3.70064805e+03
 3.46574301e-04 9.10886094e-07 4.84570077e-05 1.22798571e-06
 5.87219514e-04 1.62438741e-06 2.84645325e-04 9.48839096e-07
 1.73902647e-04 1.44919940e-06 1.73535449e-04 1.66017277e-06
 2.81468257e-04 1.68998353e-06]",./circuit_database/AZC/result_folder/2025-0521-214624
267954.0,111.389,0.00462226,-3.011649214688376,2025-0521-214624,"[1, 0, -1]","[1.93029498e-12 1.63648860e-12 9.06841912e-04 1.55266405e-06
 7.86807294e-04 6.92622041e-07 3.96323087e-04 1.97823522e-06
 3.70351447e-04 1.68250725e-06 6.31816608e-06 1.80702269e-06
 8.75330687e-04 8.00980215e-07 7.15045589e+03 5.43884872e+03
 4.48502537e-04 1.05521060e-06 5.09859886e-05 1.22437344e-06
 7.58268446e-04 1.49763362e-06 3.41614652e-04 9.23475004e-07
 1.90561965e-04 1.46682925e-06 1.67298161e-04 1.63424996e-06
 3.00986095e-04 1.60211653e-06]",./circuit_database/AZC/result_folder/2025-0521-214624
212836.0,111.982,0.00425591,-2.9034280278713984,2025-0521-214636,"[1, 0, -1]","[1.84539785e-12 1.71351740e-12 9.64256414e-04 1.66270696e-06
 7.86807294e-04 6.92622041e-07 3.96323087e-04 1.90270467e-06
 3.07547777e-04 1.84530208e-06 6.31816608e-06 1.81756235e-06
 8.19455618e-04 6.84999408e-07 7.15045589e+03 3.26927255e+03
 4.48502537e-04 1.01931307e-06 5.09859886e-05 1.31593296e-06
 7.35652240e-04 1.56549351e-06 3.41614652e-04 8.78048809e-07
 2.27779348e-04 1.44792696e-06 1.67298161e-04 1.61254989e-06
 3.07287022e-04 1.60211653e-06]",STALE
240442.0,113.221,0.00428334,-2.9249069088338198,2025-0521-214636,"[1, 0, -1]","[1.93029498e-12 1.47224261e-12 9.06841912e-04 1.59108971e-06
 7.86807294e-04 6.92622041e-07 3.45228727e-04 1.94559914e-06
 3.09766261e-04 1.74244877e-06 5.90513336e-06 1.89888477e-06
 7.64920464e-04 8.00980215e-07 7.15045589e+03 3.61776107e+03
 5.38606602e-04 1.02422012e-06 4.91793457e-05 1.24631696e-06
 7.47622183e-04 1.44382691e-06 3.61017608e-04 8.82329621e-07
 1.90561965e-04 1.49725226e-06 1.91790931e-04 1.66181672e-06
 2.93540027e-04 1.67145582e-06]",./circuit_database/AZC/result_folder/2025-0521-214636
251404.0,112.752,0.00415455,-2.9584183942653772,2025-0521-214636,"[1, 0, -1]","[2.13845748e-12 1.63648860e-12 9.32798622e-04 1.59516720e-06
 7.94554869e-04 7.22311054e-07 2.90716965e-04 1.97823522e-06
 3.70351447e-04 1.82484903e-06 6.31816608e-06 1.89402754e-06
 8.55490781e-04 8.00980215e-07 6.91515158e+03 5.43884872e+03
 5.10503519e-04 1.03852356e-06 5.13910803e-05 1.30706930e-06
 7.42781382e-04 1.49763362e-06 3.36623982e-04 8.82253060e-07
 2.19930327e-04 1.49446649e-06 1.73183074e-04 1.62569052e-06
 3.13532045e-04 1.71583727e-06]",./circuit_database/AZC/result_folder/2025-0521-214636
282474.0,111.825,0.0051751,-3.0144451422371974,2025-0521-214647,"[1, 0, -1]","[2.11037942e-12 1.62587109e-12 9.48262961e-04 1.45352422e-06
 7.85134671e-04 6.79744412e-07 3.58860815e-04 1.74846332e-06
 4.58004458e-04 1.57958225e-06 6.62473400e-06 1.89174637e-06
 8.38889991e-04 6.46656631e-07 7.01032295e+03 2.81609500e+03
 4.46477710e-04 1.03558069e-06 4.86819440e-05 1.27767745e-06
 7.89459638e-04 1.49968565e-06 3.11227793e-04 8.33105658e-07
 1.90316816e-04 1.43201051e-06 2.07837227e-04 1.66348301e-06
 2.88037489e-04 1.56028892e-06]",./circuit_database/AZC/result_folder/2025-0521-214647
236649.0,111.935,0.00403836,-2.9548166234170745,2025-0521-214647,"[1, 0, -1]","[2.18635437e-12 1.46719894e-12 8.86152249e-04 1.42296482e-06
 7.59468993e-04 6.93018226e-07 3.68569431e-04 1.86673096e-06
 3.98023970e-04 1.69971743e-06 5.67150871e-06 1.84317846e-06
 8.38353727e-04 6.93302499e-07 6.95087848e+03 6.60821046e+03
 6.56583932e-04 1.03558069e-06 4.83898923e-05 1.22437344e-06
 6.35013697e-04 1.44744993e-06 2.81333042e-04 8.37186727e-07
 2.16433040e-04 1.48768922e-06 1.89897926e-04 1.63593894e-06
 3.16576435e-04 1.70005227e-06]",./circuit_database/AZC/result_folder/2025-0521-214647
303979.0,111.057,0.00492881,-3.069514727987239,2025-0521-214659,"[1, 0, -1]","[1.80307550e-12 1.63648860e-12 9.80396989e-04 1.47513782e-06
 7.79629373e-04 6.86621079e-07 3.11387597e-04 1.70386888e-06
 4.38908203e-04 1.78727357e-06 6.31816608e-06 1.90225267e-06
 8.47485742e-04 7.59278474e-07 7.00085663e+03 5.50828970e+03
 5.33582275e-04 1.03558069e-06 5.11543735e-05 1.21174964e-06
 7.35640952e-04 1.49968565e-06 3.17912176e-04 9.31709324e-07
 1.59692354e-04 1.46232749e-06 1.98834843e-04 1.64143826e-06
 2.96445626e-04 1.58013013e-06]",STALE
222494.0,113.963,0.00349163,-2.888643472843741,2025-0521-214710,"[1, 0, -1]","[1.57763618e-12 1.69325723e-12 9.80396989e-04 1.45338350e-06
 7.94180270e-04 6.86621079e-07 1.99508264e-04 1.59681323e-06
 4.38908203e-04 1.78806547e-06 6.31816608e-06 1.98666784e-06
 8.47485742e-04 8.38154992e-07 7.00085663e+03 5.50828970e+03
 4.44740592e-04 1.03558069e-06 4.99671608e-05 1.21796100e-06
 6.97017813e-04 1.57213518e-06 3.36809641e-04 8.92919475e-07
 2.51535154e-04 1.46249429e-06 1.96329108e-04 1.67927044e-06
 3.09282820e-04 1.44324611e-06]",./circuit_database/AZC/result_folder/2025-0521-214710
312514.0,110.8,0.00511146,-3.08498081688931,2025-0521-214722,"[1, 0, -1]","[1.68137036e-12 1.63648860e-12 9.76867040e-04 1.40197539e-06
 8.54771436e-04 7.89908108e-07 2.56327560e-04 1.74298904e-06
 4.38908203e-04 1.82941147e-06 6.31816608e-06 1.93770198e-06
 8.47485742e-04 7.73535144e-07 6.53708039e+03 7.91564349e+03
 5.17040705e-04 1.03194799e-06 5.11543735e-05 1.21174964e-06
 7.35640952e-04 1.48835941e-06 3.17912176e-04 9.04729903e-07
 1.42263950e-04 1.48132331e-06 2.18799508e-04 1.58778864e-06
 2.96445626e-04 1.58013013e-06]",STALE
330592.0,111.213,0.00484888,-3.1033979849547215,2025-0521-214733,"[1, 0, -1]","[1.62364694e-12 1.78863041e-12 9.87630839e-04 1.43577163e-06
 8.45038847e-04 8.77204156e-07 2.83733945e-04 1.80879381e-06
 4.82770757e-04 1.78727357e-06 6.31816608e-06 1.93243493e-06
 8.68964729e-04 6.54699094e-07 7.05500379e+03 9.16090806e+03
 4.70348422e-04 1.02886336e-06 4.96943401e-05 1.10561576e-06
 6.65605482e-04 1.45298831e-06 3.14317162e-04 8.97241884e-07
 1.63179703e-04 1.44842555e-06 2.49042334e-04 1.64143826e-06
 3.04534057e-04 1.82388864e-06]",./circuit_database/AZC/result_folder/2025-0521-214733
372856.0,110.495,0.00531815,-3.1660023186638755,2025-0521-214806,"[1, 0, -1]","[2.03541107e-12 1.82954748e-12 9.43266036e-04 1.46850588e-06
 8.18678124e-04 7.37444665e-07 3.26964557e-04 1.83892744e-06
 4.80502750e-04 1.53958490e-06 6.96418280e-06 1.69795426e-06
 9.13065054e-04 6.55312206e-07 7.46118447e+03 2.88843866e+03
 5.02726882e-04 9.65929340e-07 5.65528603e-05 1.14163004e-06
 6.44775061e-04 1.55098838e-06 3.32421704e-04 9.96762477e-07
 1.67237870e-04 1.46233711e-06 2.24083700e-04 1.64284181e-06
 3.44649642e-04 1.71443541e-06]",./circuit_database/AZC/result_folder/2025-0521-214806
566169.0,110.447,0.00812816,-3.3119189841187153,2025-0521-214828,"[1, 0, -1]","[1.81595887e-12 1.63399489e-12 8.81814751e-04 1.67835755e-06
 6.24944298e-04 9.01369950e-07 4.61007438e-05 1.79733645e-06
 3.79100329e-04 1.46855970e-06 5.62351064e-06 1.72589348e-06
 9.27687725e-04 5.62003158e-07 6.01063589e+03 5.53723073e+03
 5.09497040e-04 1.01168829e-06 4.85478372e-05 1.19112310e-06
 6.33176441e-04 9.17603477e-07 3.62088253e-04 9.29664351e-07
 1.38835011e-04 1.45130539e-06 3.30116477e-04 1.63732723e-06
 2.65515269e-04 1.69837484e-06]",./circuit_database/AZC/result_folder/2025-0521-214828
508749.0,108.781,0.00636599,-3.328637413694357,2025-0521-214828,"[1, 0, -1]","[1.69322196e-12 1.56838502e-12 9.22693003e-04 1.57313377e-06
 7.60205089e-04 9.85819365e-07 4.31972536e-04 1.60046364e-06
 3.63982007e-04 1.63993298e-06 9.00965297e-06 1.72514360e-06
 9.34769503e-04 5.47634658e-07 4.78173666e+03 5.53723073e+03
 5.60310235e-04 9.63358560e-07 4.40348170e-05 1.03310639e-06
 6.11723485e-04 1.39248022e-06 3.36457205e-04 9.29664351e-07
 1.38835011e-04 1.45130539e-06 2.43551694e-04 1.64356264e-06
 2.21746301e-04 1.84756720e-06]",./circuit_database/AZC/result_folder/2025-0521-214828
528701.0,109.186,0.00642635,-3.334407739882614,2025-0521-214913,"[1, 0, -1]","[1.84581689e-12 1.62474753e-12 9.22693003e-04 1.65800458e-06
 7.60205089e-04 9.37418331e-07 4.31972536e-04 1.53932082e-06
 3.20163579e-04 1.51207033e-06 9.00965297e-06 1.77492477e-06
 9.79189312e-04 5.47634658e-07 5.44615598e+03 7.15306152e+03
 5.60310235e-04 9.63358560e-07 4.40348170e-05 1.05265340e-06
 5.76989959e-04 1.29908217e-06 3.20128505e-04 9.46323144e-07
 1.55705090e-04 1.56500512e-06 2.55177091e-04 1.64356264e-06
 2.33233293e-04 1.82124504e-06]",./circuit_database/AZC/result_folder/2025-0521-214913
602913.0,104.561,0.00799597,-3.4878547618049485,2025-0521-214955,"[1, 0, -1]","[1.68451708e-12 1.69677430e-12 9.72091275e-04 1.69213901e-06
 7.02807067e-04 8.83925601e-07 4.75649517e-04 1.56941843e-06
 3.91039118e-04 1.49479319e-06 1.18670461e-05 1.45754959e-06
 9.17761222e-04 5.43392852e-07 4.28195477e+03 7.00398728e+03
 4.67156001e-04 9.20582380e-07 4.40348170e-05 1.06269538e-06
 6.09224040e-04 1.42068444e-06 3.30350861e-04 9.19056996e-07
 1.05454203e-04 1.58345623e-06 1.83023841e-04 1.63925364e-06
 2.83603971e-04 1.73566906e-06]",./circuit_database/AZC/result_folder/2025-0521-214955
531283.0,108.199,0.00709995,-3.3525357400176934,2025-0521-214955,"[1, 0, -1]","[1.75048601e-12 1.63831842e-12 8.68584008e-04 1.60019615e-06
 6.94466261e-04 9.93132549e-07 4.96620706e-04 1.56941843e-06
 3.38439904e-04 1.44404757e-06 9.00965297e-06 1.80600966e-06
 8.03725946e-04 5.14211005e-07 4.70500933e+03 3.32630678e+03
 4.13538173e-04 9.54313490e-07 4.57293832e-05 1.15390239e-06
 6.09224040e-04 1.41817720e-06 3.38162478e-04 9.17339614e-07
 1.05859685e-04 1.56500512e-06 2.60813349e-04 1.61640086e-06
 2.62827933e-04 1.66540823e-06]",./circuit_database/AZC/result_folder/2025-0521-214955
780701.0,97.527,0.0134354,-3.7265574380475943,2025-0521-215015,"[1, 0, -1]","[1.68451708e-12 1.69677430e-12 9.34732068e-04 1.49353744e-06
 7.07548198e-04 8.57034656e-07 4.44515202e-04 1.58744158e-06
 5.02655149e-04 1.42987333e-06 1.18670461e-05 7.68608507e-07
 9.17761222e-04 5.33731343e-07 3.53851659e+03 5.04306055e+03
 5.19788615e-04 8.82447326e-07 4.76699487e-05 1.13794770e-06
 6.56285130e-04 1.52607739e-06 3.40871720e-04 9.24361613e-07
 5.51560146e-05 1.61813915e-06 2.55342173e-04 1.60300929e-06
 2.59468050e-04 1.56597016e-06]",STALE
702510.0,94.2149,0.012802,-3.7683668814711435,2025-0521-215015,"[1, 0, -1]","[1.66129253e-12 1.69677430e-12 8.94245703e-04 1.75331666e-06
 7.02807067e-04 9.55604976e-07 2.23240753e-04 1.55564299e-06
 5.02655149e-04 1.49479319e-06 1.18670461e-05 7.86986911e-07
 9.17761222e-04 5.51347059e-07 5.38898538e+03 6.19053260e+03
 4.49635410e-04 8.78050034e-07 5.12399125e-05 9.48264294e-07
 6.07340486e-04 1.70099603e-06 3.40871720e-04 1.00344888e-06
 5.37566072e-05 1.73070253e-06 1.79207863e-04 1.60001078e-06
 2.83603971e-04 1.64506641e-06]",STALE
658055.0,95.9505,0.0118343,-3.704349274286841,2025-0521-215026,"[1, 0, -1]","[1.39992205e-12 1.69677430e-12 8.82645994e-04 1.79291430e-06
 6.67685842e-04 9.55604976e-07 3.26495706e-04 1.60378061e-06
 6.36440658e-04 1.53524228e-06 1.18670461e-05 7.86986911e-07
 9.18593135e-04 5.94162145e-07 5.38898538e+03 6.19053260e+03
 5.77777024e-04 8.63883382e-07 5.11225224e-05 1.05457577e-06
 5.82079957e-04 1.68443522e-06 3.41909662e-04 8.59594871e-07
 5.37566072e-05 1.73070253e-06 2.10376420e-04 1.63815500e-06
 2.83603971e-04 1.64506641e-06]",STALE
652226.0,93.1789,0.0103222,-3.7829546482395413,2025-0521-215026,"[1, 0, -1]","[2.12270642e-12 1.81025784e-12 8.94245703e-04 1.65711295e-06
 7.02807067e-04 1.00914757e-06 3.97836781e-04 1.55564299e-06
 4.63088804e-04 1.43522096e-06 1.30650858e-05 8.60876499e-07
 9.75026994e-04 5.51347059e-07 3.75193651e+03 6.24649154e+03
 4.90642918e-04 8.78050034e-07 6.61407816e-05 9.48264294e-07
 5.48176964e-04 1.89537101e-06 3.40871720e-04 1.00344888e-06
 6.44152141e-05 1.75661819e-06 1.40228947e-04 1.60001078e-06
 3.10021025e-04 1.61976506e-06]",STALE
2147860.0,95.1599,0.018023,-4.194598008817563,2025-0521-215026,"[1, 0, -1]","[1.75640470e-12 1.69677430e-12 8.67854880e-04 1.86973109e-06
 6.53100269e-04 9.55604976e-07 2.23240753e-04 1.55564299e-06
 5.02655149e-04 1.61429927e-06 2.21198051e-05 5.31152235e-07
 9.17761222e-04 5.87388278e-07 6.38231514e+03 3.58891157e+03
 3.16038032e-04 8.58739353e-07 3.84745630e-05 9.48264294e-07
 6.11904400e-04 1.60916256e-06 3.33813220e-04 1.05545640e-06
 3.89364993e-05 1.78946016e-06 1.79207863e-04 1.59781217e-06
 2.83603971e-04 1.64506641e-06]",./circuit_database/AZC/result_folder/2025-0521-215026
787724.0,91.0043,0.0131243,-3.895868623952304,2025-0521-215036,"[1, 0, -1]","[1.75640470e-12 1.87371494e-12 8.67854880e-04 1.68777373e-06
 9.39185146e-04 9.93556575e-07 1.12818933e-04 1.71437218e-06
 5.02655149e-04 1.61429927e-06 2.21198051e-05 5.31152235e-07
 9.17761222e-04 7.25013475e-07 6.38231514e+03 1.58204766e+03
 1.62256971e-04 8.58739353e-07 3.84745630e-05 8.81195795e-07
 5.29820717e-04 1.60916256e-06 3.33813220e-04 1.05545640e-06
 4.91678626e-05 1.93013778e-06 8.31595156e-05 1.57890830e-06
 3.33180785e-04 1.64506641e-06]",STALE
974938.0,86.4731,0.0132566,-4.100745137765762,2025-0521-215036,"[1, 0, -1]","[2.34076381e-12 1.69677430e-12 9.43954259e-04 1.86973109e-06
 9.62069851e-05 9.55604976e-07 5.75244088e-04 1.55564299e-06
 4.43489935e-04 1.61429927e-06 5.26599580e-06 1.03414695e-06
 8.38373059e-04 5.87388278e-07 4.08859643e+03 6.55186880e+03
 1.60676376e-04 8.43716741e-07 7.48912552e-05 1.13553186e-06
 6.11904400e-04 1.89844220e-06 3.33813220e-04 1.05545640e-06
 3.93363332e-05 1.92185087e-06 3.24070294e-04 1.51835970e-06
 3.00277902e-04 1.64506641e-06]",STALE
1102320.0,97.3793,0.0137915,-3.8774288325060717,2025-0521-215036,"[1, 0, -1]","[1.75640470e-12 1.65039539e-12 6.04820103e-04 1.86973109e-06
 8.03029338e-04 9.16581932e-07 2.23240753e-04 1.55564299e-06
 5.02655149e-04 1.61429927e-06 1.88952612e-05 7.60092534e-07
 9.17761222e-04 6.91045175e-07 6.38231514e+03 5.23336078e+03
 6.27615297e-04 8.58739353e-07 4.29442615e-05 1.07890376e-06
 5.68361611e-04 1.57225892e-06 3.33813220e-04 1.05545640e-06
 4.53836635e-05 1.78946016e-06 1.79207863e-04 1.59781217e-06
 2.83603971e-04 1.64506641e-06]",STALE
1261660.0,95.234,0.0151296,-3.980204895690749,2025-0521-215047,"[1, 0, -1]","[2.03367429e-12 1.69677430e-12 8.08814254e-04 1.77139919e-06
 7.93245651e-04 9.55604976e-07 3.55166308e-05 1.64350747e-06
 5.02655149e-04 1.61429927e-06 2.21198051e-05 8.12150176e-07
 9.18367354e-04 5.78314595e-07 8.68066720e+03 1.37186351e+03
 5.02255339e-04 7.64550306e-07 3.84745630e-05 7.84109752e-07
 6.11904400e-04 1.60916256e-06 3.33813220e-04 9.65473200e-07
 4.83265947e-05 1.75808005e-06 1.79207863e-04 1.62710055e-06
 3.28056759e-04 1.64506641e-06]",STALE
1844740.0,96.5361,0.0181068,-4.0936202779788795,2025-0521-215047,"[1, 0, -1]","[1.85736798e-12 1.95371428e-12 9.53994251e-04 1.89691150e-06
 6.53100269e-04 9.55604976e-07 2.23240753e-04 1.55564299e-06
 5.02655149e-04 1.61429927e-06 2.21198051e-05 5.31152235e-07
 9.33864325e-04 6.67731186e-07 5.32187349e+03 2.64771662e+03
 6.51458908e-04 8.07346650e-07 3.31530109e-05 1.21600191e-06
 6.11904400e-04 1.48600523e-06 3.08353506e-04 1.05545640e-06
 3.89364993e-05 1.73920042e-06 1.79207863e-04 1.59781217e-06
 1.97983021e-04 1.64506641e-06]",STALE
1990640.0,101.011,0.00618468,-3.536242804395112,2025-0521-215528,"[0, -1, 1]","[1.92682751e-12 2.38992509e-12 3.99234825e-04 5.24854338e-07
 3.02456016e-04 1.81970626e-06 3.59910280e-04 1.27575977e-06
 2.53247412e-04 1.45599572e-06 6.24428365e-04 1.64080009e-06
 9.57526619e-04 1.47232013e-06 9.00568098e+03 1.68456933e+04
 9.40554899e-04 1.32417723e-06 7.30031555e-04 8.48205126e-07
 2.59641336e-04 1.03911992e-06 4.92067888e-04 1.74536956e-06
 2.84723407e-04 9.43214208e-07 2.70422725e-06 8.80246252e-07
 4.99321607e-04 1.26629171e-06]",./circuit_database/AZC/result_folder/2025-0521-215528
1207350.0,102.046,0.00321157,-3.690815191046797,2025-0521-215703,"[0, -1, 1]","[1.92682751e-12 2.43042119e-12 3.99234825e-04 5.24854338e-07
 3.02456016e-04 1.57167051e-06 2.95767854e-04 1.33625564e-06
 1.64133751e-04 1.45599572e-06 2.68654983e-04 1.66446227e-06
 9.57526619e-04 1.99820784e-06 9.00568098e+03 1.68456933e+04
 8.38365680e-04 1.74512021e-06 8.86650930e-04 8.48205126e-07
 2.59641336e-04 1.03911992e-06 4.92067888e-04 1.22148565e-06
 2.15697971e-04 9.43214208e-07 2.70422725e-06 1.49550451e-06
 4.99321607e-04 1.26629171e-06]",./circuit_database/AZC/result_folder/2025-0521-215703
54.3715,51.2573,0.000510612,-3.286887870344547,2025-0521-215757,"[0, -1, 1]","[6.60558245e-13 6.98162347e-13 1.29821735e-04 1.05492693e-06
 6.72773366e-04 1.83669066e-06 4.87353291e-04 9.37175627e-07
 2.17082304e-05 1.80828041e-06 4.24837900e-04 1.87510972e-06
 3.06541583e-04 1.64639801e-06 1.14364926e+04 4.60460102e+03
 1.62429334e-04 1.95060851e-06 8.85205231e-04 1.69957689e-06
 6.87881760e-04 7.76816542e-07 9.91110130e-04 1.48923402e-06
 1.78799543e-04 1.00151293e-06 2.64739654e-04 5.08646941e-07
 5.59863298e-05 1.34218833e-06]",STALE
155.389,60.3814,0.000558378,-3.319120019752609,2025-0521-215913,"[0, -1, 1]","[6.91320885e-13 1.45460712e-12 8.43132781e-05 1.05492693e-06
 9.76002629e-04 1.48873659e-06 4.96257809e-04 1.32322615e-06
 9.02107540e-05 1.81199997e-06 4.24837900e-04 1.71881314e-06
 3.20582174e-04 1.61535298e-06 1.14364926e+04 5.05575783e+03
 1.62429334e-04 1.65917861e-06 6.57895571e-04 1.99975921e-06
 7.08656302e-04 8.36286163e-07 8.75154118e-04 1.47975470e-06
 1.15578550e-04 1.00645379e-06 2.18219691e-04 5.75317514e-07
 5.59863298e-05 1.73726773e-06]",STALE
130.058,58.8314,0.000510173,-3.3471452526791823,2025-0521-215913,"[0, -1, 1]","[7.17317499e-13 6.06733139e-13 6.60933721e-05 1.05492693e-06
 9.76002629e-04 1.93434324e-06 5.15138838e-04 8.37552316e-07
 9.02107540e-05 1.80828041e-06 3.64402267e-04 1.82119816e-06
 3.36863799e-04 1.61535298e-06 1.14364926e+04 4.60460102e+03
 1.02385948e-04 1.64110817e-06 8.85205231e-04 1.99763169e-06
 7.21847452e-04 9.29607432e-07 7.66642287e-04 1.43024429e-06
 7.96728852e-05 1.01066791e-06 1.82168927e-04 6.41163514e-07
 5.59863298e-05 1.14098177e-06]",STALE
174.526,61.3929,0.000536239,-3.3438373239106993,2025-0521-215913,"[0, -1, 1]","[6.87159527e-13 2.63488974e-12 6.60933721e-05 1.05492693e-06
 9.61910980e-04 1.69815756e-06 4.96257809e-04 8.37552316e-07
 9.02107540e-05 1.22579484e-06 4.24837900e-04 1.96710025e-06
 3.02570579e-04 1.62508602e-06 1.19921012e+04 4.60459940e+03
 1.62429334e-04 1.65917861e-06 5.65186680e-04 1.62862386e-06
 7.10433770e-04 8.86596643e-07 8.98488895e-04 1.54060309e-06
 2.16206917e-04 1.00151293e-06 2.74397622e-04 5.34989141e-07
 8.15332748e-05 1.54592657e-06]",STALE
103.411,56.8389,0.00048873,-3.350857539317867,2025-0521-215937,"[0, -1, 1]","[1.08666922e-12 2.81634989e-12 6.60933721e-05 1.05492693e-06
 9.76002629e-04 1.23782751e-06 4.96257809e-04 1.26469916e-06
 9.86952930e-05 1.64855017e-06 4.24837900e-04 1.82959983e-06
 3.49439158e-04 1.61535298e-06 1.13855664e+04 4.44562208e+03
 5.55289447e-05 1.21970197e-06 8.85205231e-04 1.10102405e-06
 7.08656302e-04 8.44472737e-07 8.98488895e-04 1.57639980e-06
 1.15578550e-04 1.00151293e-06 2.10634055e-04 5.34989141e-07
 5.59863298e-05 1.53202149e-06]",STALE
186.242,61.9532,0.000458941,-3.4154857035352455,2025-0521-215959,"[0, -1, 1]","[8.50358633e-13 2.02319610e-12 6.60933721e-05 1.01779180e-06
 9.10313975e-04 7.76260778e-07 5.45888809e-04 1.81958029e-06
 2.69945123e-05 1.80828041e-06 3.83947499e-04 1.85972690e-06
 2.94744829e-04 1.93260009e-06 1.11283936e+04 4.90676640e+03
 1.62429334e-04 1.97424242e-06 8.27247654e-04 1.94154201e-06
 6.99213500e-04 9.29607432e-07 6.55946013e-04 1.78032734e-06
 1.30527806e-04 5.28719348e-07 2.83443349e-04 6.85887954e-07
 5.59863298e-05 1.54592657e-06]",STALE
363.404,67.7635,0.000534563,-3.38807428970378,2025-0521-220009,"[0, -1, 1]","[8.50358633e-13 2.02319610e-12 6.60933721e-05 1.01779180e-06
 8.28820075e-04 1.38382338e-06 5.45888809e-04 1.51906503e-06
 8.65128334e-05 1.38871252e-06 2.73940399e-04 1.91993456e-06
 3.21967222e-04 1.93260009e-06 1.11283936e+04 4.90676640e+03
 2.11913219e-04 1.97424242e-06 4.94085240e-04 1.03020656e-06
 7.17737197e-04 9.36445139e-07 6.55946013e-04 1.38616247e-06
 1.68741542e-04 5.28719348e-07 2.83443349e-04 8.08526540e-07
 5.59863298e-05 1.54592657e-06]",STALE
191.708,62.2024,0.000491879,-3.3871789828223577,2025-0521-220021,"[0, -1, 1]","[8.50358633e-13 2.46925536e-12 6.60933721e-05 1.01779180e-06
 9.10313975e-04 7.76260778e-07 1.23943241e-04 7.33396113e-07
 2.85279940e-05 1.80828041e-06 4.31113139e-04 1.85972690e-06
 2.94744829e-04 1.89079241e-06 1.11283936e+04 4.15517070e+03
 1.77425549e-04 1.81365653e-06 8.27247654e-04 1.84904868e-06
 6.99213500e-04 8.88403567e-07 6.55946013e-04 1.43494709e-06
 1.30527806e-04 1.10659986e-06 2.83443349e-04 6.30408090e-07
 3.45479790e-05 1.60101904e-06]",STALE
508.048,70.6678,0.000527905,-3.411893173213976,2025-0521-220021,"[0, -1, 1]","[8.50358633e-13 2.99299109e-12 4.47446643e-05 1.03416385e-06
 9.10313975e-04 7.76260778e-07 5.45888809e-04 1.81958029e-06
 4.09354601e-05 1.18605946e-06 3.83947499e-04 1.89854503e-06
 3.07099364e-04 1.63095330e-06 1.08005843e+04 4.90676640e+03
 1.81046013e-04 1.98592400e-06 8.32792155e-04 1.94154201e-06
 7.16063512e-04 9.29607432e-07 6.55946013e-04 1.74320765e-06
 1.03842677e-04 9.15614640e-07 2.61300027e-04 6.85887954e-07
 4.34283787e-05 1.54592657e-06]",STALE
283.855,65.6126,0.00050748,-3.3967715951074293,2025-0521-220021,"[0, -1, 1]","[8.38629172e-13 2.49728861e-12 1.04032940e-04 9.51676282e-07
 8.91367955e-04 1.37904045e-06 5.45888809e-04 1.81958029e-06
 7.59356960e-05 1.51350620e-06 3.83947499e-04 1.82444126e-06
 2.86972726e-04 1.93260009e-06 1.11283936e+04 3.99597668e+03
 1.96509370e-04 1.74445007e-06 8.27247654e-04 1.29055489e-06
 6.99213500e-04 8.80640239e-07 6.55946013e-04 1.34812659e-06
 1.30527806e-04 6.70795554e-07 2.83443349e-04 6.85887954e-07
 5.41237025e-05 1.48371541e-06]",STALE
471.227,70.0157,0.000485744,-3.4439805778382158,2025-0521-220021,"[0, -1, 1]","[9.64410046e-13 2.32431087e-12 4.01983432e-05 9.94006690e-07
 7.81919506e-04 1.43028423e-06 4.96624105e-04 1.46091145e-06
 2.69945123e-05 1.80828041e-06 3.83947499e-04 1.64063903e-06
 3.20253945e-04 1.93260009e-06 1.11283936e+04 4.90676640e+03
 1.62429334e-04 1.97424242e-06 9.49540173e-04 1.94154201e-06
 6.99213500e-04 8.78107415e-07 7.19555002e-04 1.25785563e-06
 1.99439440e-04 5.28719348e-07 2.83443349e-04 6.85887954e-07
 9.18901813e-05 1.40661054e-06]",STALE
665.275,73.0107,0.000508134,-3.4426113633039663,2025-0521-220045,"[0, -1, 1]","[9.64410046e-13 2.32431087e-12 7.20102636e-05 9.94006690e-07
 7.81919506e-04 1.06502780e-06 4.68414215e-04 5.58941470e-07
 8.43297279e-05 1.83500684e-06 3.83947499e-04 1.64063903e-06
 3.20253945e-04 1.93260009e-06 1.08093716e+04 4.84578106e+03
 1.62429334e-04 1.72058712e-06 9.49540173e-04 1.58746201e-06
 6.99213500e-04 7.58212139e-07 6.95601190e-04 1.36175855e-06
 1.99439440e-04 7.93344105e-07 3.40642907e-04 6.85887954e-07
 9.18901813e-05 1.40661054e-06]",STALE
33.306,47.0073,0.000456611,-3.297667680477339,2025-0521-220056,"[0, -1, 1]","[9.64410046e-13 2.50169638e-12 4.01983432e-05 9.94006690e-07
 7.81919506e-04 1.43028423e-06 4.72676040e-04 1.61574692e-06
 4.48381038e-05 1.80828041e-06 3.83947499e-04 1.56883600e-06
 3.21505791e-04 1.74308599e-06 1.11283936e+04 4.90676640e+03
 1.05318749e-04 1.96540103e-06 4.79753985e-04 1.94154201e-06
 7.06190236e-04 1.38344535e-06 7.19555002e-04 1.25785563e-06
 1.99439440e-04 1.59463320e-06 2.35015640e-04 6.01212057e-07
 9.18901813e-05 1.40661054e-06]",STALE
35.6811,47.5997,0.000453618,-3.306110557757512,2025-0521-220108,"[0, -1, 1]","[1.14097766e-12 1.23112106e-12 8.01903501e-05 9.77506051e-07
 8.80465227e-04 1.43028423e-06 4.96624105e-04 1.46091145e-06
 2.69945123e-05 1.56550298e-06 4.61425449e-04 1.64063903e-06
 3.04175195e-04 1.63162870e-06 1.12103183e+04 5.09764558e+03
 1.03351373e-04 1.90334237e-06 8.30884616e-04 1.94154201e-06
 6.99213500e-04 8.78107415e-07 7.06811882e-04 1.25785563e-06
 1.99439440e-04 8.19441465e-07 2.59870646e-04 5.91776321e-07
 5.14246718e-05 1.40661054e-06]",STALE
194.591,62.3336,0.000455839,-3.4211021098863035,2025-0521-220108,"[0, -1, 1]","[1.05919516e-12 2.32431087e-12 6.63506535e-05 1.03188454e-06
 7.81919506e-04 1.43028423e-06 4.96624105e-04 1.41294384e-06
 2.69945123e-05 1.54292215e-06 4.84158899e-04 1.18823776e-06
 2.91152416e-04 1.93260009e-06 1.11283936e+04 4.90676640e+03
 1.62429334e-04 1.97424242e-06 9.49540173e-04 1.94154201e-06
 7.23551123e-04 8.78107415e-07 7.19555002e-04 1.45551667e-06
 1.99439440e-04 5.28719348e-07 3.72787668e-04 5.96154846e-07
 9.18901813e-05 1.69607772e-06]",STALE
425.442,69.1274,0.000470965,-3.451866774253623,2025-0521-220119,"[0, -1, 1]","[9.49853167e-13 2.32431087e-12 5.89161273e-05 9.94006690e-07
 8.25400313e-04 1.43028423e-06 1.76197725e-04 1.50906524e-06
 2.69945123e-05 1.80828041e-06 3.27669167e-04 1.87639888e-06
 2.93957099e-04 1.93260009e-06 1.10188043e+04 4.87407656e+03
 1.74646644e-04 1.96562957e-06 9.77557251e-04 1.84113032e-06
 7.03453608e-04 8.78107415e-07 9.12646537e-04 1.35725950e-06
 1.99439440e-04 5.28719348e-07 2.83443349e-04 7.46317407e-07
 9.18901813e-05 1.40661054e-06]",STALE
174.016,61.365,0.000434411,-3.4351595199061724,2025-0521-220119,"[0, -1, 1]","[8.51187683e-13 2.87688608e-12 4.63841577e-05 9.94006690e-07
 7.94882452e-04 1.43028423e-06 8.19032826e-04 1.75161561e-06
 2.69945123e-05 1.45940851e-06 3.83947499e-04 1.68727166e-06
 2.99929166e-04 1.93260009e-06 1.12654211e+04 4.90676640e+03
 1.31511280e-04 1.97424242e-06 8.30154459e-04 1.93198124e-06
 7.08743680e-04 1.26858887e-06 8.18048520e-04 1.25785563e-06
 1.99439440e-04 5.50284368e-07 2.83443349e-04 6.98426172e-07
 9.18901813e-05 1.34211948e-06]",STALE
282.144,65.5591,0.000469612,-3.4301217108934106,2025-0521-220119,"[0, -1, 1]","[1.21592437e-12 1.98401185e-12 3.89111394e-05 9.94006690e-07
 8.46659999e-04 1.32611287e-06 5.36151150e-04 1.46091145e-06
 1.27547743e-05 1.69217396e-06 3.30962470e-04 1.31962183e-06
 2.96325895e-04 1.65474144e-06 1.11283936e+04 5.11373104e+03
 1.35766274e-04 1.97424242e-06 9.49540173e-04 1.81184255e-06
 7.11075748e-04 8.78107415e-07 7.19555002e-04 1.43206987e-06
 1.99439440e-04 8.39729203e-07 2.83443349e-04 6.42646001e-07
 6.80905034e-05 1.57394502e-06]",STALE
255.854,64.7108,0.000467326,-3.4265529348192985,2025-0521-220130,"[0, -1, 1]","[9.49853167e-13 2.23917206e-12 6.09398607e-05 1.00146334e-06
 7.61944778e-04 1.58416746e-06 1.76197725e-04 1.37951561e-06
 3.58265007e-05 1.62996837e-06 3.27669167e-04 1.87639888e-06
 2.81495536e-04 1.73483419e-06 1.11077588e+04 4.87407656e+03
 1.60566459e-04 1.96562957e-06 9.00422708e-04 1.80048401e-06
 7.07126938e-04 1.11844798e-06 8.11479759e-04 1.25672961e-06
 1.99439440e-04 5.28719348e-07 2.83443349e-04 7.46317407e-07
 7.66704926e-05 1.54134037e-06]",STALE
330.165,66.9265,0.000442918,-3.46444780423064,2025-0521-220130,"[0, -1, 1]","[9.40640219e-13 2.07815809e-12 5.89161273e-05 1.02088870e-06
 7.71013954e-04 1.43028423e-06 4.26558130e-04 1.50906524e-06
 2.69945123e-05 1.48158819e-06 4.76970418e-04 1.26143837e-06
 2.69412722e-04 1.98750533e-06 1.10632664e+04 4.65495452e+03
 1.77781557e-04 1.96562957e-06 9.40881579e-04 1.93577416e-06
 7.13368301e-04 1.31624817e-06 9.12646537e-04 1.08607634e-06
 2.70879402e-04 6.51365170e-07 3.08444110e-04 6.77217344e-07
 9.18901813e-05 1.38784438e-06]",STALE
671.562,73.093,0.000494542,-3.4548606676535587,2025-0521-220142,"[0, -1, 1]","[9.40640219e-13 2.07815809e-12 7.52881012e-05 1.04896261e-06
 7.83664562e-04 1.43028423e-06 3.36948831e-04 1.39756214e-06
 3.97092414e-05 1.56546693e-06 4.44281780e-04 1.52876197e-06
 2.84063763e-04 1.98750533e-06 1.10963129e+04 5.03701131e+03
 2.04500720e-04 1.85626590e-06 9.40881579e-04 1.75453626e-06
 7.09298972e-04 1.19204937e-06 9.86096361e-04 1.00732813e-06
 3.47256791e-04 6.51365170e-07 3.08444110e-04 6.77217344e-07
 9.18901813e-05 1.50226405e-06]",STALE
104.429,56.9296,0.000414075,-3.4233996858121865,2025-0521-220142,"[0, -1, 1]","[9.51650623e-13 1.42457392e-12 6.51861265e-05 1.02088870e-06
 7.39525593e-04 1.43028423e-06 4.26558130e-04 1.50906524e-06
 1.50069880e-05 1.48158819e-06 3.84970265e-04 1.26143837e-06
 2.56208287e-04 1.95844763e-06 1.10632664e+04 4.23457438e+03
 1.59583463e-04 1.96562957e-06 8.36449432e-04 1.93577416e-06
 7.02362273e-04 1.31624817e-06 9.12646537e-04 1.08607634e-06
 2.14445836e-04 6.51365170e-07 2.93656351e-04 6.56802683e-07
 9.18901813e-05 1.56747785e-06]",STALE
381.495,68.1819,0.000453752,-3.462017476597298,2025-0521-220142,"[0, -1, 1]","[8.57499552e-13 2.87236069e-12 5.89161273e-05 9.95808695e-07
 7.71013954e-04 1.19726844e-06 3.79297526e-04 1.50906524e-06
 2.69945123e-05 1.17079624e-06 5.28921344e-04 8.71014298e-07
 2.69412722e-04 1.89817817e-06 1.11741897e+04 5.02193082e+03
 1.79015026e-04 1.96562957e-06 9.15579915e-04 1.72496911e-06
 7.08414432e-04 1.10638932e-06 7.16521922e-04 1.08607634e-06
 2.36566924e-04 6.91960095e-07 3.08444110e-04 7.32134505e-07
 9.11310357e-05 1.22962057e-06]",STALE
199.108,62.5336,0.000424944,-3.4529560890535427,2025-0521-220142,"[0, -1, 1]","[1.26845813e-12 1.11605353e-12 6.63946970e-05 9.94075514e-07
 7.71013954e-04 1.01638043e-06 8.00631814e-04 1.50906524e-06
 1.99100749e-05 1.48158819e-06 4.76970418e-04 1.26143837e-06
 2.69412722e-04 1.98750533e-06 1.10873053e+04 4.50257035e+03
 1.53311543e-04 1.88383247e-06 9.39005230e-04 1.76072677e-06
 7.31401795e-04 1.31624817e-06 9.69654643e-04 1.11380661e-06
 2.70879402e-04 6.51365170e-07 3.29258681e-04 7.66708427e-07
 9.78147096e-05 1.38784438e-06]",STALE
228.819,63.7417,0.000434515,-3.4515924145353742,2025-0521-220153,"[0, -1, 1]","[7.90437928e-13 1.53253349e-12 5.89161273e-05 1.04823250e-06
 8.12647328e-04 1.71875511e-06 5.29387878e-04 1.31042002e-06
 1.85190461e-05 1.48158819e-06 3.88396516e-04 1.86882146e-06
 2.78271581e-04 1.93644496e-06 1.11957576e+04 4.65495452e+03
 1.52302642e-04 1.93077925e-06 9.40881579e-04 1.71602033e-06
 7.13368301e-04 1.22195332e-06 9.12646537e-04 1.07501820e-06
 4.70400012e-04 6.51365170e-07 3.17098111e-04 6.77217344e-07
 8.70381407e-05 1.17135184e-06]",STALE
483.256,70.2365,0.000470894,-3.4587858367673787,2025-0521-220153,"[0, -1, 1]","[9.40640219e-13 2.14488161e-12 5.89161273e-05 1.02088870e-06
 6.79808911e-04 9.03805657e-07 4.26558130e-04 1.50906524e-06
 5.91170558e-05 1.20300838e-06 5.08462515e-04 1.78051666e-06
 2.69412722e-04 1.98450481e-06 1.11429103e+04 4.26492704e+03
 2.06992686e-04 1.96562957e-06 8.62774084e-04 1.69911056e-06
 7.30593402e-04 1.34922795e-06 9.12646537e-04 1.13223657e-06
 2.70879402e-04 6.51365170e-07 2.70418128e-04 6.77217344e-07
 8.74036298e-05 1.15298177e-06]",STALE
387.269,68.3139,0.000462507,-3.4545196409092007,2025-0521-220205,"[0, -1, 1]","[1.04909277e-12 2.07815809e-12 5.89161273e-05 1.02794825e-06
 7.29985904e-04 1.43028423e-06 4.26558130e-04 1.50906524e-06
 3.63548836e-05 1.24498568e-06 4.76970418e-04 1.26143837e-06
 2.81446081e-04 1.92408483e-06 1.10632664e+04 5.10080236e+03
 1.77781557e-04 1.96562957e-06 8.08740131e-04 1.61074754e-06
 7.25730416e-04 1.31624817e-06 7.25798827e-04 1.03934935e-06
 2.63859030e-04 6.51365170e-07 2.98365226e-04 6.13976506e-07
 9.18901813e-05 1.13416528e-06]",STALE
557.718,71.4824,0.00049062,-3.448571212235193,2025-0521-220205,"[0, -1, 1]","[6.88868956e-13 2.90502880e-12 5.89161273e-05 1.04543450e-06
 6.94527731e-04 1.43028423e-06 5.68817249e-04 1.72332122e-06
 2.69945123e-05 1.51874226e-06 3.16378739e-04 6.01807381e-07
 2.69412722e-04 1.96599769e-06 1.12031022e+04 4.86005244e+03
 2.03376560e-04 1.76625671e-06 8.03824893e-04 1.93577416e-06
 7.23094454e-04 1.31624817e-06 9.12646537e-04 1.08607634e-06
 2.70879402e-04 6.51365170e-07 3.00774715e-04 6.77217344e-07
 8.40642969e-05 9.70226017e-07]",STALE
393.681,68.4561,0.000443037,-3.474111887715346,2025-0521-220205,"[0, -1, 1]","[9.40640219e-13 1.08360939e-12 4.73111528e-05 1.02088870e-06
 6.86381975e-04 1.91106392e-06 4.10617708e-04 1.39037491e-06
 1.97738638e-05 1.18747180e-06 3.63404212e-04 1.26143837e-06
 2.69412722e-04 1.98750533e-06 1.10632664e+04 4.65710971e+03
 1.77781557e-04 1.96562957e-06 8.26563334e-04 1.53202125e-06
 7.13368301e-04 1.31624817e-06 6.76434038e-04 9.29394003e-07
 2.70879402e-04 9.60256304e-07 3.07894676e-04 6.77217344e-07
 8.85346248e-05 1.38784438e-06]",STALE
292.861,65.885,0.000407909,-3.49339903751388,2025-0521-220205,"[0, -1, 1]","[1.23636051e-12 1.13941322e-12 6.71977998e-05 1.02088870e-06
 7.71013954e-04 1.43028423e-06 4.26558130e-04 1.38739855e-06
 4.06058910e-05 1.48996946e-06 6.67074649e-04 1.47088324e-06
 2.50661657e-04 1.98431922e-06 1.10453721e+04 4.65495452e+03
 1.60745574e-04 1.96562957e-06 9.40881579e-04 1.59359682e-06
 7.29753220e-04 1.26425099e-06 9.26841746e-04 1.26345049e-06
 2.70879402e-04 1.10475610e-06 2.91574475e-04 6.98051004e-07
 1.00516490e-04 1.38784438e-06]",STALE
338.779,67.1491,0.000436031,-3.472723574492328,2025-0521-220217,"[0, -1, 1]","[9.77464632e-13 1.13941322e-12 7.68024315e-05 1.01826610e-06
 8.43489547e-04 8.72667318e-07 4.09337805e-04 1.08017150e-06
 3.78208914e-05 1.71667483e-06 6.67074649e-04 1.80892792e-06
 2.76973909e-04 1.97119164e-06 1.10453721e+04 5.01014086e+03
 1.60745574e-04 1.96562957e-06 9.26366790e-04 1.48338820e-06
 7.28457583e-04 1.31297296e-06 9.26841746e-04 1.26345049e-06
 2.42897278e-04 1.10475610e-06 3.03378805e-04 6.98051004e-07
 8.30042025e-05 1.59816585e-06]",STALE
173.222,61.3239,0.000396946,-3.4740723654669945,2025-0521-220217,"[0, -1, 1]","[1.12989351e-12 9.62342913e-13 6.71977998e-05 1.02166909e-06
 7.71013954e-04 1.43028423e-06 6.84507466e-04 1.31273121e-06
 1.50959620e-05 1.44477507e-06 6.67074649e-04 1.55647932e-06
 2.60128844e-04 1.96046668e-06 1.11041312e+04 4.58516797e+03
 1.37464838e-04 1.96562957e-06 9.40881579e-04 1.38872842e-06
 7.29753220e-04 1.24702372e-06 9.26841746e-04 1.10718648e-06
 2.54903081e-04 8.31837260e-07 2.92566049e-04 6.80457738e-07
 9.68255858e-05 1.15036607e-06]",STALE
269.817,65.1729,0.000395643,-3.501945718896871,2025-0521-220228,"[0, -1, 1]","[1.23636051e-12 1.60167702e-12 8.79591317e-05 1.02088870e-06
 7.95612131e-04 1.53709920e-06 5.95698701e-04 1.18990472e-06
 4.85020835e-05 1.92255617e-06 3.07347464e-04 1.47088324e-06
 2.32559528e-04 1.91572962e-06 1.11545279e+04 4.65495452e+03
 1.61029455e-04 1.96562957e-06 9.40881579e-04 1.49570079e-06
 7.29753220e-04 1.28190794e-06 5.86239483e-04 1.31440118e-06
 2.24009951e-04 1.10475610e-06 2.89978421e-04 7.19572539e-07
 9.72991493e-05 1.38784438e-06]",STALE
307.165,66.3002,0.000418154,-3.485329451477075,2025-0521-220228,"[0, -1, 1]","[1.23636051e-12 1.13941322e-12 6.06331023e-05 1.03186891e-06
 7.71013954e-04 1.43028423e-06 4.26558130e-04 1.38739855e-06
 1.72828449e-05 9.35470604e-07 4.89131992e-04 1.96576544e-06
 2.50661657e-04 1.94934424e-06 1.11253286e+04 4.65495452e+03
 1.60745574e-04 1.87355248e-06 8.66753513e-04 1.63780077e-06
 7.29337134e-04 1.22511742e-06 9.26841746e-04 1.26345049e-06
 2.70879402e-04 1.10475610e-06 2.75032650e-04 6.98051004e-07
 9.08337025e-05 1.38784438e-06]",STALE
594.157,72.0298,0.000445559,-3.4937826017263713,2025-0521-220251,"[0, -1, 1]","[1.23636051e-12 1.28144958e-12 8.90646568e-05 9.94905649e-07
 8.69482805e-04 9.10525032e-07 9.68697629e-04 9.09564732e-07
 3.12872764e-05 1.86196963e-06 4.79327291e-04 1.42162994e-06
 2.39473225e-04 1.98509831e-06 1.11545279e+04 4.95428565e+03
 1.73615812e-04 1.59686642e-06 9.40881579e-04 1.60729985e-06
 7.29753220e-04 1.28190794e-06 5.86239483e-04 1.64607563e-06
 2.24009951e-04 8.47461230e-07 2.89978421e-04 7.19572539e-07
 1.03103555e-04 1.35479991e-06]",STALE
339.891,67.1797,0.00044236,-3.4666095475654295,2025-0521-220303,"[0, -1, 1]","[1.23636051e-12 1.60167702e-12 8.95511874e-05 1.02088870e-06
 7.95612131e-04 1.54737498e-06 6.31498457e-04 1.51148992e-06
 2.23859214e-05 1.88911787e-06 2.55466521e-04 1.23639482e-06
 2.32559528e-04 1.91572962e-06 1.11545279e+04 4.52626119e+03
 1.76408070e-04 1.64184568e-06 8.23316466e-04 1.39037796e-06
 7.31780016e-04 1.29778097e-06 6.24476544e-04 1.06568638e-06
 2.69612602e-04 1.08650554e-06 3.13939710e-04 7.40909235e-07
 8.34959500e-05 1.38784438e-06]",STALE
264.455,65.0007,0.000391922,-3.504846786565682,2025-0521-220303,"[0, -1, 1]","[1.23636051e-12 1.60167702e-12 5.27423708e-05 1.02088870e-06
 7.95612131e-04 1.71483491e-06 4.39089399e-04 1.18990472e-06
 4.85020835e-05 1.92255617e-06 8.00719455e-05 1.47088324e-06
 2.32559528e-04 1.82575388e-06 1.11035942e+04 4.89873505e+03
 1.40651713e-04 1.85257819e-06 8.24010697e-04 1.79821689e-06
 7.29753220e-04 1.28190794e-06 6.48719196e-04 1.31440118e-06
 2.71582983e-04 8.49509316e-07 2.89978421e-04 7.36598540e-07
 9.72991493e-05 1.36116912e-06]",STALE
357.394,67.6146,0.000433618,-3.4781118140982366,2025-0521-220303,"[0, -1, 1]","[9.67909628e-13 1.92775848e-12 9.13887499e-05 1.02162853e-06
 7.95612131e-04 1.00009242e-06 5.75858413e-04 1.18990472e-06
 1.96935099e-05 1.95378294e-06 4.24034009e-04 1.47088324e-06
 2.32559528e-04 1.91572962e-06 1.11545279e+04 4.79508445e+03
 1.92104515e-04 1.87774875e-06 9.28223675e-04 1.49570079e-06
 7.30543623e-04 1.28190794e-06 6.18678864e-04 1.81971251e-06
 2.59060387e-04 7.97389659e-07 2.89978421e-04 7.39581355e-07
 9.20193621e-05 1.32001960e-06]",STALE
605.357,72.1954,0.000430526,-3.509600931481921,2025-0521-220303,"[0, -1, 1]","[1.23636051e-12 1.60167702e-12 4.64997446e-05 1.02407638e-06
 8.43696326e-04 1.12930948e-06 9.92257865e-04 1.42614000e-06
 1.45963325e-05 1.85561356e-06 3.07347464e-04 1.55096888e-06
 2.36959217e-04 1.89703005e-06 1.10557627e+04 4.65495452e+03
 1.91099026e-04 1.96562957e-06 6.85043261e-04 1.21029680e-06
 7.29753220e-04 1.40238130e-06 4.63474437e-04 8.75005508e-07
 1.87768319e-04 7.40461469e-07 3.08136051e-04 7.35355466e-07
 1.13508844e-04 1.38784438e-06]",./circuit_database/AZC/result_folder/2025-0521-220303
387.546,68.3213,0.000406633,-3.510452634529381,2025-0521-220315,"[0, -1, 1]","[1.24719371e-12 7.38067133e-13 3.51580187e-05 1.00995900e-06
 8.27381104e-04 1.24635915e-06 7.29875219e-04 1.47168957e-06
 1.45963325e-05 1.85561356e-06 3.96315315e-04 1.47694145e-06
 2.36959217e-04 1.92228075e-06 1.12027515e+04 4.83286169e+03
 1.68463451e-04 1.96562957e-06 6.85043261e-04 1.28116905e-06
 7.29753220e-04 1.40795497e-06 4.33347992e-04 1.17533737e-06
 2.37654440e-04 6.04715053e-07 3.08136051e-04 7.54828245e-07
 1.00729032e-04 1.84078792e-06]",STALE
750.442,74.0632,0.00045948,-3.4923844304446026,2025-0521-220315,"[0, -1, 1]","[1.18339925e-12 1.60167702e-12 4.64997446e-05 1.00734736e-06
 8.43696326e-04 1.12930948e-06 9.92257865e-04 1.63012090e-06
 5.25788451e-05 1.94341476e-06 1.60642358e-04 1.01452307e-06
 2.34189890e-04 1.89703005e-06 1.11031047e+04 4.57976299e+03
 2.09082258e-04 1.82822587e-06 5.26977454e-04 1.29638779e-06
 7.30086612e-04 1.40238130e-06 5.62747330e-04 8.75005508e-07
 1.58944021e-04 1.35351987e-06 3.08136051e-04 7.33911174e-07
 1.39804822e-04 1.38784438e-06]",./circuit_database/AZC/result_folder/2025-0521-220315
313.892,66.4918,0.00038573,-3.5215498005756456,2025-0521-220327,"[0, -1, 1]","[9.07746461e-13 7.38067133e-13 3.51580187e-05 1.00123015e-06
 7.91468096e-04 1.24635915e-06 7.29875219e-04 1.66468541e-06
 1.45963325e-05 1.88825162e-06 3.64888875e-04 1.47694145e-06
 2.21271198e-04 1.96207866e-06 1.09829176e+04 4.97587009e+03
 1.53526745e-04 1.80164757e-06 5.78752945e-04 1.32619074e-06
 7.14172016e-04 1.40795497e-06 4.33347992e-04 7.12438729e-07
 2.32119706e-04 6.87612571e-07 2.84991322e-04 7.79394817e-07
 1.00729032e-04 1.82258036e-06]",STALE
316.839,66.5716,0.000399013,-3.507401270918269,2025-0521-220327,"[0, -1, 1]","[1.24719371e-12 7.49586384e-13 4.80343034e-05 9.71462700e-07
 9.04255473e-04 1.40951497e-06 7.29875219e-04 1.70974764e-06
 1.45963325e-05 1.35796162e-06 3.94789305e-04 1.47694145e-06
 2.22971406e-04 1.92228075e-06 1.14474596e+04 4.73162438e+03
 1.68463451e-04 1.88273973e-06 6.85043261e-04 1.28116905e-06
 7.39628855e-04 1.52291369e-06 4.33347992e-04 1.25092360e-06
 2.33092034e-04 8.36513265e-07 3.55296885e-04 7.52734704e-07
 9.72745604e-05 1.99772845e-06]",STALE
99.8457,56.5431,0.000373761,-3.4648428195137586,2025-0521-220340,"[0, -1, 1]","[8.20623208e-13 7.23537974e-13 4.73051207e-05 1.00123015e-06
 8.56626625e-04 1.62186333e-06 7.29875219e-04 1.91711585e-06
 1.45963325e-05 1.83426028e-06 4.70809540e-04 1.49340709e-06
 2.30036034e-04 1.97253488e-06 1.09409469e+04 5.25935784e+03
 1.43857614e-04 1.93697894e-06 5.24186729e-04 1.32619074e-06
 7.29550371e-04 1.40795497e-06 4.33347992e-04 1.07171392e-06
 2.32119706e-04 1.02188035e-06 2.40422608e-04 7.49507295e-07
 1.00729032e-04 1.81011184e-06]",STALE
379.18,68.1325,0.000406074,-3.509829356856446,2025-0521-220340,"[0, -1, 1]","[1.15070540e-12 7.38067133e-13 4.89990133e-05 9.98000317e-07
 7.91468096e-04 1.24635915e-06 7.29875219e-04 1.66468541e-06
 2.91130428e-05 1.66975386e-06 2.10513551e-04 1.88516538e-06
 2.28767544e-04 1.96207866e-06 1.09829176e+04 4.71583442e+03
 1.53526745e-04 1.66680382e-06 6.38883921e-04 1.40199136e-06
 7.22295927e-04 1.44134832e-06 3.44330324e-04 8.73977930e-07
 2.32119706e-04 1.22254881e-06 2.97478398e-04 7.57571347e-07
 1.10353922e-04 1.74969088e-06]",STALE
139.472,59.4458,0.000368612,-3.49262022528629,2025-0521-220340,"[0, -1, 1]","[7.07608394e-13 1.00552712e-12 4.73722135e-05 9.89149733e-07
 8.17627457e-04 1.24635915e-06 6.87194175e-04 1.69024916e-06
 2.94917665e-05 1.91406564e-06 3.83859931e-04 1.24737563e-06
 2.17507570e-04 1.96207866e-06 1.09829176e+04 4.60635476e+03
 1.30761432e-04 1.66852232e-06 5.74015918e-04 1.25962858e-06
 7.27994533e-04 1.39493720e-06 4.33347992e-04 1.15941710e-06
 2.32119706e-04 6.87612571e-07 2.50430877e-04 7.60189457e-07
 1.00729032e-04 1.83041864e-06]",STALE
191.061,62.1794,0.00037323,-3.50674100977772,2025-0521-220340,"[0, -1, 1]","[1.10804356e-12 7.38067133e-13 5.16434764e-05 1.00123015e-06
 7.92402017e-04 1.51794946e-06 6.27365846e-04 1.95899664e-06
 9.45738316e-06 1.60238472e-06 4.82910690e-04 1.94996954e-06
 2.01774150e-04 1.92251891e-06 1.07822717e+04 4.99575853e+03
 1.57714458e-04 1.80164757e-06 5.79468203e-04 1.16680517e-06
 7.24365802e-04 1.40795497e-06 4.33347992e-04 7.12438729e-07
 2.32119706e-04 6.87612571e-07 2.74950463e-04 7.79394817e-07
 1.00729032e-04 1.90277917e-06]",STALE
335.153,67.0613,0.000377379,-3.534753298678234,2025-0521-220340,"[0, -1, 1]","[1.22944929e-12 6.74496411e-13 3.51580187e-05 1.03877484e-06
 7.91472671e-04 1.24635915e-06 7.10591725e-04 1.44571134e-06
 1.85598205e-05 1.88825162e-06 3.64888875e-04 1.89468658e-06
 2.20524107e-04 1.97467591e-06 1.09507593e+04 5.17709010e+03
 1.52825812e-04 1.87323742e-06 5.49705214e-04 1.32619074e-06
 7.24204706e-04 1.42020627e-06 4.33347992e-04 9.92477025e-07
 1.79154412e-04 6.87612571e-07 2.84991322e-04 7.79394817e-07
 9.40447323e-05 1.73125229e-06]",STALE
232.263,63.8756,0.000375217,-3.51612250578338,2025-0521-220340,"[0, -1, 1]","[1.25262162e-12 8.23923788e-13 5.07054838e-05 1.00123015e-06
 7.91468096e-04 1.01115027e-06 5.65769455e-04 1.66468541e-06
 3.84452160e-05 1.70594785e-06 4.85457019e-04 1.47694145e-06
 2.15809514e-04 1.96207866e-06 1.11006525e+04 4.97587009e+03
 1.30981837e-04 1.58095423e-06 5.78752945e-04 1.26067969e-06
 7.30123294e-04 1.53666264e-06 5.56277458e-04 7.12438729e-07
 2.32119706e-04 6.87612571e-07 2.84991322e-04 7.79394817e-07
 1.00729032e-04 1.91649430e-06]",STALE
95.409,56.1484,0.000356236,-3.482654255796028,2025-0521-220352,"[0, -1, 1]","[1.39629193e-12 1.31866548e-12 4.34798591e-05 1.05966463e-06
 7.91472671e-04 1.48173442e-06 7.10591725e-04 1.44571134e-06
 5.27773619e-05 1.53331323e-06 4.58011107e-04 1.91125754e-06
 2.22817964e-04 1.93237255e-06 9.51176745e+03 4.65446771e+03
 1.25762445e-04 1.87323742e-06 5.21464566e-04 1.47883799e-06
 8.00849829e-04 1.30283098e-06 5.52628914e-04 9.44278987e-07
 1.54587972e-04 5.34914632e-07 2.74312648e-04 7.78246718e-07
 9.40447323e-05 1.90452958e-06]",STALE
400.944,68.618,0.000396991,-3.5227192581214206,2025-0521-220352,"[0, -1, 1]","[1.42145091e-12 6.74496411e-13 3.51580187e-05 1.05927573e-06
 8.83974463e-04 1.13567511e-06 7.10591725e-04 1.83595613e-06
 1.85598205e-05 1.88825162e-06 3.64888875e-04 1.47206754e-06
 2.30411434e-04 1.93705640e-06 1.39653117e+04 5.41993549e+03
 1.52825812e-04 1.79857321e-06 5.49705214e-04 1.32619074e-06
 7.24204706e-04 1.42020627e-06 3.80689940e-04 7.34004306e-07
 2.34550357e-04 6.87612571e-07 2.84991322e-04 7.65167708e-07
 9.40447323e-05 1.76676502e-06]",STALE
243.29,64.2792,0.00037554,-3.518466394622907,2025-0521-220405,"[0, -1, 1]","[1.22944929e-12 6.74496411e-13 1.34375813e-05 7.84398638e-07
 7.71894071e-04 1.20640539e-06 8.79192911e-04 1.43556356e-06
 2.67712603e-05 1.84178544e-06 4.38343690e-04 1.86197671e-06
 2.20524107e-04 1.94079144e-06 1.18095090e+04 4.26176097e+03
 1.52825812e-04 1.92462664e-06 5.24936524e-04 1.37757390e-06
 8.22417268e-04 1.64864772e-06 4.90397479e-04 1.11793587e-06
 2.07079485e-04 6.87612571e-07 1.46885712e-04 6.90025087e-07
 1.33638167e-04 1.69592776e-06]",STALE
391.808,68.4173,0.000392021,-3.5269307531043292,2025-0521-220405,"[0, -1, 1]","[8.01373268e-13 6.74496411e-13 7.52506712e-05 8.87299484e-07
 8.28041735e-04 1.41566442e-06 8.98497121e-04 1.51454710e-06
 8.49169021e-06 1.74543551e-06 4.14821164e-04 1.89468658e-06
 2.06422285e-04 1.96672412e-06 1.09507593e+04 7.60611200e+03
 1.84556726e-04 1.90693722e-06 5.49705214e-04 1.10465780e-06
 6.98744338e-04 1.23005778e-06 3.67540855e-04 1.05005668e-06
 1.82641335e-04 6.56626296e-07 2.84991322e-04 8.27929663e-07
 6.11991333e-05 1.53223545e-06]",STALE
285.774,65.676,0.000370351,-3.5338745337367983,2025-0521-220416,"[0, -1, 1]","[6.61821841e-13 6.74496411e-13 4.81710689e-05 1.23638955e-06
 7.85546060e-04 1.24635915e-06 6.91048757e-04 1.41797802e-06
 1.11178384e-05 1.68513536e-06 3.64888875e-04 1.89468658e-06
 2.20524107e-04 1.97467591e-06 9.30210685e+03 5.17709010e+03
 1.52825812e-04 1.96340260e-06 6.31850253e-04 1.34240166e-06
 7.32638190e-04 1.36763615e-06 5.74696504e-04 9.92477025e-07
 1.80839162e-04 7.94549968e-07 2.84991322e-04 7.73376642e-07
 9.40447323e-05 1.73125229e-06]",STALE
72.9758,53.8198,0.000340534,-3.483846036452108,2025-0521-220429,"[0, -1, 1]","[9.97189866e-13 5.98734047e-13 5.05147563e-05 8.72293769e-07
 8.27719771e-04 1.11477377e-06 6.51394726e-04 1.43432736e-06
 1.70438874e-05 1.88825162e-06 4.39493213e-04 1.89468658e-06
 2.15888544e-04 1.97467591e-06 9.15786898e+03 5.17709010e+03
 1.21031822e-04 1.87323742e-06 5.60530039e-04 1.29885728e-06
 7.24204706e-04 1.47064818e-06 3.13426486e-04 1.14502920e-06
 1.86419616e-04 7.69829645e-07 2.82815001e-04 8.68521610e-07
 9.40447323e-05 1.66777541e-06]",STALE
400.098,68.5994,0.000386473,-3.534269353371949,2025-0521-220429,"[0, -1, 1]","[1.20395205e-12 7.34089145e-13 3.47372170e-05 8.59056655e-07
 7.91472671e-04 1.24635915e-06 6.07241050e-04 1.53289217e-06
 1.85598205e-05 1.85811675e-06 3.65665314e-04 1.89468658e-06
 2.21235861e-04 1.95545306e-06 8.39620405e+03 5.17709010e+03
 1.55244349e-04 1.82229551e-06 5.92703140e-04 1.32619074e-06
 7.27472332e-04 1.54158557e-06 4.33347992e-04 9.43315754e-07
 1.71217042e-04 5.93434741e-07 2.84991322e-04 7.03998593e-07
 9.39736655e-05 1.64070941e-06]",STALE
65.6637,52.9029,0.000334481,-3.484168206259499,2025-0521-220505,"[0, -1, 1]","[1.34762183e-12 7.05688360e-13 3.67453289e-05 1.08828651e-06
 7.84699647e-04 1.24635915e-06 6.87909250e-04 1.47041640e-06
 1.85598205e-05 1.82059627e-06 3.28180764e-04 1.79660539e-06
 2.29229385e-04 1.95248716e-06 1.09507593e+04 5.11246516e+03
 1.02537490e-04 1.90260653e-06 5.53629082e-04 1.35993641e-06
 7.56558107e-04 1.42020627e-06 4.64132591e-04 9.92477025e-07
 1.92431981e-04 6.87612571e-07 2.81266679e-04 7.70211101e-07
 9.40447323e-05 1.73125229e-06]",STALE
327.972,66.8733,0.000355119,-3.559934734256467,2025-0521-220505,"[0, -1, 1]","[1.39275502e-12 6.21672391e-13 3.61147824e-05 9.90200610e-07
 7.81061850e-04 1.36233419e-06 6.87802527e-04 1.44571134e-06
 2.08320041e-05 1.85055614e-06 4.01543168e-04 1.83601399e-06
 1.96735340e-04 1.97601092e-06 1.09507593e+04 5.11739581e+03
 1.52825812e-04 1.84680376e-06 5.49705214e-04 1.32619074e-06
 6.94271049e-04 1.41081340e-06 4.58707715e-04 9.64389042e-07
 1.84657462e-04 6.87612571e-07 2.84991322e-04 7.69559099e-07
 9.19735555e-05 1.73125229e-06]",STALE
191.593,62.2041,0.000341143,-3.5459398697752356,2025-0521-220505,"[0, -1, 1]","[1.28896030e-12 6.60011546e-13 3.69454224e-05 1.04306965e-06
 7.91472671e-04 1.23833320e-06 7.10591725e-04 1.42401050e-06
 1.85349928e-05 1.88825162e-06 3.64888875e-04 1.89468658e-06
 2.06122146e-04 1.98246545e-06 1.09304578e+04 5.08844431e+03
 1.32546173e-04 1.88113192e-06 5.49705214e-04 1.32619074e-06
 7.28896776e-04 1.42020627e-06 4.33347992e-04 9.25996650e-07
 1.90242401e-04 7.46925657e-07 2.73938623e-04 7.66087242e-07
 9.49141919e-05 1.74657600e-06]",STALE
141.56,59.5754,0.000290412,-3.597107690568411,2025-0521-220505,"[0, -1, 1]","[1.26976887e-12 7.39136721e-13 3.66490661e-05 1.03877484e-06
 8.11990466e-04 1.33968058e-06 6.81560240e-04 1.44571134e-06
 1.85598205e-05 1.91579625e-06 3.38834676e-04 1.85433017e-06
 1.73961551e-04 1.99050769e-06 1.09917436e+04 5.15171324e+03
 1.14756618e-04 1.87313707e-06 5.65291694e-04 1.33426341e-06
 7.11994820e-04 1.42020627e-06 4.33347992e-04 1.08231335e-06
 1.91136705e-04 7.05416979e-07 2.93599374e-04 7.89120954e-07
 9.40447323e-05 1.73125229e-06]",STALE
355.492,67.5732,0.000348875,-3.5721595566249973,2025-0521-220505,"[0, -1, 1]","[1.38778075e-12 6.74496411e-13 3.51580187e-05 1.00122748e-06
 7.91472671e-04 1.29619299e-06 7.10636344e-04 1.37302391e-06
 1.85598205e-05 1.85220333e-06 3.83519729e-04 1.82702551e-06
 1.90013657e-04 1.94480455e-06 1.09507593e+04 5.11452172e+03
 1.52825812e-04 1.86719197e-06 5.58794177e-04 1.32619074e-06
 7.18619401e-04 1.40681733e-06 4.55464971e-04 8.97653303e-07
 1.79154412e-04 6.82457201e-07 2.86018353e-04 7.79394817e-07
 1.09375353e-04 1.73121391e-06]",STALE
121.867,58.2743,0.000289232,-3.5892862891860995,2025-0521-220515,"[0, -1, 1]","[1.12701740e-12 7.87970403e-13 3.79687785e-05 1.05777059e-06
 8.11990466e-04 1.33968058e-06 7.33842141e-04 1.49815751e-06
 1.85598205e-05 1.97699850e-06 3.12493766e-04 1.85433017e-06
 1.73961551e-04 1.99050769e-06 1.07558402e+04 5.15171324e+03
 1.14959339e-04 1.89450400e-06 5.66077257e-04 1.38307666e-06
 7.11994820e-04 1.40857077e-06 4.33347992e-04 1.11458819e-06
 2.05860758e-04 6.72980176e-07 2.93599374e-04 7.17247107e-07
 9.40447323e-05 1.77481404e-06]",STALE
159.043,60.5868,0.000301423,-3.5882589110099383,2025-0521-220515,"[0, -1, 1]","[1.26976887e-12 7.39136721e-13 3.66490661e-05 1.03877484e-06
 7.87864510e-04 1.26001382e-06 6.81560240e-04 1.34994869e-06
 2.61274634e-05 1.92868237e-06 3.26816487e-04 1.87011661e-06
 1.81205493e-04 1.94760440e-06 1.09917436e+04 5.17904306e+03
 1.15414163e-04 1.87313707e-06 5.58489193e-04 1.30633094e-06
 7.39479536e-04 1.45441529e-06 4.33347992e-04 1.08231335e-06
 2.04516133e-04 7.38046933e-07 2.95512181e-04 7.89120954e-07
 9.40447323e-05 1.73125229e-06]",STALE
134.19,59.111,0.000288452,-3.596649832781545,2025-0521-220515,"[0, -1, 1]","[1.24845389e-12 8.51932971e-13 3.73290065e-05 1.03877484e-06
 8.05336424e-04 1.44236542e-06 6.81560240e-04 1.52559363e-06
 9.72142157e-06 1.81265169e-06 3.06327474e-04 1.89734797e-06
 1.66435074e-04 1.96454384e-06 1.09917436e+04 5.18554404e+03
 1.16765311e-04 1.83844600e-06 5.62352489e-04 1.29222192e-06
 7.11994820e-04 1.42020627e-06 4.20656473e-04 1.08231335e-06
 1.92643665e-04 7.05416979e-07 2.93599374e-04 7.74891768e-07
 9.47977000e-05 1.74115328e-06]",STALE
93.2722,55.9516,0.00028616,-3.5762596976518153,2025-0521-220515,"[0, -1, 1]","[1.38532526e-12 7.39136721e-13 3.79193105e-05 1.03877484e-06
 8.04665968e-04 1.33968058e-06 6.27347482e-04 1.50040074e-06
 1.06371857e-05 1.81795856e-06 3.38834676e-04 1.76800478e-06
 1.73961551e-04 1.99050769e-06 1.09917436e+04 5.09802655e+03
 1.12377477e-04 1.89577758e-06 5.65291694e-04 1.27305484e-06
 7.43089240e-04 1.42020627e-06 4.70953212e-04 1.14766421e-06
 1.92924816e-04 6.97498755e-07 2.95348455e-04 7.40658332e-07
 9.18016874e-05 1.71759795e-06]",STALE
160.284,60.6544,0.000284856,-3.613292029790047,2025-0521-220515,"[0, -1, 1]","[1.11500146e-12 8.54027712e-13 3.70605629e-05 1.04323611e-06
 8.11990466e-04 1.33968058e-06 6.81560240e-04 1.44571134e-06
 1.67842652e-05 1.92383067e-06 3.11862828e-04 1.85203795e-06
 1.65298236e-04 1.93942588e-06 1.05006187e+04 5.22354042e+03
 1.14796666e-04 1.87313707e-06 5.65291694e-04 1.27297815e-06
 7.14072288e-04 1.42020627e-06 4.67660246e-04 1.06617767e-06
 1.81337179e-04 7.05416979e-07 2.89384240e-04 7.00139800e-07
 9.32944234e-05 1.73125229e-06]",STALE
201.565,62.6448,0.000289386,-3.6204650759550576,2025-0521-220525,"[0, -1, 1]","[1.11500146e-12 8.54027712e-13 3.83662048e-05 1.04323611e-06
 8.11990466e-04 1.42552895e-06 6.50757987e-04 1.44657775e-06
 2.23054707e-05 1.92383067e-06 3.11862828e-04 1.85203795e-06
 1.65298236e-04 1.93942588e-06 1.05006187e+04 5.22354042e+03
 1.15968737e-04 1.82275128e-06 5.65291694e-04 1.27297815e-06
 6.62276240e-04 1.42020627e-06 4.77764800e-04 1.06617767e-06
 1.65968835e-04 6.51956824e-07 2.93865174e-04 7.00139800e-07
 9.32944234e-05 1.74980483e-06]",STALE
142.413,59.6276,0.000281684,-3.6107399721188216,2025-0521-220525,"[0, -1, 1]","[1.11500146e-12 8.54027712e-13 3.73735139e-05 1.03124374e-06
 8.05900290e-04 1.31719537e-06 6.33602691e-04 1.52644414e-06
 1.67842652e-05 1.92383067e-06 3.19202259e-04 1.85203795e-06
 1.63046099e-04 1.95054815e-06 1.19437626e+04 5.22314982e+03
 1.14796666e-04 1.87313707e-06 5.65291694e-04 1.33192684e-06
 7.14072288e-04 1.43727053e-06 4.72852635e-04 1.06617767e-06
 1.91334510e-04 6.80521359e-07 2.86046730e-04 7.00139800e-07
 9.02423708e-05 1.71526788e-06]",STALE
176.161,61.4747,0.000285161,-3.6186636768277136,2025-0521-220525,"[0, -1, 1]","[1.04199668e-12 7.57975086e-13 3.70605629e-05 1.04018422e-06
 7.93356415e-04 1.33968058e-06 6.81560240e-04 1.41001649e-06
 2.38944325e-05 1.98349318e-06 3.35691199e-04 1.84126466e-06
 1.65298236e-04 1.95252097e-06 1.00207109e+04 5.15204080e+03
 1.14243028e-04 1.84615197e-06 5.70862170e-04 1.27297815e-06
 7.29288242e-04 1.42090248e-06 4.67660246e-04 1.01096253e-06
 1.92171788e-04 7.56873282e-07 2.87482111e-04 8.09142820e-07
 9.41576441e-05 1.73125229e-06]",STALE
145.174,59.7945,0.000280539,-3.6137199200158117,2025-0521-220536,"[0, -1, 1]","[1.11500146e-12 9.89411893e-13 4.05856038e-05 1.04323611e-06
 8.05299674e-04 1.32853016e-06 7.36370372e-04 1.52394266e-06
 3.53881207e-05 1.92383067e-06 3.61402048e-04 1.86046016e-06
 1.62700493e-04 1.97260149e-06 7.29472909e+03 5.16314236e+03
 1.11857137e-04 1.82275128e-06 5.49518544e-04 1.35419401e-06
 7.86288466e-04 1.42020627e-06 4.77764800e-04 1.00134119e-06
 1.70523826e-04 6.51956824e-07 2.84961727e-04 8.82522649e-07
 9.89218557e-05 1.82731052e-06]",STALE
270.505,65.1996,0.000307402,-3.6116058954198715,2025-0521-220536,"[0, -1, 1]","[1.44070291e-12 8.54027712e-13 3.83662048e-05 1.07120465e-06
 8.16073984e-04 1.50720049e-06 5.90449229e-04 1.44657775e-06
 2.77561187e-05 1.76665768e-06 3.11862828e-04 1.96742600e-06
 1.65298236e-04 1.73468576e-06 1.18725279e+04 5.26477127e+03
 1.19905100e-04 1.82275128e-06 5.97067607e-04 1.20581497e-06
 6.62276240e-04 1.42020627e-06 4.71534353e-04 1.06617767e-06
 1.87878091e-04 6.55756318e-07 2.82942344e-04 8.73999771e-07
 9.32944234e-05 1.75261048e-06]",STALE
231.808,63.8592,0.000267827,-3.662423331210353,2025-0521-220536,"[0, -1, 1]","[1.11500146e-12 6.39106399e-13 3.83662048e-05 1.05740310e-06
 8.22835993e-04 1.42552895e-06 6.60450651e-04 1.44657775e-06
 3.10285129e-05 1.96410961e-06 3.60216262e-04 1.85203795e-06
 1.45790986e-04 1.93942588e-06 1.05006187e+04 5.26790664e+03
 1.15386800e-04 1.83464436e-06 5.65291694e-04 1.26698282e-06
 5.54399819e-04 1.42020627e-06 5.37138608e-04 1.06617767e-06
 1.89601204e-04 7.35804996e-07 2.89113232e-04 7.00139800e-07
 9.27602846e-05 1.74980483e-06]",STALE
278.585,65.4556,0.000272471,-3.6656853912461145,2025-0521-220546,"[0, -1, 1]","[1.22009414e-12 6.39106399e-13 4.12145024e-05 1.10024198e-06
 8.68442926e-04 1.30798326e-06 6.60450651e-04 1.61677499e-06
 3.10285129e-05 1.83072558e-06 2.93758013e-04 1.85203795e-06
 1.45790986e-04 1.93942588e-06 1.03264304e+04 5.26790664e+03
 1.19805692e-04 1.83464436e-06 5.65291694e-04 1.15407205e-06
 5.59641675e-04 1.35664793e-06 4.63779187e-04 1.19993913e-06
 1.89601204e-04 8.32282609e-07 2.89644215e-04 9.72409867e-07
 9.23970489e-05 1.75971960e-06]",STALE
367.818,67.869,0.000269,-3.6869806638601896,2025-0521-220546,"[0, -1, 1]","[1.11500146e-12 7.94140606e-13 3.51787068e-05 1.10323247e-06
 8.22835993e-04 1.42552895e-06 6.60450651e-04 1.58010672e-06
 3.15093229e-05 1.96410961e-06 2.71201684e-04 1.90620292e-06
 1.45790986e-04 1.93942588e-06 1.04387186e+04 5.41143600e+03
 1.15386800e-04 1.81766639e-06 6.01681238e-04 1.26698282e-06
 5.54399819e-04 1.40320338e-06 4.82119678e-04 1.18785438e-06
 1.52297822e-04 6.43502698e-07 2.97807659e-04 7.00139800e-07
 9.39114109e-05 1.77985892e-06]",./circuit_database/AZC/result_folder/2025-0521-220546
459.851,69.8088,0.000283961,-3.6757100476693547,2025-0521-220556,"[0, -1, 1]","[1.24299759e-12 8.50205793e-13 3.50124579e-05 1.07931598e-06
 7.82153488e-04 1.42552895e-06 6.39365134e-04 1.58010672e-06
 3.15093229e-05 1.71435990e-06 2.82010572e-04 1.90620292e-06
 1.51838016e-04 1.92642454e-06 1.05337808e+04 5.39030970e+03
 1.23224884e-04 1.81766639e-06 5.87611013e-04 1.14226588e-06
 5.69501537e-04 1.32551049e-06 4.96010085e-04 1.19666736e-06
 1.80217831e-04 5.44999075e-07 2.97807659e-04 6.72289676e-07
 1.01640075e-04 1.77985892e-06]",STALE
372.242,67.9729,0.000283568,-3.6647387697476828,2025-0521-220607,"[0, -1, 1]","[1.11500146e-12 6.69578045e-13 3.51787068e-05 1.20106851e-06
 7.45951467e-04 1.38325759e-06 6.04031170e-04 1.58010672e-06
 3.15093229e-05 1.88094092e-06 3.08666486e-04 1.97571526e-06
 1.51040544e-04 1.94662247e-06 1.04387186e+04 5.18780410e+03
 1.23345300e-04 1.79352775e-06 5.88346734e-04 1.26698282e-06
 5.54399819e-04 1.40320338e-06 4.82119678e-04 1.25028282e-06
 1.70868902e-04 6.47714381e-07 2.97807659e-04 7.00139800e-07
 8.19789292e-05 1.84486792e-06]",STALE
426.461,69.1541,0.000282481,-3.6738858564296115,2025-0521-220607,"[0, -1, 1]","[1.07889809e-12 6.07915824e-13 3.51787068e-05 1.19318914e-06
 8.22835993e-04 1.25400806e-06 6.09564186e-04 1.63202099e-06
 3.15093229e-05 1.96410961e-06 2.71201684e-04 1.98775742e-06
 1.50844069e-04 1.93942588e-06 1.04154282e+04 5.36907193e+03
 1.17538209e-04 1.72918857e-06 5.86525911e-04 1.26698282e-06
 5.51942085e-04 1.48954041e-06 4.34518245e-04 1.18839255e-06
 1.65766673e-04 7.90078979e-07 3.00129061e-04 6.62938949e-07
 9.30307079e-05 1.77985892e-06]",STALE
391.754,68.4166,0.000269813,-3.689160341175443,2025-0521-220607,"[0, -1, 1]","[1.05367275e-12 8.30104334e-13 3.51787068e-05 1.10323247e-06
 7.74890110e-04 1.42552895e-06 6.17155255e-04 1.41660290e-06
 3.15093229e-05 1.87407163e-06 2.78334775e-04 1.90620292e-06
 1.46368339e-04 1.93942588e-06 1.03395428e+04 5.48839589e+03
 1.15386800e-04 1.81766639e-06 6.01920634e-04 1.26698282e-06
 5.54399819e-04 1.40300622e-06 3.96433628e-04 1.18785438e-06
 1.52297822e-04 7.70054901e-07 3.01627699e-04 8.58692043e-07
 1.02460916e-04 1.74142085e-06]",./circuit_database/AZC/result_folder/2025-0521-220607
479.208,70.167,0.000277896,-3.6873076471204906,2025-0521-220617,"[0, -1, 1]","[1.05367275e-12 1.17389379e-12 3.51787068e-05 1.11337225e-06
 7.41449772e-04 1.42552895e-06 6.56123091e-04 1.53053265e-06
 3.91175675e-05 1.68744094e-06 2.78334775e-04 1.76372982e-06
 1.46368339e-04 1.88123092e-06 1.03395428e+04 5.57040858e+03
 1.20107284e-04 1.81766639e-06 5.84816562e-04 1.26698282e-06
 5.42890301e-04 1.40300622e-06 4.60176585e-04 1.16008246e-06
 1.32360171e-04 7.70054901e-07 3.01627699e-04 8.58692043e-07
 1.02460916e-04 1.83019409e-06]",./circuit_database/AZC/result_folder/2025-0521-220617
416.871,68.9564,0.000272747,-3.6878754442308646,2025-0521-220628,"[0, -1, 1]","[1.00209408e-12 8.30104334e-13 3.51822190e-05 1.08268320e-06
 7.46131171e-04 1.40396578e-06 6.52109032e-04 1.41660290e-06
 3.72498441e-05 1.96485225e-06 3.22795314e-04 1.90592113e-06
 1.46368339e-04 1.93942588e-06 1.04028335e+04 5.48839589e+03
 1.18086941e-04 1.81766639e-06 6.01920634e-04 1.28615590e-06
 5.54211960e-04 1.44313542e-06 3.96433628e-04 1.22194105e-06
 1.37759562e-04 7.70054901e-07 3.06733188e-04 8.58692043e-07
 9.98007675e-05 1.78657094e-06]",./circuit_database/AZC/result_folder/2025-0521-220628
392.889,68.4418,0.00027152,-3.6865795370650973,2025-0521-220628,"[0, -1, 1]","[1.06122174e-12 9.05919447e-13 3.35033033e-05 1.10323247e-06
 7.45291467e-04 1.40735663e-06 6.17155255e-04 1.37062159e-06
 2.78804898e-05 1.77444147e-06 3.29544179e-04 1.99631358e-06
 1.46368339e-04 1.92240205e-06 1.03395428e+04 5.43431855e+03
 1.15717405e-04 1.81133263e-06 6.01920634e-04 1.26698282e-06
 5.34134033e-04 1.37731348e-06 4.06941139e-04 1.18785438e-06
 1.46024134e-04 7.20352138e-07 3.07767496e-04 8.36301757e-07
 1.02460916e-04 1.74142085e-06]",STALE
479.719,70.1761,0.000279331,-3.685131056910168,2025-0521-220628,"[0, -1, 1]","[9.49859867e-13 9.36859442e-13 3.32129711e-05 1.10323247e-06
 7.74890110e-04 1.39043052e-06 6.17155255e-04 1.52227156e-06
 3.15093229e-05 1.79399692e-06 2.78334775e-04 1.94454926e-06
 1.52963693e-04 1.96404245e-06 1.05409432e+04 5.58822064e+03
 1.18865666e-04 1.81312930e-06 6.01920634e-04 1.26698282e-06
 5.72186262e-04 1.40300622e-06 3.84111601e-04 1.18785438e-06
 1.55400099e-04 7.58448390e-07 3.05309444e-04 8.14530848e-07
 1.01009783e-04 1.73575114e-06]",./circuit_database/AZC/result_folder/2025-0521-220628
332.329,66.9878,0.000267099,-3.6843825776613253,2025-0521-220628,"[0, -1, 1]","[1.10437889e-12 8.77988750e-13 3.69886557e-05 1.10323247e-06
 7.48116494e-04 1.41589159e-06 6.49810899e-04 1.42075668e-06
 2.92139306e-05 1.95773935e-06 3.26306934e-04 1.91106932e-06
 1.44471490e-04 1.97176755e-06 1.05317194e+04 5.40393171e+03
 1.15386800e-04 1.80150077e-06 5.89426223e-04 1.26698282e-06
 5.54399819e-04 1.37792476e-06 3.78164100e-04 1.19610011e-06
 1.35580844e-04 7.69476821e-07 3.01627699e-04 9.21086492e-07
 9.97245123e-05 1.76818963e-06]",./circuit_database/AZC/result_folder/2025-0521-220628
435.33,69.3327,0.000275002,-3.686664063537733,2025-0521-220628,"[0, -1, 1]","[1.03879875e-12 8.30104334e-13 3.57579634e-05 1.13257045e-06
 8.01114347e-04 1.38263961e-06 6.10181341e-04 1.31681711e-06
 3.15093229e-05 1.94048354e-06 3.32537703e-04 1.90515458e-06
 1.46368339e-04 1.93904259e-06 1.01706160e+04 5.42845997e+03
 1.17698191e-04 1.77664061e-06 6.01920634e-04 1.22873080e-06
 5.75030663e-04 1.34874614e-06 4.22984334e-04 1.18785438e-06
 1.52297822e-04 7.18505803e-07 3.05321760e-04 8.58692043e-07
 1.03942493e-04 1.74142085e-06]",STALE
407.928,68.7682,0.000270798,-3.6897989667701965,2025-0521-220639,"[0, -1, 1]","[9.63805905e-13 7.14118509e-13 3.33241429e-05 1.14567612e-06
 7.49055163e-04 1.38726025e-06 5.99276174e-04 1.45373637e-06
 3.15093229e-05 1.85977930e-06 3.10672305e-04 1.95628228e-06
 1.43251062e-04 1.93942588e-06 1.03395428e+04 5.36987209e+03
 1.17969705e-04 1.79604967e-06 5.87330125e-04 1.29093427e-06
 5.47696962e-04 1.40300622e-06 4.23959468e-04 1.18785438e-06
 1.51148542e-04 8.03032186e-07 2.95251213e-04 8.42487142e-07
 9.94791068e-05 1.77031696e-06]",./circuit_database/AZC/result_folder/2025-0521-220639
471.613,70.0281,0.000274648,-3.691556290717453,2025-0521-220639,"[0, -1, 1]","[1.04886035e-12 9.57731812e-13 3.42103718e-05 1.10323247e-06
 8.02666222e-04 1.44057450e-06 6.35417505e-04 1.39114615e-06
 3.15093229e-05 1.77150646e-06 3.29279374e-04 1.90620292e-06
 1.47511350e-04 1.93942588e-06 1.01892431e+04 5.59638564e+03
 1.18762027e-04 1.81766639e-06 6.01608304e-04 1.26581622e-06
 5.54399819e-04 1.45269683e-06 3.96433628e-04 1.12960350e-06
 1.52297822e-04 8.05002710e-07 3.08651014e-04 7.86061716e-07
 1.01415789e-04 1.74142085e-06]",./circuit_database/AZC/result_folder/2025-0521-220639
485.715,70.284,0.000279772,-3.6851129847698583,2025-0521-220650,"[0, -1, 1]","[1.04886035e-12 1.00782981e-12 3.16344564e-05 1.11895733e-06
 7.63200550e-04 1.40951087e-06 6.62808231e-04 1.52167650e-06
 2.76233913e-05 1.70213423e-06 2.94515830e-04 1.92010589e-06
 1.52108197e-04 1.97006711e-06 1.01687832e+04 5.53271569e+03
 1.18762027e-04 1.78352553e-06 6.03569112e-04 1.29613160e-06
 5.54399819e-04 1.46499276e-06 3.84209678e-04 1.12960350e-06
 1.62479580e-04 7.62928255e-07 3.02235062e-04 7.41519989e-07
 9.91034673e-05 1.74142085e-06]",./circuit_database/AZC/result_folder/2025-0521-220650
20398.1,102.742,0.00108305,C2P_Simulator,2025-0522-004125,['NSGA-II'],"[2.4150853e-12 1.9608674e-12 1.0196600e-04 1.5364916e-06 6.0109928e-04
 1.5821888e-06 4.3050613e-04 7.2090876e-07 8.8002830e-04 1.4073655e-06
 5.5213262e-05 1.3262236e-06 4.6769847e-04 1.0376176e-06 1.4358635e+04
 9.8203750e+03 3.2627067e-04 1.6976295e-06 9.0648019e-04 5.6552824e-07
 1.4295591e-04 1.2903605e-06 6.9798797e-04 8.6846450e-07 1.1245560e-04
 1.8540367e-06 5.2901160e-04 8.8902397e-07 4.4098651e-04 1.1122866e-06]",STALE
72331.3,113.738,0.0011116,C2P_Simulator,2025-0522-004125,['NSGA-II'],"[2.3930623e-12 1.8266872e-12 3.5083620e-05 1.3956738e-06 6.5036479e-04
 1.6338689e-06 4.3050613e-04 9.0532257e-07 9.2462637e-04 1.4046396e-06
 5.3825799e-05 1.3209171e-06 4.6225151e-04 1.1125841e-06 1.2736921e+04
 1.1221848e+04 3.6989001e-04 1.5910529e-06 9.0241211e-04 5.8851714e-07
 1.3844417e-04 1.3441389e-06 6.9798797e-04 9.1874244e-07 7.1593466e-05
 1.7672012e-06 6.0207793e-04 1.0332046e-06 5.3554488e-04 1.4025750e-06]",./circuit_database/AZC/result_folder/2025-0522-004125
82242.7,114.853,0.00112166,C2P_Simulator,2025-0522-004125,['NSGA-II'],"[2.3930623e-12 2.0140944e-12 3.5083620e-05 1.4351821e-06 6.5036479e-04
 1.6613346e-06 4.3050613e-04 9.0532257e-07 9.2462637e-04 1.4612548e-06
 5.3825799e-05 1.3209171e-06 4.6225151e-04 1.1125841e-06 1.2736921e+04
 1.1153500e+04 3.8107377e-04 1.5910529e-06 9.0241211e-04 5.8851714e-07
 1.8597757e-04 1.3441389e-06 6.4155419e-04 8.8652121e-07 6.7785266e-05
 1.8158064e-06 6.0207793e-04 1.0332046e-06 5.4205698e-04 1.4329029e-06]",./circuit_database/AZC/result_folder/2025-0522-004125
33745.9,107.115,0.00108572,C2P_Simulator,2025-0522-004125,['NSGA-II'],"[2.2979099e-12 1.9172628e-12 5.8269390e-05 1.3509175e-06 6.5036479e-04
 1.6508918e-06 4.3050613e-04 1.0212171e-06 8.4427098e-04 1.4046396e-06
 8.9308014e-05 1.5474426e-06 4.4819733e-04 1.0517982e-06 1.2736921e+04
 1.1221848e+04 3.4228698e-04 1.5910529e-06 8.6298527e-04 5.8429862e-07
 9.2638511e-05 1.3441389e-06 6.5757963e-04 1.0443505e-06 8.1782535e-05
 1.8516147e-06 5.8269023e-04 1.1966445e-06 4.7911640e-04 1.4325580e-06]",STALE
110827.0,117.254,0.00266371,C2P_Simulator,2025-0522-004125,['NSGA-II'],"[1.8580402e-12 1.0033943e-12 2.8156032e-04 1.8696720e-06 6.1552780e-04
 1.2014669e-06 6.6422450e-04 1.9379218e-06 9.0135269e-05 1.8385497e-06
 5.4825173e-06 1.2344307e-06 9.8370959e-04 8.8918421e-07 9.2963174e+03
 5.1167529e+03 8.2531432e-04 1.5891451e-06 1.1445373e-05 1.4132622e-06
 5.6166429e-04 8.1691849e-07 4.9857894e-04 6.6296849e-07 8.7144197e-04
 1.8982423e-06 8.0173009e-04 1.5637729e-06 8.7810266e-05 1.0814921e-06]",./circuit_database/AZC/result_folder/2025-0522-004125
123768.0,114.288,0.00190668,C2P_Simulator,2025-0522-004125,['NSGA-II'],"[2.5021779e-12 1.3796875e-12 8.9403999e-04 1.4615597e-06 7.5718865e-04
 7.1419049e-07 1.1533189e-04 1.9989366e-06 7.5407850e-05 1.6152021e-06
 8.0555192e-06 1.1601064e-06 6.2403030e-04 8.8272981e-07 5.8525220e+03
 5.7633613e+03 8.2668196e-04 7.0246421e-07 4.9396273e-05 1.2770371e-06
 5.1752903e-04 1.4810014e-06 4.5468495e-04 7.8764413e-07 4.5598976e-04
 1.6746932e-06 2.3931397e-04 1.6405834e-06 4.6675577e-05 1.4984467e-06]",./circuit_database/AZC/result_folder/2025-0522-004125
18521.7,101.895,0.000573154,C2P_Simulator,2025-0522-004125,['NSGA-II'],"[9.7548738e-13 1.6153292e-12 4.2640479e-04 1.3775375e-06 6.9941505e-04
 7.9087471e-07 4.9873663e-04 1.6590686e-06 7.5407850e-05 9.9995736e-07
 6.5852118e-06 1.1886676e-06 1.5083418e-04 8.4154942e-07 1.1148937e+04
 1.0674428e+04 4.3710860e-04 8.8254143e-07 4.9814080e-05 1.5755469e-06
 3.3720242e-04 1.3876856e-06 5.2657706e-04 7.8764413e-07 5.0500361e-04
 1.6420435e-06 1.7347395e-04 1.8772217e-06 1.0508773e-04 8.7620049e-07]",STALE
20365.8,102.712,0.000930489,C2P_Simulator,2025-0522-004125,['NSGA-II'],"[1.7960477e-12 1.7948627e-12 1.3957871e-04 1.5535683e-06 7.2989782e-04
 6.1055761e-07 2.5304846e-04 1.4924053e-06 5.4474390e-04 1.0360603e-06
 5.1134757e-06 1.4855983e-06 4.5579768e-04 1.4704711e-06 1.2015406e+04
 1.0255940e+04 6.4670248e-04 7.3336651e-07 4.3137388e-05 1.5503812e-06
 2.7896863e-04 1.5839039e-06 4.5468495e-04 9.1793436e-07 6.5990514e-04
 1.7063006e-06 2.1642052e-04 1.6342500e-06 1.5131010e-04 1.5483751e-06]",STALE
159257.0,116.375,0.00247095,C2P_Simulator,2025-0522-004125,['NSGA-II'],"[1.5484102e-12 2.9201945e-12 6.2541821e-04 1.6255996e-06 7.2989782e-04
 7.2092348e-07 2.5304846e-04 1.5607454e-06 3.8251808e-04 1.0688404e-06
 5.4825173e-06 1.6741901e-06 7.7375647e-04 9.4607304e-07 6.5834673e+03
 1.1553523e+04 4.3710860e-04 6.7581618e-07 4.9811220e-05 1.2770371e-06
 7.5996568e-04 1.5203468e-06 4.5468495e-04 7.8067990e-07 3.8917866e-04
 1.5538415e-06 2.1915007e-04 1.5623740e-06 1.5131010e-04 1.5483751e-06]",./circuit_database/AZC/result_folder/2025-0522-004125
105865.0,115.569,0.00138317,C2P_Simulator,2025-0522-004125,['NSGA-II'],"[9.7548738e-13 1.7948627e-12 9.3928305e-04 1.5535683e-06 7.8877731e-04
 5.7377650e-07 2.5304846e-04 1.9989366e-06 7.5407850e-05 9.9995736e-07
 6.6201469e-06 1.9789447e-06 4.8769981e-04 1.0778815e-06 1.2934760e+04
 1.6101074e+04 8.8686607e-04 5.2740450e-07 4.7032419e-05 1.2770371e-06
 7.1057997e-04 1.5839039e-06 4.5551179e-04 9.1794624e-07 3.8917866e-04
 1.6420435e-06 1.9069889e-04 1.6342500e-06 1.5131010e-04 1.8720730e-06]",./circuit_database/AZC/result_folder/2025-0522-004125
123116.0,115.851,0.00170029,C2P_Simulator,2025-0522-004125,['NSGA-II'],"[1.2970722e-12 1.7782440e-12 8.4459403e-04 9.0153446e-07 7.2989782e-04
 7.9087471e-07 8.5881138e-06 1.5889707e-06 7.5407850e-05 1.1203435e-06
 5.4825173e-06 1.9908216e-06 6.1970984e-04 8.5501250e-07 6.5803350e+03
 1.5183090e+04 4.3710860e-04 7.4444034e-07 5.1649244e-05 1.1786669e-06
 7.5996568e-04 1.5839039e-06 4.5468495e-04 7.8764413e-07 5.5504194e-04
 1.6420435e-06 3.1139597e-04 1.7244751e-06 1.5131010e-04 1.4146923e-06]",./circuit_database/AZC/result_folder/2025-0522-004125
127415.0,116.589,0.0021929,C2P_Simulator,2025-0522-004125,['NSGA-II'],"[9.7548738e-13 1.6260144e-12 6.2541821e-04 1.5535683e-06 7.1777171e-04
 7.9087471e-07 2.5304846e-04 1.9989366e-06 1.5789975e-04 8.0702716e-07
 5.1043216e-06 1.6741901e-06 7.3034811e-04 8.4154942e-07 6.5834673e+03
 5.7633613e+03 4.3710860e-04 8.2329262e-07 4.9508373e-05 1.2809039e-06
 6.9141400e-04 1.7071001e-06 4.5468495e-04 8.7253483e-07 5.9558713e-04
 1.6181461e-06 2.5879685e-04 1.6154671e-06 1.6091041e-04 1.2283166e-06]",./circuit_database/AZC/result_folder/2025-0522-004125
189675.0,117.684,0.00309991,C2P_Simulator,2025-0522-004125,['NSGA-II'],"[1.4008305e-12 1.6141960e-12 7.6763367e-04 1.7536222e-06 7.7962037e-04
 6.7340056e-07 3.0530471e-04 1.8947821e-06 1.0735061e-04 1.6112673e-06
 6.3533034e-06 1.6302530e-06 9.5506728e-04 8.0098022e-07 8.6548711e+03
 5.4388486e+03 7.8221405e-04 1.0513832e-06 4.7084872e-05 1.3521438e-06
 8.0416439e-04 1.5643657e-06 3.3885203e-04 5.2483023e-07 5.8038678e-04
 1.6550066e-06 2.3570552e-04 1.6342500e-06 4.1114434e-04 9.9336114e-07]",./circuit_database/AZC/result_folder/2025-0522-004125
207085.0,113.619,0.00333996,C2P_Simulator,2025-0522-004125,['NSGA-II'],"[1.6635530e-12 1.5334113e-12 9.3371415e-04 1.6049620e-06 7.1765605e-04
 8.2056999e-07 6.4713269e-05 1.7987804e-06 3.5090910e-04 1.1869157e-06
 5.0381241e-06 1.5258330e-06 7.3841028e-04 8.6532953e-07 8.0220967e+03
 4.7631323e+03 7.0570724e-04 1.0513832e-06 4.7688169e-05 1.3332840e-06
 6.0777663e-04 1.5643657e-06 3.6758874e-04 9.2347500e-07 1.9056197e-04
 1.5187923e-06 1.7353545e-04 1.5624230e-06 2.8847763e-04 1.6021165e-06]",./circuit_database/AZC/result_folder/2025-0522-004125
251942.0,110.798,0.00417483,C2P_Simulator,2025-0522-004125,['NSGA-II'],"[1.8724508e-12 1.6791408e-12 9.0684189e-04 1.5454069e-06 7.9350255e-04
 7.9314270e-07 3.6468179e-04 1.7987804e-06 2.7383477e-04 1.4713646e-06
 5.9563981e-06 1.6183047e-06 9.0013875e-04 8.3432235e-07 7.0455708e+03
 3.7006479e+03 3.4657429e-04 9.1088611e-07 4.8457008e-05 1.2279858e-06
 5.8721949e-04 1.6243874e-06 2.8464533e-04 9.4883910e-07 1.7390265e-04
 1.4491994e-06 1.7353545e-04 1.6601728e-06 2.8146827e-04 1.6899835e-06]",./circuit_database/AZC/result_folder/2025-0522-004125
267954.0,111.389,0.00462226,C2P_Simulator,2025-0522-004125,['NSGA-II'],"[1.9302949e-12 1.6364886e-12 9.0684189e-04 1.5526640e-06 7.8680727e-04
 6.9262205e-07 3.9632310e-04 1.9782353e-06 3.7035145e-04 1.6825072e-06
 6.3181660e-06 1.8070227e-06 8.7533070e-04 8.0098022e-07 7.1504561e+03
 5.4388486e+03 4.4850254e-04 1.0552106e-06 5.0985989e-05 1.2243735e-06
 7.5826846e-04 1.4976337e-06 3.4161465e-04 9.2347500e-07 1.9056197e-04
 1.4668293e-06 1.6729816e-04 1.6342500e-06 3.0098608e-04 1.6021165e-06]",./circuit_database/AZC/result_folder/2025-0522-004125
240442.0,113.221,0.00428334,C2P_Simulator,2025-0522-004125,['NSGA-II'],"[1.9302949e-12 1.4722426e-12 9.0684189e-04 1.5910897e-06 7.8680727e-04
 6.9262205e-07 3.4522873e-04 1.9455993e-06 3.0976627e-04 1.7424487e-06
 5.9051335e-06 1.8988848e-06 7.6492049e-04 8.0098022e-07 7.1504561e+03
 3.6177610e+03 5.3860660e-04 1.0242201e-06 4.9179347e-05 1.2463170e-06
 7.4762217e-04 1.4438269e-06 3.6101762e-04 8.8232963e-07 1.9056197e-04
 1.4972522e-06 1.9179092e-04 1.6618167e-06 2.9354004e-04 1.6714558e-06]",./circuit_database/AZC/result_folder/2025-0522-004125
251404.0,112.752,0.00415455,C2P_Simulator,2025-0522-004125,['NSGA-II'],"[2.1384574e-12 1.6364886e-12 9.3279860e-04 1.5951672e-06 7.9455489e-04
 7.2231103e-07 2.9071697e-04 1.9782353e-06 3.7035145e-04 1.8248491e-06
 6.3181660e-06 1.8940275e-06 8.5549080e-04 8.0098022e-07 6.9151514e+03
 5.4388486e+03 5.1050354e-04 1.0385236e-06 5.1391082e-05 1.3070693e-06
 7.4278138e-04 1.4976337e-06 3.3662398e-04 8.8225306e-07 2.1993033e-04
 1.4944665e-06 1.7318307e-04 1.6256905e-06 3.1353204e-04 1.7158372e-06]",./circuit_database/AZC/result_folder/2025-0522-004125
282474.0,111.825,0.0051751,C2P_Simulator,2025-0522-004125,['NSGA-II'],"[2.1103794e-12 1.6258711e-12 9.4826298e-04 1.4535242e-06 7.8513467e-04
 6.7974440e-07 3.5886082e-04 1.7484633e-06 4.5800445e-04 1.5795822e-06
 6.6247339e-06 1.8917464e-06 8.3888997e-04 6.4665664e-07 7.0103228e+03
 2.8160950e+03 4.4647770e-04 1.0355807e-06 4.8681944e-05 1.2776775e-06
 7.8945962e-04 1.4996856e-06 3.1122781e-04 8.3310567e-07 1.9031682e-04
 1.4320105e-06 2.0783722e-04 1.6634830e-06 2.8803750e-04 1.5602889e-06]",./circuit_database/AZC/result_folder/2025-0522-004125
236649.0,111.935,0.00403836,C2P_Simulator,2025-0522-004125,['NSGA-II'],"[2.1863544e-12 1.4671990e-12 8.8615227e-04 1.4229648e-06 7.5946900e-04
 6.9301825e-07 3.6856942e-04 1.8667309e-06 3.9802396e-04 1.6997175e-06
 5.6715089e-06 1.8431784e-06 8.3835371e-04 6.9330252e-07 6.9508784e+03
 6.6082104e+03 6.5658393e-04 1.0355807e-06 4.8389891e-05 1.2243735e-06
 6.3501368e-04 1.4474499e-06 2.8133305e-04 8.3718675e-07 2.1643304e-04
 1.4876892e-06 1.8989792e-04 1.6359389e-06 3.1657642e-04 1.7000523e-06]",./circuit_database/AZC/result_folder/2025-0522-004125
222494.0,113.963,0.00349163,C2P_Simulator,2025-0522-004125,['NSGA-II'],"[1.5776361e-12 1.6932572e-12 9.8039699e-04 1.4533834e-06 7.9418026e-04
 6.8662109e-07 1.9950827e-04 1.5968133e-06 4.3890820e-04 1.7880654e-06
 6.3181660e-06 1.9866679e-06 8.4748573e-04 8.3815502e-07 7.0008564e+03
 5.5082896e+03 4.4474058e-04 1.0355807e-06 4.9967162e-05 1.2179610e-06
 6.9701782e-04 1.5721351e-06 3.3680964e-04 8.9291950e-07 2.5153515e-04
 1.4624943e-06 1.9632911e-04 1.6792704e-06 3.0928283e-04 1.4432461e-06]",./circuit_database/AZC/result_folder/2025-0522-004125
330592.0,111.213,0.00484888,C2P_Simulator,2025-0522-004125,['NSGA-II'],"[1.6236470e-12 1.7886304e-12 9.8763080e-04 1.4357717e-06 8.4503886e-04
 8.7720417e-07 2.8373394e-04 1.8087939e-06 4.8277076e-04 1.7872736e-06
 6.3181660e-06 1.9324350e-06 8.6896471e-04 6.5469908e-07 7.0550039e+03
 9.1609082e+03 4.7034843e-04 1.0288634e-06 4.9694339e-05 1.1056158e-06
 6.6560548e-04 1.4529883e-06 3.1431715e-04 8.9724188e-07 1.6317971e-04
 1.4484256e-06 2.4904232e-04 1.6414383e-06 3.0453407e-04 1.8238886e-06]",./circuit_database/AZC/result_folder/2025-0522-004125
372856.0,110.495,0.00531815,C2P_Simulator,2025-0522-004125,['NSGA-II'],"[2.0354111e-12 1.8295476e-12 9.4326603e-04 1.4685058e-06 8.1867812e-04
 7.3744468e-07 3.2696457e-04 1.8389275e-06 4.8050276e-04 1.5395849e-06
 6.9641828e-06 1.6979543e-06 9.1306504e-04 6.5531219e-07 7.4611846e+03
 2.8884387e+03 5.0272688e-04 9.6592930e-07 5.6552861e-05 1.1416300e-06
 6.4477505e-04 1.5509884e-06 3.3242171e-04 9.9676242e-07 1.6723787e-04
 1.4623371e-06 2.2408371e-04 1.6428418e-06 3.4464966e-04 1.7144354e-06]",./circuit_database/AZC/result_folder/2025-0522-004125
566169.0,110.447,0.00812816,C2P_Simulator,2025-0522-004125,['NSGA-II'],"[1.8159588e-12 1.6339949e-12 8.8181475e-04 1.6783575e-06 6.2494428e-04
 9.0136996e-07 4.6100744e-05 1.7973365e-06 3.7910033e-04 1.4685597e-06
 5.6235108e-06 1.7258935e-06 9.2768774e-04 5.6200315e-07 6.0106357e+03
 5.5372310e+03 5.0949701e-04 1.0116883e-06 4.8547838e-05 1.1911231e-06
 6.3317642e-04 9.1760347e-07 3.6208826e-04 9.2966434e-07 1.3883501e-04
 1.4513054e-06 3.3011648e-04 1.6373273e-06 2.6551526e-04 1.6983748e-06]",./circuit_database/AZC/result_folder/2025-0522-004125
508749.0,108.781,0.00636599,C2P_Simulator,2025-0522-004125,['NSGA-II'],"[1.6932220e-12 1.5683851e-12 9.2269300e-04 1.5731338e-06 7.6020509e-04
 9.8581938e-07 4.3197253e-04 1.6004636e-06 3.6398202e-04 1.6399330e-06
 9.0096528e-06 1.7251436e-06 9.3476952e-04 5.4763467e-07 4.7817368e+03
 5.5372310e+03 5.6031026e-04 9.6335862e-07 4.4034816e-05 1.0331064e-06
 6.1172346e-04 1.3924803e-06 3.3645722e-04 9.2966434e-07 1.3883501e-04
 1.4513054e-06 2.4355169e-04 1.6435627e-06 2.2174630e-04 1.8475672e-06]",./circuit_database/AZC/result_folder/2025-0522-004125
528701.0,109.186,0.00642635,C2P_Simulator,2025-0522-004125,['NSGA-II'],"[1.8458169e-12 1.6247475e-12 9.2269300e-04 1.6580046e-06 7.6020509e-04
 9.3741835e-07 4.3197253e-04 1.5393208e-06 3.2016358e-04 1.5120703e-06
 9.0096528e-06 1.7749247e-06 9.7918930e-04 5.4763467e-07 5.4461558e+03
 7.1530615e+03 5.6031026e-04 9.6335862e-07 4.4034816e-05 1.0526534e-06
 5.7698996e-04 1.2990822e-06 3.2012851e-04 9.4632315e-07 1.5570509e-04
 1.5650052e-06 2.5517709e-04 1.6435627e-06 2.3323330e-04 1.8212451e-06]",./circuit_database/AZC/result_folder/2025-0522-004125
602913.0,104.561,0.00799597,C2P_Simulator,2025-0522-004125,['NSGA-II'],"[1.6845171e-12 1.6967743e-12 9.7209128e-04 1.6921390e-06 7.0280704e-04
 8.8392562e-07 4.7564952e-04 1.5694185e-06 3.9103912e-04 1.4947932e-06
 1.1867046e-05 1.4575496e-06 9.1776124e-04 5.4339284e-07 4.2819546e+03
 7.0039873e+03 4.6715600e-04 9.2058235e-07 4.4034816e-05 1.0626953e-06
 6.0922402e-04 1.4206844e-06 3.3035086e-04 9.1905702e-07 1.0545420e-04
 1.5834562e-06 1.8302385e-04 1.6392537e-06 2.8360396e-04 1.7356691e-06]",./circuit_database/AZC/result_folder/2025-0522-004125
531283.0,108.199,0.00709995,C2P_Simulator,2025-0522-004125,['NSGA-II'],"[1.7504860e-12 1.6383184e-12 8.6858403e-04 1.6001961e-06 6.9446629e-04
 9.9313252e-07 4.9662072e-04 1.5694185e-06 3.3843992e-04 1.4440476e-06
 9.0096528e-06 1.8060097e-06 8.0372597e-04 5.1421102e-07 4.7050093e+03
 3.3263069e+03 4.1353816e-04 9.5431346e-07 4.5729383e-05 1.1539024e-06
 6.0922402e-04 1.4181772e-06 3.3816247e-04 9.1733961e-07 1.0585968e-04
 1.5650052e-06 2.6081334e-04 1.6164008e-06 2.6282793e-04 1.6654083e-06]",./circuit_database/AZC/result_folder/2025-0522-004125
2147860.0,95.1599,0.018023,C2P_Simulator,2025-0522-004125,['NSGA-II'],"[1.7564047e-12 1.6967743e-12 8.6785486e-04 1.8697311e-06 6.5310026e-04
 9.5560495e-07 2.2324076e-04 1.5556429e-06 5.0265517e-04 1.6142993e-06
 2.2119804e-05 5.3115224e-07 9.1776124e-04 5.8738829e-07 6.3823149e+03
 3.5889116e+03 3.1603803e-04 8.5873933e-07 3.8474562e-05 9.4826430e-07
 6.1190443e-04 1.6091626e-06 3.3381322e-04 1.0554564e-06 3.8936498e-05
 1.7894602e-06 1.7920787e-04 1.5978121e-06 2.8360396e-04 1.6450664e-06]",./circuit_database/AZC/result_folder/2025-0522-004125
1990640.0,101.011,0.00618468,C2P_Simulator,2025-0522-004125,['NSGA-II'],"[1.9268274e-12 2.3899251e-12 3.9923482e-04 5.2485433e-07 3.0245603e-04
 1.8197063e-06 3.5991028e-04 1.2757598e-06 2.5324742e-04 1.4559957e-06
 6.2442839e-04 1.6408001e-06 9.5752662e-04 1.4723202e-06 9.0056807e+03
 1.6845693e+04 9.4055489e-04 1.3241772e-06 7.3003158e-04 8.4820510e-07
 2.5964133e-04 1.0391199e-06 4.9206789e-04 1.7453696e-06 2.8472341e-04
 9.4321422e-07 2.7042272e-06 8.8024626e-07 4.9932161e-04 1.2662917e-06]",./circuit_database/AZC/result_folder/2025-0522-004125
1207350.0,102.046,0.00321157,C2P_Simulator,2025-0522-004125,['NSGA-II'],"[1.9268274e-12 2.4304211e-12 3.9923482e-04 5.2485433e-07 3.0245603e-04
 1.5716705e-06 2.9576785e-04 1.3362557e-06 1.6413374e-04 1.4559957e-06
 2.6865499e-04 1.6644623e-06 9.5752662e-04 1.9982078e-06 9.0056807e+03
 1.6845693e+04 8.3836570e-04 1.7451202e-06 8.8665093e-04 8.4820510e-07
 2.5964133e-04 1.0391199e-06 4.9206789e-04 1.2214856e-06 2.1569798e-04
 9.4321422e-07 2.7042272e-06 1.4955045e-06 4.9932161e-04 1.2662917e-06]",./circuit_database/AZC/result_folder/2025-0522-004125
605.357,72.1954,0.000430526,C2P_Simulator,2025-0522-004125,['NSGA-II'],"[1.23636051e-12 1.60167702e-12 4.64997429e-05 1.02407637e-06
 8.43696354e-04 1.12930945e-06 9.92257847e-04 1.42613999e-06
 1.45963322e-05 1.85561350e-06 3.07347451e-04 1.55096893e-06
 2.36959211e-04 1.89703007e-06 1.10557627e+04 4.65495459e+03
 1.91099025e-04 1.96562951e-06 6.85043284e-04 1.21029677e-06
 7.29753228e-04 1.40238126e-06 4.63474425e-04 8.75005526e-07
 1.87768324e-04 7.40461473e-07 3.08136048e-04 7.35355457e-07
 1.13508846e-04 1.38784435e-06]",./circuit_database/AZC/result_folder/2025-0522-004125
750.442,74.0632,0.00045948,C2P_Simulator,2025-0522-004125,['NSGA-II'],"[1.18339930e-12 1.60167702e-12 4.64997429e-05 1.00734735e-06
 8.43696354e-04 1.12930945e-06 9.92257847e-04 1.63012089e-06
 5.25788455e-05 1.94341487e-06 1.60642361e-04 1.01452304e-06
 2.34189894e-04 1.89703007e-06 1.11031045e+04 4.57976318e+03
 2.09082253e-04 1.82822589e-06 5.26977470e-04 1.29638784e-06
 7.30086584e-04 1.40238126e-06 5.62747358e-04 8.75005526e-07
 1.58944022e-04 1.35351991e-06 3.08136048e-04 7.33911179e-07
 1.39804819e-04 1.38784435e-06]",./circuit_database/AZC/result_folder/2025-0522-004125
367.818,67.869,0.000269,C2P_Simulator,2025-0522-004125,['NSGA-II'],"[1.1150014e-12 7.9414063e-13 3.5178706e-05 1.1032324e-06 8.2283601e-04
 1.4255289e-06 6.6045066e-04 1.5801068e-06 3.1509324e-05 1.9641095e-06
 2.7120169e-04 1.9062029e-06 1.4579098e-04 1.9394258e-06 1.0438719e+04
 5.4114360e+03 1.1538680e-04 1.8176664e-06 6.0168124e-04 1.2669828e-06
 5.5439980e-04 1.4032033e-06 4.8211968e-04 1.1878544e-06 1.5229783e-04
 6.4350269e-07 2.9780765e-04 7.0013982e-07 9.3911411e-05 1.7798590e-06]",./circuit_database/AZC/result_folder/2025-0522-004125
391.754,68.4166,0.000269813,C2P_Simulator,2025-0522-004125,['NSGA-II'],"[1.05367277e-12 8.30104323e-13 3.51787057e-05 1.10323242e-06
 7.74890126e-04 1.42552892e-06 6.17155281e-04 1.41660291e-06
 3.15093239e-05 1.87407159e-06 2.78334774e-04 1.90620290e-06
 1.46368344e-04 1.93942583e-06 1.03395430e+04 5.48839600e+03
 1.15386800e-04 1.81766643e-06 6.01920648e-04 1.26698285e-06
 5.54399798e-04 1.40300619e-06 3.96433636e-04 1.18785442e-06
 1.52297827e-04 7.70054896e-07 3.01627704e-04 8.58692033e-07
 1.02460916e-04 1.74142087e-06]",./circuit_database/AZC/result_folder/2025-0522-004125
479.208,70.167,0.000277896,C2P_Simulator,2025-0522-004125,['NSGA-II'],"[1.05367277e-12 1.17389377e-12 3.51787057e-05 1.11337226e-06
 7.41449767e-04 1.42552892e-06 6.56123098e-04 1.53053270e-06
 3.91175672e-05 1.68744089e-06 2.78334774e-04 1.76372987e-06
 1.46368344e-04 1.88123090e-06 1.03395430e+04 5.57040869e+03
 1.20107281e-04 1.81766643e-06 5.84816560e-04 1.26698285e-06
 5.42890280e-04 1.40300619e-06 4.60176583e-04 1.16008243e-06
 1.32360175e-04 7.70054896e-07 3.01627704e-04 8.58692033e-07
 1.02460916e-04 1.83019404e-06]",./circuit_database/AZC/result_folder/2025-0522-004125
416.871,68.9564,0.000272747,C2P_Simulator,2025-0522-004125,['NSGA-II'],"[1.00209413e-12 8.30104323e-13 3.51822200e-05 1.08268318e-06
 7.46131176e-04 1.40396583e-06 6.52109040e-04 1.41660291e-06
 3.72498434e-05 1.96485234e-06 3.22795328e-04 1.90592118e-06
 1.46368344e-04 1.93942583e-06 1.04028340e+04 5.48839600e+03
 1.18086944e-04 1.81766643e-06 6.01920648e-04 1.28615591e-06
 5.54211962e-04 1.44313537e-06 3.96433636e-04 1.22194103e-06
 1.37759562e-04 7.70054896e-07 3.06733185e-04 8.58692033e-07
 9.98007672e-05 1.78657092e-06]",./circuit_database/AZC/result_folder/2025-0522-004125
479.719,70.1761,0.000279331,C2P_Simulator,2025-0522-004125,['NSGA-II'],"[9.49859874e-13 9.36859423e-13 3.32129712e-05 1.10323242e-06
 7.74890126e-04 1.39043050e-06 6.17155281e-04 1.52227153e-06
 3.15093239e-05 1.79399694e-06 2.78334774e-04 1.94454924e-06
 1.52963694e-04 1.96404244e-06 1.05409434e+04 5.58822070e+03
 1.18865668e-04 1.81312930e-06 6.01920648e-04 1.26698285e-06
 5.72186254e-04 1.40300619e-06 3.84111598e-04 1.18785442e-06
 1.55400092e-04 7.58448380e-07 3.05309455e-04 8.14530836e-07
 1.01009784e-04 1.73575108e-06]",./circuit_database/AZC/result_folder/2025-0522-004125
332.329,66.9878,0.000267099,C2P_Simulator,2025-0522-004125,['NSGA-II'],"[1.1043788e-12 8.7798876e-13 3.6988655e-05 1.1032324e-06 7.4811652e-04
 1.4158916e-06 6.4981089e-04 1.4207567e-06 2.9213930e-05 1.9577394e-06
 3.2630694e-04 1.9110694e-06 1.4447149e-04 1.9717675e-06 1.0531720e+04
 5.4039316e+03 1.1538680e-04 1.8015007e-06 5.8942620e-04 1.2669828e-06
 5.5439980e-04 1.3779247e-06 3.7816411e-04 1.1961001e-06 1.3558085e-04
 7.6947680e-07 3.0162770e-04 9.2108650e-07 9.9724515e-05 1.7681896e-06]",./circuit_database/AZC/result_folder/2025-0522-004125
407.928,68.7682,0.000270798,C2P_Simulator,2025-0522-004125,['NSGA-II'],"[9.6380586e-13 7.1411849e-13 3.3324144e-05 1.1456762e-06 7.4905518e-04
 1.3872602e-06 5.9927616e-04 1.4537363e-06 3.1509324e-05 1.8597793e-06
 3.1067230e-04 1.9562822e-06 1.4325106e-04 1.9394258e-06 1.0339543e+04
 5.3698721e+03 1.1796971e-04 1.7960497e-06 5.8733014e-04 1.2909343e-06
 5.4769695e-04 1.4030062e-06 4.2395946e-04 1.1878544e-06 1.5114855e-04
 8.0303221e-07 2.9525120e-04 8.4248717e-07 9.9479104e-05 1.7703170e-06]",./circuit_database/AZC/result_folder/2025-0522-004125
471.613,70.0281,0.000274648,C2P_Simulator,2025-0522-004125,['NSGA-II'],"[1.0488603e-12 9.5773183e-13 3.4210370e-05 1.1032324e-06 8.0266624e-04
 1.4405745e-06 6.3541753e-04 1.3911462e-06 3.1509324e-05 1.7715065e-06
 3.2927937e-04 1.9062029e-06 1.4751135e-04 1.9394258e-06 1.0189243e+04
 5.5963857e+03 1.1876203e-04 1.8176664e-06 6.0160831e-04 1.2658162e-06
 5.5439980e-04 1.4526968e-06 3.9643364e-04 1.1296034e-06 1.5229783e-04
 8.0500268e-07 3.0865101e-04 7.8606172e-07 1.0141579e-04 1.7414209e-06]",./circuit_database/AZC/result_folder/2025-0522-004125
485.715,70.284,0.000279772,C2P_Simulator,2025-0522-004125,['NSGA-II'],"[1.0488603e-12 1.0078298e-12 3.1634456e-05 1.1189574e-06 7.6320057e-04
 1.4095109e-06 6.6280825e-04 1.5216765e-06 2.7623391e-05 1.7021342e-06
 2.9451583e-04 1.9201059e-06 1.5210820e-04 1.9700672e-06 1.0168783e+04
 5.5327158e+03 1.1876203e-04 1.7835255e-06 6.0356909e-04 1.2961316e-06
 5.5439980e-04 1.4649928e-06 3.8420968e-04 1.1296034e-06 1.6247958e-04
 7.6292827e-07 3.0223507e-04 7.4152001e-07 9.9103469e-05 1.7414209e-06]",./circuit_database/AZC/result_folder/2025-0522-004125
1259920.0,100.442,0.00373292,C2P_Simulator,2025-0522-004220,['NSGA-II'],"[1.9329237e-12 2.4422918e-12 3.9923482e-04 5.2485433e-07 3.0245603e-04
 1.6085867e-06 2.9576785e-04 1.4784124e-06 1.6413374e-04 1.4559957e-06
 2.5443369e-04 5.4140384e-07 9.5752662e-04 1.9982078e-06 9.0056807e+03
 1.6845693e+04 8.3836570e-04 1.7451202e-06 8.8665093e-04 9.4715409e-07
 2.5964133e-04 1.0391199e-06 4.9206789e-04 1.2214856e-06 2.7752758e-04
 9.4321422e-07 2.7042272e-06 1.4955720e-06 4.9988000e-04 1.2662917e-06]",./circuit_database/AZC/result_folder/2025-0522-004220
126709.0,116.549,0.00219039,C2P_Simulator,2025-0522-004220,['NSGA-II'],"[9.7548738e-13 1.6260144e-12 6.2541821e-04 1.5535683e-06 7.1777171e-04
 7.9087471e-07 2.3188577e-04 1.9989366e-06 1.5789975e-04 8.0702716e-07
 5.1043216e-06 1.6741901e-06 7.3034811e-04 8.4154942e-07 6.5834673e+03
 5.7633613e+03 4.3710860e-04 8.2329262e-07 4.9508373e-05 1.2809039e-06
 6.9141400e-04 1.7071001e-06 4.5468495e-04 8.7253483e-07 5.9558713e-04
 1.6181461e-06 2.5879685e-04 1.6154671e-06 1.6091041e-04 1.2283166e-06]",./circuit_database/AZC/result_folder/2025-0522-004220
279067.0,111.774,0.00515183,C2P_Simulator,2025-0522-004220,['NSGA-II'],"[2.1103794e-12 1.6258711e-12 9.4826298e-04 1.4535242e-06 7.8513467e-04
 6.7974440e-07 3.5886082e-04 1.7484633e-06 4.5800445e-04 1.5795822e-06
 6.6247339e-06 1.8917464e-06 8.3888997e-04 6.4665664e-07 7.0103228e+03
 2.8160950e+03 4.4647770e-04 1.0355807e-06 4.8681944e-05 1.2776775e-06
 7.8317022e-04 1.4996856e-06 3.1122781e-04 8.3310567e-07 1.9031682e-04
 1.4320105e-06 2.0783722e-04 1.6634830e-06 2.8803750e-04 1.5602889e-06]",./circuit_database/AZC/result_folder/2025-0522-004220
113608.0,115.09,0.00159706,C2P_Simulator,2025-0522-004220,['NSGA-II'],"[1.7909180e-12 1.4671990e-12 8.8615227e-04 1.4229648e-06 7.2932360e-04
 6.1334174e-07 3.5836603e-04 1.8667309e-06 5.4631714e-04 1.0500808e-06
 5.1044426e-06 1.8647665e-06 4.4569783e-04 6.9881429e-07 6.9508784e+03
 1.0169799e+04 6.4671371e-04 7.4164006e-07 4.3632783e-05 1.2243735e-06
 2.8563451e-04 1.4301083e-06 2.8560901e-04 9.2018985e-07 2.1643304e-04
 1.7176828e-06 2.1529094e-04 1.6359389e-06 3.1657642e-04 1.7000523e-06]",./circuit_database/AZC/result_folder/2025-0522-004220
397.498,68.543,0.000269833,C2P_Simulator,2025-0522-004313,['NSGA-II'],"[1.0014731e-12 8.3010432e-13 3.5182191e-05 1.0839356e-06 7.7489013e-04
 1.4240509e-06 6.5316813e-04 1.4166029e-06 3.1509324e-05 1.8740716e-06
 2.7833477e-04 1.9062014e-06 1.4636834e-04 1.9394258e-06 1.0339543e+04
 5.4883960e+03 1.1538680e-04 1.8176664e-06 6.0192065e-04 1.2669828e-06
 5.5439980e-04 1.4030062e-06 3.9643364e-04 1.1878544e-06 1.3842250e-04
 7.7005490e-07 3.0656412e-04 8.5869203e-07 9.9763092e-05 1.7863501e-06]",./circuit_database/AZC/result_folder/2025-0522-004313
45071.1,109.536,0.000538506,C2P_Simulator,2025-0522-004313,['NSGA-II'],"[8.0052902e-13 1.6153292e-12 9.1880717e-04 9.1452176e-07 7.0010137e-04
 1.4317883e-06 5.1102374e-04 1.5032425e-06 3.6404003e-06 9.9995736e-07
 6.5852118e-06 1.9711297e-06 1.5083418e-04 8.4154942e-07 1.1148937e+04
 1.0817226e+04 4.3710860e-04 1.9075576e-06 4.5407502e-05 1.1102898e-06
 7.0765469e-04 1.5727310e-06 5.4280926e-04 7.8386017e-07 1.8463479e-04
 6.6980743e-07 1.9104537e-04 1.8772217e-06 1.0508773e-04 8.7620049e-07]",./circuit_database/AZC/result_folder/2025-0522-004313
95514.1,115.704,0.00115675,C2P_Simulator,2025-0522-004406,['NSGA-II'],"[1.7870361e-12 1.7948627e-12 4.0849834e-04 1.5502054e-06 7.2989782e-04
 6.6905994e-07 2.5065779e-04 1.5613990e-06 5.1269011e-04 1.0329635e-06
 5.1134757e-06 1.7917502e-06 4.5579768e-04 1.4704556e-06 1.1146838e+04
 1.0337752e+04 4.4152097e-04 1.8875115e-06 4.3192969e-05 1.1168244e-06
 2.7896863e-04 1.4183843e-06 4.5468495e-04 7.9157826e-07 1.6936038e-04
 1.7063006e-06 2.1642052e-04 1.6342500e-06 2.6408210e-04 1.5483751e-06]",./circuit_database/AZC/result_folder/2025-0522-004406
72331.9,113.738,0.0011116,C2P_Simulator,2025-0522-004406,['NSGA-II'],"[2.3930623e-12 1.9962680e-12 3.5083620e-05 1.3956738e-06 6.5036479e-04
 1.6338689e-06 4.3050613e-04 9.0532257e-07 9.2462637e-04 1.4046396e-06
 5.3825799e-05 1.3209171e-06 4.6225151e-04 1.1125841e-06 1.2736921e+04
 1.1221848e+04 3.6989001e-04 1.5910529e-06 9.0241211e-04 5.8851714e-07
 1.3844417e-04 1.3441389e-06 6.9798797e-04 9.1874244e-07 7.1593466e-05
 1.7672012e-06 6.0207793e-04 1.0332046e-06 5.3554488e-04 1.4025750e-06]",./circuit_database/AZC/result_folder/2025-0522-004406
312.791,66.4616,0.000266086,C2P_Simulator,2025-0522-004406,['NSGA-II'],"[1.1043788e-12 9.5440821e-13 3.6988655e-05 1.1032324e-06 7.4741221e-04
 1.4158916e-06 6.3686189e-04 1.4207567e-06 2.9213930e-05 1.9631636e-06
 3.2630019e-04 1.9112597e-06 1.4454381e-04 1.9701254e-06 1.0531720e+04
 5.4039316e+03 1.1533463e-04 1.8181846e-06 5.8942620e-04 1.2669828e-06
 5.5439980e-04 1.3779247e-06 3.7816411e-04 1.1967406e-06 1.5272027e-04
 7.6913597e-07 3.0900101e-04 9.2108650e-07 9.9724515e-05 1.7373651e-06]",./circuit_database/AZC/result_folder/2025-0522-004406
165.941,60.933,0.000264786,C2P_Simulator,2025-0522-004406,['NSGA-II'],"[2.50462802e-12 8.90947852e-13 8.25223688e-04 1.10147846e-06
 7.19081203e-04 1.43221246e-06 5.02927345e-04 9.37502932e-07
 9.41065256e-04 1.42346107e-06 3.04168381e-04 1.91106938e-06
 9.76533847e-05 1.11822180e-06 1.05317197e+04 5.57036816e+03
 1.15386800e-04 1.80192728e-06 9.22363659e-04 1.18887590e-06
 5.45478368e-04 1.37473398e-06 6.57263910e-04 1.18674473e-06
 1.31950655e-04 1.82334077e-06 1.32675050e-04 1.03695481e-06
 1.04731604e-04 1.89044806e-06]",./circuit_database/AZC/result_folder/2025-0522-004406
2356.98,83.9831,0.000528806,C2P_Simulator,2025-0522-004505,['NSGA-II'],"[9.7917041e-13 1.6153292e-12 9.4178645e-04 9.5588348e-07 6.9941505e-04
 1.4437902e-06 2.2958519e-04 1.5032425e-06 7.9211401e-05 9.9995736e-07
 6.5852118e-06 1.8822461e-06 1.5083418e-04 8.9935963e-07 1.0482425e+04
 1.0674428e+04 4.3710860e-04 1.9075576e-06 4.7027785e-05 1.1102898e-06
 3.3720242e-04 1.2294854e-06 5.4280926e-04 7.8640045e-07 3.9736831e-04
 6.6980743e-07 1.7347395e-04 1.8801618e-06 1.5128408e-04 1.8386872e-06]",./circuit_database/AZC/result_folder/2025-0522-004505
