GBW, Gain, Pdiss, Fitness, time, performance weight, solution vector, solution path
5088460.0,143.991,0.00287701,-9.247644993483608,2025-0521-195113,"[1, 1, 1]","[4.07721392e-04 7.99630981e-07 8.48876189e-04 5.31151041e-07
 4.61619267e-04 1.75381161e-06 8.98481168e-04 1.70696196e-06
 6.69653979e-04 1.29606523e-06 4.60120989e-04 9.29765320e-07
 7.88463120e-04 1.02688868e-06 5.85184012e-07 1.97237331e-06
 1.46775968e-04 1.61348662e-06 7.42421079e-04 1.23054400e-06
 3.18036914e-04 9.59106124e-07 7.48717166e-05 1.58204133e-06
 2.61479356e-12 8.38610749e-13]",STALE
5513850.0,117.533,0.0110348,-8.698690481079094,2025-0521-195234,"[1, 1, 1]","[2.32958184e-04 9.19154444e-07 2.06006527e-04 6.16994392e-07
 4.86026252e-05 1.29930475e-06 4.10094145e-04 1.10680785e-06
 4.98060472e-04 9.02008393e-07 7.22538501e-04 1.91124034e-06
 7.49009813e-04 1.93738391e-06 1.36863545e-04 7.33009750e-07
 1.34183850e-05 1.98739160e-06 7.46541680e-04 5.76773464e-07
 2.47023517e-04 6.42249058e-07 7.07570039e-04 1.77605101e-06
 1.12463491e-12 1.34556939e-12]",STALE
11667900.0,157.737,0.00198598,-9.769017827757393,2025-0521-195234,"[1, 1, 1]","[3.37369706e-04 5.40089828e-07 7.60076511e-04 5.73934509e-07
 3.09024988e-04 7.84517670e-07 6.89769418e-04 9.42989440e-07
 3.10186572e-04 6.94646275e-07 6.21243062e-05 1.77445368e-06
 5.49138792e-04 5.31517159e-07 1.30548325e-04 1.22873011e-06
 3.19150106e-05 1.53822600e-06 2.87503804e-04 1.37031271e-06
 2.13599562e-05 5.41869291e-07 2.53296019e-05 1.02871235e-06
 2.59383153e-12 2.46780356e-12]",STALE
2910530.0,145.615,0.00121854,-9.378132290112566,2025-0521-195350,"[1, 1, 1]","[4.62484539e-04 1.09919017e-06 3.11210371e-04 5.93524724e-07
 8.65112137e-04 9.44655593e-07 9.56879242e-05 7.38768332e-07
 4.51297653e-04 1.08363339e-06 2.19767203e-04 1.30010293e-06
 7.87380173e-04 1.01631646e-06 1.22301515e-04 5.21121556e-07
 5.28645343e-06 7.96577342e-07 5.54038986e-04 1.23013064e-06
 4.52211863e-04 1.09400407e-06 4.57615431e-04 1.80383306e-06
 8.12599164e-13 2.68598652e-12]",STALE
32593800.0,154.599,0.00403406,-9.907392642989581,2025-0521-195350,"[1, 1, 1]","[5.41903602e-04 1.80885353e-06 4.34264251e-04 1.33470755e-06
 4.79242902e-04 6.51982853e-07 9.19644663e-04 9.81946782e-07
 7.40937285e-04 1.03940720e-06 1.68974249e-04 8.73923480e-07
 7.01784725e-04 7.31852125e-07 8.83796545e-04 1.53127516e-06
 8.41884885e-05 7.24374266e-07 3.65212663e-04 1.59619028e-06
 4.03892570e-04 9.36487875e-07 6.63357845e-04 1.61875546e-06
 2.32851812e-12 2.54279098e-12]",./circuit_database/TCFC/result_folder/2025-0521-195350
13951400.0,139.752,0.00276749,-9.702531730250486,2025-0521-195629,"[1, 1, 1]","[6.29307077e-04 5.54353135e-07 5.30884313e-04 1.34078890e-06
 2.67427509e-04 1.20534658e-06 7.91977947e-04 1.35523764e-06
 3.02846180e-04 6.42486252e-07 7.39238277e-04 1.73671111e-06
 5.30663064e-04 1.14088272e-06 9.07586217e-04 1.09523957e-06
 5.43639461e-05 1.39137467e-06 7.21264538e-04 5.91895154e-07
 6.32352182e-04 8.59840643e-07 1.70808447e-04 5.03897507e-07
 1.73852791e-12 2.95360616e-12]",STALE
19288600.0,151.361,0.00384517,-9.700385161652443,2025-0521-195647,"[1, 1, 1]","[3.62449520e-04 1.53889634e-06 5.72061227e-04 1.48058641e-06
 4.79242902e-04 5.50124425e-07 5.56913568e-04 5.05695160e-07
 3.10216007e-04 1.01754580e-06 1.68974249e-04 5.02147640e-07
 6.79468033e-04 8.46243634e-07 8.53162801e-04 1.86923356e-06
 5.38503045e-05 7.24374266e-07 2.97800571e-04 1.32974650e-06
 1.42551592e-04 1.50013551e-06 6.64779234e-04 1.61875546e-06
 2.18017195e-12 2.92288687e-12]",STALE
15799000.0,157.896,0.00266505,-9.772924237691756,2025-0521-195647,"[1, 1, 1]","[8.40473718e-05 6.24916664e-07 7.66102285e-04 5.74696518e-07
 3.09024988e-04 6.79039667e-07 6.36131919e-04 8.95822469e-07
 5.07410539e-04 6.94646275e-07 2.39488926e-04 1.77445368e-06
 5.49138792e-04 5.79768084e-07 4.45737263e-04 1.22873011e-06
 3.19150106e-05 1.96674471e-06 5.76941464e-04 1.12649027e-06
 1.96315601e-04 5.41869291e-07 3.72173030e-05 1.77553561e-06
 2.75902870e-12 1.35277506e-12]",STALE
13048300.0,154.362,0.00262089,-9.69710513944583,2025-0521-195709,"[1, 1, 1]","[5.57339225e-05 6.42047773e-07 7.05227333e-04 5.40191379e-07
 3.09024988e-04 6.79039667e-07 6.36131919e-04 9.08441548e-07
 5.07410539e-04 9.28865578e-07 2.39488926e-04 1.98881831e-06
 7.39130262e-04 1.12726758e-06 3.20499985e-04 1.22873011e-06
 4.12662320e-05 1.73511439e-06 6.12373567e-04 1.16149248e-06
 4.35241556e-04 1.07052929e-06 1.23883894e-04 1.68317013e-06
 2.75902870e-12 2.09131380e-12]",STALE
25999900.0,155.154,0.00530481,-9.690301844018931,2025-0521-195709,"[1, 1, 1]","[9.85374635e-04 1.68228957e-06 9.50344005e-04 1.33470755e-06
 3.12920506e-04 6.36263797e-07 9.19644663e-04 9.81946782e-07
 5.84429123e-04 8.70610633e-07 1.68974249e-04 9.93509352e-07
 7.21432863e-04 1.22854591e-06 7.06435050e-04 8.59251836e-07
 7.28746547e-05 7.79444661e-07 1.26233394e-04 1.95961173e-06
 2.77635525e-04 1.24647340e-06 6.63357845e-04 1.61875546e-06
 2.32851812e-12 2.76323038e-12]",STALE
23763300.0,158.081,0.00204456,-10.06530689084286,2025-0521-195729,"[1, 1, 1]","[2.30983803e-04 1.93452045e-06 1.98755119e-04 1.33470755e-06
 7.91680702e-04 6.50925738e-07 9.10865495e-04 7.90922163e-07
 3.96410988e-04 7.80316232e-07 1.68974249e-04 1.61472682e-06
 7.22059922e-04 7.31852125e-07 6.54658056e-04 1.26212684e-06
 8.41884885e-05 1.48939744e-06 6.71666842e-04 1.59619028e-06
 4.03892570e-04 7.36233052e-07 6.63357845e-04 1.94505949e-06
 1.47557909e-12 2.54279098e-12]",STALE
2522630.0,140.269,0.00109272,-9.363344664188608,2025-0521-195729,"[1, 1, 1]","[6.41456818e-04 1.13249136e-06 5.30884313e-04 1.98284207e-06
 5.48753408e-04 1.20534658e-06 6.01173554e-04 1.71643917e-06
 1.79440627e-04 7.86866108e-07 8.12639182e-04 1.52736728e-06
 3.85865963e-04 1.85472550e-06 9.07586217e-04 5.10262258e-07
 8.84653788e-06 1.58633296e-06 9.33261022e-04 6.40049108e-07
 6.32352182e-04 8.73907116e-07 2.18009215e-04 5.03897507e-07
 1.65994118e-12 2.98101611e-12]",STALE
910669.0,135.742,0.000942205,-8.985215148469601,2025-0521-195729,"[1, 1, 1]","[6.10708644e-04 6.54807541e-07 5.30884313e-04 1.04028889e-06
 7.23273587e-04 1.02648348e-06 3.43813856e-04 1.67180990e-06
 2.36519968e-04 1.21564534e-06 6.19034417e-04 1.57764418e-06
 5.30663064e-04 8.86052907e-07 9.07586217e-04 1.11888572e-06
 1.37240341e-06 7.08047164e-07 7.21264538e-04 6.40821436e-07
 7.77381718e-04 1.18669582e-06 5.53114167e-05 5.03897507e-07
 1.73852791e-12 2.98503392e-12]",STALE
24002900.0,159.835,0.00383169,-9.796873350232184,2025-0521-195747,"[1, 1, 1]","[9.00077569e-04 1.06409176e-06 8.54681161e-04 1.31022149e-06
 6.71016487e-04 6.50925738e-07 8.85728474e-04 7.90922163e-07
 7.61155462e-04 8.33413356e-07 1.75558651e-04 1.87361568e-06
 7.22059922e-04 8.81535782e-07 6.54658056e-04 1.26212684e-06
 8.41884885e-05 1.30728707e-06 4.81196452e-05 1.33447520e-06
 6.52133493e-04 7.36233052e-07 8.59295441e-04 1.50484853e-06
 2.48119447e-12 2.75708845e-12]",STALE
29159100.0,148.917,0.00373563,-9.892410260823457,2025-0521-195747,"[1, 1, 1]","[8.54832617e-04 1.64182940e-06 2.14539062e-04 6.17269430e-07
 3.78340335e-04 6.50925738e-07 8.64315034e-04 5.35773242e-07
 3.96410988e-04 7.80316232e-07 1.61216764e-04 6.55745729e-07
 7.04507603e-04 8.02574722e-07 9.67558079e-04 1.26212684e-06
 1.04850410e-04 1.48939744e-06 3.27346504e-04 1.01085561e-06
 2.88076627e-04 1.43876705e-06 3.10659796e-04 1.80792354e-06
 1.47557909e-12 2.46488623e-12]",STALE
32451900.0,154.757,0.00462509,-9.846119940907833,2025-0521-195747,"[1, 1, 1]","[4.77924428e-04 1.78090561e-06 8.62798620e-04 7.94604316e-07
 2.95328485e-04 6.89376867e-07 9.10865495e-04 8.64201630e-07
 4.75944149e-04 7.80316232e-07 1.91958190e-04 1.59577991e-06
 7.15347689e-04 7.31852125e-07 6.54658056e-04 7.35712796e-07
 8.41884885e-05 7.87041716e-07 3.38911872e-04 1.59619028e-06
 2.21862913e-04 7.36233052e-07 7.30834743e-04 1.74998487e-06
 2.11859170e-12 2.55381593e-12]",./circuit_database/TCFC/result_folder/2025-0521-195747
11941000.0,155.526,0.00171607,-9.842505699215735,2025-0521-195803,"[1, 1, 1]","[4.99034566e-04 1.93452045e-06 1.98755119e-04 1.76637441e-06
 7.43580547e-04 7.18536214e-07 6.29743239e-04 7.90922163e-07
 1.90412689e-04 8.72869307e-07 1.84279644e-04 1.71976396e-06
 7.22059922e-04 7.31852125e-07 6.31264717e-04 1.24524605e-06
 3.81514662e-05 1.48939744e-06 2.47128992e-04 1.05195579e-06
 4.45593783e-04 1.04985705e-06 6.63357845e-04 1.94505949e-06
 2.35494497e-12 2.74779612e-12]",STALE
28679600.0,156.859,0.00351793,-9.911285896260216,2025-0521-195804,"[1, 1, 1]","[2.30983803e-04 1.93452045e-06 4.50995559e-04 1.38088125e-06
 5.51816866e-04 6.50925738e-07 7.80226039e-04 7.90922163e-07
 9.44327345e-04 7.80316232e-07 1.54673603e-04 1.40675277e-06
 6.91760042e-04 7.31852125e-07 6.54658056e-04 9.98067752e-07
 6.36550158e-05 5.15722034e-07 8.98006219e-04 1.70228624e-06
 5.35664580e-04 7.36233052e-07 6.63357845e-04 1.45396429e-06
 2.07238528e-12 2.59224726e-12]",STALE
19753600.0,154.687,0.00203849,-9.986337669965101,2025-0521-195820,"[1, 1, 1]","[8.35661086e-04 1.83758279e-06 1.86297395e-04 1.21741818e-06
 7.91680702e-04 6.40322895e-07 2.15252152e-04 7.90922163e-07
 7.81234694e-04 1.13246786e-06 2.25059626e-04 1.35892442e-06
 6.95330776e-04 7.31852125e-07 5.80146079e-04 1.32305024e-06
 7.09018764e-05 1.28020328e-06 3.55353624e-04 1.59619028e-06
 4.79866214e-04 1.14046792e-06 6.27915110e-04 1.94505949e-06
 1.47557909e-12 2.70765365e-12]",STALE
30997800.0,160.045,0.00313011,-9.99577127181823,2025-0521-195820,"[1, 1, 1]","[8.21515323e-04 1.09351482e-06 7.50309062e-04 1.58785105e-06
 9.96810717e-04 6.50925738e-07 8.90499989e-04 8.62350893e-07
 8.43772311e-04 1.11484793e-06 1.68974249e-04 1.60046548e-06
 7.22059922e-04 7.31852125e-07 6.54658056e-04 1.26746286e-06
 9.43414016e-05 1.04295291e-06 2.93142992e-04 1.41419058e-06
 4.22725612e-04 6.03064895e-07 5.90390145e-04 1.20262254e-06
 1.29835892e-12 2.56161391e-12]",./circuit_database/TCFC/result_folder/2025-0521-195820
21354800.0,159.707,0.00217147,-9.992741674630924,2025-0521-195820,"[1, 1, 1]","[6.23075068e-04 1.26797575e-06 1.98755119e-04 8.41780171e-07
 6.98652706e-04 7.25881943e-07 4.88957040e-04 7.90922163e-07
 3.96410988e-04 7.80316232e-07 1.10647436e-04 1.21781220e-06
 7.52083400e-04 7.31852125e-07 4.33289256e-04 1.03707561e-06
 4.92700188e-05 8.34785752e-07 2.29531067e-04 1.59619028e-06
 4.03892570e-04 7.22131642e-07 5.94192424e-04 1.40946180e-06
 1.42373267e-12 2.48977644e-12]",STALE
23935900.0,155.482,0.00247886,-9.984797762220305,2025-0521-195834,"[1, 1, 1]","[3.05021133e-04 1.47092362e-06 1.98755119e-04 1.31933475e-06
 6.98462665e-04 6.61260034e-07 7.01029211e-04 8.44857635e-07
 5.53200036e-04 1.13435308e-06 1.07577040e-04 6.46534085e-07
 7.22059922e-04 6.42421626e-07 4.22683778e-04 1.26212684e-06
 8.41884885e-05 1.31025904e-06 4.60705862e-04 1.70871505e-06
 4.77409087e-04 7.12483633e-07 6.46875027e-04 1.16658647e-06
 1.04250002e-12 2.52392071e-12]",STALE
24409500.0,159.88,0.00232666,-10.020825959989903,2025-0521-195834,"[1, 1, 1]","[5.46340497e-04 1.93452045e-06 1.98755119e-04 1.33470755e-06
 7.91680702e-04 6.32012710e-07 9.39160715e-04 6.15287012e-07
 4.63615062e-04 7.56247922e-07 1.68974249e-04 1.61472682e-06
 7.14684405e-04 5.96024476e-07 6.54658056e-04 1.26212684e-06
 8.41884885e-05 1.48939744e-06 5.24025656e-04 1.98306789e-06
 6.16032996e-04 7.36233052e-07 6.63357845e-04 1.37879621e-06
 2.14982438e-12 2.54279098e-12]",STALE
23598000.0,157.715,0.00144819,-10.212049652516274,2025-0521-195849,"[1, 1, 1]","[2.30983803e-04 1.93452045e-06 9.08018243e-05 1.65064619e-06
 9.03056358e-04 6.84869063e-07 9.10865495e-04 7.58662491e-07
 4.34022039e-04 7.80316232e-07 1.68974249e-04 1.78842416e-06
 7.06616302e-04 7.25405037e-07 5.15201753e-04 9.96058240e-07
 8.41884885e-05 1.48939744e-06 6.19083580e-04 1.78982612e-06
 4.94417154e-04 7.22896821e-07 6.56599434e-04 1.63093724e-06
 1.41012161e-12 2.54279098e-12]",./circuit_database/TCFC/result_folder/2025-0521-195849
19002000.0,158.968,0.00142597,-10.124688924965872,2025-0521-195907,"[1, 1, 1]","[2.30983803e-04 1.93452045e-06 9.08018243e-05 1.65064619e-06
 7.08640538e-04 6.14429575e-07 8.40822479e-04 7.58662491e-07
 5.58572095e-04 8.59105179e-07 1.68974249e-04 1.78842416e-06
 7.31387719e-04 6.91366057e-07 1.94552681e-04 9.67682048e-07
 7.39040987e-05 1.76217989e-06 6.50476548e-04 1.75984141e-06
 4.13983909e-04 5.52141051e-07 2.76113281e-04 1.63093724e-06
 1.51827510e-12 2.54279098e-12]",./circuit_database/TCFC/result_folder/2025-0521-195907
27642400.0,155.886,0.00247745,-10.047570848854042,2025-0521-195923,"[1, 1, 1]","[2.30983803e-04 1.83642517e-06 3.79653413e-04 1.33344108e-06
 9.03056358e-04 6.80390844e-07 7.98506305e-04 9.05704069e-07
 5.65845476e-04 9.19027029e-07 1.99916119e-04 1.78842416e-06
 6.73616182e-04 7.34794973e-07 5.39809436e-04 9.96058240e-07
 7.44135363e-05 8.07098860e-07 5.64314147e-04 1.40243884e-06
 4.94417154e-04 5.97987640e-07 5.07579280e-04 1.63093724e-06
 1.41012161e-12 2.54279098e-12]",./circuit_database/TCFC/result_folder/2025-0521-195923
23928000.0,158.226,0.00215549,-10.045360387658173,2025-0521-195923,"[1, 1, 1]","[5.28458840e-04 1.82016842e-06 3.70422339e-04 1.65064619e-06
 9.21846469e-04 6.88890190e-07 9.10865495e-04 7.58662491e-07
 2.43087864e-04 9.31379959e-07 1.68974249e-04 1.90942526e-06
 6.07192118e-04 6.65924966e-07 5.15201753e-04 6.39537993e-07
 8.23035003e-05 1.48939744e-06 5.56110662e-04 1.54928267e-06
 1.76862751e-04 7.22896821e-07 6.88586034e-04 1.21242951e-06
 1.41012161e-12 2.54279098e-12]",STALE
26570800.0,157.397,0.00248813,-10.028531562787487,2025-0521-195936,"[1, 1, 1]","[2.30983803e-04 1.94143025e-06 2.93189517e-04 1.59662260e-06
 6.45565885e-04 6.81643120e-07 7.23079866e-04 7.58662491e-07
 4.34022039e-04 7.56216769e-07 2.03463595e-04 1.79178056e-06
 7.12379388e-04 7.25405037e-07 9.34215811e-04 5.79473519e-07
 8.41884885e-05 1.32226542e-06 5.70124044e-04 1.94343052e-06
 3.85445376e-04 1.11508902e-06 6.56599434e-04 1.63093724e-06
 1.94341903e-12 2.54015381e-12]",./circuit_database/TCFC/result_folder/2025-0521-195936
22426100.0,158.495,0.00226717,-9.99526966817663,2025-0521-195952,"[1, 1, 1]","[4.79009330e-04 1.93452045e-06 2.18651222e-04 1.32033857e-06
 9.03056358e-04 6.77241941e-07 7.89238634e-04 5.84950189e-07
 5.13132083e-04 7.80316232e-07 1.91708714e-04 1.85955820e-06
 7.06616302e-04 6.95423801e-07 6.54202475e-04 1.17901679e-06
 8.32262330e-05 1.64769599e-06 6.19083580e-04 1.77679837e-06
 4.59719564e-04 7.22896821e-07 6.16739168e-04 1.67411008e-06
 9.28995990e-13 2.50652013e-12]",STALE
21327500.0,158.75,0.00200643,-10.026515937888526,2025-0521-195952,"[1, 1, 1]","[3.80097747e-05 1.87662372e-06 1.82233430e-04 1.63475841e-06
 8.18757719e-04 6.77279076e-07 9.40768792e-04 9.84459026e-07
 4.34022039e-04 7.21195880e-07 1.91093601e-04 1.78842416e-06
 7.50403038e-04 6.94422565e-07 7.49392172e-04 1.23247035e-06
 8.03904808e-05 1.75873430e-06 6.19083580e-04 1.86446999e-06
 4.09602443e-04 7.22896821e-07 6.84417000e-04 1.47714683e-06
 1.60779301e-12 2.54279098e-12]",STALE
21475100.0,159.047,0.00191782,-10.049127351465899,2025-0521-195952,"[1, 1, 1]","[2.30983803e-04 1.85795857e-06 2.29985321e-04 1.79928220e-06
 8.98624782e-04 6.83028462e-07 8.20900040e-04 5.25200784e-07
 4.20619716e-04 7.80316232e-07 1.71543763e-04 1.95533743e-06
 8.30481111e-04 6.93939153e-07 3.77946068e-04 9.96058240e-07
 8.41884885e-05 1.79681176e-06 6.31041381e-04 1.65656851e-06
 4.88374601e-04 5.43310959e-07 5.92604226e-04 1.63271410e-06
 1.16771605e-12 2.54279098e-12]",STALE
24273900.0,157.786,0.00204266,-10.0749434739742,2025-0521-195952,"[1, 1, 1]","[1.89095344e-04 1.94083051e-06 3.11319448e-04 1.90327655e-06
 9.03056358e-04 6.73443278e-07 8.12468884e-04 7.77319646e-07
 3.33646237e-04 7.80316232e-07 1.92319640e-04 1.93796173e-06
 7.49326434e-04 7.17352443e-07 5.98564499e-04 6.29648470e-07
 8.68691991e-05 1.51693248e-06 5.89085957e-04 1.71635127e-06
 4.94417154e-04 7.22896821e-07 6.37745652e-04 1.63093724e-06
 8.17536384e-13 2.61285339e-12]",STALE
23622800.0,157.988,0.00194463,-10.084494391689084,2025-0521-195952,"[1, 1, 1]","[2.30983803e-04 1.93739512e-06 1.76937940e-04 1.50796678e-06
 9.03056358e-04 6.74433662e-07 9.14948596e-04 7.43370760e-07
 5.33387340e-04 7.80316232e-07 1.74118378e-04 1.84811697e-06
 7.06616302e-04 6.99953923e-07 6.72497684e-04 1.02129177e-06
 8.41884885e-05 1.57106934e-06 6.19083580e-04 1.78982612e-06
 6.16037930e-04 5.70582189e-07 6.19626397e-04 1.63093724e-06
 1.41012161e-12 2.47956062e-12]",STALE
24811200.0,155.976,0.00168192,-10.168842434671648,2025-0521-195952,"[1, 1, 1]","[2.30983803e-04 1.88586583e-06 1.23784606e-04 1.65064619e-06
 8.80867680e-04 6.74491289e-07 8.56259707e-04 5.99190170e-07
 5.22621387e-04 7.57029726e-07 1.85669656e-04 1.90491912e-06
 6.30297448e-04 7.05382396e-07 5.15201753e-04 1.03848000e-06
 8.41884885e-05 1.28303509e-06 6.55630683e-04 1.71979534e-06
 4.94417154e-04 6.13600809e-07 6.56599434e-04 1.63093724e-06
 1.41012161e-12 2.54279098e-12]",STALE
22949400.0,158.423,0.00170053,-10.13018703765279,2025-0521-200010,"[1, 1, 1]","[2.38488161e-04 1.99227897e-06 1.37248836e-04 1.44099120e-06
 8.11298590e-04 6.75670188e-07 8.83268897e-04 8.21694365e-07
 3.97341782e-04 7.80316232e-07 1.66139223e-04 1.93524846e-06
 6.81388363e-04 7.25405037e-07 4.95720332e-04 1.23477361e-06
 9.08264377e-05 1.70172505e-06 5.85193001e-04 1.69849327e-06
 4.26113808e-04 6.08538216e-07 7.34330562e-04 1.49065575e-06
 1.78895371e-12 2.54279098e-12]",STALE
21006500.0,158.523,0.0017985,-10.067443256262386,2025-0521-200010,"[1, 1, 1]","[3.13340202e-04 1.84241690e-06 1.52933360e-04 1.65064619e-06
 8.37442447e-04 6.84284429e-07 9.10865495e-04 7.58662491e-07
 4.47907676e-04 5.84106161e-07 1.61804065e-04 1.86307999e-06
 7.06616302e-04 7.25405037e-07 7.61863567e-04 1.33023961e-06
 7.42240863e-05 1.58814244e-06 6.19083580e-04 1.78982612e-06
 5.24566810e-04 5.99588118e-07 7.07275817e-04 1.77943589e-06
 1.70414253e-12 2.54279098e-12]",STALE
23691000.0,157.784,0.00158525,-10.174485630873727,2025-0521-200024,"[1, 1, 1]","[3.77318182e-04 1.90659658e-06 1.52091848e-04 1.87902079e-06
 7.29057546e-04 6.73160639e-07 9.10865495e-04 5.40697996e-07
 4.06596775e-04 7.80316232e-07 1.59715142e-04 1.98326669e-06
 5.93596181e-04 7.25405037e-07 4.85592279e-04 1.29547511e-06
 7.48441175e-05 1.18886092e-06 6.19083580e-04 1.78982612e-06
 5.40416984e-04 6.36658166e-07 6.56599434e-04 1.63093724e-06
 1.55025924e-12 2.54279098e-12]",STALE
22424000.0,157.403,0.00131953,-10.230293816239096,2025-0521-200024,"[1, 1, 1]","[3.98391868e-04 1.99405885e-06 8.93431587e-05 1.65064619e-06
 9.03056358e-04 6.74307206e-07 9.10865495e-04 1.04358941e-06
 5.14603212e-04 7.80316232e-07 1.49640809e-04 1.97861245e-06
 5.77587689e-04 6.94307895e-07 3.67489892e-04 9.96058240e-07
 8.07750297e-05 1.39916224e-06 6.32259235e-04 1.78982612e-06
 3.16015057e-04 6.14798513e-07 7.33056323e-04 1.74516071e-06
 1.41012161e-12 2.59716660e-12]",./circuit_database/TCFC/result_folder/2025-0521-200024
22631400.0,156.104,0.00128292,-10.246511845062706,2025-0521-200039,"[1, 1, 1]","[4.99600827e-04 1.92332021e-06 8.93431587e-05 1.65064619e-06
 8.54630266e-04 6.74307206e-07 8.74158567e-04 9.99055821e-07
 3.37855440e-04 7.80316232e-07 1.64064438e-04 1.96736076e-06
 5.85578603e-04 6.66407741e-07 9.15933076e-05 1.15969155e-06
 8.02720365e-05 1.04067500e-06 5.89400617e-04 1.65666843e-06
 4.65324349e-04 5.96891296e-07 7.09031502e-04 1.77223383e-06
 1.42253449e-12 2.64925750e-12]",./circuit_database/TCFC/result_folder/2025-0521-200039
23157600.0,157.661,0.00142548,-10.210732419734311,2025-0521-200039,"[1, 1, 1]","[3.98391868e-04 1.99405885e-06 7.10793271e-05 1.72276898e-06
 6.51325153e-04 6.58860852e-07 8.30802172e-04 1.38102618e-06
 6.79329961e-04 7.80316232e-07 1.49640809e-04 1.99338897e-06
 5.93822138e-04 6.94307895e-07 3.03326705e-04 8.69248767e-07
 7.71735831e-05 1.19403000e-06 6.75618490e-04 1.84141374e-06
 3.74914589e-04 7.71789844e-07 7.01366646e-04 1.74516071e-06
 1.77712013e-12 2.58158661e-12]",./circuit_database/TCFC/result_folder/2025-0521-200039
19886300.0,157.97,0.00160392,-10.09337128395626,2025-0521-200039,"[1, 1, 1]","[3.74815851e-04 1.99405885e-06 1.34416007e-04 1.62751743e-06
 8.36923534e-04 6.74307206e-07 9.45717534e-04 9.22421597e-07
 5.50746659e-04 9.32377591e-07 1.59988065e-04 1.93649290e-06
 6.26232167e-04 6.62019155e-07 5.17658271e-04 9.96058240e-07
 8.07750297e-05 1.80432370e-06 5.94564910e-04 1.78982612e-06
 5.85864203e-04 6.61757766e-07 6.74766106e-04 1.56631170e-06
 1.70672861e-12 2.62835109e-12]",STALE
23152700.0,156.92,0.00139305,-10.2206349398529,2025-0521-200052,"[1, 1, 1]","[3.56799220e-04 1.86053790e-06 8.93431587e-05 1.53097640e-06
 6.52781234e-04 6.59682558e-07 8.26798058e-04 1.14361463e-06
 3.69560632e-04 7.62460634e-07 1.52614148e-04 1.96736076e-06
 6.16099014e-04 6.72455017e-07 9.15933076e-05 8.32194362e-07
 8.08361686e-05 1.05695321e-06 5.35425960e-04 1.75787229e-06
 3.61363831e-04 5.96891296e-07 7.83226145e-04 1.99178680e-06
 1.89784793e-12 2.66851832e-12]",STALE
25955200.0,158.004,0.0015551,-10.222466058350362,2025-0521-200052,"[1, 1, 1]","[4.51008492e-04 1.92332021e-06 1.44139814e-04 1.71677075e-06
 6.12572998e-04 6.87785757e-07 7.46385655e-04 1.02418590e-06
 3.37855440e-04 7.80316232e-07 1.52893143e-04 1.96736076e-06
 5.96585201e-04 6.66407741e-07 2.41489643e-04 1.01783972e-06
 8.27833224e-05 1.04067500e-06 6.27557326e-04 1.81331082e-06
 4.52594025e-04 7.17041207e-07 7.66816402e-04 1.55838985e-06
 1.81845846e-12 2.64043593e-12]",./circuit_database/TCFC/result_folder/2025-0521-200052
18082800.0,152.946,0.00125818,-10.157522901557957,2025-0521-200107,"[1, 1, 1]","[4.42537932e-04 1.98261786e-06 1.17186658e-04 1.65064619e-06
 9.00371710e-04 6.71591955e-07 8.83945143e-04 1.35891035e-06
 2.93722077e-04 8.15893280e-07 1.91921191e-04 1.96736076e-06
 4.59910590e-04 5.93752145e-07 9.15933076e-05 1.15969155e-06
 7.44072476e-05 1.34532869e-06 7.45617993e-04 1.65666843e-06
 2.55295868e-04 5.96891296e-07 6.56629434e-04 1.90028704e-06
 1.55560636e-12 2.65540253e-12]",./circuit_database/TCFC/result_folder/2025-0521-200107
24327700.0,157.26,0.00147587,-10.217052946680287,2025-0521-200107,"[1, 1, 1]","[4.32097969e-04 1.84997241e-06 1.34382748e-04 1.76660867e-06
 8.54630266e-04 6.74307206e-07 8.74158567e-04 1.03449727e-06
 3.21757699e-04 8.22727833e-07 1.64064438e-04 1.96736076e-06
 6.91070544e-04 7.17524522e-07 3.08741321e-04 1.15969155e-06
 7.37652585e-05 9.64813942e-07 4.89299737e-04 1.43382757e-06
 2.83686287e-04 5.51497803e-07 7.49849262e-04 1.49650941e-06
 1.42253449e-12 2.66239369e-12]",STALE
21727000.0,158.178,0.00157996,-10.138353672342292,2025-0521-200120,"[1, 1, 1]","[6.16957676e-04 1.68103101e-06 1.46656995e-04 1.65064619e-06
 8.54630266e-04 6.69903532e-07 8.77594340e-04 8.26005321e-07
 4.10925913e-04 7.80316232e-07 1.64064438e-04 1.96736076e-06
 7.01501387e-04 7.67363520e-07 1.43087469e-04 1.16554857e-06
 7.44037234e-05 1.04067500e-06 7.19221242e-04 1.83715652e-06
 3.46928715e-04 6.35610598e-07 6.55666765e-04 1.71517206e-06
 1.56132136e-12 2.71863450e-12]",STALE
21791300.0,158.165,0.00138576,-10.19659511839727,2025-0521-200134,"[1, 1, 1]","[6.21896697e-04 1.82348742e-06 1.09183633e-04 1.65064619e-06
 8.54630266e-04 6.46829968e-07 9.20614832e-04 8.43174027e-07
 3.42435376e-04 8.89774476e-07 1.54069523e-04 1.95952467e-06
 7.00570327e-04 6.28890267e-07 2.02574292e-05 1.21373482e-06
 1.10548560e-04 1.12437610e-06 5.89400617e-04 1.65666843e-06
 2.58406973e-04 5.96891296e-07 7.50725373e-04 1.91063978e-06
 1.00622182e-12 2.62328763e-12]",./circuit_database/TCFC/result_folder/2025-0521-200134
23969400.0,157.949,0.00145393,-10.21711366518969,2025-0521-200134,"[1, 1, 1]","[4.99600827e-04 1.82666009e-06 1.26591752e-04 1.65064619e-06
 8.68064680e-04 6.61971634e-07 8.74158567e-04 1.38725123e-06
 3.02132558e-04 7.80316232e-07 1.72760768e-04 1.99361688e-06
 7.26159631e-04 6.92866185e-07 7.44354848e-05 1.13410298e-06
 8.64392045e-05 1.04067500e-06 5.19374918e-04 1.61664799e-06
 6.69219338e-04 6.22988625e-07 7.51198556e-04 1.94091216e-06
 1.42253449e-12 2.64925750e-12]",./circuit_database/TCFC/result_folder/2025-0521-200134
24245000.0,159.323,0.00166992,-10.161926522328367,2025-0521-200134,"[1, 1, 1]","[6.60686962e-04 1.89356640e-06 1.51781382e-04 1.28058985e-06
 8.46542935e-04 6.53510740e-07 9.19725333e-04 1.32356542e-06
 3.37855440e-04 8.68579319e-07 1.58916798e-04 1.87244164e-06
 7.59262854e-04 6.66407741e-07 3.68662875e-04 1.21861552e-06
 7.82564903e-05 1.14054557e-06 4.90823891e-04 1.74710198e-06
 4.65324349e-04 5.26530862e-07 7.22190541e-04 1.83484205e-06
 1.75718765e-12 2.64925750e-12]",./circuit_database/TCFC/result_folder/2025-0521-200134
18465700.0,156.126,0.0013015,-10.151921603141803,2025-0521-200149,"[1, 1, 1]","[4.64268795e-04 1.87678598e-06 9.96421922e-05 1.71775761e-06
 8.54630266e-04 6.56593752e-07 8.73768582e-04 1.08323508e-06
 3.59383143e-04 7.25659203e-07 1.58682885e-04 1.96736076e-06
 5.65090694e-04 6.28704881e-07 9.15933076e-05 1.11807086e-06
 6.37515990e-05 1.06841970e-06 5.89400617e-04 1.65666843e-06
 5.20998792e-04 5.96891296e-07 7.42548521e-04 1.88596625e-06
 1.42253449e-12 2.63779477e-12]",./circuit_database/TCFC/result_folder/2025-0521-200149
23408200.0,156.545,0.00140267,-10.222412510922004,2025-0521-200149,"[1, 1, 1]","[5.34788392e-04 1.97051526e-06 1.19663785e-04 1.81987669e-06
 8.56834666e-04 6.63004574e-07 8.94246048e-04 8.96987225e-07
 3.64599069e-04 8.34250847e-07 1.62194145e-04 1.94359972e-06
 5.94427854e-04 6.75419451e-07 2.01102828e-04 1.09990614e-06
 8.00766267e-05 1.05332351e-06 5.78177960e-04 1.65174416e-06
 4.50946997e-04 6.01501084e-07 7.57098466e-04 1.65885626e-06
 1.58785134e-12 2.75047069e-12]",STALE
10367600.0,154.668,0.00116742,-9.948451103733092,2025-0521-200217,"[1, 1, 1]","[4.20888003e-04 1.13055858e-06 4.70124506e-04 5.99539087e-07
 8.50685230e-04 8.55565856e-07 3.82860680e-04 1.02345325e-06
 4.47000968e-04 8.52552858e-07 7.27291055e-05 1.97409108e-06
 3.40019836e-04 7.09895674e-07 5.52289650e-04 7.69779286e-07
 1.33808161e-05 8.01737965e-07 9.56214977e-04 8.89592318e-07
 2.30199638e-04 8.10042979e-07 4.10628673e-04 1.13001522e-06
 1.89078202e-12 1.62849417e-12]",STALE
23858700.0,156.538,0.00145268,-10.21547681902123,2025-0521-200313,"[1, 1, 1]","[5.28923968e-04 1.92332021e-06 1.16962409e-04 1.65064619e-06
 7.22406641e-04 6.24182122e-07 8.64709492e-04 9.73892703e-07
 3.37855440e-04 7.24989723e-07 1.61329891e-04 1.94042757e-06
 5.78594767e-04 6.66407741e-07 6.47730378e-05 1.18547839e-06
 8.93495278e-05 1.05278987e-06 5.72953824e-04 1.61592268e-06
 5.06770354e-04 6.58901203e-07 7.18739440e-04 1.77631755e-06
 1.17499477e-12 2.62081614e-12]",STALE
21377600.0,160.719,0.00167357,-10.10631506444895,2025-0521-200326,"[1, 1, 1]","[4.12153066e-04 6.89419320e-07 3.49141573e-04 5.50468176e-07
 6.60350225e-04 1.00409607e-06 4.13526549e-04 8.63066992e-07
 3.08085495e-04 7.52625867e-07 1.02644454e-04 1.90477464e-06
 7.91271957e-04 6.70870249e-07 6.67386453e-04 1.07487553e-06
 2.34038189e-05 9.56899602e-07 6.34681418e-04 1.14699140e-06
 2.52804720e-04 6.35223705e-07 3.79000518e-04 1.30214382e-06
 9.71800082e-13 1.22069225e-12]",STALE
14660500.0,159.006,0.00135487,-10.034251155696783,2025-0521-200326,"[1, 1, 1]","[2.86648410e-04 7.61202812e-07 3.49141573e-04 5.45888309e-07
 9.37515006e-04 1.00409607e-06 2.88713373e-04 1.09219575e-06
 5.04577597e-04 6.24529997e-07 8.46677860e-05 1.91972808e-06
 5.55646640e-04 6.70870249e-07 6.65299259e-04 1.14961220e-06
 1.42805549e-05 9.58348769e-07 2.49176454e-04 9.84958147e-07
 7.25322662e-04 6.46622958e-07 7.35743936e-04 6.09479640e-07
 1.50186213e-12 1.11799255e-12]",STALE
15875300.0,158.862,0.00139612,-10.055799192439682,2025-0521-200326,"[1, 1, 1]","[3.57528832e-04 6.67963730e-07 3.49141573e-04 5.22010058e-07
 7.13426274e-04 1.00409607e-06 3.84082561e-04 8.64530083e-07
 3.08085495e-04 7.59647883e-07 6.75896157e-05 1.73334562e-06
 7.32694131e-04 6.70870249e-07 7.72936459e-04 7.78383199e-07
 1.61807597e-05 8.08454923e-07 6.82176157e-04 7.43025251e-07
 5.23774628e-04 6.78848577e-07 5.09962366e-04 9.59650669e-07
 1.69917335e-12 1.31484622e-12]",./circuit_database/TCFC/result_folder/2025-0521-200326
21884400.0,160.76,0.00162708,-10.128725737370736,2025-0521-200326,"[1, 1, 1]","[3.05624176e-04 5.69001622e-07 1.03309911e-04 5.17289941e-07
 7.96003317e-04 6.10152303e-07 4.21070713e-04 8.72489153e-07
 2.25718438e-04 7.07338444e-07 1.36119478e-04 1.93683627e-06
 7.17490373e-04 7.33460167e-07 6.82934290e-04 1.09796466e-06
 2.34038189e-05 1.21660858e-06 3.01245815e-04 1.44929017e-06
 6.16314939e-04 7.56194056e-07 7.74966355e-04 6.22899727e-07
 2.07414427e-12 1.04943705e-12]",./circuit_database/TCFC/result_folder/2025-0521-200326
19231500.0,159.358,0.0015421,-10.095900622076936,2025-0521-200326,"[1, 1, 1]","[4.12153066e-04 7.61202812e-07 3.49141573e-04 5.22010058e-07
 8.68417606e-04 5.80570916e-07 4.13526549e-04 1.07574771e-06
 3.08085495e-04 9.37867124e-07 1.24069989e-04 1.93309507e-06
 4.90296720e-04 6.70870249e-07 8.75880529e-04 1.28609935e-06
 2.57886195e-05 1.10938573e-06 3.01245815e-04 9.62166878e-07
 5.24009211e-04 7.64868822e-07 7.68818647e-04 5.84822823e-07
 2.33362555e-12 1.36876187e-12]",STALE
20693700.0,157.527,0.00136067,-10.182085339172746,2025-0521-200326,"[1, 1, 1]","[4.77423788e-04 1.92332021e-06 1.03980673e-04 1.52291223e-06
 8.54630266e-04 6.67831763e-07 9.14859252e-04 9.02010086e-07
 3.50212652e-04 8.13557029e-07 1.50921119e-04 1.93518991e-06
 6.39185673e-04 6.66407741e-07 8.02906405e-05 1.19740651e-06
 7.63279681e-05 1.11014669e-06 5.89400617e-04 1.61172832e-06
 4.65324349e-04 5.57417490e-07 6.95618331e-04 1.85096672e-06
 1.35956302e-12 2.64925750e-12]",./circuit_database/TCFC/result_folder/2025-0521-200326
23835700.0,159.535,0.00188045,-10.10296612039527,2025-0521-200339,"[1, 1, 1]","[3.05624176e-04 5.69218121e-07 3.87429557e-04 5.42688923e-07
 5.01810830e-04 9.34503769e-07 3.13729373e-04 8.72489153e-07
 3.26105936e-04 7.07338444e-07 1.04970642e-04 1.63162322e-06
 6.42705797e-04 6.18634700e-07 7.85904081e-04 1.09796466e-06
 2.93904870e-05 1.21660858e-06 1.39123958e-04 1.10380805e-06
 4.13499223e-04 6.18208037e-07 6.18549433e-04 1.20434789e-06
 2.07414427e-12 1.08447617e-12]",./circuit_database/TCFC/result_folder/2025-0521-200339
20373400.0,161.12,0.00146325,-10.143744979180115,2025-0521-200354,"[1, 1, 1]","[2.33291642e-04 7.22492872e-07 3.21412268e-04 5.07366585e-07
 7.96003317e-04 1.07957570e-06 3.96071005e-04 1.17263283e-06
 3.08080542e-04 6.64834636e-07 9.56305516e-05 1.93683627e-06
 5.79407457e-04 7.05649205e-07 7.17898867e-04 1.28221712e-06
 2.34038189e-05 1.21660858e-06 3.01245815e-04 1.63001752e-06
 4.46248588e-04 5.53011929e-07 6.53450845e-04 8.99064778e-07
 2.07414427e-12 1.14269162e-12]",./circuit_database/TCFC/result_folder/2025-0521-200354
19948100.0,158.001,0.00133319,-10.175009489231917,2025-0521-200406,"[1, 1, 1]","[2.33291642e-04 1.12074065e-06 1.66008035e-04 5.43025415e-07
 9.02858419e-04 6.65024134e-07 3.53301611e-04 1.21989364e-06
 3.08080542e-04 6.18163551e-07 9.56305516e-05 1.45956599e-06
 5.79407457e-04 6.65927414e-07 7.17898867e-04 1.28221712e-06
 3.11191049e-05 1.62755302e-06 3.01245815e-04 1.18181966e-06
 4.46248588e-04 5.53011929e-07 4.32254138e-04 9.64967151e-07
 2.27336610e-12 1.14269162e-12]",./circuit_database/TCFC/result_folder/2025-0521-200406
15328100.0,160.106,0.000980576,-10.19400706556148,2025-0521-200406,"[1, 1, 1]","[2.33291642e-04 8.55724120e-07 7.23846184e-04 5.11938908e-07
 6.22467597e-04 1.09373977e-06 3.96071005e-04 1.38024591e-06
 2.07598334e-04 6.64834636e-07 4.13465769e-05 1.49247971e-06
 5.79407457e-04 7.05649205e-07 7.46226002e-04 1.36172709e-06
 2.09485413e-05 1.53845942e-06 3.01245815e-04 1.63001752e-06
 2.40706158e-04 6.87413646e-07 6.53450845e-04 1.56302617e-06
 2.61796996e-12 1.40606557e-12]",STALE
11647200.0,157.792,0.000594887,-10.291787054587644,2025-0521-200418,"[1, 1, 1]","[2.98386060e-04 6.60889044e-07 7.23846184e-04 5.46588042e-07
 5.17203536e-04 1.09586235e-06 1.79802108e-04 1.74120292e-06
 2.02456940e-04 9.85374591e-07 4.13465769e-05 1.57668977e-06
 6.61565212e-04 6.30670073e-07 7.46226002e-04 1.88975058e-06
 1.33471633e-05 1.53845942e-06 2.21899643e-04 1.34739957e-06
 2.40706158e-04 5.96926132e-07 5.70332264e-04 1.68153163e-06
 2.61796996e-12 1.20463680e-12]",STALE
9555530.0,156.094,0.000586586,-10.211923086820038,2025-0521-200418,"[1, 1, 1]","[2.50941577e-04 8.94277761e-07 4.86691151e-04 5.11938908e-07
 8.96583486e-04 1.12002411e-06 2.30608306e-04 1.71575496e-06
 2.57475428e-04 1.22152526e-06 4.13465769e-05 1.62555637e-06
 4.86146319e-04 6.35775375e-07 7.57265334e-04 1.77557293e-06
 1.42086681e-05 1.75290732e-06 5.68525863e-04 1.58979441e-06
 2.04201474e-04 8.15885043e-07 7.08237073e-04 1.32985508e-06
 2.55864383e-12 1.44061618e-12]",STALE
12488100.0,158.18,0.000812544,-10.1866494800042,2025-0521-200430,"[1, 1, 1]","[2.91850805e-04 7.75867434e-07 4.41174000e-04 5.61801515e-07
 8.15203857e-04 9.24814263e-07 1.80292979e-04 1.30301583e-06
 1.62050785e-04 9.85374591e-07 8.47169452e-05 1.94098491e-06
 7.15655770e-04 6.51802480e-07 7.46226002e-04 1.88975058e-06
 1.64406470e-05 9.20505777e-07 2.21899643e-04 1.34486777e-06
 4.57965769e-04 7.64819179e-07 5.01221705e-04 6.95400424e-07
 6.95889510e-13 1.76884649e-12]",STALE
12377900.0,158.292,0.000765894,-10.208478302460856,2025-0521-200430,"[1, 1, 1]","[3.60181592e-04 8.95531827e-07 8.55905807e-04 5.46588042e-07
 5.98656830e-04 8.76703287e-07 3.66515135e-04 1.74120292e-06
 2.02456940e-04 9.85374591e-07 4.13465769e-05 1.57668977e-06
 5.29261107e-04 6.40977126e-07 7.46226002e-04 1.56351405e-06
 1.33471633e-05 1.53845942e-06 1.16247369e-04 1.34739957e-06
 4.55111387e-04 7.21746046e-07 4.67413999e-04 1.52841526e-06
 2.17069227e-12 1.13156765e-12]",STALE
24364700.0,157.638,0.0013692,-10.250294177861912,2025-0521-200444,"[1, 1, 1]","[4.99600827e-04 1.88255573e-06 1.06801119e-04 1.65064619e-06
 8.54630266e-04 6.67809853e-07 8.72945171e-04 9.99055821e-07
 3.41462930e-04 7.80316232e-07 1.50418022e-04 1.85230049e-06
 6.38256854e-04 5.85299344e-07 1.99313311e-04 1.09908746e-06
 8.02720365e-05 1.06672922e-06 6.07884874e-04 1.55201490e-06
 4.57997243e-04 5.96891296e-07 6.72542835e-04 1.58538550e-06
 1.55727742e-12 2.64925750e-12]",./circuit_database/TCFC/result_folder/2025-0521-200444
5618050.0,151.534,0.00052008,-10.033515447022364,2025-0521-200457,"[1, 1, 1]","[2.98386060e-04 6.60889044e-07 7.23846184e-04 5.67649632e-07
 5.17203536e-04 8.37780662e-07 1.67485104e-04 1.72942653e-06
 2.02456940e-04 9.85374591e-07 4.13465769e-05 1.76705017e-06
 6.61565212e-04 6.30670073e-07 6.89028045e-04 1.88975058e-06
 7.11848004e-06 1.36438829e-06 3.85094297e-04 1.49013638e-06
 3.92334018e-04 5.96926132e-07 5.15301849e-04 1.01204801e-06
 1.53686891e-12 1.51465808e-12]",STALE
22886400.0,158.461,0.00151884,-10.1780654579586,2025-0521-200457,"[1, 1, 1]","[4.99600827e-04 1.78551777e-06 1.34066770e-04 1.51512766e-06
 9.59642472e-04 6.70493448e-07 8.72945171e-04 1.09703709e-06
 3.46147417e-04 7.49086111e-07 1.59451612e-04 1.87301320e-06
 6.65954044e-04 5.27435492e-07 1.47860317e-04 1.09908746e-06
 8.02720365e-05 1.15063363e-06 6.09141604e-04 1.56514895e-06
 3.97387594e-04 5.96891296e-07 6.53383848e-04 1.77761994e-06
 1.50493032e-12 2.63750095e-12]",STALE
22143200.0,158.57,0.00143565,-10.188191807378393,2025-0521-200512,"[1, 1, 1]","[4.69442997e-04 1.80269422e-06 1.31714229e-04 1.65064619e-06
 8.79533859e-04 6.64575443e-07 8.70901232e-04 1.16903930e-06
 3.49326739e-04 7.88746432e-07 1.50418022e-04 1.89346845e-06
 6.38256854e-04 5.85299344e-07 1.67722442e-04 1.15808522e-06
 7.61086781e-05 1.13483913e-06 6.07884874e-04 1.68203611e-06
 4.87285206e-04 6.41745199e-07 6.72542835e-04 1.55067351e-06
 1.68385712e-12 2.67433078e-12]",./circuit_database/TCFC/result_folder/2025-0521-200512
13128900.0,158.809,0.000823742,-10.20243713056156,2025-0521-200526,"[1, 1, 1]","[3.86239124e-04 5.94978777e-07 6.44107274e-04 5.46588042e-07
 5.17203536e-04 1.14867829e-06 3.63682949e-04 1.81951248e-06
 3.05105922e-04 1.06837845e-06 4.13465769e-05 1.64048206e-06
 6.61565212e-04 6.30670073e-07 7.55319057e-04 1.88975058e-06
 1.77847176e-05 1.53845942e-06 2.18788115e-04 1.34739957e-06
 2.40706158e-04 5.56510124e-07 5.70332264e-04 1.67422519e-06
 2.46374985e-12 1.38084245e-12]",STALE
6984690.0,153.325,0.000524481,-10.124417375741615,2025-0521-200526,"[1, 1, 1]","[2.23224747e-04 8.98769814e-07 7.70622075e-04 5.67858228e-07
 8.37427652e-04 9.93161494e-07 1.65339987e-04 1.72562656e-06
 2.11599771e-04 7.73185724e-07 4.13465769e-05 1.46786291e-06
 4.14969778e-04 7.03729492e-07 6.98739092e-04 1.68460827e-06
 7.47793383e-06 1.38362864e-06 6.25492108e-04 1.34535350e-06
 2.40706158e-04 6.09516952e-07 5.82453790e-04 1.45464970e-06
 2.61796996e-12 1.23146198e-12]",STALE
24044400.0,159.148,0.00145896,-10.216970559135975,2025-0521-200539,"[1, 1, 1]","[5.01395037e-04 1.88255573e-06 1.27764553e-04 1.49575227e-06
 9.51105087e-04 6.62936251e-07 8.65859939e-04 9.16991426e-07
 3.62963885e-04 7.47583940e-07 1.37406044e-04 1.85230049e-06
 6.18667875e-04 5.11637964e-07 3.20416041e-04 1.09908746e-06
 7.77556101e-05 1.10413485e-06 5.88698276e-04 1.68802469e-06
 4.80099294e-04 5.32803277e-07 6.72542835e-04 1.58538550e-06
 1.48101972e-12 2.67539320e-12]",./circuit_database/TCFC/result_folder/2025-0521-200539
9632580.0,156.173,0.000416781,-10.363834712232812,2025-0521-200539,"[1, 1, 1]","[1.03907917e-04 8.71108263e-07 4.61687579e-04 5.76268965e-07
 5.75180449e-04 1.01840695e-06 1.79802108e-04 1.69268739e-06
 2.02456940e-04 9.94339446e-07 1.66199488e-05 1.08339000e-06
 4.59897678e-04 6.30670073e-07 6.41235001e-04 1.88975058e-06
 1.10742730e-05 1.49746667e-06 2.21899643e-04 9.67764356e-07
 2.40706158e-04 5.96926132e-07 5.70332264e-04 1.47958511e-06
 1.46623979e-12 1.23978163e-12]",STALE
12745100.0,158.095,0.000751233,-10.229568590088725,2025-0521-200604,"[1, 1, 1]","[2.19978405e-04 1.19415524e-06 3.03133957e-04 6.09392374e-07
 2.97191082e-04 1.05294614e-06 3.08310222e-04 1.55880636e-06
 2.02456940e-04 1.01886342e-06 3.09708101e-05 1.46072809e-06
 1.16372824e-04 7.44456465e-07 5.64508983e-04 1.80547769e-06
 1.54149702e-05 1.49746667e-06 7.28964472e-05 8.82983550e-07
 5.19688548e-05 5.96926132e-07 3.96094594e-04 1.26886707e-06
 8.10957300e-13 1.14908953e-12]",STALE
6688210.0,153.036,0.000328483,-10.308797002446266,2025-0521-200632,"[1, 1, 1]","[1.75697925e-04 6.73524749e-07 4.61687579e-04 5.76063268e-07
 3.66295469e-04 1.01840695e-06 1.16303151e-04 1.54647390e-06
 2.71255063e-04 9.36152099e-07 1.07099901e-05 1.08339000e-06
 3.72252041e-04 7.05375883e-07 5.30979639e-04 1.77394113e-06
 8.04097065e-06 1.40514774e-06 2.04545149e-04 9.05413566e-07
 2.99286232e-04 6.00027758e-07 5.08491817e-04 1.25373247e-06
 1.23026457e-12 1.36673886e-12]",./circuit_database/TCFC/result_folder/2025-0521-200632
8260790.0,154.873,0.000362796,-10.357359091864122,2025-0521-200645,"[1, 1, 1]","[9.82275794e-05 8.71108263e-07 3.60513982e-04 5.51537587e-07
 3.70794207e-04 1.08523971e-06 1.79802108e-04 1.79395423e-06
 2.06398047e-04 9.94339446e-07 1.15738755e-05 1.14172835e-06
 3.96531432e-04 6.30670073e-07 7.14339988e-04 1.77530601e-06
 9.81764369e-06 1.40938063e-06 2.21899643e-04 9.67764356e-07
 2.40706158e-04 6.59823789e-07 6.68891876e-04 1.62818398e-06
 1.71865445e-12 1.36398228e-12]",./circuit_database/TCFC/result_folder/2025-0521-200645
10237800.0,156.711,0.000522195,-10.292373932008822,2025-0521-200656,"[1, 1, 1]","[1.29266512e-04 9.24681664e-07 2.58303243e-04 5.55924160e-07
 3.29349662e-04 9.68613887e-07 2.38736328e-04 1.69268739e-06
 2.02456940e-04 1.08301361e-06 2.12392102e-05 1.35029365e-06
 5.26037763e-04 6.24679228e-07 6.41235001e-04 1.85555062e-06
 1.05126330e-05 1.49746667e-06 4.46111673e-04 9.67764356e-07
 2.40706158e-04 6.71809188e-07 6.91319679e-04 1.79477511e-06
 1.69911151e-12 1.11002697e-12]",STALE
12086600.0,158.013,0.000495377,-10.387368310850993,2025-0521-200709,"[1, 1, 1]","[2.58976704e-04 9.32796504e-07 2.56659991e-04 5.64879258e-07
 3.70376284e-04 1.11983916e-06 2.05272551e-04 1.73199132e-06
 1.62182625e-04 1.01430721e-06 1.66199488e-05 8.85300965e-07
 4.59897678e-04 7.31340115e-07 6.41235001e-04 1.79678773e-06
 1.28452145e-05 1.25156540e-06 1.99552102e-04 9.67764356e-07
 2.64647419e-04 6.18742760e-07 4.64738144e-04 1.43429508e-06
 1.46623979e-12 1.23978163e-12]",STALE
13599900.0,157.773,0.000857404,-10.200350209747059,2025-0521-200720,"[1, 1, 1]","[7.57847775e-05 1.10631148e-06 7.90289883e-05 5.66875287e-07
 2.14315017e-04 1.11983916e-06 2.22866396e-04 1.48602399e-06
 2.21325798e-04 1.01430721e-06 2.86488153e-05 8.85300965e-07
 4.59897678e-04 7.31340115e-07 6.94170472e-04 1.85392412e-06
 1.53681086e-05 1.07729254e-06 3.96048403e-04 9.67764356e-07
 8.24641277e-05 6.18742760e-07 3.04892237e-04 1.08856598e-06
 1.54623256e-12 1.22956200e-12]",STALE
12428300.0,158.399,0.000469907,-10.422399813341698,2025-0521-200720,"[1, 1, 1]","[4.15475448e-04 1.00737727e-06 6.54229606e-05 5.42653012e-07
 1.44956376e-04 1.07537683e-06 2.26430213e-04 1.77193804e-06
 1.99770181e-04 1.09750522e-06 1.01805080e-05 1.05870542e-06
 4.37828759e-04 6.80782532e-07 7.42398281e-04 1.79678773e-06
 1.33894286e-05 1.05331943e-06 2.46769412e-04 1.18762291e-06
 1.24310047e-04 6.88128566e-07 6.23857071e-04 1.37778758e-06
 1.46148448e-12 1.43682977e-12]",./circuit_database/TCFC/result_folder/2025-0521-200720
13496600.0,158.85,0.000589131,-10.360012500990743,2025-0521-200720,"[1, 1, 1]","[2.14628662e-04 7.27869721e-07 4.40761334e-05 5.60488770e-07
 2.65257259e-04 1.24251164e-06 2.45943130e-04 1.86634019e-06
 1.81613506e-04 1.01430721e-06 2.23004342e-05 1.03504325e-06
 4.36554204e-04 6.64570065e-07 5.95917291e-04 1.67477796e-06
 1.28452145e-05 9.71093528e-07 2.76195116e-04 9.67764356e-07
 2.64647419e-04 6.89948331e-07 2.99647001e-04 1.65535449e-06
 1.54753159e-12 1.23978163e-12]",./circuit_database/TCFC/result_folder/2025-0521-200720
12582500.0,158.491,0.000477184,-10.421081065739365,2025-0521-200743,"[1, 1, 1]","[3.44358158e-04 7.35447981e-07 3.92491911e-05 5.42653012e-07
 9.41145218e-05 9.61389534e-07 2.26430213e-04 1.98225900e-06
 1.95362699e-04 1.09898405e-06 1.01805080e-05 1.07544629e-06
 4.71188332e-04 6.93951954e-07 7.42398281e-04 1.79678773e-06
 1.33894286e-05 1.00793761e-06 3.13370035e-04 1.21074434e-06
 1.24310047e-04 6.18378129e-07 5.07455280e-04 1.37778758e-06
 1.49558104e-12 1.44805004e-12]",./circuit_database/TCFC/result_folder/2025-0521-200743
10959700.0,157.316,0.000456106,-10.380732881011417,2025-0521-200755,"[1, 1, 1]","[4.15475448e-04 9.23020863e-07 2.31719341e-04 5.42653012e-07
 4.02823078e-04 9.44635726e-07 2.26430213e-04 1.86103562e-06
 2.20172782e-04 1.04497397e-06 1.79515536e-05 1.29216469e-06
 4.87126807e-04 6.80782532e-07 8.88050282e-04 1.68044088e-06
 1.35261237e-05 1.37124513e-06 2.46769412e-04 1.14944199e-06
 5.64320421e-05 7.41058730e-07 7.96203305e-04 1.69356915e-06
 1.31338891e-12 1.43094693e-12]",STALE
12971000.0,158.677,0.00053428,-10.38520454203254,2025-0521-200755,"[1, 1, 1]","[3.35832499e-04 7.88440953e-07 6.54229606e-05 5.39384928e-07
 3.81664695e-04 9.76797962e-07 2.31151434e-04 1.62530927e-06
 2.07146342e-04 1.05410201e-06 1.78796527e-05 9.42725425e-07
 4.37828759e-04 6.36944781e-07 7.42398281e-04 1.77553209e-06
 1.33894286e-05 1.05331943e-06 2.46769412e-04 1.18762291e-06
 1.24310047e-04 6.88128566e-07 5.21871909e-04 1.37778758e-06
 1.35840186e-12 1.34336801e-12]",./circuit_database/TCFC/result_folder/2025-0521-200755
9946910.0,156.498,0.00038912,-10.407604635190765,2025-0521-200755,"[1, 1, 1]","[3.29122127e-04 1.00737727e-06 6.54229606e-05 5.28561458e-07
 3.44484504e-04 1.11625919e-06 2.26430213e-04 1.77193804e-06
 2.24855861e-04 1.07482380e-06 1.01805080e-05 1.18207385e-06
 4.44827448e-04 6.93051963e-07 7.42398281e-04 1.79678773e-06
 1.39362980e-05 1.32606954e-06 1.19596741e-04 1.18762291e-06
 1.24310047e-04 6.14303508e-07 7.53125496e-04 9.91227133e-07
 1.35453428e-12 1.65078630e-12]",./circuit_database/TCFC/result_folder/2025-0521-200755
12398400.0,158.389,0.000448063,-10.442026561183011,2025-0521-200815,"[1, 1, 1]","[3.87652577e-04 8.62787498e-07 4.16844411e-05 5.48219742e-07
 1.52343931e-04 1.08135361e-06 2.26430213e-04 1.72270318e-06
 2.08944506e-04 1.08442899e-06 1.01805080e-05 1.11620275e-06
 4.50062458e-04 6.38274544e-07 7.46548253e-04 1.79678773e-06
 1.31159383e-05 1.03507413e-06 2.28444384e-04 1.22978939e-06
 9.29756578e-05 7.26821427e-07 6.64973259e-04 1.24634577e-06
 1.52798228e-12 1.42692032e-12]",./circuit_database/TCFC/result_folder/2025-0521-200815
12722500.0,158.603,0.000515914,-10.391995146364309,2025-0521-200815,"[1, 1, 1]","[4.05453311e-04 9.13283347e-07 6.54229606e-05 5.40392316e-07
 1.78017543e-04 1.10353462e-06 2.59739552e-04 1.74138310e-06
 2.00221764e-04 1.03809550e-06 1.21508989e-05 1.11779941e-06
 4.70961568e-04 6.44430221e-07 8.11824805e-04 1.79678773e-06
 1.48180213e-05 1.13613891e-06 2.46769412e-04 1.22845511e-06
 1.24310047e-04 6.89540283e-07 6.73437685e-04 1.57864686e-06
 1.50533975e-12 1.48868334e-12]",./circuit_database/TCFC/result_folder/2025-0521-200815
12223600.0,158.164,0.000436254,-10.447459707773499,2025-0521-200830,"[1, 1, 1]","[3.63347962e-04 8.62787498e-07 7.51171759e-06 5.51606376e-07
 1.39445409e-04 1.01894034e-06 1.80298324e-04 1.59617850e-06
 1.90427368e-04 1.08826894e-06 1.85733655e-05 1.29093407e-06
 4.24867997e-04 6.99414372e-07 8.07370694e-04 1.85562447e-06
 1.26208616e-05 1.07363288e-06 1.08733492e-04 1.32258746e-06
 1.00252710e-04 7.60174819e-07 6.85131048e-04 1.24634577e-06
 1.45837930e-12 1.34191707e-12]",STALE
23453800.0,163.264,0.00353861,-3.6779861715926576,2025-0521-201501,"[1, 0, -1]","[4.80157776e-04 1.16796129e-06 8.22520872e-04 1.26473295e-06
 6.82279067e-04 1.18735163e-06 7.68363979e-04 1.18478013e-06
 9.03335578e-04 8.63053346e-07 7.76054581e-04 1.72393008e-06
 9.45055768e-04 6.64296778e-07 6.81013734e-04 1.65430679e-06
 5.99012016e-05 8.57719153e-07 4.70368717e-04 5.50142753e-07
 8.02148003e-04 5.87738644e-07 1.25086093e-05 1.12797898e-06
 7.67170708e-13 2.91911057e-12]",STALE
46545300.0,125.581,0.021698,-4.749394601391243,2025-0521-201545,"[1, 0, -1]","[8.52799059e-04 1.56400148e-06 9.34643054e-04 1.67926875e-06
 1.40642454e-04 1.69444316e-06 9.40218408e-04 9.23083883e-07
 8.65075248e-04 9.02254135e-07 4.70346748e-04 1.72959826e-06
 8.14041401e-04 9.57075751e-07 4.76770485e-04 1.13633529e-06
 1.59047883e-04 1.02091269e-06 1.83062267e-04 7.15137849e-07
 5.13659900e-04 7.98906476e-07 3.78007504e-04 1.54740259e-06
 1.22214776e-12 2.47307781e-12]",STALE
33504200.0,145.197,0.00809816,-4.215655719235444,2025-0521-201703,"[1, 0, -1]","[9.60724879e-04 1.18384756e-06 9.93552846e-04 1.17954239e-06
 4.39919733e-04 1.93182329e-06 9.12823937e-04 1.02030503e-06
 8.56316491e-04 8.14263703e-07 1.20803103e-04 7.73503780e-07
 5.30390224e-04 7.44432011e-07 4.92057515e-04 1.50028496e-06
 5.59731299e-05 1.10170978e-06 1.83062267e-04 6.49741641e-07
 9.07860463e-04 1.00025074e-06 4.18652717e-04 1.00799528e-06
 6.68978348e-13 1.17217142e-12]",./circuit_database/TCFC/result_folder/2025-0521-201703
47295700.0,135.352,0.011101,-4.582087972427652,2025-0521-202224,"[1, 0, -1]","[8.59927113e-04 1.57924050e-06 7.44919920e-04 1.06119169e-06
 1.99119495e-04 1.73762901e-06 9.11194464e-04 9.48775931e-07
 8.19521952e-04 1.26152396e-06 3.82859108e-04 1.76858602e-06
 9.39263133e-04 1.12051268e-06 2.99656394e-04 1.40770331e-06
 1.36153306e-04 1.03702324e-06 2.18379707e-04 6.97853892e-07
 6.60524056e-04 5.33441273e-07 4.20678399e-04 1.69431186e-06
 2.59664078e-12 1.97760022e-12]",./circuit_database/TCFC/result_folder/2025-0521-202224
47753400.0,125.912,0.015562,-4.788387012076858,2025-0521-202345,"[1, 0, -1]","[9.02327884e-04 1.64511369e-06 7.37837485e-04 1.18235960e-06
 8.96613608e-05 1.56440333e-06 9.02415982e-04 1.02393014e-06
 7.17925774e-04 1.20952106e-06 3.51324875e-04 1.63436917e-06
 8.99130508e-04 1.02165788e-06 1.94934010e-04 1.49265950e-06
 1.54087473e-04 1.12430853e-06 2.43334928e-04 5.10559985e-07
 6.64807099e-04 5.05709211e-07 3.58784378e-04 1.60375519e-06
 2.34121668e-12 2.00278151e-12]",./circuit_database/TCFC/result_folder/2025-0521-202345
537235.0,131.162,0.000316794,-3.9020332363335144,2025-0521-204521,"[0, -1, 1]","[2.88979217e-04 1.42063490e-06 9.32857057e-04 7.02840492e-07
 5.16361239e-04 8.81941959e-07 2.46469998e-04 1.65094943e-06
 6.10018418e-04 1.24200945e-06 3.79660269e-06 1.87033200e-06
 5.36375700e-04 1.20931571e-06 7.33696803e-04 6.96775950e-07
 8.98865757e-07 1.98243525e-06 7.66549199e-04 6.11583093e-07
 4.53110039e-04 1.03397196e-06 5.83761177e-04 1.62011212e-06
 9.41366109e-13 1.74147974e-12]",STALE
675440.0,133.15,0.000185846,-4.140201345116751,2025-0521-204544,"[0, -1, 1]","[4.15156865e-04 1.46946710e-06 3.50581819e-04 7.02840492e-07
 5.16361239e-04 9.34886932e-07 1.26323455e-04 1.82163041e-06
 5.40299848e-04 1.34045321e-06 5.42231484e-06 1.87033200e-06
 2.75986896e-05 1.20931571e-06 2.61929962e-04 5.85367346e-07
 8.98865757e-07 1.93523131e-06 2.31986644e-04 5.71073407e-07
 3.15250413e-04 8.34546633e-07 6.36536171e-04 1.62011212e-06
 1.40149351e-12 1.37907779e-12]",STALE
401097.0,128.542,9.17593e-05,-4.433439672225108,2025-0521-204610,"[0, -1, 1]","[2.95661401e-04 1.25874650e-06 6.01518890e-04 7.59516108e-07
 3.94514101e-04 9.34886932e-07 6.98337943e-06 1.40966281e-06
 5.64497028e-04 1.72246522e-06 5.53015367e-05 1.39873916e-06
 1.97437964e-05 9.28872142e-07 6.50996658e-04 1.41959116e-06
 8.98865757e-07 1.88951640e-06 1.13560587e-04 5.27916900e-07
 5.29322587e-04 8.34546633e-07 6.36536171e-04 1.46287522e-06
 1.40149351e-12 2.41625250e-12]",STALE
1401490.0,137.475,0.000320582,-3.9676746003531336,2025-0521-204623,"[0, -1, 1]","[2.46310048e-04 6.63765714e-07 6.01518890e-04 8.14930862e-07
 9.55107453e-05 1.39568472e-06 3.99118084e-05 1.23720837e-06
 5.78777075e-04 1.37057236e-06 1.73941177e-04 1.50590053e-06
 1.97437964e-05 1.07842677e-06 6.50996658e-04 1.24230273e-06
 3.46247209e-06 1.88213750e-06 7.85172980e-04 6.06961424e-07
 8.32403371e-04 6.55002400e-07 5.35831976e-04 1.79561263e-06
 1.28342880e-12 2.02004685e-12]",STALE
2059800.0,142.833,0.000309944,-3.948602855705783,2025-0521-204623,"[0, -1, 1]","[1.68147204e-04 1.33672118e-06 6.22927219e-04 5.62853088e-07
 3.94514101e-04 1.52981099e-06 7.82540647e-06 1.41991946e-06
 5.64497028e-04 1.75005674e-06 2.87137927e-04 1.97659147e-06
 1.49726178e-04 7.54844957e-07 3.84315125e-04 1.13071296e-06
 5.10197505e-06 1.84756855e-06 5.00053234e-04 5.88478031e-07
 1.84753508e-04 1.48716056e-06 2.77944821e-04 1.15013564e-06
 1.40149351e-12 2.41625250e-12]",STALE
474967.0,130.085,3.82746e-05,-4.8164932832244,2025-0521-204623,"[0, -1, 1]","[2.35981223e-04 1.43153468e-06 4.38588569e-04 9.00258523e-07
 5.89179784e-04 8.20039794e-07 6.98337943e-06 1.38763684e-06
 5.17888494e-04 9.40956146e-07 9.13846683e-05 1.03166988e-06
 1.97437964e-05 1.31185847e-06 6.88340263e-04 1.42322940e-06
 8.98865757e-07 1.76504174e-06 6.88940701e-04 6.55557489e-07
 7.17202146e-04 8.93832102e-07 3.02814623e-04 1.18873844e-06
 1.61312709e-12 2.18091070e-12]",STALE
1041480.0,136.873,0.000112653,-4.37054549615503,2025-0521-204657,"[0, -1, 1]","[1.32000425e-04 1.27030683e-06 8.04634015e-04 6.19637171e-07
 8.01478126e-04 1.27046016e-06 2.12697556e-05 1.10231636e-06
 5.65005500e-04 1.17415036e-06 8.46628356e-05 1.03166988e-06
 5.31400346e-05 1.27331209e-06 4.71332235e-04 1.80292407e-06
 2.23757458e-06 1.81952880e-06 6.88940701e-04 6.55557489e-07
 8.34896539e-04 8.93832102e-07 2.93035695e-04 1.57156029e-06
 1.22681180e-12 2.18091070e-12]",STALE
1086630.0,137.279,0.000227507,-4.065645193063785,2025-0521-204657,"[0, -1, 1]","[6.61906396e-05 1.02627797e-06 4.38588569e-04 9.89050564e-07
 7.04941716e-04 8.20039794e-07 6.98337943e-06 1.89616284e-06
 5.17888494e-04 5.23074543e-07 1.79326688e-04 1.35644373e-06
 1.74005823e-04 1.42275341e-06 9.62056194e-04 5.54894386e-07
 3.06666296e-06 1.78504481e-06 7.28004268e-04 8.01031447e-07
 4.78230192e-04 9.56344247e-07 3.45429350e-04 5.97810518e-07
 1.82508924e-12 2.98806611e-12]",STALE
2248570.0,143.597,0.000267002,-4.015629062693945,2025-0521-204708,"[0, -1, 1]","[2.21951205e-04 1.43153468e-06 3.51987493e-04 8.73340247e-07
 5.89179784e-04 9.73386249e-07 6.98337943e-06 1.35560707e-06
 5.17888494e-04 6.07487327e-07 1.46626089e-04 1.52904820e-06
 1.90925681e-04 1.48196849e-06 9.23483541e-04 1.42322940e-06
 4.54915701e-06 1.76504174e-06 7.02179488e-04 7.17150558e-07
 7.17202146e-04 9.73636573e-07 2.98874620e-05 9.33403868e-07
 1.14552317e-12 2.09321051e-12]",STALE
1617160.0,140.729,0.000123355,-4.3423483436777115,2025-0521-204708,"[0, -1, 1]","[2.35981223e-04 1.45418092e-06 8.16809572e-04 7.94662543e-07
 5.34496443e-04 5.29442265e-07 6.98337943e-06 1.38763684e-06
 5.22980290e-04 7.50268118e-07 6.34508973e-05 1.03166988e-06
 1.08993519e-04 1.63972899e-06 7.38005934e-04 1.77226832e-06
 3.45478306e-06 1.80777921e-06 6.88940701e-04 6.90595436e-07
 4.49503775e-04 8.93832102e-07 3.06455811e-04 8.10956874e-07
 1.55458701e-12 2.18091070e-12]",STALE
937990.0,135.994,5.05595e-05,-4.714936085997017,2025-0521-204719,"[0, -1, 1]","[2.63668271e-04 1.55346183e-06 4.72017882e-04 6.98689522e-07
 5.59025807e-04 1.13542861e-06 6.98337943e-06 1.40525246e-06
 6.15633713e-04 6.50032235e-07 1.34629817e-04 1.03166988e-06
 1.97437964e-05 1.23328440e-06 9.00060514e-04 1.42322940e-06
 1.97284524e-06 1.84773525e-06 7.12848451e-04 6.96372751e-07
 7.17202146e-04 1.26544015e-06 1.33816146e-04 5.53293030e-07
 2.06677990e-12 2.17988962e-12]",STALE
2390230.0,144.06,0.000285084,-3.9902604175273204,2025-0521-204719,"[0, -1, 1]","[3.47251616e-04 1.43153468e-06 1.80397327e-04 7.42471476e-07
 6.17344210e-04 8.20039794e-07 7.73923362e-05 1.58721831e-06
 5.16466025e-04 9.40956146e-07 3.29485398e-04 1.03166988e-06
 1.89147889e-04 1.76458242e-06 5.03649263e-04 1.56095703e-06
 6.11880388e-06 1.88314456e-06 6.88940701e-04 6.55557489e-07
 9.84819889e-04 5.26112799e-07 1.39086096e-04 1.75996949e-06
 1.61312709e-12 2.42427836e-12]",STALE
441015.0,129.443,3.55295e-05,-4.846611158808643,2025-0521-204740,"[0, -1, 1]","[2.11609328e-04 1.46816590e-06 4.99402253e-04 7.74130451e-07
 5.74761049e-04 8.20039794e-07 6.98337943e-06 1.45434581e-06
 5.96168117e-04 9.40956146e-07 5.06984097e-05 1.21672111e-06
 1.97437964e-05 1.59635970e-06 8.28637640e-04 1.31013250e-06
 8.98865757e-07 1.77672434e-06 6.88940701e-04 6.55557489e-07
 7.53125569e-04 9.19217925e-07 2.18464048e-04 1.14749153e-06
 1.66137382e-12 2.34123058e-12]",STALE
684186.0,133.251,3.22084e-05,-4.901983421778559,2025-0521-204811,"[0, -1, 1]","[2.11609328e-04 1.59574965e-06 3.77819347e-04 7.74130451e-07
 6.21158947e-04 7.08003149e-07 6.98337943e-06 1.39401807e-06
 4.93154553e-04 1.01741949e-06 5.06984097e-05 9.96838920e-07
 1.97437964e-05 1.59635970e-06 7.91607901e-04 1.35304051e-06
 1.33595163e-06 1.58760225e-06 6.88940701e-04 7.24478018e-07
 7.10062548e-04 9.19217925e-07 2.18464048e-04 1.15447208e-06
 1.55359147e-12 2.33064695e-12]",STALE
771504.0,134.297,3.89003e-05,-4.823327456018412,2025-0521-204811,"[0, -1, 1]","[2.26909963e-04 1.48104584e-06 6.64516775e-04 8.02620461e-07
 5.26256670e-04 6.91812627e-07 6.98337943e-06 1.41995516e-06
 7.35904469e-04 8.81756539e-07 9.60855163e-05 1.10368270e-06
 1.97437964e-05 1.59635970e-06 8.64140931e-04 1.50829774e-06
 1.54219510e-06 1.77672434e-06 8.28244610e-04 7.22425196e-07
 7.71698476e-04 1.05803621e-06 2.18464048e-04 1.07546148e-06
 1.83062642e-12 2.14215937e-12]",STALE
393838.0,128.463,3.11209e-05,-4.900779724818663,2025-0521-204821,"[0, -1, 1]","[2.11609328e-04 1.63924351e-06 3.48884937e-04 7.74130451e-07
 6.21158947e-04 7.08003149e-07 6.98337943e-06 1.39401807e-06
 4.93154553e-04 9.71844950e-07 1.26957576e-04 7.48680323e-07
 1.97437964e-05 1.60375670e-06 6.27305398e-04 1.24471713e-06
 7.22702163e-07 1.54157340e-06 7.03609612e-04 6.77737749e-07
 7.21307252e-04 9.35378343e-07 1.60780957e-04 1.15447208e-06
 1.74557636e-12 2.42125605e-12]",STALE
970783.0,136.301,3.36746e-05,-4.892202682024782,2025-0521-204842,"[0, -1, 1]","[2.41947312e-04 1.46271670e-06 4.90982830e-04 7.78869324e-07
 6.68919124e-04 8.56291698e-07 5.95256294e-06 1.30833555e-06
 6.28264464e-04 1.14331255e-06 1.65635923e-06 1.26954711e-06
 1.32892578e-04 1.59635970e-06 8.00876597e-04 1.24415387e-06
 1.93893606e-06 1.61066783e-06 6.88940701e-04 6.54696329e-07
 7.01519867e-04 9.19217925e-07 4.82982259e-05 1.05367851e-06
 1.71631064e-12 2.28002916e-12]",./circuit_database/TCFC/result_folder/2025-0521-204842
1016740.0,136.701,6.77926e-05,-4.589639360302767,2025-0521-204903,"[0, -1, 1]","[1.88692618e-04 1.60536059e-06 3.73449851e-04 6.76126843e-07
 6.21158947e-04 8.11483476e-07 4.71014693e-06 1.39401807e-06
 5.02828763e-04 9.81806100e-07 4.26923001e-05 9.96838920e-07
 5.72599092e-05 1.49992916e-06 8.22094527e-04 1.25391069e-06
 2.12606192e-06 1.58760225e-06 6.20022119e-04 7.56835666e-07
 7.60822992e-04 9.56855451e-07 2.31351356e-04 1.06113871e-06
 1.62475168e-12 2.42308438e-12]",./circuit_database/TCFC/result_folder/2025-0521-204903
695379.0,133.39,3.07852e-05,-4.922112083066723,2025-0521-204935,"[0, -1, 1]","[1.85887034e-04 1.57861004e-06 4.13544411e-04 7.62217701e-07
 6.15849714e-04 6.72073307e-07 6.98337943e-06 1.41914349e-06
 5.09764090e-04 1.00333711e-06 1.45961429e-05 1.05178263e-06
 1.81881436e-05 1.59635970e-06 7.83421140e-04 1.34462111e-06
 1.33595163e-06 1.54542308e-06 6.92038264e-04 7.29478724e-07
 7.27983443e-04 9.75021683e-07 2.32715453e-04 1.14921295e-06
 1.57725760e-12 2.33064695e-12]",./circuit_database/TCFC/result_folder/2025-0521-204935
439076.0,129.408,2.45573e-05,-5.006820363386568,2025-0521-204945,"[0, -1, 1]","[1.90642983e-04 1.61251074e-06 4.13544411e-04 7.62217701e-07
 6.15849714e-04 6.41283636e-07 3.57873151e-06 1.41628691e-06
 5.09764090e-04 9.77154609e-07 2.04235377e-05 1.02533136e-06
 1.81881436e-05 1.57655281e-06 7.83421140e-04 1.31516723e-06
 7.76857200e-07 1.54542308e-06 6.92038264e-04 7.44560765e-07
 7.28997500e-04 9.92535089e-07 2.57521146e-04 1.18703043e-06
 1.54732114e-12 2.30081613e-12]",STALE
444305.0,129.513,2.86847e-05,-4.939648655844722,2025-0521-205016,"[0, -1, 1]","[1.87585214e-04 1.62014220e-06 3.86190296e-04 7.42167962e-07
 6.15849714e-04 6.40654479e-07 5.25638390e-07 1.41389901e-06
 5.37555282e-04 9.74690696e-07 3.38091113e-05 1.02143426e-06
 2.83576001e-05 1.57655281e-06 7.90619583e-04 1.33633071e-06
 7.76857200e-07 1.50586771e-06 6.79519176e-04 7.48886283e-07
 7.45665053e-04 9.61084914e-07 2.57521146e-04 1.18703043e-06
 1.50041862e-12 2.31075291e-12]",STALE
440190.0,129.43,2.4707e-05,-5.004255026409367,2025-0521-205047,"[0, -1, 1]","[1.81545026e-04 1.59944940e-06 4.08994309e-04 7.55440402e-07
 6.11178722e-04 6.39624806e-07 3.57873151e-06 1.40571657e-06
 5.09764090e-04 9.67749745e-07 1.16599050e-05 1.01009824e-06
 1.81881436e-05 1.56123474e-06 7.93871113e-04 1.33654789e-06
 7.76857200e-07 1.55030534e-06 6.92038264e-04 7.54281681e-07
 7.29370879e-04 9.92535089e-07 2.58978899e-04 1.18270934e-06
 1.56318702e-12 2.29008781e-12]",STALE
494148.0,130.435,3.07765e-05,-4.9121984388640305,2025-0521-205056,"[0, -1, 1]","[1.90642983e-04 1.60528713e-06 4.17265820e-04 7.65222993e-07
 6.10555335e-04 6.36729395e-07 3.57873151e-06 1.41045286e-06
 5.13990358e-04 9.68165545e-07 2.35274667e-05 1.01308134e-06
 2.47695590e-05 1.57655281e-06 7.83421140e-04 1.31513312e-06
 8.86066136e-07 1.54542308e-06 6.95011849e-04 7.37780323e-07
 7.31583214e-04 9.88839817e-07 2.60449177e-04 1.19069955e-06
 1.54732114e-12 2.28449498e-12]",STALE
440029.0,129.428,2.28575e-05,-5.038010165888192,2025-0521-205106,"[0, -1, 1]","[1.86432056e-04 1.61048963e-06 4.14746367e-04 7.63521010e-07
 6.15849714e-04 6.43893401e-07 2.17778382e-06 1.41129716e-06
 5.09764090e-04 9.83089562e-07 2.04235377e-05 1.01679855e-06
 1.92207868e-05 1.57615003e-06 7.80876354e-04 1.32452110e-06
 7.76857200e-07 1.55244672e-06 6.92038264e-04 7.55562259e-07
 7.27906322e-04 9.92535089e-07 2.53015054e-04 1.18715321e-06
 1.55648999e-12 2.28930292e-12]",STALE
439674.0,129.421,2.25615e-05,-5.043647177441002,2025-0521-205126,"[0, -1, 1]","[1.88926761e-04 1.61982500e-06 4.14487404e-04 7.70290644e-07
 6.12449179e-04 6.36656800e-07 1.62688454e-06 1.40376313e-06
 5.09764090e-04 9.85756669e-07 2.67453214e-05 1.01041165e-06
 1.99775353e-05 1.57615003e-06 7.85659470e-04 1.31574573e-06
 7.76857200e-07 1.55985909e-06 6.88593037e-04 7.43556215e-07
 7.34419315e-04 9.92535089e-07 2.57840493e-04 1.18715321e-06
 1.54965093e-12 2.28286741e-12]",STALE
412124.0,128.858,1.79641e-05,-5.140739879943095,2025-0521-205126,"[0, -1, 1]","[1.86863425e-04 1.61048963e-06 4.16967361e-04 7.63521010e-07
 6.09519813e-04 6.41047904e-07 2.14909713e-06 1.40365566e-06
 5.04773085e-04 9.75736637e-07 2.04235377e-05 1.01061188e-06
 1.37311033e-05 1.56816000e-06 7.80876354e-04 1.33263556e-06
 7.15819187e-07 1.55235221e-06 6.87076248e-04 7.57472349e-07
 7.28464954e-04 9.85246846e-07 2.59344295e-04 1.18099691e-06
 1.55271431e-12 2.28490388e-12]",./circuit_database/TCFC/result_folder/2025-0521-205126
441106.0,129.45,2.862e-05,-4.940423912266722,2025-0521-205126,"[0, -1, 1]","[1.86672591e-04 1.61215810e-06 4.17938460e-04 7.55961739e-07
 6.12046335e-04 6.38899741e-07 2.35507912e-06 1.41129716e-06
 5.08598563e-04 9.83089562e-07 1.43868095e-05 1.01605943e-06
 2.52859602e-05 1.56658727e-06 7.82056302e-04 1.32452110e-06
 7.76857200e-07 1.54696420e-06 6.92038264e-04 7.48092104e-07
 7.31427123e-04 9.89581490e-07 2.53803894e-04 1.19360249e-06
 1.56682689e-12 2.28930292e-12]",STALE
438836.0,129.405,2.09439e-05,-5.075889629726283,2025-0521-205126,"[0, -1, 1]","[1.87249330e-04 1.60946841e-06 4.17891687e-04 7.56512350e-07
 6.12549796e-04 6.41543360e-07 1.86408752e-06 1.41129716e-06
 5.04370775e-04 9.83089562e-07 2.38834103e-05 1.01314531e-06
 1.77991256e-05 1.58000952e-06 7.76502749e-04 1.32452110e-06
 7.76857200e-07 1.55698031e-06 6.93518441e-04 7.65610469e-07
 7.24070877e-04 9.85781005e-07 2.50990857e-04 1.18884401e-06
 1.56663134e-12 2.29109936e-12]",STALE
213646.0,123.151,1.60965e-05,-5.16874887618376,2025-0521-205146,"[0, -1, 1]","[1.89275879e-04 1.61059972e-06 4.20124770e-04 7.63521010e-07
 6.11310834e-04 6.41047904e-07 3.53729812e-06 1.40617858e-06
 4.99400640e-04 9.70544757e-07 2.31670126e-05 1.01295058e-06
 9.08025610e-06 1.57459228e-06 7.75394727e-04 1.33263556e-06
 2.00228345e-07 1.54542698e-06 6.86977326e-04 7.64136789e-07
 7.33296245e-04 9.81205263e-07 2.60544665e-04 1.19054950e-06
 1.55263770e-12 2.27123608e-12]",STALE
412327.0,128.862,1.95435e-05,-5.104163415823253,2025-0521-205146,"[0, -1, 1]","[1.83323097e-04 1.61048963e-06 4.20215502e-04 7.68162577e-07
 6.14630427e-04 6.37170890e-07 2.95548575e-06 1.39388763e-06
 5.03506963e-04 9.75736637e-07 2.49009958e-05 1.00669497e-06
 1.37311033e-05 1.55805676e-06 7.82131126e-04 1.33296292e-06
 7.15819187e-07 1.55113774e-06 6.84780614e-04 7.66408331e-07
 7.28464954e-04 9.91168217e-07 2.60699900e-04 1.17529443e-06
 1.55809798e-12 2.28490388e-12]",STALE
538303.0,131.176,1.92492e-05,-5.118525103216243,2025-0521-205146,"[0, -1, 1]","[1.87016456e-04 1.60365957e-06 4.18460077e-04 7.57374252e-07
 6.12524407e-04 6.50251656e-07 2.79701026e-06 1.40075189e-06
 5.04773085e-04 9.73578648e-07 2.04235377e-05 1.00989386e-06
 1.35493285e-05 1.56346638e-06 7.83455225e-04 1.34103259e-06
 9.77532675e-07 1.54774156e-06 6.87076248e-04 7.65935695e-07
 7.29685220e-04 9.85246846e-07 2.59344295e-04 1.18021818e-06
 1.54830804e-12 2.28490388e-12]",./circuit_database/TCFC/result_folder/2025-0521-205146
221254.0,123.455,1.72007e-05,-5.141003132293672,2025-0521-205156,"[0, -1, 1]","[1.84875028e-04 1.60692070e-06 4.20124770e-04 7.66145284e-07
 6.12189147e-04 6.44755361e-07 3.53729812e-06 1.39871523e-06
 5.07630642e-04 9.80003072e-07 2.48359386e-05 1.01899910e-06
 1.01752957e-05 1.56477514e-06 7.78132921e-04 1.32778013e-06
 2.43771441e-07 1.54542698e-06 6.85093272e-04 7.64136789e-07
 7.26850597e-04 9.81426115e-07 2.57499278e-04 1.18883876e-06
 1.56622452e-12 2.27587654e-12]",STALE
212606.0,123.11,1.38377e-05,-5.234237183078488,2025-0521-205206,"[0, -1, 1]","[1.92942370e-04 1.60430048e-06 4.20124770e-04 7.58460871e-07
 6.05740676e-04 6.41047904e-07 2.32876386e-06 1.40617858e-06
 4.99400640e-04 9.62870032e-07 2.70704343e-05 1.01073357e-06
 9.08025610e-06 1.57373313e-06 7.71791005e-04 1.32384004e-06
 2.00228345e-07 1.54859623e-06 6.95285848e-04 7.69418176e-07
 7.33296245e-04 9.81205263e-07 2.57756628e-04 1.19054950e-06
 1.55263770e-12 2.27810211e-12]",STALE
220380.0,123.422,1.27068e-05,-5.272362479037023,2025-0521-205206,"[0, -1, 1]","[1.87585600e-04 1.61059972e-06 4.20124770e-04 7.68242407e-07
 6.11310834e-04 6.41047904e-07 1.72259401e-06 1.41164994e-06
 5.04378549e-04 9.78145101e-07 2.51152810e-05 1.01221509e-06
 9.08025610e-06 1.56933155e-06 7.73431820e-04 1.32170828e-06
 2.32790969e-07 1.53882670e-06 6.81660393e-04 7.63586942e-07
 7.37576852e-04 9.81205263e-07 2.60888497e-04 1.19340699e-06
 1.55263770e-12 2.27123608e-12]",STALE
318945.0,126.633,1.66006e-05,-5.167426013962463,2025-0521-205217,"[0, -1, 1]","[1.90673427e-04 1.61059972e-06 4.20124770e-04 7.70722180e-07
 6.07182483e-04 6.41047904e-07 7.04802657e-07 1.40717474e-06
 5.01871314e-04 9.78145101e-07 2.59467990e-05 1.01824510e-06
 1.53540480e-05 1.57488590e-06 7.78472923e-04 1.31806603e-06
 5.02807319e-07 1.53882670e-06 6.81660393e-04 7.60000760e-07
 7.30744989e-04 9.84789947e-07 2.56505314e-04 1.18583652e-06
 1.55263770e-12 2.27123608e-12]",STALE
264912.0,125.021,1.42118e-05,-5.229329701294003,2025-0521-205217,"[0, -1, 1]","[1.91149100e-04 1.61059972e-06 4.20124770e-04 7.62616813e-07
 6.05712403e-04 6.47430355e-07 1.72259401e-06 1.40378593e-06
 5.04378549e-04 9.81447323e-07 2.54790435e-05 1.01469459e-06
 1.06157130e-05 1.56933155e-06 7.73431820e-04 1.31249091e-06
 3.72287366e-07 1.53439264e-06 6.75428023e-04 7.67222548e-07
 7.38143272e-04 9.81205263e-07 2.55441731e-04 1.19830075e-06
 1.56185637e-12 2.27123608e-12]",./circuit_database/TCFC/result_folder/2025-0521-205217
220985.0,123.446,1.36088e-05,-5.242658592733035,2025-0521-205217,"[0, -1, 1]","[1.92548751e-04 1.60630490e-06 4.21777249e-04 7.68242407e-07
 6.11310834e-04 6.41047904e-07 1.56734925e-06 1.42158544e-06
 5.05573328e-04 9.78145101e-07 2.44914598e-05 1.00414238e-06
 1.04017904e-05 1.56501839e-06 7.78332046e-04 1.31345388e-06
 2.32790969e-07 1.53882670e-06 6.75839860e-04 7.56565137e-07
 7.32530833e-04 9.83936529e-07 2.56216529e-04 1.19340699e-06
 1.55549305e-12 2.26147289e-12]",STALE
221359.0,123.461,1.40149e-05,-5.2299333834402635,2025-0521-205227,"[0, -1, 1]","[1.89398964e-04 1.61226430e-06 4.20124770e-04 7.71179946e-07
 6.06376678e-04 6.38954838e-07 1.72259401e-06 1.41951626e-06
 5.01635794e-04 9.69192332e-07 2.51152810e-05 1.01221509e-06
 1.04730235e-05 1.56341110e-06 7.75398742e-04 1.32170828e-06
 2.32790969e-07 1.53716253e-06 6.81660393e-04 7.59267543e-07
 7.40887553e-04 9.75023859e-07 2.65339025e-04 1.19989343e-06
 1.53724995e-12 2.26025582e-12]",STALE
21518400.0,161.297,0.00208286,1,2025-0521-210412,"[-1, 1, 0]","[9.94996472e-04 1.21555590e-06 9.25756225e-04 1.74926391e-06
 9.53099019e-04 1.85676833e-06 5.29969157e-04 9.33317442e-07
 2.86587302e-04 1.21874418e-06 9.67805932e-05 1.32031587e-06
 5.59425692e-04 8.38400555e-07 8.61744903e-04 1.80378382e-06
 7.85555882e-05 1.69742013e-06 3.44259402e-04 1.71215470e-06
 4.64971725e-04 9.74930179e-07 6.88369031e-04 8.15407797e-07
 1.16238850e-12 2.80903497e-12]",STALE
32593800.0,154.599,0.00403406,C2P_Simulator,2025-0522-003312,['NSGA-II'],"[5.4190360e-04 1.8088535e-06 4.3426425e-04 1.3347076e-06 4.7924291e-04
 6.5198287e-07 9.1964466e-04 9.8194676e-07 7.4093731e-04 1.0394072e-06
 1.6897425e-04 8.7392345e-07 7.0178474e-04 7.3185214e-07 8.8379654e-04
 1.5312752e-06 8.4188490e-05 7.2437427e-07 3.6521268e-04 1.5961903e-06
 4.0389257e-04 9.3648788e-07 6.6335785e-04 1.6187555e-06 2.3285180e-12
 2.5427911e-12]",./circuit_database/TCFC/result_folder/2025-0522-003312
47295700.0,135.352,0.011101,C2P_Simulator,2025-0522-003312,['NSGA-II'],"[8.5992710e-04 1.5792405e-06 7.4491993e-04 1.0611917e-06 1.9911950e-04
 1.7376290e-06 9.1119448e-04 9.4877595e-07 8.1952196e-04 1.2615239e-06
 3.8285911e-04 1.7685860e-06 9.3926315e-04 1.1205127e-06 2.9965639e-04
 1.4077033e-06 1.3615331e-04 1.0370233e-06 2.1837970e-04 6.9785386e-07
 6.6052406e-04 5.3344127e-07 4.2067841e-04 1.6943119e-06 2.5966408e-12
 1.9776002e-12]",./circuit_database/TCFC/result_folder/2025-0522-003312
13599900.0,157.773,0.000857404,C2P_Simulator,2025-0522-003312,['NSGA-II'],"[7.5784781e-05 1.1063115e-06 7.9028985e-05 5.6687531e-07 2.1431502e-04
 1.1198391e-06 2.2286639e-04 1.4860240e-06 2.2132580e-04 1.0143073e-06
 2.8648816e-05 8.8530095e-07 4.5989768e-04 7.3134009e-07 6.9417048e-04
 1.8539241e-06 1.5368109e-05 1.0772925e-06 3.9604842e-04 9.6776432e-07
 8.2464125e-05 6.1874277e-07 3.0489222e-04 1.0885660e-06 1.5462325e-12
 1.2295620e-12]",STALE
30997800.0,160.045,0.00313011,C2P_Simulator,2025-0522-003312,['NSGA-II'],"[8.2151534e-04 1.0935148e-06 7.5030909e-04 1.5878511e-06 9.9681073e-04
 6.5092576e-07 8.9049997e-04 8.6235087e-07 8.4377232e-04 1.1148479e-06
 1.6897425e-04 1.6004655e-06 7.2205992e-04 7.3185214e-07 6.5465807e-04
 1.2674628e-06 9.4341405e-05 1.0429529e-06 2.9314301e-04 1.4141906e-06
 4.2272560e-04 6.0306490e-07 5.9039012e-04 1.2026226e-06 1.2983589e-12
 2.5616139e-12]",./circuit_database/TCFC/result_folder/2025-0522-003312
1016740.0,136.701,6.77926e-05,C2P_Simulator,2025-0522-003312,['NSGA-II'],"[1.8869262e-04 1.6053606e-06 3.7344985e-04 6.7612683e-07 6.2115892e-04
 8.1148346e-07 4.7101471e-06 1.3940181e-06 5.0282874e-04 9.8180612e-07
 4.2692300e-05 9.9683893e-07 5.7259909e-05 1.4999291e-06 8.2209450e-04
 1.2539107e-06 2.1260619e-06 1.5876022e-06 6.2002213e-04 7.5683568e-07
 7.6082296e-04 9.5685550e-07 2.3135135e-04 1.0611387e-06 1.6247517e-12
 2.4230843e-12]",./circuit_database/TCFC/result_folder/2025-0522-003312
220380.0,123.422,1.27068e-05,C2P_Simulator,2025-0522-003312,['NSGA-II'],"[1.8758560e-04 1.6105997e-06 4.2012476e-04 7.6824239e-07 6.1131082e-04
 6.4104790e-07 1.7225940e-06 1.4116499e-06 5.0437852e-04 9.7814507e-07
 2.5115281e-05 1.0122151e-06 9.0802559e-06 1.5693315e-06 7.7343179e-04
 1.3217083e-06 2.3279097e-07 1.5388267e-06 6.8166037e-04 7.6358697e-07
 7.3757686e-04 9.8120529e-07 2.6088851e-04 1.1934070e-06 1.5526377e-12
 2.2712362e-12]",STALE
264912.0,125.021,1.42118e-05,C2P_Simulator,2025-0522-003312,['NSGA-II'],"[1.9114910e-04 1.6105997e-06 4.2012476e-04 7.6261682e-07 6.0571241e-04
 6.4743034e-07 1.7225940e-06 1.4037860e-06 5.0437852e-04 9.8144733e-07
 2.5479043e-05 1.0146946e-06 1.0615713e-05 1.5693315e-06 7.7343179e-04
 1.3124909e-06 3.7228736e-07 1.5343926e-06 6.7542802e-04 7.6722256e-07
 7.3814328e-04 9.8120529e-07 2.5544173e-04 1.1983008e-06 1.5618563e-12
 2.2712362e-12]",./circuit_database/TCFC/result_folder/2025-0522-003312
23598000.0,157.715,0.00144819,C2P_Simulator,2025-0522-003312,['NSGA-II'],"[2.3098380e-04 1.9345205e-06 9.0801826e-05 1.6506461e-06 9.0305635e-04
 6.8486906e-07 9.1086549e-04 7.5866251e-07 4.3402205e-04 7.8031621e-07
 1.6897425e-04 1.7884241e-06 7.0661632e-04 7.2540502e-07 5.1520177e-04
 9.9605825e-07 8.4188490e-05 1.4893974e-06 6.1908358e-04 1.7898261e-06
 4.9441715e-04 7.2289680e-07 6.5659941e-04 1.6309373e-06 1.4101216e-12
 2.5427911e-12]",./circuit_database/TCFC/result_folder/2025-0522-003312
970783.0,136.301,3.36746e-05,C2P_Simulator,2025-0522-003312,['NSGA-II'],"[2.4194732e-04 1.4627167e-06 4.9098284e-04 7.7886932e-07 6.6891912e-04
 8.5629171e-07 5.9525628e-06 1.3083355e-06 6.2826445e-04 1.1433126e-06
 1.6563592e-06 1.2695471e-06 1.3289257e-04 1.5963597e-06 8.0087659e-04
 1.2441539e-06 1.9389361e-06 1.6106678e-06 6.8894069e-04 6.5469635e-07
 7.0151989e-04 9.1921794e-07 4.8298225e-05 1.0536785e-06 1.7163107e-12
 2.2800292e-12]",./circuit_database/TCFC/result_folder/2025-0522-003312
12428300.0,158.399,0.000469907,C2P_Simulator,2025-0522-003312,['NSGA-II'],"[4.1547546e-04 1.0073773e-06 6.5422959e-05 5.4265303e-07 1.4495637e-04
 1.0753769e-06 2.2643022e-04 1.7719381e-06 1.9977018e-04 1.0975052e-06
 1.0180508e-05 1.0587054e-06 4.3782877e-04 6.8078253e-07 7.4239826e-04
 1.7967877e-06 1.3389428e-05 1.0533195e-06 2.4676940e-04 1.1876230e-06
 1.2431004e-04 6.8812858e-07 6.2385708e-04 1.3777876e-06 1.4614845e-12
 1.4368298e-12]",./circuit_database/TCFC/result_folder/2025-0522-003312
22143200.0,158.57,0.00143565,C2P_Simulator,2025-0522-003312,['NSGA-II'],"[4.6944301e-04 1.8026942e-06 1.3171423e-04 1.6506461e-06 8.7953388e-04
 6.6457545e-07 8.7090122e-04 1.1690393e-06 3.4932673e-04 7.8874643e-07
 1.5041803e-04 1.8934685e-06 6.3825684e-04 5.8529935e-07 1.6772244e-04
 1.1580852e-06 7.6108678e-05 1.1348392e-06 6.0788490e-04 1.6820361e-06
 4.8728520e-04 6.4174520e-07 6.7254284e-04 1.5506735e-06 1.6838572e-12
 2.6743308e-12]",./circuit_database/TCFC/result_folder/2025-0522-003312
220985.0,123.446,1.36088e-05,C2P_Simulator,2025-0522-003312,['NSGA-II'],"[1.9254874e-04 1.6063049e-06 4.2177725e-04 7.6824239e-07 6.1131082e-04
 6.4104790e-07 1.5673493e-06 1.4215855e-06 5.0557335e-04 9.7814507e-07
 2.4491459e-05 1.0041424e-06 1.0401790e-05 1.5650184e-06 7.7833206e-04
 1.3134539e-06 2.3279097e-07 1.5388267e-06 6.7583984e-04 7.5656516e-07
 7.3253084e-04 9.8393650e-07 2.5621653e-04 1.1934070e-06 1.5554930e-12
 2.2614729e-12]",STALE
15328100.0,160.106,0.000980576,C2P_Simulator,2025-0522-003312,['NSGA-II'],"[2.3329165e-04 8.5572412e-07 7.2384620e-04 5.1193894e-07 6.2246760e-04
 1.0937398e-06 3.9607100e-04 1.3802459e-06 2.0759834e-04 6.6483466e-07
 4.1346579e-05 1.4924797e-06 5.7940744e-04 7.0564920e-07 7.4622600e-04
 1.3617271e-06 2.0948541e-05 1.5384594e-06 3.0124580e-04 1.6300176e-06
 2.4070615e-04 6.8741366e-07 6.5345084e-04 1.5630262e-06 2.6179699e-12
 1.4060656e-12]",STALE
221359.0,123.461,1.40149e-05,C2P_Simulator,2025-0522-003312,['NSGA-II'],"[1.8939897e-04 1.6122643e-06 4.2012476e-04 7.7117994e-07 6.0637668e-04
 6.3895482e-07 1.7225940e-06 1.4195163e-06 5.0163578e-04 9.6919234e-07
 2.5115281e-05 1.0122151e-06 1.0473023e-05 1.5634110e-06 7.7539874e-04
 1.3217083e-06 2.3279097e-07 1.5371626e-06 6.8166037e-04 7.5926755e-07
 7.4088754e-04 9.7502391e-07 2.6533901e-04 1.1998934e-06 1.5372499e-12
 2.2602558e-12]",STALE
18465700.0,156.126,0.0013015,C2P_Simulator,2025-0522-003312,['NSGA-II'],"[4.6426879e-04 1.8767860e-06 9.9642195e-05 1.7177576e-06 8.5463026e-04
 6.5659373e-07 8.7376859e-04 1.0832351e-06 3.5938315e-04 7.2565922e-07
 1.5868289e-04 1.9673607e-06 5.6509068e-04 6.2870487e-07 9.1593305e-05
 1.1180708e-06 6.3751599e-05 1.0684197e-06 5.8940059e-04 1.6566685e-06
 5.2099879e-04 5.9689131e-07 7.4254849e-04 1.8859663e-06 1.4225345e-12
 2.6377947e-12]",./circuit_database/TCFC/result_folder/2025-0522-003312
18082800.0,152.946,0.00125818,C2P_Simulator,2025-0522-003312,['NSGA-II'],"[4.4253794e-04 1.9826180e-06 1.1718666e-04 1.6506461e-06 9.0037170e-04
 6.7159198e-07 8.8394515e-04 1.3589104e-06 2.9372209e-04 8.1589326e-07
 1.9192119e-04 1.9673607e-06 4.5991060e-04 5.9375213e-07 9.1593305e-05
 1.1596916e-06 7.4407246e-05 1.3453287e-06 7.4561802e-04 1.6566685e-06
 2.5529586e-04 5.9689131e-07 6.5662945e-04 1.9002871e-06 1.5556063e-12
 2.6554026e-12]",./circuit_database/TCFC/result_folder/2025-0522-003312
1041480.0,136.873,0.000112653,C2P_Simulator,2025-0522-003312,['NSGA-II'],"[1.3200042e-04 1.2703068e-06 8.0463401e-04 6.1963715e-07 8.0147811e-04
 1.2704602e-06 2.1269756e-05 1.1023163e-06 5.6500552e-04 1.1741504e-06
 8.4662839e-05 1.0316699e-06 5.3140033e-05 1.2733121e-06 4.7133223e-04
 1.8029241e-06 2.2375746e-06 1.8195288e-06 6.8894069e-04 6.5555747e-07
 8.3489652e-04 8.9383212e-07 2.9303570e-04 1.5715603e-06 1.2268118e-12
 2.1809106e-12]",STALE
24245000.0,159.323,0.00166992,C2P_Simulator,2025-0522-003312,['NSGA-II'],"[6.6068699e-04 1.8935664e-06 1.5178138e-04 1.2805898e-06 8.4654294e-04
 6.5351077e-07 9.1972534e-04 1.3235655e-06 3.3785545e-04 8.6857932e-07
 1.5891680e-04 1.8724417e-06 7.5926288e-04 6.6640774e-07 3.6866288e-04
 1.2186155e-06 7.8256489e-05 1.1405456e-06 4.9082388e-04 1.7471020e-06
 4.6532435e-04 5.2653087e-07 7.2219054e-04 1.8348420e-06 1.7571876e-12
 2.6492575e-12]",./circuit_database/TCFC/result_folder/2025-0522-003312
24364700.0,157.638,0.0013692,C2P_Simulator,2025-0522-003312,['NSGA-II'],"[4.9960084e-04 1.8825557e-06 1.0680112e-04 1.6506461e-06 8.5463026e-04
 6.6780984e-07 8.7294518e-04 9.9905583e-07 3.4146293e-04 7.8031621e-07
 1.5041803e-04 1.8523004e-06 6.3825684e-04 5.8529935e-07 1.9931330e-04
 1.0990875e-06 8.0272039e-05 1.0667292e-06 6.0788490e-04 1.5520149e-06
 4.5799723e-04 5.9689131e-07 6.7254284e-04 1.5853855e-06 1.5572774e-12
 2.6492575e-12]",./circuit_database/TCFC/result_folder/2025-0522-003312
695379.0,133.39,3.07852e-05,C2P_Simulator,2025-0522-003312,['NSGA-II'],"[1.8588704e-04 1.5786101e-06 4.1354442e-04 7.6221772e-07 6.1584974e-04
 6.7207333e-07 6.9833795e-06 1.4191435e-06 5.0976407e-04 1.0033372e-06
 1.4596143e-05 1.0517826e-06 1.8188144e-05 1.5963597e-06 7.8342116e-04
 1.3446211e-06 1.3359517e-06 1.5454231e-06 6.9203827e-04 7.2947870e-07
 7.2798342e-04 9.7502163e-07 2.3271545e-04 1.1492129e-06 1.5772576e-12
 2.3306470e-12]",./circuit_database/TCFC/result_folder/2025-0522-003312
15875300.0,158.862,0.00139612,C2P_Simulator,2025-0522-003312,['NSGA-II'],"[3.5752883e-04 6.6796372e-07 3.4914157e-04 5.2201005e-07 7.1342627e-04
 1.0040960e-06 3.8408255e-04 8.6453008e-07 3.0808549e-04 7.5964789e-07
 6.7589615e-05 1.7333456e-06 7.3269411e-04 6.7087024e-07 7.7293644e-04
 7.7838320e-07 1.6180760e-05 8.0845490e-07 6.8217615e-04 7.4302523e-07
 5.2377465e-04 6.7884855e-07 5.0996238e-04 9.5965072e-07 1.6991734e-12
 1.3148462e-12]",./circuit_database/TCFC/result_folder/2025-0522-003312
8260790.0,154.873,0.000362796,C2P_Simulator,2025-0522-003312,['NSGA-II'],"[9.8227581e-05 8.7110828e-07 3.6051398e-04 5.5153760e-07 3.7079421e-04
 1.0852397e-06 1.7980211e-04 1.7939542e-06 2.0639805e-04 9.9433942e-07
 1.1573876e-05 1.1417284e-06 3.9653142e-04 6.3067006e-07 7.1434001e-04
 1.7753060e-06 9.8176433e-06 1.4093806e-06 2.2189964e-04 9.6776432e-07
 2.4070615e-04 6.5982380e-07 6.6889188e-04 1.6281840e-06 1.7186544e-12
 1.3639823e-12]",./circuit_database/TCFC/result_folder/2025-0522-003312
22631400.0,156.104,0.00128292,C2P_Simulator,2025-0522-003312,['NSGA-II'],"[4.9960084e-04 1.9233203e-06 8.9343157e-05 1.6506461e-06 8.5463026e-04
 6.7430722e-07 8.7415858e-04 9.9905583e-07 3.3785545e-04 7.8031621e-07
 1.6406443e-04 1.9673607e-06 5.8557861e-04 6.6640774e-07 9.1593305e-05
 1.1596916e-06 8.0272039e-05 1.0406750e-06 5.8940059e-04 1.6566685e-06
 4.6532435e-04 5.9689131e-07 7.0903148e-04 1.7722339e-06 1.4225345e-12
 2.6492575e-12]",./circuit_database/TCFC/result_folder/2025-0522-003312
21518400.0,161.297,0.00208286,C2P_Simulator,2025-0522-003312,['NSGA-II'],"[9.9499652e-04 1.2155559e-06 9.2575623e-04 1.7492639e-06 9.5309899e-04
 1.8567683e-06 5.2996917e-04 9.3331744e-07 2.8658731e-04 1.2187442e-06
 9.6780590e-05 1.3203158e-06 5.5942568e-04 8.3840058e-07 8.6174492e-04
 1.8037838e-06 7.8555589e-05 1.6974201e-06 3.4425940e-04 1.7121547e-06
 4.6497173e-04 9.7493023e-07 6.8836904e-04 8.1540782e-07 1.1623885e-12
 2.8090349e-12]",STALE
25955200.0,158.004,0.0015551,C2P_Simulator,2025-0522-003312,['NSGA-II'],"[4.5100850e-04 1.9233203e-06 1.4413982e-04 1.7167707e-06 6.1257300e-04
 6.8778576e-07 7.4638566e-04 1.0241858e-06 3.3785545e-04 7.8031621e-07
 1.5289315e-04 1.9673607e-06 5.9658522e-04 6.6640774e-07 2.4148964e-04
 1.0178397e-06 8.2783321e-05 1.0406750e-06 6.2755734e-04 1.8133109e-06
 4.5259402e-04 7.1704119e-07 7.6681637e-04 1.5583898e-06 1.8184585e-12
 2.6404358e-12]",./circuit_database/TCFC/result_folder/2025-0522-003312
538303.0,131.176,1.92492e-05,C2P_Simulator,2025-0522-003312,['NSGA-II'],"[1.8701646e-04 1.6036596e-06 4.1846008e-04 7.5737427e-07 6.1252440e-04
 6.5025165e-07 2.7970102e-06 1.4007519e-06 5.0477311e-04 9.7357861e-07
 2.0423538e-05 1.0098938e-06 1.3549328e-05 1.5634664e-06 7.8345521e-04
 1.3410325e-06 9.7753264e-07 1.5477416e-06 6.8707624e-04 7.6593568e-07
 7.2968524e-04 9.8524686e-07 2.5934429e-04 1.1802182e-06 1.5483080e-12
 2.2849038e-12]",./circuit_database/TCFC/result_folder/2025-0522-003312
27642400.0,155.886,0.00247745,C2P_Simulator,2025-0522-003312,['NSGA-II'],"[2.3098380e-04 1.8364252e-06 3.7965341e-04 1.3334411e-06 9.0305635e-04
 6.8039083e-07 7.9850631e-04 9.0570404e-07 5.6584546e-04 9.1902700e-07
 1.9991612e-04 1.7884241e-06 6.7361619e-04 7.3479498e-07 5.3980941e-04
 9.9605825e-07 7.4413540e-05 8.0709884e-07 5.6431413e-04 1.4024388e-06
 4.9441715e-04 5.9798765e-07 5.0757930e-04 1.6309373e-06 1.4101216e-12
 2.5427911e-12]",./circuit_database/TCFC/result_folder/2025-0522-003312
23969400.0,157.949,0.00145393,C2P_Simulator,2025-0522-003312,['NSGA-II'],"[4.9960084e-04 1.8266601e-06 1.2659175e-04 1.6506461e-06 8.6806470e-04
 6.6197163e-07 8.7415858e-04 1.3872512e-06 3.0213257e-04 7.8031621e-07
 1.7276077e-04 1.9936169e-06 7.2615960e-04 6.9286619e-07 7.4435484e-05
 1.1341029e-06 8.6439206e-05 1.0406750e-06 5.1937491e-04 1.6166480e-06
 6.6921936e-04 6.2298864e-07 7.5119856e-04 1.9409122e-06 1.4225345e-12
 2.6492575e-12]",./circuit_database/TCFC/result_folder/2025-0522-003312
24044400.0,159.148,0.00145896,C2P_Simulator,2025-0522-003312,['NSGA-II'],"[5.0139503e-04 1.8825557e-06 1.2776455e-04 1.4957523e-06 9.5110509e-04
 6.6293626e-07 8.6585991e-04 9.1699144e-07 3.6296388e-04 7.4758395e-07
 1.3740604e-04 1.8523004e-06 6.1866787e-04 5.1163795e-07 3.2041603e-04
 1.0990875e-06 7.7755612e-05 1.1041349e-06 5.8869825e-04 1.6880247e-06
 4.8009929e-04 5.3280326e-07 6.7254284e-04 1.5853855e-06 1.4810197e-12
 2.6753931e-12]",./circuit_database/TCFC/result_folder/2025-0522-003312
22424000.0,157.403,0.00131953,C2P_Simulator,2025-0522-003312,['NSGA-II'],"[3.9839186e-04 1.9940589e-06 8.9343157e-05 1.6506461e-06 9.0305635e-04
 6.7430722e-07 9.1086549e-04 1.0435895e-06 5.1460322e-04 7.8031621e-07
 1.4964081e-04 1.9786125e-06 5.7758769e-04 6.9430791e-07 3.6748991e-04
 9.9605825e-07 8.0775033e-05 1.3991622e-06 6.3225924e-04 1.7898261e-06
 3.1601507e-04 6.1479852e-07 7.3305634e-04 1.7451607e-06 1.4101216e-12
 2.5971666e-12]",./circuit_database/TCFC/result_folder/2025-0522-003312
26570800.0,157.397,0.00248813,C2P_Simulator,2025-0522-003312,['NSGA-II'],"[2.3098380e-04 1.9414304e-06 2.9318951e-04 1.5966226e-06 6.4556586e-04
 6.8164314e-07 7.2307989e-04 7.5866251e-07 4.3402205e-04 7.5621676e-07
 2.0346360e-04 1.7917805e-06 7.1237941e-04 7.2540502e-07 9.3421579e-04
 5.7947352e-07 8.4188490e-05 1.3222655e-06 5.7012402e-04 1.9434306e-06
 3.8544537e-04 1.1150890e-06 6.5659941e-04 1.6309373e-06 1.9434190e-12
 2.5401539e-12]",./circuit_database/TCFC/result_folder/2025-0522-003312
12582500.0,158.491,0.000477184,C2P_Simulator,2025-0522-003312,['NSGA-II'],"[3.4435815e-04 7.3544800e-07 3.9249189e-05 5.4265303e-07 9.4114519e-05
 9.6138956e-07 2.2643022e-04 1.9822589e-06 1.9536269e-04 1.0989841e-06
 1.0180508e-05 1.0754463e-06 4.7118834e-04 6.9395196e-07 7.4239826e-04
 1.7967877e-06 1.3389428e-05 1.0079376e-06 3.1337002e-04 1.2107444e-06
 1.2431004e-04 6.1837812e-07 5.0745526e-04 1.3777876e-06 1.4955810e-12
 1.4480500e-12]",./circuit_database/TCFC/result_folder/2025-0522-003312
24409500.0,159.88,0.00232666,C2P_Simulator,2025-0522-003312,['NSGA-II'],"[5.4634048e-04 1.9345205e-06 1.9875512e-04 1.3347076e-06 7.9168071e-04
 6.3201270e-07 9.3916070e-04 6.1528704e-07 4.6361506e-04 7.5624791e-07
 1.6897425e-04 1.6147268e-06 7.1468443e-04 5.9602445e-07 6.5465807e-04
 1.2621268e-06 8.4188490e-05 1.4893974e-06 5.2402564e-04 1.9830679e-06
 6.1603298e-04 7.3623306e-07 6.6335785e-04 1.3787962e-06 2.1498244e-12
 2.5427911e-12]",STALE
19002000.0,158.968,0.00142597,C2P_Simulator,2025-0522-003312,['NSGA-II'],"[2.3098380e-04 1.9345205e-06 9.0801826e-05 1.6506461e-06 7.0864055e-04
 6.1442955e-07 8.4082247e-04 7.5866251e-07 5.5857212e-04 8.5910517e-07
 1.6897425e-04 1.7884241e-06 7.3138770e-04 6.9136604e-07 1.9455267e-04
 9.6768201e-07 7.3904099e-05 1.7621799e-06 6.5047655e-04 1.7598414e-06
 4.1398391e-04 5.5214105e-07 2.7611328e-04 1.6309373e-06 1.5182751e-12
 2.5427911e-12]",./circuit_database/TCFC/result_folder/2025-0522-003312
19948100.0,158.001,0.00133319,C2P_Simulator,2025-0522-003312,['NSGA-II'],"[2.3329165e-04 1.1207406e-06 1.6600803e-04 5.4302541e-07 9.0285845e-04
 6.6502412e-07 3.5330161e-04 1.2198936e-06 3.0808055e-04 6.1816354e-07
 9.5630552e-05 1.4595660e-06 5.7940744e-04 6.6592742e-07 7.1789889e-04
 1.2822171e-06 3.1119103e-05 1.6275530e-06 3.0124580e-04 1.1818197e-06
 4.4624860e-04 5.5301194e-07 4.3225414e-04 9.6496717e-07 2.2733662e-12
 1.1426916e-12]",./circuit_database/TCFC/result_folder/2025-0522-003312
318945.0,126.633,1.66006e-05,C2P_Simulator,2025-0522-003312,['NSGA-II'],"[1.9067343e-04 1.6105997e-06 4.2012476e-04 7.7072218e-07 6.0718250e-04
 6.4104790e-07 7.0480263e-07 1.4071748e-06 5.0187134e-04 9.7814507e-07
 2.5946800e-05 1.0182451e-06 1.5354048e-05 1.5748859e-06 7.7847292e-04
 1.3180660e-06 5.0280732e-07 1.5388267e-06 6.8166037e-04 7.6000077e-07
 7.3074497e-04 9.8478995e-07 2.5650530e-04 1.1858365e-06 1.5526377e-12
 2.2712362e-12]",STALE
12722500.0,158.603,0.000515914,C2P_Simulator,2025-0522-003312,['NSGA-II'],"[4.0545332e-04 9.1328337e-07 6.5422959e-05 5.4039231e-07 1.7801754e-04
 1.1035346e-06 2.5973955e-04 1.7413831e-06 2.0022177e-04 1.0380955e-06
 1.2150899e-05 1.1177995e-06 4.7096156e-04 6.4443020e-07 8.1182481e-04
 1.7967877e-06 1.4818022e-05 1.1361390e-06 2.4676940e-04 1.2284551e-06
 1.2431004e-04 6.8954029e-07 6.7343767e-04 1.5786469e-06 1.5053398e-12
 1.4886833e-12]",./circuit_database/TCFC/result_folder/2025-0522-003312
2248570.0,143.597,0.000267002,C2P_Simulator,2025-0522-003312,['NSGA-II'],"[2.2195121e-04 1.4315347e-06 3.5198749e-04 8.7334024e-07 5.8917981e-04
 9.7338625e-07 6.9833795e-06 1.3556071e-06 5.1788852e-04 6.0748732e-07
 1.4662609e-04 1.5290482e-06 1.9092568e-04 1.4819685e-06 9.2348352e-04
 1.4232294e-06 4.5491570e-06 1.7650417e-06 7.0217950e-04 7.1715056e-07
 7.1720214e-04 9.7363659e-07 2.9887462e-05 9.3340390e-07 1.1455231e-12
 2.0932106e-12]",STALE
20693700.0,157.527,0.00136067,C2P_Simulator,2025-0522-003312,['NSGA-II'],"[4.77423775e-04 1.92332027e-06 1.03980674e-04 1.52291227e-06
 8.54630256e-04 6.67831785e-07 9.14859236e-04 9.02010072e-07
 3.50212649e-04 8.13557051e-07 1.50921114e-04 1.93518986e-06
 6.39185659e-04 6.66407743e-07 8.02906434e-05 1.19740650e-06
 7.63279677e-05 1.11014674e-06 5.89400588e-04 1.61172829e-06
 4.65324352e-04 5.57417479e-07 6.95618335e-04 1.85096667e-06
 1.35956307e-12 2.64925755e-12]",./circuit_database/TCFC/result_folder/2025-0522-003312
21884400.0,160.76,0.00162708,C2P_Simulator,2025-0522-003312,['NSGA-II'],"[3.0562418e-04 5.6900160e-07 1.0330991e-04 5.1728995e-07 7.9600333e-04
 6.1015231e-07 4.2107073e-04 8.7248918e-07 2.2571844e-04 7.0733847e-07
 1.3611947e-04 1.9368363e-06 7.1749039e-04 7.3346018e-07 6.8293430e-04
 1.0979646e-06 2.3403820e-05 1.2166086e-06 3.0124580e-04 1.4492902e-06
 6.1631494e-04 7.5619408e-07 7.7496638e-04 6.2289973e-07 2.0741442e-12
 1.0494370e-12]",./circuit_database/TCFC/result_folder/2025-0522-003312
412124.0,128.858,1.79641e-05,C2P_Simulator,2025-0522-003312,['NSGA-II'],"[1.86863428e-04 1.61048968e-06 4.16967348e-04 7.63521030e-07
 6.09519833e-04 6.41047905e-07 2.14909710e-06 1.40365569e-06
 5.04773110e-04 9.75736612e-07 2.04235384e-05 1.01061187e-06
 1.37311035e-05 1.56815997e-06 7.80876377e-04 1.33263552e-06
 7.15819169e-07 1.55235216e-06 6.87076245e-04 7.57472321e-07
 7.28464976e-04 9.85246857e-07 2.59344291e-04 1.18099695e-06
 1.55271434e-12 2.28490382e-12]",./circuit_database/TCFC/result_folder/2025-0522-003312
12223600.0,158.164,0.000436254,C2P_Simulator,2025-0522-003312,['NSGA-II'],"[3.63347965e-04 8.62787488e-07 7.51171774e-06 5.51606377e-07
 1.39445416e-04 1.01894034e-06 1.80298317e-04 1.59617855e-06
 1.90427367e-04 1.08826896e-06 1.85733661e-05 1.29093405e-06
 4.24867991e-04 6.99414386e-07 8.07370699e-04 1.85562442e-06
 1.26208615e-05 1.07363292e-06 1.08733489e-04 1.32258742e-06
 1.00252713e-04 7.60174828e-07 6.85131061e-04 1.24634573e-06
 1.45837932e-12 1.34191703e-12]",STALE
9946910.0,156.498,0.00038912,C2P_Simulator,2025-0522-003312,['NSGA-II'],"[3.2912212e-04 1.0073773e-06 6.5422959e-05 5.2856149e-07 3.4448449e-04
 1.1162592e-06 2.2643022e-04 1.7719381e-06 2.2485586e-04 1.0748238e-06
 1.0180508e-05 1.1820739e-06 4.4482746e-04 6.9305196e-07 7.4239826e-04
 1.7967877e-06 1.3936298e-05 1.3260695e-06 1.1959674e-04 1.1876230e-06
 1.2431004e-04 6.1430353e-07 7.5312553e-04 9.9122713e-07 1.3545343e-12
 1.6507863e-12]",./circuit_database/TCFC/result_folder/2025-0522-003312
47753400.0,125.912,0.015562,C2P_Simulator,2025-0522-003312,['NSGA-II'],"[9.0232788e-04 1.6451137e-06 7.3783746e-04 1.1823596e-06 8.9661364e-05
 1.5644033e-06 9.0241601e-04 1.0239302e-06 7.1792578e-04 1.2095211e-06
 3.5132488e-04 1.6343691e-06 8.9913054e-04 1.0216579e-06 1.9493401e-04
 1.4926595e-06 1.5408748e-04 1.1243085e-06 2.4333493e-04 5.1055997e-07
 6.6480710e-04 5.0570924e-07 3.5878437e-04 1.6037552e-06 2.3412166e-12
 2.0027814e-12]",./circuit_database/TCFC/result_folder/2025-0522-003312
12398400.0,158.389,0.000448063,C2P_Simulator,2025-0522-003312,['NSGA-II'],"[3.8765257e-04 8.6278749e-07 4.1684441e-05 5.4821976e-07 1.5234393e-04
 1.0813536e-06 2.2643022e-04 1.7227031e-06 2.0894450e-04 1.0844290e-06
 1.0180508e-05 1.1162027e-06 4.5006245e-04 6.3827457e-07 7.4654823e-04
 1.7967877e-06 1.3115939e-05 1.0350741e-06 2.2844439e-04 1.2297894e-06
 9.2975657e-05 7.2682144e-07 6.6497328e-04 1.2463457e-06 1.5279823e-12
 1.4269203e-12]",./circuit_database/TCFC/result_folder/2025-0522-003312
2390230.0,144.06,0.000285084,C2P_Simulator,2025-0522-003312,['NSGA-II'],"[3.4725163e-04 1.4315347e-06 1.8039733e-04 7.4247146e-07 6.1734422e-04
 8.2003982e-07 7.7392338e-05 1.5872183e-06 5.1646604e-04 9.4095617e-07
 3.2948540e-04 1.0316699e-06 1.8914789e-04 1.7645824e-06 5.0364924e-04
 1.5609570e-06 6.1188039e-06 1.8831446e-06 6.8894069e-04 6.5555747e-07
 9.8481984e-04 5.2611279e-07 1.3908610e-04 1.7599695e-06 1.6131271e-12
 2.4242784e-12]",STALE
33504200.0,145.197,0.00809816,C2P_Simulator,2025-0522-003312,['NSGA-II'],"[9.6072489e-04 1.1838475e-06 9.9355285e-04 1.1795424e-06 4.3991974e-04
 1.9318234e-06 9.1282395e-04 1.0203050e-06 8.5631647e-04 8.1426373e-07
 1.2080310e-04 7.7350376e-07 5.3039024e-04 7.4443199e-07 4.9205753e-04
 1.5002850e-06 5.5973131e-05 1.1017098e-06 1.8306226e-04 6.4974165e-07
 9.0786046e-04 1.0002508e-06 4.1865272e-04 1.0079953e-06 6.6897833e-13
 1.1721714e-12]",./circuit_database/TCFC/result_folder/2025-0522-003312
13496600.0,158.85,0.000589131,C2P_Simulator,2025-0522-003312,['NSGA-II'],"[2.1462866e-04 7.2786975e-07 4.4076132e-05 5.6048879e-07 2.6525726e-04
 1.2425116e-06 2.4594314e-04 1.8663402e-06 1.8161350e-04 1.0143073e-06
 2.2300434e-05 1.0350433e-06 4.3655420e-04 6.6457005e-07 5.9591728e-04
 1.6747780e-06 1.2845215e-05 9.7109353e-07 2.7619512e-04 9.6776432e-07
 2.6464742e-04 6.8994831e-07 2.9964701e-04 1.6553545e-06 1.5475316e-12
 1.2397816e-12]",./circuit_database/TCFC/result_folder/2025-0522-003312
23157600.0,157.661,0.00142548,C2P_Simulator,2025-0522-003312,['NSGA-II'],"[3.9839186e-04 1.9940589e-06 7.1079325e-05 1.7227690e-06 6.5132516e-04
 6.5886087e-07 8.3080219e-04 1.3810262e-06 6.7932997e-04 7.8031621e-07
 1.4964081e-04 1.9933889e-06 5.9382216e-04 6.9430791e-07 3.0332670e-04
 8.6924877e-07 7.7173579e-05 1.1940300e-06 6.7561847e-04 1.8414138e-06
 3.7491458e-04 7.7178987e-07 7.0136663e-04 1.7451607e-06 1.7771201e-12
 2.5815866e-12]",./circuit_database/TCFC/result_folder/2025-0522-003312
23453800.0,163.264,0.00353861,C2P_Simulator,2025-0522-003312,['NSGA-II'],"[4.8015779e-04 1.1679613e-06 8.2252087e-04 1.2647330e-06 6.8227906e-04
 1.1873516e-06 7.6836400e-04 1.1847801e-06 9.0333557e-04 8.6305334e-07
 7.7605457e-04 1.7239300e-06 9.4505574e-04 6.6429681e-07 6.8101374e-04
 1.6543067e-06 5.9901202e-05 8.5771916e-07 4.7036872e-04 5.5014277e-07
 8.0214802e-04 5.8773867e-07 1.2508609e-05 1.1279790e-06 7.6717072e-13
 2.9191105e-12]",STALE
318892.0,126.632,1.65839e-05,C2P_Simulator,2025-0522-003407,['NSGA-II'],"[1.5901477e-04 1.6105997e-06 4.2012476e-04 5.7971840e-07 6.0928613e-04
 6.4104790e-07 6.7883775e-07 1.4036405e-06 5.0178834e-04 9.7814507e-07
 2.5946800e-05 1.0182451e-06 1.5354048e-05 1.5681570e-06 7.8094401e-04
 1.3180660e-06 5.0280732e-07 1.5388267e-06 6.8157498e-04 7.6000077e-07
 7.2840566e-04 9.8478995e-07 2.5932604e-04 1.1858365e-06 1.5526377e-12
 2.2712362e-12]",STALE
31652900.0,158.995,0.00298159,C2P_Simulator,2025-0522-003407,['NSGA-II'],"[8.2619791e-04 1.1213976e-06 7.4108265e-04 1.7184304e-06 9.8973908e-04
 6.5110225e-07 8.9049997e-04 1.0331368e-06 6.8038172e-04 7.7779032e-07
 1.6897425e-04 1.6004655e-06 7.2030007e-04 6.8993302e-07 6.5465807e-04
 8.6524818e-07 9.4341405e-05 1.0429529e-06 2.9314301e-04 1.4179939e-06
 4.2467646e-04 6.0306490e-07 5.9039012e-04 1.1979482e-06 1.3083918e-12
 2.5610486e-12]",./circuit_database/TCFC/result_folder/2025-0522-003407
8260750.0,154.873,0.000361018,C2P_Simulator,2025-0522-003407,['NSGA-II'],"[9.5842181e-05 8.7110828e-07 3.6051398e-04 5.5153760e-07 3.8127418e-04
 1.0852397e-06 1.7980211e-04 1.7939542e-06 2.0639805e-04 9.9433942e-07
 1.1573876e-05 1.1417284e-06 3.9653142e-04 6.3067006e-07 7.1434001e-04
 1.7753060e-06 9.8176433e-06 1.4093806e-06 2.2189964e-04 9.6776432e-07
 2.4070615e-04 6.5982380e-07 6.6889188e-04 1.6281840e-06 1.7186544e-12
 1.3639823e-12]",./circuit_database/TCFC/result_folder/2025-0522-003407
19162700.0,162.049,0.00276949,C2P_Simulator,2025-0522-003407,['NSGA-II'],"[4.7851179e-04 1.1368787e-06 4.2480757e-04 1.2777070e-06 6.8227906e-04
 6.5640410e-07 7.6836400e-04 1.1847801e-06 9.0333557e-04 8.6305334e-07
 7.7605457e-04 1.0205657e-06 9.4505574e-04 6.6429681e-07 7.7187765e-04
 1.3156948e-06 5.9901202e-05 1.5481331e-06 4.7036872e-04 7.6240616e-07
 8.0214802e-04 9.6697045e-07 1.2508609e-05 1.1279790e-06 1.5491170e-12
 2.9191105e-12]",STALE
12235800.0,158.165,0.000435853,C2P_Simulator,2025-0522-003407,['NSGA-II'],"[3.63347965e-04 8.62787488e-07 7.51171774e-06 5.51606377e-07
 1.39445416e-04 1.01894034e-06 1.80298317e-04 1.59617855e-06
 1.90427367e-04 1.08826896e-06 1.85733661e-05 1.29093405e-06
 4.11123241e-04 6.99414386e-07 8.69595213e-04 1.85562442e-06
 1.26208615e-05 1.07363292e-06 1.08733489e-04 1.32258742e-06
 1.00252713e-04 7.60174828e-07 6.85131061e-04 1.24634573e-06
 1.45837932e-12 1.34191703e-12]",./circuit_database/TCFC/result_folder/2025-0522-003407
21273400.0,160.974,0.00197258,C2P_Simulator,2025-0522-003407,['NSGA-II'],"[2.5876181e-04 1.2155559e-06 9.2551712e-04 1.7492639e-06 9.5309899e-04
 5.6696445e-07 5.3938531e-04 7.5908298e-07 2.8658731e-04 1.2187442e-06
 9.6780590e-05 1.3203158e-06 5.6024559e-04 8.3837557e-07 8.6174492e-04
 1.8037838e-06 7.8555589e-05 1.6974201e-06 3.4425940e-04 1.7121547e-06
 4.6497173e-04 9.7493023e-07 2.9016932e-04 8.2494233e-07 1.1694376e-12
 2.8191176e-12]",./circuit_database/TCFC/result_folder/2025-0522-003407
25642600.0,159.923,0.00198476,C2P_Simulator,2025-0522-003407,['NSGA-II'],"[5.0937891e-04 1.9414304e-06 2.9237333e-04 1.5966226e-06 6.4556586e-04
 6.8164314e-07 7.2307989e-04 9.1819203e-07 3.6560243e-04 7.4757872e-07
 1.3846433e-04 1.7917805e-06 7.1625167e-04 7.2540502e-07 9.3421579e-04
 1.1060039e-06 8.4251522e-05 1.3132010e-06 5.8866316e-04 1.9434306e-06
 3.7343951e-04 5.0835428e-07 6.5659941e-04 1.5848924e-06 1.9434190e-12
 2.6705365e-12]",./circuit_database/TCFC/result_folder/2025-0522-003407
26951900.0,152.635,0.00231244,C2P_Simulator,2025-0522-003407,['NSGA-II'],"[7.5185504e-05 1.9414304e-06 2.9318951e-04 1.5966226e-06 6.4556586e-04
 7.4895092e-07 8.0093677e-04 7.3265596e-07 4.3746355e-04 7.4075132e-07
 2.0346360e-04 1.7254013e-06 6.9781509e-04 7.3133020e-07 9.3154900e-04
 5.7947352e-07 8.8954534e-05 1.3222655e-06 5.7000940e-04 9.6523922e-07
 3.8544537e-04 1.1150890e-06 2.7584512e-04 1.0904722e-06 1.9616155e-12
 2.5401539e-12]",./circuit_database/TCFC/result_folder/2025-0522-003407
2249030.0,143.599,0.000212534,C2P_Simulator,2025-0522-003407,['NSGA-II'],"[2.2195121e-04 1.4315347e-06 3.5326619e-04 7.6426994e-07 5.8917981e-04
 9.7338625e-07 6.9833795e-06 1.3556071e-06 5.1788852e-04 9.9820329e-07
 1.4662609e-04 1.5290482e-06 1.9146697e-04 1.5935009e-06 9.2348352e-04
 1.4232294e-06 4.5491570e-06 1.7650417e-06 7.0217950e-04 7.1698668e-07
 7.1720214e-04 9.7363659e-07 3.7576017e-05 9.3340390e-07 1.1669214e-12
 2.0932106e-12]",STALE
14485200.0,159.627,0.000948149,C2P_Simulator,2025-0522-003407,['NSGA-II'],"[2.3329165e-04 8.5572412e-07 7.3335535e-04 5.1193894e-07 6.4959668e-04
 1.0937398e-06 3.7692970e-04 1.3802331e-06 2.0759834e-04 6.6483466e-07
 4.1346579e-05 1.4924797e-06 5.7930057e-04 7.0564920e-07 2.9450486e-04
 1.5066959e-06 2.0948541e-05 1.5384594e-06 3.0902878e-04 1.6300176e-06
 2.3975853e-04 6.8741366e-07 6.5345084e-04 1.5630262e-06 2.6179699e-12
 1.4060656e-12]",./circuit_database/TCFC/result_folder/2025-0522-003407
412087.0,128.858,1.79739e-05,C2P_Simulator,2025-0522-003407,['NSGA-II'],"[1.86863428e-04 1.61048968e-06 4.16967348e-04 9.75466151e-07
 6.07416150e-04 6.41047905e-07 2.17507431e-06 1.40718998e-06
 5.04856056e-04 9.75736612e-07 2.04235384e-05 1.01061187e-06
 1.37311035e-05 1.57488887e-06 7.78405287e-04 1.33263552e-06
 7.15819169e-07 1.55235216e-06 6.87161635e-04 7.57472321e-07
 7.30804284e-04 9.85246857e-07 2.56523577e-04 1.18099695e-06
 1.55271434e-12 2.28490382e-12]",./circuit_database/TCFC/result_folder/2025-0522-003407
26532900.0,162.511,0.00203443,C2P_Simulator,2025-0522-003407,['NSGA-II'],"[5.4819701e-04 1.9345205e-06 1.9875512e-04 1.3330980e-06 7.9168071e-04
 6.3201270e-07 9.1316085e-04 6.1528704e-07 4.6361506e-04 7.5624791e-07
 1.2003529e-04 1.5987092e-06 7.2037365e-04 5.9602445e-07 6.5202557e-04
 1.2621268e-06 8.4270177e-05 1.4891014e-06 5.2402564e-04 1.9892886e-06
 6.1603298e-04 7.3623306e-07 6.6335785e-04 9.8977875e-07 7.1455114e-13
 2.5427911e-12]",./circuit_database/TCFC/result_folder/2025-0522-003407
331960.0,126.979,1.60756e-05,C2P_Simulator,2025-0522-003407,['NSGA-II'],"[1.9104495e-04 1.6433469e-06 8.1783783e-04 7.5820611e-07 6.0637668e-04
 1.1699137e-06 1.7225940e-06 1.4593743e-06 5.0163578e-04 9.6919234e-07
 2.5115281e-05 1.7155784e-06 1.0473023e-05 1.5634110e-06 6.8453478e-04
 1.6603202e-06 2.3279097e-07 8.9473122e-07 6.8166037e-04 5.4701820e-07
 7.4088754e-04 5.9580668e-07 2.6533901e-04 1.1998934e-06 7.5530977e-13
 2.2602558e-12]",./circuit_database/TCFC/result_folder/2025-0522-003407
2388860.0,144.055,0.000285074,C2P_Simulator,2025-0522-003407,['NSGA-II'],"[3.4725163e-04 1.4315347e-06 1.8039733e-04 7.4247146e-07 6.1734422e-04
 8.2003982e-07 7.7392338e-05 1.5872183e-06 5.1646604e-04 9.4095617e-07
 3.2948540e-04 1.0480883e-06 1.8914789e-04 1.7645824e-06 5.0364924e-04
 1.5609570e-06 6.1188039e-06 1.8831446e-06 6.8894069e-04 6.5555747e-07
 9.8481984e-04 5.2611279e-07 1.3908610e-04 1.7599695e-06 1.6131271e-12
 2.4242784e-12]",STALE
15385700.0,160.132,0.000952816,C2P_Simulator,2025-0522-003407,['NSGA-II'],"[2.3329165e-04 8.5572412e-07 7.2384620e-04 5.1193894e-07 6.2246760e-04
 1.0937398e-06 3.9607100e-04 1.3802459e-06 1.6978072e-04 6.6483466e-07
 4.1346579e-05 1.4924797e-06 5.7940744e-04 7.0564920e-07 7.4622600e-04
 1.3617271e-06 2.0948541e-05 1.5384594e-06 3.0124580e-04 1.6300176e-06
 2.4070615e-04 6.8741366e-07 6.5345084e-04 1.5630262e-06 2.6179699e-12
 1.4060656e-12]",./circuit_database/TCFC/result_folder/2025-0522-003407
2892210.0,145.783,9.2903e-05,C2P_Simulator,2025-0522-003407,['NSGA-II'],"[2.4194732e-04 1.4319460e-06 4.9098284e-04 7.7886932e-07 6.7023479e-04
 8.2051855e-07 5.9525628e-06 1.2945103e-06 5.1396614e-04 9.3613363e-07
 8.0064628e-06 1.2632956e-06 1.3289257e-04 1.7524625e-06 8.0087659e-04
 1.2441539e-06 6.0620391e-06 1.6106678e-06 6.8894069e-04 6.5469635e-07
 7.0151989e-04 8.8973144e-07 4.8298225e-05 1.0536785e-06 1.7179169e-12
 2.2800292e-12]",./circuit_database/TCFC/result_folder/2025-0522-003407
31722400.0,155.755,0.00369338,C2P_Simulator,2025-0522-003500,['NSGA-II'],"[9.3530805e-04 1.8088535e-06 4.3426425e-04 1.3347076e-06 4.7184635e-04
 6.5198287e-07 9.1963721e-04 9.8136684e-07 7.3136075e-04 1.2133022e-06
 1.6897425e-04 9.9766839e-07 7.0857099e-04 7.3185214e-07 8.8379654e-04
 1.5321631e-06 8.1087623e-05 7.2437427e-07 3.6536442e-04 1.5961903e-06
 4.0389257e-04 9.3648788e-07 6.6685677e-04 1.6187555e-06 2.3285180e-12
 2.5427911e-12]",./circuit_database/TCFC/result_folder/2025-0522-003500
24750300.0,164.261,0.00256028,C2P_Simulator,2025-0522-003500,['NSGA-II'],"[2.4062162e-04 1.2143952e-06 8.2252087e-04 1.2391599e-06 8.3592779e-04
 6.7318683e-07 7.9096324e-04 1.1650567e-06 9.0333557e-04 9.7876386e-07
 2.0955355e-04 1.7239300e-06 9.4505574e-04 6.4584702e-07 6.8428484e-04
 1.4308831e-06 5.9901202e-05 9.4026410e-07 4.7036872e-04 1.1588187e-06
 8.0214802e-04 5.8182025e-07 1.2508609e-05 9.6228746e-07 2.2594600e-12
 2.9376208e-12]",./circuit_database/TCFC/result_folder/2025-0522-003500
13969900.0,159.204,0.000624407,C2P_Simulator,2025-0522-003550,['NSGA-II'],"[2.1462866e-04 7.2786975e-07 4.2400957e-04 5.6048879e-07 2.6525726e-04
 1.2425116e-06 2.4594314e-04 1.8515998e-06 1.8161350e-04 1.0142285e-06
 2.2261924e-05 1.0380629e-06 4.2466307e-04 6.6457005e-07 9.4493048e-04
 1.5213593e-06 1.2845215e-05 9.7807640e-07 2.7619512e-04 9.8410908e-07
 2.8153087e-04 9.4436126e-07 2.9964701e-04 1.6553545e-06 1.5475316e-12
 1.2397816e-12]",./circuit_database/TCFC/result_folder/2025-0522-003550
220380.0,123.422,1.26732e-05,C2P_Simulator,2025-0522-003638,['NSGA-II'],"[1.8758560e-04 1.6105997e-06 4.2012476e-04 7.6824239e-07 6.1131082e-04
 6.4104790e-07 1.7225940e-06 1.4286047e-06 5.0437852e-04 9.7814507e-07
 2.5115281e-05 1.0122151e-06 9.0802559e-06 1.5693315e-06 7.7343179e-04
 1.3217083e-06 2.3279097e-07 1.5388267e-06 6.8166037e-04 7.6358697e-07
 7.3757686e-04 9.8120529e-07 2.6088851e-04 1.1934070e-06 1.5526377e-12
 2.2712362e-12]",STALE
239490.0,124.144,1.12334e-05,C2P_Simulator,2025-0522-003726,['NSGA-II'],"[1.8682980e-04 1.6105997e-06 4.2013978e-04 7.7576942e-07 6.1258918e-04
 6.4104790e-07 1.7225940e-06 1.0376623e-06 1.9959536e-04 9.7814507e-07
 3.5997318e-06 1.0107617e-06 9.0770527e-06 1.5636847e-06 8.0266595e-04
 1.3798279e-06 2.0910210e-07 1.4082684e-06 6.7233364e-04 7.5759664e-07
 6.2311935e-04 9.8120529e-07 2.6374197e-04 1.6264894e-06 1.7187920e-12
 2.2468889e-12]",./circuit_database/TCFC/result_folder/2025-0522-003726
4312440.0,149.252,0.000222066,C2P_Simulator,2025-0522-004034,['NSGA-II'],"[3.7562705e-04 1.6411760e-06 8.3835685e-04 1.3684871e-06 5.3708826e-04
 1.1776366e-06 9.9608897e-06 1.3991937e-06 5.0178042e-04 9.7363670e-07
 1.4612133e-05 1.5744108e-06 6.5264490e-04 1.5469935e-06 7.8345521e-04
 1.7984025e-06 8.3316754e-06 1.5477416e-06 6.8140036e-04 7.6127770e-07
 6.6317566e-04 6.7756378e-07 2.5480572e-04 1.1460215e-06 7.8801825e-13
 2.0983785e-12]",./circuit_database/TCFC/result_folder/2025-0522-004034
