circuit name,GBW, Gain, Pdiss, Fitness, time, performance weight, solution vector, solution path
SMC,29067700.0,96.6741,0.00139515,-10.318789765876001,2025-0521-122240,"[1, 1, 1]","[3.80919891e-04 1.72731099e-06 4.99200726e-05 1.99988463e-06
 1.26033647e-05 9.67664329e-07 7.88307474e-04 5.23325939e-07
 6.42057476e-06 7.00430557e-07 1.65062625e-12]",./circuit_database/SMC/result_folder/2025-0521-122240
SMC,15400900.0,92.7901,0.000899637,-10.233478792277431,2025-0521-122240,"[1, 1, 1]","[2.77272546e-04 1.99316626e-06 1.88045926e-05 1.66961868e-06
 1.11902035e-05 1.56060241e-06 7.64834322e-04 5.44653120e-07
 1.18859450e-06 5.26599602e-07 1.76551257e-12]",./circuit_database/SMC/result_folder/2025-0521-122240
SMC,25186900.0,97.4497,0.00126597,-10.298751303664504,2025-0521-122240,"[1, 1, 1]","[3.90834691e-04 1.99001668e-06 8.15483540e-05 1.96647864e-06
 1.12600671e-05 1.04004627e-06 9.12894828e-04 5.35201741e-07
 1.14323174e-05 5.01866075e-07 1.80364913e-12]",./circuit_database/SMC/result_folder/2025-0521-122240
SMC,15281100.0,97.6404,0.000970364,-10.197219941711618,2025-0521-122350,"[1, 1, 1]","[2.73728449e-04 1.76075947e-06 1.02941177e-04 1.96267100e-06
 5.54394000e-06 9.70086721e-07 7.61387949e-04 5.11529586e-07
 3.57864067e-05 7.11359300e-07 1.74563899e-12]",./circuit_database/SMC/result_folder/2025-0521-122350
SMC,20791000.0,97.7411,0.00097874,-10.327208040607314,2025-0521-122350,"[1, 1, 1]","[2.72663076e-04 1.75867228e-06 1.09677640e-04 1.95512429e-06
 7.24688115e-06 9.11395649e-07 7.44434492e-04 5.03272767e-07
 3.05486414e-05 7.01569852e-07 1.73464234e-12]",./circuit_database/SMC/result_folder/2025-0521-122350
SMC,23252400.0,97.8707,0.00101214,-10.361227196697728,2025-0521-122358,"[1, 1, 1]","[2.79277159e-04 1.74939055e-06 1.00350558e-04 1.97252130e-06
 8.54203350e-06 9.35141347e-07 7.50177275e-04 5.18347313e-07
 2.13972736e-05 7.06795519e-07 1.72852400e-12]",./circuit_database/SMC/result_folder/2025-0521-122358
SMC,15333000.0,97.7444,0.000982164,-10.19344312411173,2025-0521-122407,"[1, 1, 1]","[2.74834122e-04 1.74333191e-06 9.74486081e-05 1.97403847e-06
 5.36018134e-06 9.34283232e-07 7.54108620e-04 5.24795606e-07
 2.43506456e-05 7.05585245e-07 1.71655738e-12]",./circuit_database/SMC/result_folder/2025-0521-122407
SMC,14709700.0,97.8011,0.000973502,-10.1792669674215,2025-0521-122407,"[1, 1, 1]","[2.73258123e-04 1.74794810e-06 9.90824854e-05 1.96844651e-06
 5.17534741e-06 9.37876859e-07 7.49452850e-04 5.19542880e-07
 2.08459860e-05 7.06785129e-07 1.74174993e-12]",./circuit_database/SMC/result_folder/2025-0521-122407
SMC,15271600.0,97.8443,0.000978545,-10.193303738116956,2025-0521-122407,"[1, 1, 1]","[2.75145696e-04 1.75306784e-06 9.45418129e-05 1.97748274e-06
 5.38495998e-06 9.41634615e-07 7.46420279e-04 5.14557164e-07
 1.88965261e-05 7.07232952e-07 1.71995297e-12]",./circuit_database/SMC/result_folder/2025-0521-122407
SMC,15051600.0,97.7598,0.00097751,-10.187461459362222,2025-0521-122407,"[1, 1, 1]","[2.75228739e-04 1.75472831e-06 1.03710344e-04 1.96625896e-06
 5.19989107e-06 9.24405230e-07 7.48133379e-04 5.11290809e-07
 2.21835956e-05 6.99820475e-07 1.73014509e-12]",./circuit_database/SMC/result_folder/2025-0521-122407
SMC,14690200.0,97.8411,0.000971037,-10.179791930136698,2025-0521-122416,"[1, 1, 1]","[2.73451805e-04 1.75476511e-06 9.38723713e-05 1.97343985e-06
 5.07318959e-06 9.24598757e-07 7.51059683e-04 5.29133644e-07
 2.06021021e-05 7.10436285e-07 1.71794807e-12]",./circuit_database/SMC/result_folder/2025-0521-122416
SMC,17963100.0,97.9359,0.000984559,-10.261139541121075,2025-0521-122416,"[1, 1, 1]","[2.76012196e-04 1.75762129e-06 9.59854203e-05 1.96402147e-06
 6.31341240e-06 9.28004271e-07 7.49399484e-04 5.12145143e-07
 1.71494803e-05 7.14500235e-07 1.72850159e-12]",./circuit_database/SMC/result_folder/2025-0521-122416
SMC,21271000.0,97.8817,0.00100255,-10.326681866268313,2025-0521-122416,"[1, 1, 1]","[2.78165510e-04 1.75103067e-06 1.03519056e-04 1.96481499e-06
 7.58857397e-06 9.24123902e-07 7.50678343e-04 5.30199051e-07
 2.24300423e-05 7.12341400e-07 1.73514430e-12]",./circuit_database/SMC/result_folder/2025-0521-122416
SMC,13759600.0,97.8717,0.000972069,-10.150908715497776,2025-0521-122416,"[1, 1, 1]","[2.74655554e-04 1.75595785e-06 1.00072249e-04 1.97566450e-06
 4.72187388e-06 9.46209941e-07 7.43849734e-04 5.24189325e-07
 1.70897269e-05 7.12672811e-07 1.71386206e-12]",./circuit_database/SMC/result_folder/2025-0521-122416
SMC,17283000.0,97.8982,0.000984555,-10.244379147888186,2025-0521-122416,"[1, 1, 1]","[2.76168126e-04 1.75674499e-06 9.96112916e-05 1.98119122e-06
 6.04633311e-06 9.26342769e-07 7.48916647e-04 5.29325006e-07
 2.07885596e-05 7.15272809e-07 1.73274669e-12]",./circuit_database/SMC/result_folder/2025-0521-122416
SMC,36807800.0,89.8044,0.00532564,-9.839568054597438,2025-0521-122618,"[1, 1, 1]","[9.79062664e-04 1.00167583e-06 4.95546341e-04 1.16268037e-06
 8.82894822e-06 6.22484572e-07 9.37706177e-04 5.14852434e-07
 9.91435751e-04 1.77769872e-06 1.67688517e-12]",./circuit_database/SMC/result_folder/2025-0521-122618
SMC,41325600.0,86.7919,0.0057354,-9.857655455753191,2025-0521-122627,"[1, 1, 1]","[8.73867421e-04 7.81333160e-07 3.73412871e-04 1.54732743e-06
 2.60948282e-05 1.63191965e-06 5.76224461e-04 5.58748133e-07
 8.02631639e-04 1.91187003e-06 2.12113428e-12]",./circuit_database/SMC/result_folder/2025-0521-122627
SMC,37255500.0,88.2119,0.0052917,-9.847595181419246,2025-0521-122727,"[1, 1, 1]","[8.80860027e-04 8.83549642e-07 3.80868092e-04 1.47202873e-06
 2.74458009e-05 1.82122026e-06 6.39599880e-04 5.40862535e-07
 8.10523608e-04 1.85549676e-06 2.25941354e-12]",./circuit_database/SMC/result_folder/2025-0521-122727
SMC,41188300.0,87.1411,0.00550543,-9.873982622242021,2025-0521-122736,"[1, 1, 1]","[8.87460890e-04 8.45456684e-07 3.83162951e-04 1.59743389e-06
 2.78254253e-05 1.73810946e-06 5.16097152e-04 5.21340222e-07
 8.14321090e-04 1.95530799e-06 2.17634475e-12]",./circuit_database/SMC/result_folder/2025-0521-122736
SMC,43241200.0,86.0069,0.00635161,-9.833013913895462,2025-0521-122736,"[1, 1, 1]","[8.87390951e-04 6.90931848e-07 3.45806427e-04 1.38342823e-06
 2.59408010e-05 1.50193890e-06 5.94832566e-04 5.01154611e-07
 8.52777639e-04 1.88698833e-06 2.12813842e-12]",./circuit_database/SMC/result_folder/2025-0521-122736
SMC,36713000.0,88.0592,0.00507885,-9.859054487836161,2025-0521-122736,"[1, 1, 1]","[8.66500726e-04 9.13201289e-07 3.20425279e-04 1.46350099e-06
 2.48399530e-05 1.66478283e-06 5.53284298e-04 5.07820637e-07
 8.04170276e-04 1.96338417e-06 2.22707107e-12]",./circuit_database/SMC/result_folder/2025-0521-122736
SMC,45114100.0,85.8034,0.00600398,-9.875873060983308,2025-0521-122736,"[1, 1, 1]","[8.69099438e-04 7.27439156e-07 3.51131410e-04 1.40712551e-06
 2.65694830e-05 1.54365169e-06 5.22533894e-04 5.15860813e-07
 8.03251294e-04 1.97039541e-06 2.04138958e-12]",./circuit_database/SMC/result_folder/2025-0521-122736
SMC,53007300.0,85.2511,0.00625542,-9.928079209090214,2025-0521-122836,"[1, 1, 1]","[8.99272999e-04 7.22085528e-07 3.27019551e-04 1.30656983e-06
 2.87287746e-05 1.41958622e-06 4.99280187e-04 5.04922842e-07
 7.49683294e-04 1.99669311e-06 1.99825703e-12]",./circuit_database/SMC/result_folder/2025-0521-122836
SMC,51002900.0,85.4666,0.00621638,-9.914057316056933,2025-0521-122845,"[1, 1, 1]","[8.99808175e-04 7.28662512e-07 3.21499062e-04 1.32390210e-06
 2.70772506e-05 1.40549321e-06 5.07975406e-04 5.01744350e-07
 7.49970737e-04 1.99824601e-06 1.96642135e-12]",./circuit_database/SMC/result_folder/2025-0521-122845
SMC,50599800.0,85.3427,0.0061708,-9.913807329406797,2025-0521-122845,"[1, 1, 1]","[8.86416819e-04 7.21094550e-07 3.28282075e-04 1.27475338e-06
 2.71249240e-05 1.39126588e-06 5.06906945e-04 5.00751500e-07
 7.51838566e-04 1.99127496e-06 2.01333920e-12]",./circuit_database/SMC/result_folder/2025-0521-122845
SMC,50251300.0,85.4582,0.00609129,-9.9164380251228,2025-0521-122854,"[1, 1, 1]","[8.81371153e-04 7.28751278e-07 3.27875964e-04 1.29567141e-06
 2.77749915e-05 1.44255513e-06 5.04541649e-04 5.02658512e-07
 7.52817796e-04 1.97291819e-06 2.01243963e-12]",./circuit_database/SMC/result_folder/2025-0521-122854
SMC,50967300.0,85.1349,0.00618339,-9.916064988115437,2025-0521-122854,"[1, 1, 1]","[8.98923691e-04 7.33093639e-07 3.11909265e-04 1.27153229e-06
 2.69210420e-05 1.40850154e-06 4.88817869e-04 5.03556544e-07
 7.49889972e-04 1.97844267e-06 1.96234058e-12]",./circuit_database/SMC/result_folder/2025-0521-122854
SMC,45606100.0,85.337,0.00605923,-9.87660549716193,2025-0521-122854,"[1, 1, 1]","[8.82078439e-04 7.32949949e-07 3.39117141e-04 1.34639663e-06
 2.49702012e-05 1.44838878e-06 4.90534851e-04 5.12955682e-07
 7.52944513e-04 1.99778952e-06 1.99026263e-12]",./circuit_database/SMC/result_folder/2025-0521-122854
SMC,51807900.0,85.2998,0.00620211,-9.921856524222674,2025-0521-122902,"[1, 1, 1]","[8.95879300e-04 7.26988938e-07 3.22661025e-04 1.31601977e-06
 2.80394039e-05 1.41740792e-06 4.95566397e-04 5.03727917e-07
 7.50840046e-04 1.98633765e-06 1.99658063e-12]",./circuit_database/SMC/result_folder/2025-0521-122902
SMC,51762600.0,85.3673,0.00618572,-9.922625824988604,2025-0521-122911,"[1, 1, 1]","[8.93682228e-04 7.27346923e-07 3.20765365e-04 1.32754108e-06
 2.82270526e-05 1.41832440e-06 4.95353987e-04 5.02196627e-07
 7.48539200e-04 1.99279375e-06 2.00669421e-12]",./circuit_database/SMC/result_folder/2025-0521-122911
SMC,158205000.0,52.0493,0.00645397,-7.238466137265678,2025-0521-124358,"[1, 0, -1]","[9.71412237e-04 1.59920833e-06 5.62770611e-05 1.60515317e-06
 6.00650027e-04 5.53480178e-07 7.33192298e-04 6.84338387e-07
 3.94670851e-05 1.28162889e-06 2.70552033e-12]",./circuit_database/SMC/result_folder/2025-0521-124358
SMC,11178800.0,98.1348,0.000481822,-5.078734013167842,2025-0521-125702,"[0, -1, 1]","[1.06074610e-04 1.37348362e-06 2.91332341e-04 1.74239456e-06
 6.78490526e-06 1.18181709e-06 8.21659415e-04 5.57840394e-07
 4.87969264e-06 1.06929581e-06 2.86991358e-12]",./circuit_database/SMC/result_folder/2025-0521-125702
SMC,8474830.0,98.6249,0.000416228,-5.072068285636572,2025-0521-125728,"[0, -1, 1]","[9.14337359e-05 1.35535145e-06 2.78310762e-04 1.78877281e-06
 5.42349622e-06 1.31803871e-06 8.48556151e-04 5.34498351e-07
 1.65620729e-05 1.06811723e-06 2.82998541e-12]",./circuit_database/SMC/result_folder/2025-0521-125728
SMC,11377300.0,98.5203,0.000503,-5.055939849822063,2025-0521-125746,"[0, -1, 1]","[1.11349285e-04 1.37772876e-06 2.76500673e-04 1.74750241e-06
 6.94505092e-06 1.18585113e-06 8.18717892e-04 5.55202960e-07
 1.62864187e-05 1.05367113e-06 2.87024042e-12]",./circuit_database/SMC/result_folder/2025-0521-125746
SMC,6869560.0,98.6472,0.000373375,-5.073193992028163,2025-0521-125754,"[0, -1, 1]","[8.40744940e-05 1.38817342e-06 2.75233157e-04 1.75053059e-06
 4.00324286e-06 1.19162532e-06 8.06164085e-04 5.57423037e-07
 2.06263692e-05 1.04881248e-06 2.84588099e-12]",./circuit_database/SMC/result_folder/2025-0521-125754
SMC,11059900.0,97.4342,0.000431655,-5.138565252261967,2025-0521-125821,"[0, -1, 1]","[9.51273817e-05 1.38905470e-06 2.74607948e-04 1.73505497e-06
 6.62734562e-06 1.17492301e-06 8.21128553e-04 5.20976223e-07
 3.40399889e-06 1.03141210e-06 2.83499289e-12]",./circuit_database/SMC/result_folder/2025-0521-125821
SMC,7907600.0,98.0393,0.000405498,-5.080421335913662,2025-0521-125821,"[0, -1, 1]","[9.10984211e-05 1.39018337e-06 2.67122107e-04 1.74038144e-06
 4.68208790e-06 1.18346618e-06 8.19410869e-04 5.27661604e-07
 3.13650291e-06 1.03682742e-06 2.85203921e-12]",./circuit_database/SMC/result_folder/2025-0521-125821
SMC,45114100.0,85.8034,0.00600398,C2P_Simulator,2025-0521-234008,['NSGA-II'],"[8.6909946e-04 7.2743916e-07 3.5113140e-04 1.4071255e-06 2.6569483e-05
 1.5436517e-06 5.2253390e-04 5.1586079e-07 8.0325129e-04 1.9703955e-06
 2.0413896e-12]",./circuit_database/SMC/result_folder/2025-0521-234008
SMC,11059900.0,97.4342,0.000431655,C2P_Simulator,2025-0521-234008,['NSGA-II'],"[9.5127383e-05 1.3890547e-06 2.7460794e-04 1.7350550e-06 6.6273456e-06
 1.1749230e-06 8.2112855e-04 5.2097624e-07 3.4039988e-06 1.0314121e-06
 2.8349929e-12]",./circuit_database/SMC/result_folder/2025-0521-234008
SMC,53007300.0,85.2511,0.00625542,C2P_Simulator,2025-0521-234008,['NSGA-II'],"[8.9927297e-04 7.2208553e-07 3.2701954e-04 1.3065699e-06 2.8728775e-05
 1.4195862e-06 4.9928017e-04 5.0492287e-07 7.4968330e-04 1.9966931e-06
 1.9982570e-12]",./circuit_database/SMC/result_folder/2025-0521-234008
SMC,20791000.0,97.7411,0.00097874,C2P_Simulator,2025-0521-234008,['NSGA-II'],"[2.7266308e-04 1.7586723e-06 1.0967764e-04 1.9551244e-06 7.2468811e-06
 9.1139566e-07 7.4443448e-04 5.0327276e-07 3.0548643e-05 7.0156983e-07
 1.7346424e-12]",./circuit_database/SMC/result_folder/2025-0521-234008
SMC,41325600.0,86.7919,0.0057354,C2P_Simulator,2025-0521-234008,['NSGA-II'],"[8.7386742e-04 7.8133314e-07 3.7341288e-04 1.5473274e-06 2.6094829e-05
 1.6319196e-06 5.7622447e-04 5.5874813e-07 8.0263166e-04 1.9118700e-06
 2.1211342e-12]",./circuit_database/SMC/result_folder/2025-0521-234008
SMC,17283000.0,97.8982,0.000984555,C2P_Simulator,2025-0521-234008,['NSGA-II'],"[2.7616814e-04 1.7567450e-06 9.9611294e-05 1.9811912e-06 6.0463331e-06
 9.2634275e-07 7.4891665e-04 5.2932501e-07 2.0788561e-05 7.1527279e-07
 1.7327467e-12]",./circuit_database/SMC/result_folder/2025-0521-234008
SMC,51002900.0,85.4666,0.00621638,C2P_Simulator,2025-0521-234008,['NSGA-II'],"[8.9980819e-04 7.2866249e-07 3.2149907e-04 1.3239021e-06 2.7077251e-05
 1.4054932e-06 5.0797540e-04 5.0174435e-07 7.4997073e-04 1.9982460e-06
 1.9664214e-12]",./circuit_database/SMC/result_folder/2025-0521-234008
SMC,45606100.0,85.337,0.00605923,C2P_Simulator,2025-0521-234008,['NSGA-II'],"[8.8207843e-04 7.3294996e-07 3.3911713e-04 1.3463966e-06 2.4970201e-05
 1.4483887e-06 4.9053488e-04 5.1295569e-07 7.5294450e-04 1.9977895e-06
 1.9902626e-12]",./circuit_database/SMC/result_folder/2025-0521-234008
SMC,51762600.0,85.3673,0.00618572,C2P_Simulator,2025-0521-234008,['NSGA-II'],"[8.9368224e-04 7.2734690e-07 3.2076536e-04 1.3275411e-06 2.8227052e-05
 1.4183244e-06 4.9535400e-04 5.0219660e-07 7.4853923e-04 1.9927938e-06
 2.0066943e-12]",./circuit_database/SMC/result_folder/2025-0521-234008
SMC,50599800.0,85.3427,0.0061708,C2P_Simulator,2025-0521-234008,['NSGA-II'],"[8.8641682e-04 7.2109452e-07 3.2828207e-04 1.2747533e-06 2.7124925e-05
 1.3912659e-06 5.0690694e-04 5.0075153e-07 7.5183855e-04 1.9912750e-06
 2.0133391e-12]",./circuit_database/SMC/result_folder/2025-0521-234008
SMC,50967300.0,85.1349,0.00618339,C2P_Simulator,2025-0521-234008,['NSGA-II'],"[8.9892367e-04 7.3309366e-07 3.1190927e-04 1.2715323e-06 2.6921041e-05
 1.4085016e-06 4.8881787e-04 5.0355652e-07 7.4988999e-04 1.9784427e-06
 1.9623407e-12]",./circuit_database/SMC/result_folder/2025-0521-234008
SMC,29067700.0,96.6741,0.00139515,C2P_Simulator,2025-0521-234008,['NSGA-II'],"[3.8091990e-04 1.7273110e-06 4.9920072e-05 1.9998847e-06 1.2603365e-05
 9.6766428e-07 7.8830746e-04 5.2332592e-07 6.4205747e-06 7.0043058e-07
 1.6506263e-12]",./circuit_database/SMC/result_folder/2025-0521-234008
SMC,8474830.0,98.6249,0.000416228,C2P_Simulator,2025-0521-234008,['NSGA-II'],"[9.1433736e-05 1.3553514e-06 2.7831076e-04 1.7887728e-06 5.4234961e-06
 1.3180387e-06 8.4855617e-04 5.3449833e-07 1.6562073e-05 1.0681173e-06
 2.8299854e-12]",./circuit_database/SMC/result_folder/2025-0521-234008
SMC,11178800.0,98.1348,0.000481822,C2P_Simulator,2025-0521-234008,['NSGA-II'],"[1.0607461e-04 1.3734837e-06 2.9133234e-04 1.7423946e-06 6.7849051e-06
 1.1818171e-06 8.2165940e-04 5.5784039e-07 4.8796928e-06 1.0692958e-06
 2.8699135e-12]",./circuit_database/SMC/result_folder/2025-0521-234008
SMC,15333000.0,97.7444,0.000982164,C2P_Simulator,2025-0521-234008,['NSGA-II'],"[2.7483414e-04 1.7433319e-06 9.7448610e-05 1.9740385e-06 5.3601811e-06
 9.3428321e-07 7.5410859e-04 5.2479561e-07 2.4350646e-05 7.0558525e-07
 1.7165573e-12]",./circuit_database/SMC/result_folder/2025-0521-234008
SMC,51807900.0,85.2998,0.00620211,C2P_Simulator,2025-0521-234008,['NSGA-II'],"[8.9587929e-04 7.2698896e-07 3.2266101e-04 1.3160197e-06 2.8039403e-05
 1.4174079e-06 4.9556640e-04 5.0372790e-07 7.5084006e-04 1.9863376e-06
 1.9965806e-12]",./circuit_database/SMC/result_folder/2025-0521-234008
SMC,6869560.0,98.6472,0.000373375,C2P_Simulator,2025-0521-234008,['NSGA-II'],"[8.4074491e-05 1.3881735e-06 2.7523315e-04 1.7505306e-06 4.0032428e-06
 1.1916253e-06 8.0616411e-04 5.5742305e-07 2.0626368e-05 1.0488125e-06
 2.8458811e-12]",./circuit_database/SMC/result_folder/2025-0521-234008
SMC,36807800.0,89.8044,0.00532564,C2P_Simulator,2025-0521-234008,['NSGA-II'],"[9.7906264e-04 1.0016759e-06 4.9554632e-04 1.1626804e-06 8.8289480e-06
 6.2248455e-07 9.3770615e-04 5.1485245e-07 9.9143572e-04 1.7776987e-06
 1.6768852e-12]",./circuit_database/SMC/result_folder/2025-0521-234008
SMC,21271000.0,97.8817,0.00100255,C2P_Simulator,2025-0521-234008,['NSGA-II'],"[2.7816551e-04 1.7510307e-06 1.0351906e-04 1.9648151e-06 7.5885741e-06
 9.2412392e-07 7.5067836e-04 5.3019903e-07 2.2430042e-05 7.1234138e-07
 1.7351443e-12]",./circuit_database/SMC/result_folder/2025-0521-234008
SMC,41188300.0,87.1411,0.00550543,C2P_Simulator,2025-0521-234008,['NSGA-II'],"[8.8746089e-04 8.4545667e-07 3.8316296e-04 1.5974339e-06 2.7825425e-05
 1.7381094e-06 5.1609718e-04 5.2134021e-07 8.1432110e-04 1.9553079e-06
 2.1763448e-12]",./circuit_database/SMC/result_folder/2025-0521-234008
SMC,14709700.0,97.8011,0.000973502,C2P_Simulator,2025-0521-234008,['NSGA-II'],"[2.7325813e-04 1.7479481e-06 9.9082485e-05 1.9684464e-06 5.1753473e-06
 9.3787685e-07 7.4945285e-04 5.1954288e-07 2.0845986e-05 7.0678510e-07
 1.7417500e-12]",./circuit_database/SMC/result_folder/2025-0521-234008
SMC,23252400.0,97.8707,0.00101214,C2P_Simulator,2025-0521-234008,['NSGA-II'],"[2.7927716e-04 1.7493905e-06 1.0035056e-04 1.9725212e-06 8.5420334e-06
 9.3514137e-07 7.5017725e-04 5.1834729e-07 2.1397274e-05 7.0679550e-07
 1.7285240e-12]",./circuit_database/SMC/result_folder/2025-0521-234008
SMC,13759600.0,97.8717,0.000972069,C2P_Simulator,2025-0521-234008,['NSGA-II'],"[2.7465555e-04 1.7559579e-06 1.0007225e-04 1.9756644e-06 4.7218737e-06
 9.4620992e-07 7.4384973e-04 5.2418932e-07 1.7089727e-05 7.1267283e-07
 1.7138620e-12]",./circuit_database/SMC/result_folder/2025-0521-234008
SMC,7907600.0,98.0393,0.000405498,C2P_Simulator,2025-0521-234008,['NSGA-II'],"[9.1098424e-05 1.3901833e-06 2.6712212e-04 1.7403814e-06 4.6820878e-06
 1.1834662e-06 8.1941090e-04 5.2766160e-07 3.1365030e-06 1.0368274e-06
 2.8520391e-12]",./circuit_database/SMC/result_folder/2025-0521-234008
SMC,11377300.0,98.5203,0.000503,C2P_Simulator,2025-0521-234008,['NSGA-II'],"[1.1134928e-04 1.3777287e-06 2.7650068e-04 1.7475024e-06 6.9450507e-06
 1.1858511e-06 8.1871788e-04 5.5520297e-07 1.6286418e-05 1.0536711e-06
 2.8702405e-12]",./circuit_database/SMC/result_folder/2025-0521-234008
SMC,17963100.0,97.9359,0.000984559,C2P_Simulator,2025-0521-234008,['NSGA-II'],"[2.7601220e-04 1.7576212e-06 9.5985422e-05 1.9640215e-06 6.3134125e-06
 9.2800428e-07 7.4939948e-04 5.1214516e-07 1.7149481e-05 7.1450023e-07
 1.7285016e-12]",./circuit_database/SMC/result_folder/2025-0521-234008
SMC,15400900.0,92.7901,0.000899637,C2P_Simulator,2025-0521-234008,['NSGA-II'],"[2.7727254e-04 1.9931663e-06 1.8804592e-05 1.6696187e-06 1.1190204e-05
 1.5606024e-06 7.6483435e-04 5.4465312e-07 1.1885945e-06 5.2659959e-07
 1.7655125e-12]",./circuit_database/SMC/result_folder/2025-0521-234008
SMC,158205000.0,52.0493,0.00645397,C2P_Simulator,2025-0521-234008,['NSGA-II'],"[9.7141223e-04 1.5992083e-06 5.6277062e-05 1.6051532e-06 6.0065003e-04
 5.5348016e-07 7.3319231e-04 6.8433837e-07 3.9467086e-05 1.2816289e-06
 2.7055203e-12]",./circuit_database/SMC/result_folder/2025-0521-234008
SMC,15281100.0,97.6404,0.000970364,C2P_Simulator,2025-0521-234008,['NSGA-II'],"[2.7372845e-04 1.7607595e-06 1.0294118e-04 1.9626709e-06 5.5439400e-06
 9.7008672e-07 7.6138793e-04 5.1152961e-07 3.5786408e-05 7.1135929e-07
 1.7456390e-12]",./circuit_database/SMC/result_folder/2025-0521-234008
SMC,37255500.0,88.2119,0.0052917,C2P_Simulator,2025-0521-234008,['NSGA-II'],"[8.8086003e-04 8.8354966e-07 3.8086809e-04 1.4720288e-06 2.7445802e-05
 1.8212203e-06 6.3959986e-04 5.4086252e-07 8.1052363e-04 1.8554967e-06
 2.2594136e-12]",./circuit_database/SMC/result_folder/2025-0521-234008
SMC,43241200.0,86.0069,0.00635161,C2P_Simulator,2025-0521-234008,['NSGA-II'],"[8.8739092e-04 6.9093187e-07 3.4580642e-04 1.3834282e-06 2.5940801e-05
 1.5019389e-06 5.9483259e-04 5.0115460e-07 8.5277762e-04 1.8869883e-06
 2.1281384e-12]",./circuit_database/SMC/result_folder/2025-0521-234008
SMC,14690200.0,97.8411,0.000971037,C2P_Simulator,2025-0521-234008,['NSGA-II'],"[2.7345179e-04 1.7547651e-06 9.3872368e-05 1.9734398e-06 5.0731896e-06
 9.2459874e-07 7.5105968e-04 5.2913367e-07 2.0602101e-05 7.1043627e-07
 1.7179480e-12]",./circuit_database/SMC/result_folder/2025-0521-234008
SMC,15051600.0,97.7598,0.00097751,C2P_Simulator,2025-0521-234008,['NSGA-II'],"[2.7522873e-04 1.7547283e-06 1.0371034e-04 1.9662589e-06 5.1998909e-06
 9.2440524e-07 7.4813340e-04 5.1129081e-07 2.2183596e-05 6.9982048e-07
 1.7301451e-12]",./circuit_database/SMC/result_folder/2025-0521-234008
SMC,11393700.0,96.5492,0.000754848,C2P_Simulator,2025-0521-234049,['NSGA-II'],"[1.7291607e-04 1.3890547e-06 2.6627377e-04 1.1675003e-06 6.6273456e-06
 1.1749230e-06 8.2112855e-04 5.1471699e-07 3.4039988e-06 1.0308862e-06
 2.7859579e-12]",./circuit_database/SMC/result_folder/2025-0521-234049
SMC,7907390.0,98.0253,0.000377243,C2P_Simulator,2025-0521-234049,['NSGA-II'],"[8.4283172e-05 1.3901833e-06 2.6712212e-04 1.7402915e-06 4.6820878e-06
 1.1830176e-06 8.1941090e-04 5.2766160e-07 3.1365030e-06 1.0368274e-06
 2.8520391e-12]",./circuit_database/SMC/result_folder/2025-0521-234049
SMC,36522000.0,89.1821,0.00516363,C2P_Simulator,2025-0521-234049,['NSGA-II'],"[8.8744308e-04 9.2032360e-07 3.4594207e-04 1.6877067e-06 2.5712667e-05
 1.9189713e-06 6.5459451e-04 5.0094013e-07 8.7037106e-04 1.8889341e-06
 2.0578088e-12]",./circuit_database/SMC/result_folder/2025-0521-234049
SMC,13002700.0,98.6853,0.000939083,C2P_Simulator,2025-0521-234049,['NSGA-II'],"[2.7325813e-04 1.8273729e-06 9.9082485e-05 1.9833153e-06 5.1753473e-06
 9.3787685e-07 7.4933801e-04 6.8351108e-07 3.4856381e-05 1.3324118e-06
 2.0156986e-12]",./circuit_database/SMC/result_folder/2025-0521-234049
SMC,16795100.0,97.337,0.00096641,C2P_Simulator,2025-0521-234049,['NSGA-II'],"[2.6916640e-04 1.7577282e-06 2.6102774e-05 1.9998847e-06 7.1589097e-06
 9.1265463e-07 7.8852888e-04 5.2043976e-07 6.6891444e-06 6.7515231e-07
 1.6506263e-12]",./circuit_database/SMC/result_folder/2025-0521-234049
SMC,12693100.0,94.6258,0.000889914,C2P_Simulator,2025-0521-234049,['NSGA-II'],"[2.7727254e-04 1.9931663e-06 1.8804592e-05 1.6696187e-06 8.6111841e-06
 1.5788908e-06 7.5041153e-04 5.4247505e-07 1.1537521e-06 5.2659959e-07
 1.7655125e-12]",./circuit_database/SMC/result_folder/2025-0521-234049
SMC,36648600.0,90.7707,0.00532561,C2P_Simulator,2025-0521-234049,['NSGA-II'],"[9.7906264e-04 1.0016759e-06 5.0388050e-04 1.7302348e-06 8.8289480e-06
 6.2248455e-07 9.3770615e-04 5.2111164e-07 9.9984964e-04 1.7782178e-06
 1.6444999e-12]",./circuit_database/SMC/result_folder/2025-0521-234049
SMC,13495100.0,97.6419,0.000955353,C2P_Simulator,2025-0521-234049,['NSGA-II'],"[2.7809889e-04 1.8116425e-06 1.2935424e-04 1.9616793e-06 4.0393934e-06
 9.2648770e-07 6.9150107e-04 5.0189630e-07 1.8373648e-05 6.6037501e-07
 1.5716390e-12]",./circuit_database/SMC/result_folder/2025-0521-234049
SMC,41219900.0,86.8654,0.00577227,C2P_Simulator,2025-0521-234049,['NSGA-II'],"[8.7965181e-04 7.8133314e-07 3.7341288e-04 1.6049046e-06 2.6094829e-05
 1.6319196e-06 5.7622447e-04 5.5874813e-07 8.0139714e-04 1.9118700e-06
 2.1211342e-12]",./circuit_database/SMC/result_folder/2025-0521-234049
SMC,10121500.0,99.4773,0.000420229,C2P_Simulator,2025-0521-234130,['NSGA-II'],"[1.1134928e-04 1.7485810e-06 9.1289658e-05 1.9739659e-06 5.8138521e-06
 9.1843691e-07 8.1871788e-04 5.2001980e-07 1.5895041e-05 1.0536711e-06
 2.9273324e-12]",./circuit_database/SMC/result_folder/2025-0521-234130
SMC,6977300.0,98.2482,0.000374438,C2P_Simulator,2025-0521-234130,['NSGA-II'],"[8.4282772e-05 1.3902123e-06 2.6712212e-04 1.7402915e-06 4.0719356e-06
 1.1830176e-06 8.2095410e-04 5.2766160e-07 3.1365030e-06 1.0368274e-06
 2.8520391e-12]",./circuit_database/SMC/result_folder/2025-0521-234130
SMC,12590900.0,96.2641,0.000892078,C2P_Simulator,2025-0521-234130,['NSGA-II'],"[2.7727254e-04 1.9865756e-06 1.8804592e-05 1.6689801e-06 8.6111841e-06
 1.5788908e-06 8.1353512e-04 6.2205743e-07 5.4714143e-05 5.2659959e-07
 1.7655125e-12]",./circuit_database/SMC/result_folder/2025-0521-234130
SMC,7897790.0,98.6715,0.000376166,C2P_Simulator,2025-0521-234130,['NSGA-II'],"[8.4074891e-05 1.3881445e-06 2.9375913e-04 1.7505306e-06 4.6133950e-06
 1.1916253e-06 8.0462085e-04 5.5742305e-07 2.0626368e-05 1.0488125e-06
 2.8458811e-12]",./circuit_database/SMC/result_folder/2025-0521-234130
SMC,14331100.0,97.8812,0.000972069,C2P_Simulator,2025-0521-234130,['NSGA-II'],"[2.7465555e-04 1.7559579e-06 1.0007225e-04 1.9756644e-06 4.7218737e-06
 9.4620992e-07 7.4777723e-04 5.2418932e-07 1.7089727e-05 7.1267283e-07
 1.6325745e-12]",./circuit_database/SMC/result_folder/2025-0521-234130
SMC,172298000.0,52.0037,0.00656674,C2P_Simulator,2025-0521-234130,['NSGA-II'],"[9.6885243e-04 1.5893544e-06 5.9210386e-05 1.6051532e-06 6.0065003e-04
 5.5348016e-07 7.3319231e-04 6.7407888e-07 3.9467086e-05 1.2356347e-06
 2.7055203e-12]",./circuit_database/SMC/result_folder/2025-0521-234130
SMC,25133600.0,77.8843,0.000948297,C2P_Simulator,2025-0521-234211,['NSGA-II'],"[2.7727254e-04 1.9944216e-06 1.8804592e-05 1.6802203e-06 2.4768184e-05
 1.5704035e-06 7.3325017e-04 5.4465312e-07 1.1885945e-06 5.0910251e-07
 1.7655125e-12]",./circuit_database/SMC/result_folder/2025-0521-234211
SMC,20510600.0,98.5503,0.00100553,C2P_Simulator,2025-0521-234254,['NSGA-II'],"[2.7927716e-04 1.7494643e-06 1.0035056e-04 1.9725212e-06 8.6715982e-06
 1.1724978e-06 7.5017725e-04 5.1797565e-07 2.1397274e-05 1.0840545e-06
 1.7285240e-12]",./circuit_database/SMC/result_folder/2025-0521-234254
SMC,4337660.0,97.9808,0.000148737,C2P_Simulator,2025-0521-234418,['NSGA-II'],"[3.1410953e-05 1.3683651e-06 2.4784947e-04 1.8001524e-06 2.3032796e-06
 1.1122919e-06 8.0389151e-04 5.5258761e-07 2.8913782e-05 6.9734858e-07
 2.8301307e-12]",./circuit_database/SMC/result_folder/2025-0521-234418
SMC,6735040.0,100.033,0.000219194,C2P_Simulator,2025-0521-234713,['NSGA-II'],"[5.8689733e-05 1.8266722e-06 2.3537199e-04 1.8928076e-06 2.4318342e-06
 5.5541716e-07 8.2659611e-04 6.1134324e-07 7.7700279e-06 1.1658821e-06
 2.9806468e-12]",./circuit_database/SMC/result_folder/2025-0521-234713
SMC,50967300.0,85.1349,0.00618339,C2P_Simulator,2025-0522-010653,['NSGA-II'],"[8.9892367e-04 7.3309366e-07 3.1190927e-04 1.2715323e-06 2.6921041e-05
 1.4085016e-06 4.8881787e-04 5.0355652e-07 7.4988999e-04 1.9784427e-06
 1.9623407e-12]",./circuit_database/SMC/result_folder/2025-0522-010653
SMC,4337660.0,97.9808,0.000148737,C2P_Simulator,2025-0522-010653,['NSGA-II'],"[3.1410953e-05 1.3683651e-06 2.4784947e-04 1.8001524e-06 2.3032796e-06
 1.1122919e-06 8.0389151e-04 5.5258761e-07 2.8913782e-05 6.9734858e-07
 2.8301307e-12]",./circuit_database/SMC/result_folder/2025-0522-010653
SMC,41325600.0,86.7919,0.0057354,C2P_Simulator,2025-0522-010653,['NSGA-II'],"[8.7386742e-04 7.8133314e-07 3.7341288e-04 1.5473274e-06 2.6094829e-05
 1.6319196e-06 5.7622447e-04 5.5874813e-07 8.0263166e-04 1.9118700e-06
 2.1211342e-12]",./circuit_database/SMC/result_folder/2025-0522-010653
SMC,172298000.0,52.0037,0.00656674,C2P_Simulator,2025-0522-010653,['NSGA-II'],"[9.6885243e-04 1.5893544e-06 5.9210386e-05 1.6051532e-06 6.0065003e-04
 5.5348016e-07 7.3319231e-04 6.7407888e-07 3.9467086e-05 1.2356347e-06
 2.7055203e-12]",./circuit_database/SMC/result_folder/2025-0522-010653
SMC,15281100.0,97.6404,0.000970364,C2P_Simulator,2025-0522-010653,['NSGA-II'],"[2.7372845e-04 1.7607595e-06 1.0294118e-04 1.9626709e-06 5.5439400e-06
 9.7008672e-07 7.6138793e-04 5.1152961e-07 3.5786408e-05 7.1135929e-07
 1.7456390e-12]",./circuit_database/SMC/result_folder/2025-0522-010653
SMC,37255500.0,88.2119,0.0052917,C2P_Simulator,2025-0522-010653,['NSGA-II'],"[8.8086003e-04 8.8354966e-07 3.8086809e-04 1.4720288e-06 2.7445802e-05
 1.8212203e-06 6.3959986e-04 5.4086252e-07 8.1052363e-04 1.8554967e-06
 2.2594136e-12]",./circuit_database/SMC/result_folder/2025-0522-010653
SMC,11393700.0,96.5492,0.000754848,C2P_Simulator,2025-0522-010653,['NSGA-II'],"[1.7291607e-04 1.3890547e-06 2.6627377e-04 1.1675003e-06 6.6273456e-06
 1.1749230e-06 8.2112855e-04 5.1471699e-07 3.4039988e-06 1.0308862e-06
 2.7859579e-12]",./circuit_database/SMC/result_folder/2025-0522-010653
SMC,6735040.0,100.033,0.000219194,C2P_Simulator,2025-0522-010653,['NSGA-II'],"[5.8689733e-05 1.8266722e-06 2.3537199e-04 1.8928076e-06 2.4318342e-06
 5.5541716e-07 8.2659611e-04 6.1134324e-07 7.7700279e-06 1.1658821e-06
 2.9806468e-12]",./circuit_database/SMC/result_folder/2025-0522-010653
SMC,11178800.0,98.1348,0.000481822,C2P_Simulator,2025-0522-010653,['NSGA-II'],"[1.0607461e-04 1.3734837e-06 2.9133234e-04 1.7423946e-06 6.7849051e-06
 1.1818171e-06 8.2165940e-04 5.5784039e-07 4.8796928e-06 1.0692958e-06
 2.8699135e-12]",./circuit_database/SMC/result_folder/2025-0522-010653
SMC,7907600.0,98.0393,0.000405498,C2P_Simulator,2025-0522-010653,['NSGA-II'],"[9.1098424e-05 1.3901833e-06 2.6712212e-04 1.7403814e-06 4.6820878e-06
 1.1834662e-06 8.1941090e-04 5.2766160e-07 3.1365030e-06 1.0368274e-06
 2.8520391e-12]",./circuit_database/SMC/result_folder/2025-0522-010653
SMC,36713000.0,88.0592,0.00507885,C2P_Simulator,2025-0522-010653,['NSGA-II'],"[8.6650072e-04 9.1320129e-07 3.2042529e-04 1.4635010e-06 2.4839954e-05
 1.6647829e-06 5.5328431e-04 5.0782063e-07 8.0417027e-04 1.9633842e-06
 2.2270712e-12]",./circuit_database/SMC/result_folder/2025-0522-010653
SMC,53007300.0,85.2511,0.00625542,C2P_Simulator,2025-0522-010653,['NSGA-II'],"[8.9927297e-04 7.2208553e-07 3.2701954e-04 1.3065699e-06 2.8728775e-05
 1.4195862e-06 4.9928017e-04 5.0492287e-07 7.4968330e-04 1.9966931e-06
 1.9982570e-12]",./circuit_database/SMC/result_folder/2025-0522-010653
SMC,41188300.0,87.1411,0.00550543,C2P_Simulator,2025-0522-010653,['NSGA-II'],"[8.8746089e-04 8.4545667e-07 3.8316296e-04 1.5974339e-06 2.7825425e-05
 1.7381094e-06 5.1609718e-04 5.2134021e-07 8.1432110e-04 1.9553079e-06
 2.1763448e-12]",./circuit_database/SMC/result_folder/2025-0522-010653
SMC,25133600.0,77.8843,0.000948297,C2P_Simulator,2025-0522-010653,['NSGA-II'],"[2.7727254e-04 1.9944216e-06 1.8804592e-05 1.6802203e-06 2.4768184e-05
 1.5704035e-06 7.3325017e-04 5.4465312e-07 1.1885945e-06 5.0910251e-07
 1.7655125e-12]",./circuit_database/SMC/result_folder/2025-0522-010653
SMC,11059900.0,97.4342,0.000431655,C2P_Simulator,2025-0522-010653,['NSGA-II'],"[9.5127383e-05 1.3890547e-06 2.7460794e-04 1.7350550e-06 6.6273456e-06
 1.1749230e-06 8.2112855e-04 5.2097624e-07 3.4039988e-06 1.0314121e-06
 2.8349929e-12]",./circuit_database/SMC/result_folder/2025-0522-010653
SMC,43241200.0,86.0069,0.00635161,C2P_Simulator,2025-0522-010653,['NSGA-II'],"[8.8739092e-04 6.9093187e-07 3.4580642e-04 1.3834282e-06 2.5940801e-05
 1.5019389e-06 5.9483259e-04 5.0115460e-07 8.5277762e-04 1.8869883e-06
 2.1281384e-12]",./circuit_database/SMC/result_folder/2025-0522-010653
SMC,36807800.0,89.8044,0.00532564,C2P_Simulator,2025-0522-010654,['NSGA-II'],"[9.7906264e-04 1.0016759e-06 4.9554632e-04 1.1626804e-06 8.8289480e-06
 6.2248455e-07 9.3770615e-04 5.1485245e-07 9.9143572e-04 1.7776987e-06
 1.6768852e-12]",./circuit_database/SMC/result_folder/2025-0522-010654
SMC,41325600.0,86.7919,0.0057354,C2P_Simulator,2025-0522-010654,['NSGA-II'],"[8.7386742e-04 7.8133314e-07 3.7341288e-04 1.5473274e-06 2.6094829e-05
 1.6319196e-06 5.7622447e-04 5.5874813e-07 8.0263166e-04 1.9118700e-06
 2.1211342e-12]",./circuit_database/SMC/result_folder/2025-0522-010654
SMC,51762600.0,85.3673,0.00618572,C2P_Simulator,2025-0522-010654,['NSGA-II'],"[8.9368224e-04 7.2734690e-07 3.2076536e-04 1.3275411e-06 2.8227052e-05
 1.4183244e-06 4.9535400e-04 5.0219660e-07 7.4853923e-04 1.9927938e-06
 2.0066943e-12]",./circuit_database/SMC/result_folder/2025-0522-010654
SMC,43241200.0,86.0069,0.00635161,C2P_Simulator,2025-0522-010654,['NSGA-II'],"[8.8739092e-04 6.9093187e-07 3.4580642e-04 1.3834282e-06 2.5940801e-05
 1.5019389e-06 5.9483259e-04 5.0115460e-07 8.5277762e-04 1.8869883e-06
 2.1281384e-12]",./circuit_database/SMC/result_folder/2025-0522-010654
SMC,158205000.0,52.0493,0.00645397,C2P_Simulator,2025-0522-010654,['NSGA-II'],"[9.7141223e-04 1.5992083e-06 5.6277062e-05 1.6051532e-06 6.0065003e-04
 5.5348016e-07 7.3319231e-04 6.8433837e-07 3.9467086e-05 1.2816289e-06
 2.7055203e-12]",./circuit_database/SMC/result_folder/2025-0522-010654
SMC,29067700.0,96.6741,0.00139515,C2P_Simulator,2025-0522-010654,['NSGA-II'],"[3.8091990e-04 1.7273110e-06 4.9920072e-05 1.9998847e-06 1.2603365e-05
 9.6766428e-07 7.8830746e-04 5.2332592e-07 6.4205747e-06 7.0043058e-07
 1.6506263e-12]",./circuit_database/SMC/result_folder/2025-0522-010654
SMC,51002900.0,85.4666,0.00621638,C2P_Simulator,2025-0522-010654,['NSGA-II'],"[8.9980819e-04 7.2866249e-07 3.2149907e-04 1.3239021e-06 2.7077251e-05
 1.4054932e-06 5.0797540e-04 5.0174435e-07 7.4997073e-04 1.9982460e-06
 1.9664214e-12]",./circuit_database/SMC/result_folder/2025-0522-010654
SMC,20510600.0,98.5503,0.00100553,C2P_Simulator,2025-0522-010654,['NSGA-II'],"[2.7927716e-04 1.7494643e-06 1.0035056e-04 1.9725212e-06 8.6715982e-06
 1.1724978e-06 7.5017725e-04 5.1797565e-07 2.1397274e-05 1.0840545e-06
 1.7285240e-12]",./circuit_database/SMC/result_folder/2025-0522-010654
SMC,41219900.0,86.8654,0.00577227,C2P_Simulator,2025-0522-010654,['NSGA-II'],"[8.7965181e-04 7.8133314e-07 3.7341288e-04 1.6049046e-06 2.6094829e-05
 1.6319196e-06 5.7622447e-04 5.5874813e-07 8.0139714e-04 1.9118700e-06
 2.1211342e-12]",./circuit_database/SMC/result_folder/2025-0522-010654
SMC,13495100.0,97.6419,0.000955353,C2P_Simulator,2025-0522-010654,['NSGA-II'],"[2.7809889e-04 1.8116425e-06 1.2935424e-04 1.9616793e-06 4.0393934e-06
 9.2648770e-07 6.9150107e-04 5.0189630e-07 1.8373648e-05 6.6037501e-07
 1.5716390e-12]",./circuit_database/SMC/result_folder/2025-0522-010654
SMC,158205000.0,52.0493,0.00645397,C2P_Simulator,2025-0522-010654,['NSGA-II'],"[9.7141223e-04 1.5992083e-06 5.6277062e-05 1.6051532e-06 6.0065003e-04
 5.5348016e-07 7.3319231e-04 6.8433837e-07 3.9467086e-05 1.2816289e-06
 2.7055203e-12]",./circuit_database/SMC/result_folder/2025-0522-010654
SMC,6869560.0,98.6472,0.000373375,C2P_Simulator,2025-0522-010654,['NSGA-II'],"[8.4074491e-05 1.3881735e-06 2.7523315e-04 1.7505306e-06 4.0032428e-06
 1.1916253e-06 8.0616411e-04 5.5742305e-07 2.0626368e-05 1.0488125e-06
 2.8458811e-12]",./circuit_database/SMC/result_folder/2025-0522-010654
SMC,8474830.0,98.6249,0.000416228,C2P_Simulator,2025-0522-010654,['NSGA-II'],"[9.1433736e-05 1.3553514e-06 2.7831076e-04 1.7887728e-06 5.4234961e-06
 1.3180387e-06 8.4855617e-04 5.3449833e-07 1.6562073e-05 1.0681173e-06
 2.8299854e-12]",./circuit_database/SMC/result_folder/2025-0522-010654
SMC,13759600.0,97.8717,0.000972069,C2P_Simulator,2025-0522-010654,['NSGA-II'],"[2.7465555e-04 1.7559579e-06 1.0007225e-04 1.9756644e-06 4.7218737e-06
 9.4620992e-07 7.4384973e-04 5.2418932e-07 1.7089727e-05 7.1267283e-07
 1.7138620e-12]",./circuit_database/SMC/result_folder/2025-0522-010654
SMC,12590900.0,96.2641,0.000892078,C2P_Simulator,2025-0522-010654,['NSGA-II'],"[2.7727254e-04 1.9865756e-06 1.8804592e-05 1.6689801e-06 8.6111841e-06
 1.5788908e-06 8.1353512e-04 6.2205743e-07 5.4714143e-05 5.2659959e-07
 1.7655125e-12]",./circuit_database/SMC/result_folder/2025-0522-010654
SMC,36522000.0,89.1821,0.00516363,C2P_Simulator,2025-0522-010654,['NSGA-II'],"[8.8744308e-04 9.2032360e-07 3.4594207e-04 1.6877067e-06 2.5712667e-05
 1.9189713e-06 6.5459451e-04 5.0094013e-07 8.7037106e-04 1.8889341e-06
 2.0578088e-12]",./circuit_database/SMC/result_folder/2025-0522-010654
SMC,17963100.0,97.9359,0.000984559,C2P_Simulator,2025-0522-010654,['NSGA-II'],"[2.7601220e-04 1.7576212e-06 9.5985422e-05 1.9640215e-06 6.3134125e-06
 9.2800428e-07 7.4939948e-04 5.1214516e-07 1.7149481e-05 7.1450023e-07
 1.7285016e-12]",./circuit_database/SMC/result_folder/2025-0522-010654
SMC,14709700.0,97.8011,0.000973502,C2P_Simulator,2025-0522-010654,['NSGA-II'],"[2.7325813e-04 1.7479481e-06 9.9082485e-05 1.9684464e-06 5.1753473e-06
 9.3787685e-07 7.4945285e-04 5.1954288e-07 2.0845986e-05 7.0678510e-07
 1.7417500e-12]",./circuit_database/SMC/result_folder/2025-0522-010654
SMC,14690200.0,97.8411,0.000971037,C2P_Simulator,2025-0522-010654,['NSGA-II'],"[2.7345179e-04 1.7547651e-06 9.3872368e-05 1.9734398e-06 5.0731896e-06
 9.2459874e-07 7.5105968e-04 5.2913367e-07 2.0602101e-05 7.1043627e-07
 1.7179480e-12]",./circuit_database/SMC/result_folder/2025-0522-010654
SMC,29067700.0,96.6741,0.00139515,C2P_Simulator,2025-0522-010654,['NSGA-II'],"[3.8091990e-04 1.7273110e-06 4.9920072e-05 1.9998847e-06 1.2603365e-05
 9.6766428e-07 7.8830746e-04 5.2332592e-07 6.4205747e-06 7.0043058e-07
 1.6506263e-12]",./circuit_database/SMC/result_folder/2025-0522-010654
SMC,13002700.0,98.6853,0.000939083,C2P_Simulator,2025-0522-010654,['NSGA-II'],"[2.7325813e-04 1.8273729e-06 9.9082485e-05 1.9833153e-06 5.1753473e-06
 9.3787685e-07 7.4933801e-04 6.8351108e-07 3.4856381e-05 1.3324118e-06
 2.0156986e-12]",./circuit_database/SMC/result_folder/2025-0522-010654
SMC,11377300.0,98.5203,0.000503,C2P_Simulator,2025-0522-010654,['NSGA-II'],"[1.1134928e-04 1.3777287e-06 2.7650068e-04 1.7475024e-06 6.9450507e-06
 1.1858511e-06 8.1871788e-04 5.5520297e-07 1.6286418e-05 1.0536711e-06
 2.8702405e-12]",./circuit_database/SMC/result_folder/2025-0522-010654
SMC,17963100.0,97.9359,0.000984559,C2P_Simulator,2025-0522-010654,['NSGA-II'],"[2.7601220e-04 1.7576212e-06 9.5985422e-05 1.9640215e-06 6.3134125e-06
 9.2800428e-07 7.4939948e-04 5.1214516e-07 1.7149481e-05 7.1450023e-07
 1.7285016e-12]",./circuit_database/SMC/result_folder/2025-0522-010654
SMC,36807800.0,89.8044,0.00532564,C2P_Simulator,2025-0522-010654,['NSGA-II'],"[9.7906264e-04 1.0016759e-06 4.9554632e-04 1.1626804e-06 8.8289480e-06
 6.2248455e-07 9.3770615e-04 5.1485245e-07 9.9143572e-04 1.7776987e-06
 1.6768852e-12]",./circuit_database/SMC/result_folder/2025-0522-010654
SMC,45606100.0,85.337,0.00605923,C2P_Simulator,2025-0522-010654,['NSGA-II'],"[8.8207843e-04 7.3294996e-07 3.3911713e-04 1.3463966e-06 2.4970201e-05
 1.4483887e-06 4.9053488e-04 5.1295569e-07 7.5294450e-04 1.9977895e-06
 1.9902626e-12]",./circuit_database/SMC/result_folder/2025-0522-010654
SMC,15051600.0,97.7598,0.00097751,C2P_Simulator,2025-0522-010654,['NSGA-II'],"[2.7522873e-04 1.7547283e-06 1.0371034e-04 1.9662589e-06 5.1998909e-06
 9.2440524e-07 7.4813340e-04 5.1129081e-07 2.2183596e-05 6.9982048e-07
 1.7301451e-12]",./circuit_database/SMC/result_folder/2025-0522-010654
SMC,12490200.0,96.8539,0.000887615,C2P_Simulator,2025-0522-010734,['NSGA-II'],"[2.7727254e-04 1.9969575e-06 1.8804592e-05 1.6689801e-06 8.4498261e-06
 1.5928215e-06 7.1032398e-04 6.6887242e-07 5.5023856e-06 5.2659959e-07
 1.7655125e-12]",./circuit_database/SMC/result_folder/2025-0522-010734
SMC,35561800.0,89.1786,0.00516362,C2P_Simulator,2025-0522-010735,['NSGA-II'],"[8.8744308e-04 9.2032360e-07 3.2633526e-04 1.6877067e-06 2.5712667e-05
 1.9189713e-06 6.5459451e-04 5.0094013e-07 8.7037106e-04 1.8889341e-06
 2.1114991e-12]",./circuit_database/SMC/result_folder/2025-0522-010735
SMC,37918500.0,89.6075,0.00537885,C2P_Simulator,2025-0522-010735,['NSGA-II'],"[9.1521477e-04 9.1088071e-07 3.3912197e-04 1.7212730e-06 2.1570231e-05
 1.2511969e-06 7.4630912e-04 5.0909398e-07 8.5197273e-04 1.7689528e-06
 2.3118627e-12]",./circuit_database/SMC/result_folder/2025-0522-010735
SMC,36042100.0,88.0592,0.00507885,C2P_Simulator,2025-0522-010735,['NSGA-II'],"[8.6650072e-04 9.1320129e-07 3.2042529e-04 1.4635010e-06 2.4839954e-05
 1.6647829e-06 5.5328431e-04 5.0782063e-07 8.0417027e-04 1.9633842e-06
 2.2750113e-12]",./circuit_database/SMC/result_folder/2025-0522-010735
SMC,38813800.0,87.7001,0.00564588,C2P_Simulator,2025-0522-010735,['NSGA-II'],"[8.6368580e-04 7.8562988e-07 3.4251442e-04 1.5547168e-06 2.5122863e-05
 1.6082106e-06 6.4299966e-04 5.3002287e-07 7.7354908e-04 1.8897293e-06
 2.1691310e-12]",./circuit_database/SMC/result_folder/2025-0522-010735
SMC,158931000.0,52.0318,0.00645526,C2P_Simulator,2025-0522-010735,['NSGA-II'],"[9.7141223e-04 1.5992083e-06 5.6277062e-05 1.5931035e-06 5.9197145e-04
 5.5348016e-07 7.3319231e-04 6.8433837e-07 3.9467086e-05 1.2816289e-06
 2.7055203e-12]",./circuit_database/SMC/result_folder/2025-0522-010735
SMC,169638000.0,51.8723,0.00650929,C2P_Simulator,2025-0522-010735,['NSGA-II'],"[9.6709729e-04 1.6072640e-06 5.9178223e-05 1.6092089e-06 5.9532351e-04
 5.5757528e-07 7.3699065e-04 6.7409587e-07 4.1349140e-05 1.2920497e-06
 2.6641222e-12]",./circuit_database/SMC/result_folder/2025-0522-010735
SMC,28503400.0,96.9411,0.00139515,C2P_Simulator,2025-0522-010735,['NSGA-II'],"[3.8091990e-04 1.7273110e-06 4.9920072e-05 1.9998847e-06 1.2603365e-05
 9.6766428e-07 9.5581601e-04 5.2332592e-07 6.4205747e-06 7.0043058e-07
 1.6551856e-12]",./circuit_database/SMC/result_folder/2025-0522-010735
SMC,41785700.0,87.1448,0.00622044,C2P_Simulator,2025-0522-010735,['NSGA-II'],"[8.6908421e-04 6.9093187e-07 3.4580642e-04 1.9829977e-06 2.5940801e-05
 1.5329531e-06 5.9483259e-04 5.0115460e-07 8.5277762e-04 1.8869883e-06
 2.1281384e-12]",./circuit_database/SMC/result_folder/2025-0522-010735
SMC,43920400.0,85.9986,0.00612484,C2P_Simulator,2025-0522-010815,['NSGA-II'],"[8.7911368e-04 7.1850758e-07 3.8329852e-04 1.2651903e-06 2.5940801e-05
 1.5004634e-06 5.7868665e-04 5.0115460e-07 8.3853520e-04 1.9866577e-06
 2.1296942e-12]",./circuit_database/SMC/result_folder/2025-0522-010815
SMC,3474690.0,100.523,0.000173712,C2P_Simulator,2025-0522-010815,['NSGA-II'],"[4.8392976e-05 1.8335373e-06 2.3537199e-04 1.9354998e-06 1.7491168e-06
 1.1117802e-06 8.2785229e-04 6.0269434e-07 7.7997420e-06 1.4749983e-06
 2.7057117e-12]",./circuit_database/SMC/result_folder/2025-0522-010815
SMC,29170200.0,96.6885,0.00139515,C2P_Simulator,2025-0522-010815,['NSGA-II'],"[3.8091990e-04 1.7273290e-06 5.0762937e-05 1.9998847e-06 1.2603365e-05
 9.6766428e-07 7.8830746e-04 5.2839493e-07 6.3907414e-06 7.0043058e-07
 1.6506263e-12]",./circuit_database/SMC/result_folder/2025-0522-010815
SMC,49102900.0,87.6072,0.00682455,C2P_Simulator,2025-0522-010815,['NSGA-II'],"[9.9388952e-04 7.3309366e-07 2.7596939e-04 1.2795750e-06 2.6786271e-05
 1.3979400e-06 7.8186498e-04 5.4049622e-07 2.6636535e-05 9.7671102e-07
 1.9623407e-12]",./circuit_database/SMC/result_folder/2025-0522-010815
SMC,3474690.0,100.548,0.000173712,C2P_Simulator,2025-0522-010856,['NSGA-II'],"[4.8392976e-05 1.8335373e-06 2.3537199e-04 1.9354998e-06 1.7491168e-06
 1.1117802e-06 8.2785229e-04 6.0269434e-07 7.7997420e-06 1.5161897e-06
 2.7057117e-12]",./circuit_database/SMC/result_folder/2025-0522-010856
SMC,12916200.0,97.2184,0.000926074,C2P_Simulator,2025-0522-010856,['NSGA-II'],"[2.6580403e-04 1.8278171e-06 5.7073281e-05 1.5916850e-06 5.1753473e-06
 5.5909129e-07 7.3732575e-04 6.8511287e-07 4.1414671e-05 7.1922017e-07
 2.7001747e-12]",./circuit_database/SMC/result_folder/2025-0522-010856
SMC,4428640.0,100.714,0.000205752,C2P_Simulator,2025-0522-010856,['NSGA-II'],"[5.7755289e-05 1.8601061e-06 4.0186726e-04 1.9354998e-06 2.4318342e-06
 1.1024614e-06 8.2659611e-04 6.0143748e-07 1.3721008e-05 1.6769609e-06
 2.9806468e-12]",./circuit_database/SMC/result_folder/2025-0522-010856
SMC,2867770.0,100.301,0.000119432,C2P_Simulator,2025-0522-010856,['NSGA-II'],"[3.2459480e-05 1.8613570e-06 6.0589631e-05 1.9354998e-06 1.7491168e-06
 1.1695373e-06 8.2760979e-04 6.4030689e-07 7.7997420e-06 1.4869788e-06
 2.8507821e-12]",./circuit_database/SMC/result_folder/2025-0522-010856
SMC,2799510.0,100.303,0.000119251,C2P_Simulator,2025-0522-010936,['NSGA-II'],"[3.2459480e-05 1.8613570e-06 6.0589631e-05 1.9354998e-06 1.7491168e-06
 1.2037975e-06 8.2760979e-04 6.4030689e-07 7.7997420e-06 1.4869788e-06
 2.8507821e-12]",./circuit_database/SMC/result_folder/2025-0522-010936
SMC,32400300.0,93.8379,0.00349706,C2P_Simulator,2025-0522-010936,['NSGA-II'],"[9.6889498e-04 1.7270371e-06 5.9178223e-05 1.6096510e-06 1.6972403e-05
 5.8919238e-07 8.2639977e-04 5.1410194e-07 1.3906113e-05 7.2852708e-07
 2.7332390e-12]",./circuit_database/SMC/result_folder/2025-0522-010936
SMC,3225890.0,99.9254,0.000124918,C2P_Simulator,2025-0522-011017,['NSGA-II'],"[3.3659937e-05 1.8335373e-06 9.8140212e-05 1.9354998e-06 1.7198670e-06
 1.1123385e-06 8.2785229e-04 6.0269434e-07 2.8878905e-05 1.5161897e-06
 2.7057117e-12]",./circuit_database/SMC/result_folder/2025-0522-011017
SMC,41175000.0,82.6723,0.00453929,C2P_Simulator,2025-0522-011058,['NSGA-II'],"[9.7141223e-04 1.4846981e-06 1.2142483e-05 1.6051532e-06 6.0065003e-04
 1.1219975e-06 9.5870160e-04 5.3774932e-07 3.9087576e-05 1.2816289e-06
 2.8025917e-12]",./circuit_database/SMC/result_folder/2025-0522-011058
SMC,2878090.0,99.5277,0.000119251,C2P_Simulator,2025-0522-011139,['NSGA-II'],"[3.2459480e-05 1.8613570e-06 6.2106832e-05 1.9354998e-06 1.7491168e-06
 1.2037975e-06 8.5339061e-04 6.4030689e-07 6.8546848e-05 1.4869788e-06
 2.8094638e-12]",./circuit_database/SMC/result_folder/2025-0522-011139
SMC,2793630.0,100.39,0.000119251,C2P_Simulator,2025-0522-011221,['NSGA-II'],"[3.2459480e-05 1.8613570e-06 6.0589631e-05 1.9354998e-06 1.7491168e-06
 1.2037975e-06 8.2760979e-04 6.8374197e-07 7.7997420e-06 1.4869788e-06
 2.8507821e-12]",./circuit_database/SMC/result_folder/2025-0522-011221
SMC,2802490.0,100.273,0.000119251,C2P_Simulator,2025-0522-011221,['NSGA-II'],"[3.2459480e-05 1.8613570e-06 6.0589631e-05 1.9354998e-06 1.7491168e-06
 1.2037975e-06 8.2760979e-04 6.4030689e-07 1.0301137e-05 1.4869788e-06
 2.8507821e-12]",./circuit_database/SMC/result_folder/2025-0522-011221
SMC,4418760.0,100.688,0.00018978,C2P_Simulator,2025-0522-011304,['NSGA-II'],"[5.2869182e-05 1.8601061e-06 4.0190134e-04 1.9354998e-06 2.4318342e-06
 1.1030672e-06 8.9956378e-04 6.0143748e-07 1.5401041e-05 1.6773023e-06
 2.9733963e-12]",./circuit_database/SMC/result_folder/2025-0522-011304
SMC,3000150.0,100.339,0.000119684,C2P_Simulator,2025-0522-011345,['NSGA-II'],"[3.1968051e-05 1.8305402e-06 6.0589631e-05 1.9354998e-06 1.7491168e-06
 1.1052391e-06 8.2760979e-04 6.8374197e-07 7.7997420e-06 1.4869788e-06
 2.8507821e-12]",./circuit_database/SMC/result_folder/2025-0522-011345
SMC,4399650.0,100.288,0.000159694,C2P_Simulator,2025-0522-011345,['NSGA-II'],"[4.2068776e-05 1.7783700e-06 2.1203070e-04 1.7410166e-06 2.4071996e-06
 1.1070258e-06 8.1899052e-04 6.8365625e-07 7.7186241e-06 1.4869788e-06
 2.8390133e-12]",./circuit_database/SMC/result_folder/2025-0522-011345
SMC,4886850.0,100.359,0.000176302,C2P_Simulator,2025-0522-011427,['NSGA-II'],"[4.6741246e-05 1.7887089e-06 1.0234642e-04 1.9834840e-06 2.4318342e-06
 9.4778369e-07 9.7976613e-04 6.8424526e-07 1.5017393e-05 1.4769944e-06
 2.6935015e-12]",./circuit_database/SMC/result_folder/2025-0522-011427
SMC,3319630.0,99.4678,0.000110745,C2P_Simulator,2025-0522-011427,['NSGA-II'],"[2.8675186e-05 1.7880034e-06 2.1565220e-04 1.9354998e-06 1.7491168e-06
 1.1013681e-06 7.2193803e-04 6.7897406e-07 7.7186241e-06 6.8510099e-07
 2.8583143e-12]",./circuit_database/SMC/result_folder/2025-0522-011427
SMC,1527200.0,98.5576,6.80017e-05,C2P_Simulator,2025-0522-011637,['NSGA-II'],"[1.8560719e-05 1.9296265e-06 2.0753771e-04 1.9365862e-06 7.8239623e-07
 1.1123725e-06 8.2122302e-04 6.0143748e-07 5.3876134e-05 5.9761055e-07
 2.9625894e-12]",./circuit_database/SMC/result_folder/2025-0522-011637
SMC,146329000.0,57.4456,0.00331047,C2P_Simulator,2025-0522-011845,['NSGA-II'],"[1.5688771e-04 1.7423012e-06 4.1387198e-04 1.5700783e-06 5.2460423e-04
 9.6289421e-07 9.9121325e-04 5.2982546e-07 5.3864034e-05 1.4629768e-06
 1.4171069e-12]",./circuit_database/SMC/result_folder/2025-0522-011845
SMC,5522820.0,100.134,0.000250658,C2P_Simulator,2025-0522-011928,['NSGA-II'],"[7.1101618e-05 1.8582060e-06 4.1472024e-04 1.7022486e-06 2.3731027e-06
 9.3931146e-07 8.0208702e-04 6.8424526e-07 1.4100522e-05 1.0986988e-06
 2.6593714e-12]",./circuit_database/SMC/result_folder/2025-0522-011928
SMC,75874300.0,58.7267,0.0034829,C2P_Simulator,2025-0522-013227,['NSGA-II'],"[1.9424647e-04 1.7518239e-06 8.9274027e-04 1.9183396e-06 4.7293052e-04
 8.1808037e-07 5.8129913e-04 6.0697914e-07 5.3917014e-05 1.4572200e-06
 2.6764212e-12]",./circuit_database/SMC/result_folder/2025-0522-013227
SMC,36707000.0,62.1263,0.00244925,C2P_Simulator,2025-0522-014237,['NSGA-II'],"[1.7220827e-05 1.7741401e-06 4.9844134e-04 1.9387514e-06 5.5479811e-04
 1.2678064e-06 8.1996591e-04 5.4060854e-07 5.3604082e-05 1.4227430e-06
 7.3540284e-13]",./circuit_database/SMC/result_folder/2025-0522-014237
SMC,35523200.0,63.0534,0.0028796,C2P_Simulator,2025-0522-014808,['NSGA-II'],"[1.5767610e-05 1.8795198e-06 8.4768108e-04 1.5897202e-06 5.0034554e-04
 8.8289647e-07 9.4105845e-04 5.5931969e-07 4.1981319e-05 9.1845908e-07
 7.4191727e-13]",./circuit_database/SMC/result_folder/2025-0522-014808
SMC,29668500.0,64.7305,0.00327107,C2P_Simulator,2025-0522-015251,['NSGA-II'],"[1.1422303e-05 1.8986258e-06 7.3561084e-04 1.8795710e-06 4.7303949e-04
 6.6500121e-07 9.3731971e-04 5.3456222e-07 4.6765799e-05 7.5838301e-07
 1.3063464e-12]",./circuit_database/SMC/result_folder/2025-0522-015251
SMC,1313400.0,99.3829,0.00010755,C2P_Simulator,2025-0522-015559,['NSGA-II'],"[2.9588142e-05 1.7721254e-06 5.7226088e-04 1.6740104e-06 2.9913161e-07
 1.2489581e-06 7.1872881e-04 5.4865666e-07 5.6140219e-05 1.4721109e-06
 1.4652927e-12]",./circuit_database/SMC/result_folder/2025-0522-015559
SMC,38480200.0,64.3801,0.00327345,C2P_Simulator,2025-0522-015906,['NSGA-II'],"[1.3593352e-05 1.8476743e-06 9.1932318e-04 1.5903973e-06 4.6015179e-04
 6.4337900e-07 9.3775016e-04 5.1565297e-07 9.5486081e-05 1.7643617e-06
 5.5544686e-13]",./circuit_database/SMC/result_folder/2025-0522-015906
DFCFC1,92910400.0,117.826,0.00807563,-3.9014168908693008,2025-0521-165638,"[0, -1, 1]","[6.75404810e-04 1.15871336e-06 7.47777431e-04 1.93017986e-06
 1.08282451e-04 1.56613065e-06 4.29271625e-07 1.70622745e-06
 6.69632599e-04 1.21410362e-06 7.15070995e-04 9.58150133e-07
 8.96869180e-04 9.53514874e-07 6.52169913e-04 1.80139110e-06
 5.20557348e-04 1.89600164e-06 3.50349916e-04 1.13504133e-06
 7.37785817e-04 1.97791290e-06 2.37053204e-12 2.02277827e-12]",./circuit_database/DFCFC1/result_folder/2025-0521-165638
DFCFC1,894138000.0,117.86,0.00916503,-4.337404826397298,2025-0521-165712,"[0, -1, 1]","[2.79802326e-04 1.20888357e-06 9.25031996e-04 1.69171840e-06
 1.24327470e-04 1.46939784e-06 7.35537199e-06 9.94042471e-07
 4.52547122e-04 1.14145886e-06 8.79943325e-04 1.22781876e-06
 5.43569862e-04 6.85468640e-07 9.62494008e-04 1.77482207e-06
 7.03682034e-04 1.65570101e-06 2.69467026e-05 1.09758711e-06
 8.36069277e-04 1.98514725e-06 2.03871298e-12 1.78429855e-12]",./circuit_database/DFCFC1/result_folder/2025-0521-165712
DFCFC1,513800000.0,122.166,0.00976792,-4.097365314549059,2025-0521-165712,"[0, -1, 1]","[5.72208149e-04 9.70370682e-07 5.22804589e-04 1.83439369e-06
 1.33326728e-04 9.05201612e-07 5.47063398e-06 1.73897856e-06
 4.52374988e-04 9.36687106e-07 8.58727666e-04 9.87084195e-07
 4.59497958e-04 1.15861817e-06 6.79356880e-04 1.80692153e-06
 6.13998560e-04 1.99554431e-06 1.12319089e-05 1.09758711e-06
 4.84558426e-04 1.99301956e-06 1.19154590e-12 2.06345481e-12]",./circuit_database/DFCFC1/result_folder/2025-0521-165712
DFCFC1,409187000.0,114.957,0.00697867,-4.347768677393137,2025-0521-165722,"[0, -1, 1]","[2.17195611e-04 9.50232616e-07 5.19196488e-04 1.99254193e-06
 1.10153617e-04 1.07063670e-06 2.71539008e-06 1.64031559e-06
 7.40805381e-04 1.37991327e-06 9.04287515e-04 1.64340550e-06
 4.59497958e-04 8.73631693e-07 6.11656149e-04 1.77928859e-06
 3.91163964e-04 1.58111459e-06 1.03590375e-05 9.56956332e-07
 9.09219164e-04 1.98763924e-06 7.14394405e-13 1.75617128e-12]",./circuit_database/DFCFC1/result_folder/2025-0521-165722
DFCFC1,565895000.0,109.568,0.00907175,-4.418130593627157,2025-0521-165739,"[0, -1, 1]","[1.47559384e-04 1.07250931e-06 2.01010495e-04 1.59133679e-06
 2.22459505e-05 9.15220976e-07 6.57897252e-06 1.38017181e-06
 7.40805381e-04 1.05771257e-06 8.79943325e-04 1.12111538e-06
 4.68703635e-04 6.27821218e-07 3.59237759e-04 1.75505407e-06
 8.63999512e-04 1.30854931e-06 6.32333931e-05 1.27304143e-06
 6.27729081e-04 1.99125523e-06 1.17509554e-12 2.26355907e-12]",./circuit_database/DFCFC1/result_folder/2025-0521-165739
DFCFC1,3230030.0,140.305,0.000675759,1,2025-0521-171052,"[-1, 1, 0]","[6.19967573e-04 1.40649831e-06 4.12252865e-05 1.63795351e-06
 7.52242065e-04 1.61752312e-06 5.52089577e-04 1.97691549e-06
 6.22825488e-04 9.44962077e-07 9.25978430e-07 1.55411662e-06
 6.11139382e-04 7.10436451e-07 3.47963807e-05 8.25519951e-07
 7.78414628e-04 1.65687064e-06 4.98978070e-04 6.43397752e-07
 9.80235643e-05 1.75706079e-06 2.38878996e-12 2.86538772e-12]",./circuit_database/DFCFC1/result_folder/2025-0521-171052
DFCFC1,92910400.0,117.826,0.00807563,C2P_Simulator,2025-0522-000352,['NSGA-II'],"[6.7540479e-04 1.1587134e-06 7.4777741e-04 1.9301799e-06 1.0828245e-04
 1.5661307e-06 4.2927164e-07 1.7062274e-06 6.6963257e-04 1.2141036e-06
 7.1507099e-04 9.5815017e-07 8.9686917e-04 9.5351487e-07 6.5216993e-04
 1.8013911e-06 5.2055734e-04 1.8960017e-06 3.5034990e-04 1.1350413e-06
 7.3778583e-04 1.9779129e-06 2.3705319e-12 2.0227782e-12]",./circuit_database/DFCFC1/result_folder/2025-0522-000352
DFCFC1,894138000.0,117.86,0.00916503,C2P_Simulator,2025-0522-000352,['NSGA-II'],"[2.7980233e-04 1.2088835e-06 9.2503201e-04 1.6917184e-06 1.2432747e-04
 1.4693978e-06 7.3553720e-06 9.9404247e-07 4.5254713e-04 1.1414588e-06
 8.7994331e-04 1.2278188e-06 5.4356985e-04 6.8546865e-07 9.6249400e-04
 1.7748221e-06 7.0368202e-04 1.6557010e-06 2.6946702e-05 1.0975871e-06
 8.3606929e-04 1.9851473e-06 2.0387129e-12 1.7842985e-12]",./circuit_database/DFCFC1/result_folder/2025-0522-000352
DFCFC1,513800000.0,122.166,0.00976792,C2P_Simulator,2025-0522-000352,['NSGA-II'],"[5.72208141e-04 9.70370706e-07 5.22804563e-04 1.83439374e-06
 1.33326728e-04 9.05201603e-07 5.47063382e-06 1.73897854e-06
 4.52374981e-04 9.36687115e-07 8.58727668e-04 9.87084150e-07
 4.59497969e-04 1.15861815e-06 6.79356861e-04 1.80692155e-06
 6.13998563e-04 1.99554438e-06 1.12319085e-05 1.09758707e-06
 4.84558434e-04 1.99301962e-06 1.19154589e-12 2.06345488e-12]",./circuit_database/DFCFC1/result_folder/2025-0522-000352
DFCFC1,409187000.0,114.957,0.00697867,C2P_Simulator,2025-0522-000352,['NSGA-II'],"[2.1719561e-04 9.5023262e-07 5.1919650e-04 1.9925419e-06 1.1015362e-04
 1.0706367e-06 2.7153901e-06 1.6403156e-06 7.4080541e-04 1.3799132e-06
 9.0428750e-04 1.6434055e-06 4.5949797e-04 8.7363168e-07 6.1165617e-04
 1.7792886e-06 3.9116395e-04 1.5811146e-06 1.0359037e-05 9.5695634e-07
 9.0921915e-04 1.9876393e-06 7.1439442e-13 1.7561713e-12]",./circuit_database/DFCFC1/result_folder/2025-0522-000352
DFCFC1,565895000.0,109.568,0.00907175,C2P_Simulator,2025-0522-000352,['NSGA-II'],"[1.4755939e-04 1.0725093e-06 2.0101049e-04 1.5913367e-06 2.2245951e-05
 9.1522099e-07 6.5789727e-06 1.3801719e-06 7.4080541e-04 1.0577126e-06
 8.7994331e-04 1.1211154e-06 4.6870363e-04 6.2782124e-07 3.5923775e-04
 1.7550541e-06 8.6399954e-04 1.3085493e-06 6.3233390e-05 1.2730414e-06
 6.2772905e-04 1.9912552e-06 1.1750955e-12 2.2635591e-12]",./circuit_database/DFCFC1/result_folder/2025-0522-000352
DFCFC1,3230030.0,140.305,0.000675759,C2P_Simulator,2025-0522-000352,['NSGA-II'],"[6.1996758e-04 1.4064983e-06 4.1225285e-05 1.6379535e-06 7.5224205e-04
 1.6175231e-06 5.5208959e-04 1.9769154e-06 6.2282546e-04 9.4496210e-07
 9.2597844e-07 1.5541166e-06 6.1113940e-04 7.1043644e-07 3.4796380e-05
 8.2551998e-07 7.7841460e-04 1.6568706e-06 4.9897807e-04 6.4339775e-07
 9.8023564e-05 1.7570608e-06 2.3887899e-12 2.8653876e-12]",./circuit_database/DFCFC1/result_folder/2025-0522-000352
DFCFC1,104296000.0,118.46,0.00807652,C2P_Simulator,2025-0522-000457,['NSGA-II'],"[6.7540479e-04 1.1587134e-06 7.4777741e-04 1.9301799e-06 1.0828245e-04
 1.5661307e-06 4.2927164e-07 1.7062274e-06 6.6963257e-04 1.2141036e-06
 7.1507099e-04 9.5815017e-07 8.9686917e-04 9.5351487e-07 6.5216993e-04
 1.8013911e-06 5.2055734e-04 1.8960017e-06 3.5034990e-04 1.1350413e-06
 8.1172108e-04 1.9779129e-06 2.3705319e-12 1.8654932e-12]",./circuit_database/DFCFC1/result_folder/2025-0522-000457
DFCFC1,3241120.0,140.358,0.000680678,C2P_Simulator,2025-0522-000916,['NSGA-II'],"[8.0499891e-04 1.4064983e-06 4.1225285e-05 8.1200341e-07 7.5224205e-04
 1.5565757e-06 5.5131858e-04 1.9769154e-06 6.2282546e-04 9.4496210e-07
 9.2597844e-07 1.5541166e-06 6.6418806e-04 7.1043644e-07 4.3005475e-05
 1.6683427e-06 7.8426156e-04 1.6568706e-06 4.9897807e-04 6.6554088e-07
 9.8023564e-05 1.5811419e-06 2.3887899e-12 2.8653876e-12]",./circuit_database/DFCFC1/result_folder/2025-0522-000916
DFCFC1,3072050.0,137.579,0.000675705,C2P_Simulator,2025-0522-001047,['NSGA-II'],"[8.0545555e-04 1.4066684e-06 4.1225285e-05 1.5982754e-06 7.5224205e-04
 9.4240630e-07 5.5128371e-04 1.9754611e-06 4.9225654e-04 9.3955907e-07
 9.2597844e-07 1.5541677e-06 3.2039831e-04 7.1043644e-07 1.1597975e-06
 1.5697657e-06 7.8426156e-04 9.9105580e-07 4.9897807e-04 6.6326368e-07
 9.8023564e-05 5.0097577e-07 2.6940936e-12 2.8653876e-12]",./circuit_database/DFCFC1/result_folder/2025-0522-001047
DFCFC1,2174260000.0,118.994,0.010151,C2P_Simulator,2025-0522-001659,['NSGA-II'],"[3.7950877e-04 1.1710492e-06 7.6269085e-04 6.0872082e-07 1.0828245e-04
 1.1137417e-06 2.0507599e-05 8.5435028e-07 9.9824998e-04 9.9672218e-07
 8.7907951e-04 9.5815017e-07 8.9686917e-04 1.2827920e-06 6.5216993e-04
 1.8001433e-06 8.8947249e-04 1.9065410e-06 3.5034990e-04 1.1358575e-06
 1.3047524e-04 6.7500730e-07 2.7222610e-12 6.4547461e-13]",./circuit_database/DFCFC1/result_folder/2025-0522-001659
DFCFC1,3820200.0,141.949,0.000766382,C2P_Simulator,2025-0522-001659,['NSGA-II'],"[7.4154057e-04 1.3890021e-06 4.1225285e-05 1.8653674e-06 3.9829270e-04
 1.6175231e-06 5.3715846e-04 1.9769154e-06 6.2282546e-04 8.1561200e-07
 1.0912120e-06 1.5541614e-06 6.1113940e-04 7.1334387e-07 5.9962540e-04
 8.2658931e-07 7.8426156e-04 1.6568706e-06 6.6692877e-04 1.4420448e-06
 4.6669466e-05 5.4682420e-07 2.3887899e-12 2.8365483e-12]",./circuit_database/DFCFC1/result_folder/2025-0522-001659
AZC,72331.3,113.738,0.0011116,-7.813377732573876,2025-0521-213422,"[1, 1, 1]","[2.39306236e-12 1.82668726e-12 3.50836184e-05 1.39567385e-06
 6.50364768e-04 1.63386897e-06 4.30506125e-04 9.05322537e-07
 9.24626342e-04 1.40463962e-06 5.38258001e-05 1.32091717e-06
 4.62251513e-04 1.11258409e-06 1.27369208e+04 1.12218475e+04
 3.69889998e-04 1.59105283e-06 9.02412083e-04 5.88517149e-07
 1.38444174e-04 1.34413897e-06 6.97987996e-04 9.18742457e-07
 7.15934662e-05 1.76720115e-06 6.02077928e-04 1.03320462e-06
 5.35544874e-04 1.40257500e-06]",./circuit_database/AZC/result_folder/2025-0521-213422
AZC,82242.7,114.853,0.00112166,-7.865236127038467,2025-0521-213454,"[1, 1, 1]","[2.39306236e-12 2.01409434e-12 3.50836184e-05 1.43518202e-06
 6.50364768e-04 1.66133463e-06 4.30506125e-04 9.05322537e-07
 9.24626342e-04 1.46125481e-06 5.38258001e-05 1.32091717e-06
 4.62251513e-04 1.11258409e-06 1.27369208e+04 1.11534996e+04
 3.81073774e-04 1.59105283e-06 9.02412083e-04 5.88517149e-07
 1.85977565e-04 1.34413897e-06 6.41554159e-04 8.86521189e-07
 6.77852655e-05 1.81580644e-06 6.02077928e-04 1.03320462e-06
 5.42057002e-04 1.43290293e-06]",./circuit_database/AZC/result_folder/2025-0521-213454
AZC,110827.0,117.254,0.00266371,-2.523990676452987,2025-0521-214147,"[1, 0, -1]","[1.85804012e-12 1.00339436e-12 2.81560312e-04 1.86967204e-06
 6.15527818e-04 1.20146690e-06 6.64224510e-04 1.93792175e-06
 9.01352694e-05 1.83854973e-06 5.48251742e-06 1.23443067e-06
 9.83709624e-04 8.89184213e-07 9.29631741e+03 5.11675293e+03
 8.25314328e-04 1.58914507e-06 1.14453736e-05 1.41326222e-06
 5.61664268e-04 8.16918512e-07 4.98578962e-04 6.62968491e-07
 8.71441939e-04 1.89824236e-06 8.01730062e-04 1.56377296e-06
 8.78102648e-05 1.08149209e-06]",./circuit_database/AZC/result_folder/2025-0521-214147
AZC,123768.0,114.288,0.00190668,-2.669932917599568,2025-0521-214342,"[1, 0, -1]","[2.50217798e-12 1.37968750e-12 8.94039966e-04 1.46155970e-06
 7.57188665e-04 7.14190493e-07 1.15331891e-04 1.99893653e-06
 7.54078472e-05 1.61520207e-06 8.05551916e-06 1.16010644e-06
 6.24030306e-04 8.82729804e-07 5.85252216e+03 5.76336114e+03
 8.26681952e-04 7.02464223e-07 4.93962722e-05 1.27703711e-06
 5.17529024e-04 1.48100137e-06 4.54684965e-04 7.87644149e-07
 4.55989767e-04 1.67469318e-06 2.39313970e-04 1.64058338e-06
 4.66755763e-05 1.49844676e-06]",./circuit_database/AZC/result_folder/2025-0521-214342
AZC,159257.0,116.375,0.00247095,-2.708887224060093,2025-0521-214430,"[1, 0, -1]","[1.54841011e-12 2.92019441e-12 6.25418194e-04 1.62559953e-06
 7.29897837e-04 7.20923457e-07 2.53048471e-04 1.56074539e-06
 3.82518078e-04 1.06884043e-06 5.48251742e-06 1.67419010e-06
 7.73756483e-04 9.46073045e-07 6.58346743e+03 1.15535233e+04
 4.37108584e-04 6.75816169e-07 4.98112212e-05 1.27703711e-06
 7.59965677e-04 1.52034681e-06 4.54684965e-04 7.80679881e-07
 3.89178663e-04 1.55384145e-06 2.19150067e-04 1.56237397e-06
 1.51310097e-04 1.54837510e-06]",./circuit_database/AZC/result_folder/2025-0521-214430
AZC,105865.0,115.569,0.00138317,-2.591760459648622,2025-0521-214453,"[1, 0, -1]","[9.75487393e-13 1.79486262e-12 9.39283080e-04 1.55356822e-06
 7.88777296e-04 5.73776498e-07 2.53048471e-04 1.99893653e-06
 7.54078472e-05 9.99957412e-07 6.62014693e-06 1.97894467e-06
 4.87699825e-04 1.07788145e-06 1.29347597e+04 1.61010739e+04
 8.86866067e-04 5.27404501e-07 4.70324191e-05 1.27703711e-06
 7.10579952e-04 1.58390389e-06 4.55511793e-04 9.17946215e-07
 3.89178663e-04 1.64204343e-06 1.90698895e-04 1.63424996e-06
 1.51310097e-04 1.87207300e-06]",./circuit_database/AZC/result_folder/2025-0521-214453
AZC,123116.0,115.851,0.00170029,-2.6364372596309615,2025-0521-214453,"[1, 0, -1]","[1.29707215e-12 1.77824396e-12 8.44594051e-04 9.01534449e-07
 7.29897837e-04 7.90874701e-07 8.58811418e-06 1.58897066e-06
 7.54078472e-05 1.12034353e-06 5.48251742e-06 1.99082157e-06
 6.19709854e-04 8.55012502e-07 6.58033493e+03 1.51830902e+04
 4.37108584e-04 7.44440353e-07 5.16492451e-05 1.17866690e-06
 7.59965677e-04 1.58390389e-06 4.54684965e-04 7.87644149e-07
 5.55041961e-04 1.64204343e-06 3.11395962e-04 1.72447508e-06
 1.51310097e-04 1.41469225e-06]",./circuit_database/AZC/result_folder/2025-0521-214453
AZC,127415.0,116.589,0.0021929,-2.6152108207784397,2025-0521-214504,"[1, 0, -1]","[9.75487393e-13 1.62601448e-12 6.25418194e-04 1.55356822e-06
 7.17771719e-04 7.90874701e-07 2.53048471e-04 1.99893653e-06
 1.57899752e-04 8.07027176e-07 5.10432155e-06 1.67419010e-06
 7.30348107e-04 8.41549435e-07 6.58346743e+03 5.76336114e+03
 4.37108584e-04 8.23292648e-07 4.95083716e-05 1.28090394e-06
 6.91413984e-04 1.70710003e-06 4.54684965e-04 8.72534845e-07
 5.95587155e-04 1.61814619e-06 2.58796847e-04 1.61546706e-06
 1.60910412e-04 1.22831661e-06]",./circuit_database/AZC/result_folder/2025-0521-214504
AZC,189675.0,117.684,0.00309991,-2.7353503250825675,2025-0521-214540,"[1, 0, -1]","[1.40083055e-12 1.61419595e-12 7.67633645e-04 1.75362222e-06
 7.79620399e-04 6.73400576e-07 3.05304701e-04 1.89478219e-06
 1.07350610e-04 1.61126732e-06 6.35330329e-06 1.63025297e-06
 9.55067263e-04 8.00980215e-07 8.65487113e+03 5.43884872e+03
 7.82214064e-04 1.05138318e-06 4.70848720e-05 1.35214389e-06
 8.04164360e-04 1.56436571e-06 3.38852019e-04 5.24830222e-07
 5.80386778e-04 1.65500658e-06 2.35705523e-04 1.63424996e-06
 4.11144350e-04 9.93361130e-07]",./circuit_database/AZC/result_folder/2025-0521-214540
AZC,207085.0,113.619,0.00333996,-2.8694696627442955,2025-0521-214602,"[1, 0, -1]","[1.66355303e-12 1.53341131e-12 9.33714151e-04 1.60496202e-06
 7.17656074e-04 8.20569999e-07 6.47132657e-05 1.79878047e-06
 3.50909098e-04 1.18691574e-06 5.03812418e-06 1.52583300e-06
 7.38410303e-04 8.65329532e-07 8.02209647e+03 4.76313247e+03
 7.05707225e-04 1.05138318e-06 4.76881679e-05 1.33328403e-06
 6.07776636e-04 1.56436571e-06 3.67588729e-04 9.23475004e-07
 1.90561965e-04 1.51879231e-06 1.73535449e-04 1.56242301e-06
 2.88477647e-04 1.60211653e-06]",./circuit_database/AZC/result_folder/2025-0521-214602
AZC,251942.0,110.798,0.00417483,-3.007810948722796,2025-0521-214624,"[1, 0, -1]","[1.87245072e-12 1.67914079e-12 9.06841912e-04 1.54540692e-06
 7.93502557e-04 7.93142706e-07 3.64681797e-04 1.79878047e-06
 2.73834781e-04 1.47136460e-06 5.95639821e-06 1.61830477e-06
 9.00138772e-04 8.34322373e-07 7.04557065e+03 3.70064805e+03
 3.46574301e-04 9.10886094e-07 4.84570077e-05 1.22798571e-06
 5.87219514e-04 1.62438741e-06 2.84645325e-04 9.48839096e-07
 1.73902647e-04 1.44919940e-06 1.73535449e-04 1.66017277e-06
 2.81468257e-04 1.68998353e-06]",./circuit_database/AZC/result_folder/2025-0521-214624
AZC,267954.0,111.389,0.00462226,-3.011649214688376,2025-0521-214624,"[1, 0, -1]","[1.93029498e-12 1.63648860e-12 9.06841912e-04 1.55266405e-06
 7.86807294e-04 6.92622041e-07 3.96323087e-04 1.97823522e-06
 3.70351447e-04 1.68250725e-06 6.31816608e-06 1.80702269e-06
 8.75330687e-04 8.00980215e-07 7.15045589e+03 5.43884872e+03
 4.48502537e-04 1.05521060e-06 5.09859886e-05 1.22437344e-06
 7.58268446e-04 1.49763362e-06 3.41614652e-04 9.23475004e-07
 1.90561965e-04 1.46682925e-06 1.67298161e-04 1.63424996e-06
 3.00986095e-04 1.60211653e-06]",./circuit_database/AZC/result_folder/2025-0521-214624
AZC,240442.0,113.221,0.00428334,-2.9249069088338198,2025-0521-214636,"[1, 0, -1]","[1.93029498e-12 1.47224261e-12 9.06841912e-04 1.59108971e-06
 7.86807294e-04 6.92622041e-07 3.45228727e-04 1.94559914e-06
 3.09766261e-04 1.74244877e-06 5.90513336e-06 1.89888477e-06
 7.64920464e-04 8.00980215e-07 7.15045589e+03 3.61776107e+03
 5.38606602e-04 1.02422012e-06 4.91793457e-05 1.24631696e-06
 7.47622183e-04 1.44382691e-06 3.61017608e-04 8.82329621e-07
 1.90561965e-04 1.49725226e-06 1.91790931e-04 1.66181672e-06
 2.93540027e-04 1.67145582e-06]",./circuit_database/AZC/result_folder/2025-0521-214636
AZC,251404.0,112.752,0.00415455,-2.9584183942653772,2025-0521-214636,"[1, 0, -1]","[2.13845748e-12 1.63648860e-12 9.32798622e-04 1.59516720e-06
 7.94554869e-04 7.22311054e-07 2.90716965e-04 1.97823522e-06
 3.70351447e-04 1.82484903e-06 6.31816608e-06 1.89402754e-06
 8.55490781e-04 8.00980215e-07 6.91515158e+03 5.43884872e+03
 5.10503519e-04 1.03852356e-06 5.13910803e-05 1.30706930e-06
 7.42781382e-04 1.49763362e-06 3.36623982e-04 8.82253060e-07
 2.19930327e-04 1.49446649e-06 1.73183074e-04 1.62569052e-06
 3.13532045e-04 1.71583727e-06]",./circuit_database/AZC/result_folder/2025-0521-214636
AZC,282474.0,111.825,0.0051751,-3.0144451422371974,2025-0521-214647,"[1, 0, -1]","[2.11037942e-12 1.62587109e-12 9.48262961e-04 1.45352422e-06
 7.85134671e-04 6.79744412e-07 3.58860815e-04 1.74846332e-06
 4.58004458e-04 1.57958225e-06 6.62473400e-06 1.89174637e-06
 8.38889991e-04 6.46656631e-07 7.01032295e+03 2.81609500e+03
 4.46477710e-04 1.03558069e-06 4.86819440e-05 1.27767745e-06
 7.89459638e-04 1.49968565e-06 3.11227793e-04 8.33105658e-07
 1.90316816e-04 1.43201051e-06 2.07837227e-04 1.66348301e-06
 2.88037489e-04 1.56028892e-06]",./circuit_database/AZC/result_folder/2025-0521-214647
AZC,236649.0,111.935,0.00403836,-2.9548166234170745,2025-0521-214647,"[1, 0, -1]","[2.18635437e-12 1.46719894e-12 8.86152249e-04 1.42296482e-06
 7.59468993e-04 6.93018226e-07 3.68569431e-04 1.86673096e-06
 3.98023970e-04 1.69971743e-06 5.67150871e-06 1.84317846e-06
 8.38353727e-04 6.93302499e-07 6.95087848e+03 6.60821046e+03
 6.56583932e-04 1.03558069e-06 4.83898923e-05 1.22437344e-06
 6.35013697e-04 1.44744993e-06 2.81333042e-04 8.37186727e-07
 2.16433040e-04 1.48768922e-06 1.89897926e-04 1.63593894e-06
 3.16576435e-04 1.70005227e-06]",./circuit_database/AZC/result_folder/2025-0521-214647
AZC,222494.0,113.963,0.00349163,-2.888643472843741,2025-0521-214710,"[1, 0, -1]","[1.57763618e-12 1.69325723e-12 9.80396989e-04 1.45338350e-06
 7.94180270e-04 6.86621079e-07 1.99508264e-04 1.59681323e-06
 4.38908203e-04 1.78806547e-06 6.31816608e-06 1.98666784e-06
 8.47485742e-04 8.38154992e-07 7.00085663e+03 5.50828970e+03
 4.44740592e-04 1.03558069e-06 4.99671608e-05 1.21796100e-06
 6.97017813e-04 1.57213518e-06 3.36809641e-04 8.92919475e-07
 2.51535154e-04 1.46249429e-06 1.96329108e-04 1.67927044e-06
 3.09282820e-04 1.44324611e-06]",./circuit_database/AZC/result_folder/2025-0521-214710
AZC,330592.0,111.213,0.00484888,-3.1033979849547215,2025-0521-214733,"[1, 0, -1]","[1.62364694e-12 1.78863041e-12 9.87630839e-04 1.43577163e-06
 8.45038847e-04 8.77204156e-07 2.83733945e-04 1.80879381e-06
 4.82770757e-04 1.78727357e-06 6.31816608e-06 1.93243493e-06
 8.68964729e-04 6.54699094e-07 7.05500379e+03 9.16090806e+03
 4.70348422e-04 1.02886336e-06 4.96943401e-05 1.10561576e-06
 6.65605482e-04 1.45298831e-06 3.14317162e-04 8.97241884e-07
 1.63179703e-04 1.44842555e-06 2.49042334e-04 1.64143826e-06
 3.04534057e-04 1.82388864e-06]",./circuit_database/AZC/result_folder/2025-0521-214733
AZC,372856.0,110.495,0.00531815,-3.1660023186638755,2025-0521-214806,"[1, 0, -1]","[2.03541107e-12 1.82954748e-12 9.43266036e-04 1.46850588e-06
 8.18678124e-04 7.37444665e-07 3.26964557e-04 1.83892744e-06
 4.80502750e-04 1.53958490e-06 6.96418280e-06 1.69795426e-06
 9.13065054e-04 6.55312206e-07 7.46118447e+03 2.88843866e+03
 5.02726882e-04 9.65929340e-07 5.65528603e-05 1.14163004e-06
 6.44775061e-04 1.55098838e-06 3.32421704e-04 9.96762477e-07
 1.67237870e-04 1.46233711e-06 2.24083700e-04 1.64284181e-06
 3.44649642e-04 1.71443541e-06]",./circuit_database/AZC/result_folder/2025-0521-214806
AZC,566169.0,110.447,0.00812816,-3.3119189841187153,2025-0521-214828,"[1, 0, -1]","[1.81595887e-12 1.63399489e-12 8.81814751e-04 1.67835755e-06
 6.24944298e-04 9.01369950e-07 4.61007438e-05 1.79733645e-06
 3.79100329e-04 1.46855970e-06 5.62351064e-06 1.72589348e-06
 9.27687725e-04 5.62003158e-07 6.01063589e+03 5.53723073e+03
 5.09497040e-04 1.01168829e-06 4.85478372e-05 1.19112310e-06
 6.33176441e-04 9.17603477e-07 3.62088253e-04 9.29664351e-07
 1.38835011e-04 1.45130539e-06 3.30116477e-04 1.63732723e-06
 2.65515269e-04 1.69837484e-06]",./circuit_database/AZC/result_folder/2025-0521-214828
AZC,508749.0,108.781,0.00636599,-3.328637413694357,2025-0521-214828,"[1, 0, -1]","[1.69322196e-12 1.56838502e-12 9.22693003e-04 1.57313377e-06
 7.60205089e-04 9.85819365e-07 4.31972536e-04 1.60046364e-06
 3.63982007e-04 1.63993298e-06 9.00965297e-06 1.72514360e-06
 9.34769503e-04 5.47634658e-07 4.78173666e+03 5.53723073e+03
 5.60310235e-04 9.63358560e-07 4.40348170e-05 1.03310639e-06
 6.11723485e-04 1.39248022e-06 3.36457205e-04 9.29664351e-07
 1.38835011e-04 1.45130539e-06 2.43551694e-04 1.64356264e-06
 2.21746301e-04 1.84756720e-06]",./circuit_database/AZC/result_folder/2025-0521-214828
AZC,528701.0,109.186,0.00642635,-3.334407739882614,2025-0521-214913,"[1, 0, -1]","[1.84581689e-12 1.62474753e-12 9.22693003e-04 1.65800458e-06
 7.60205089e-04 9.37418331e-07 4.31972536e-04 1.53932082e-06
 3.20163579e-04 1.51207033e-06 9.00965297e-06 1.77492477e-06
 9.79189312e-04 5.47634658e-07 5.44615598e+03 7.15306152e+03
 5.60310235e-04 9.63358560e-07 4.40348170e-05 1.05265340e-06
 5.76989959e-04 1.29908217e-06 3.20128505e-04 9.46323144e-07
 1.55705090e-04 1.56500512e-06 2.55177091e-04 1.64356264e-06
 2.33233293e-04 1.82124504e-06]",./circuit_database/AZC/result_folder/2025-0521-214913
AZC,602913.0,104.561,0.00799597,-3.4878547618049485,2025-0521-214955,"[1, 0, -1]","[1.68451708e-12 1.69677430e-12 9.72091275e-04 1.69213901e-06
 7.02807067e-04 8.83925601e-07 4.75649517e-04 1.56941843e-06
 3.91039118e-04 1.49479319e-06 1.18670461e-05 1.45754959e-06
 9.17761222e-04 5.43392852e-07 4.28195477e+03 7.00398728e+03
 4.67156001e-04 9.20582380e-07 4.40348170e-05 1.06269538e-06
 6.09224040e-04 1.42068444e-06 3.30350861e-04 9.19056996e-07
 1.05454203e-04 1.58345623e-06 1.83023841e-04 1.63925364e-06
 2.83603971e-04 1.73566906e-06]",./circuit_database/AZC/result_folder/2025-0521-214955
AZC,531283.0,108.199,0.00709995,-3.3525357400176934,2025-0521-214955,"[1, 0, -1]","[1.75048601e-12 1.63831842e-12 8.68584008e-04 1.60019615e-06
 6.94466261e-04 9.93132549e-07 4.96620706e-04 1.56941843e-06
 3.38439904e-04 1.44404757e-06 9.00965297e-06 1.80600966e-06
 8.03725946e-04 5.14211005e-07 4.70500933e+03 3.32630678e+03
 4.13538173e-04 9.54313490e-07 4.57293832e-05 1.15390239e-06
 6.09224040e-04 1.41817720e-06 3.38162478e-04 9.17339614e-07
 1.05859685e-04 1.56500512e-06 2.60813349e-04 1.61640086e-06
 2.62827933e-04 1.66540823e-06]",./circuit_database/AZC/result_folder/2025-0521-214955
AZC,2147860.0,95.1599,0.018023,-4.194598008817563,2025-0521-215026,"[1, 0, -1]","[1.75640470e-12 1.69677430e-12 8.67854880e-04 1.86973109e-06
 6.53100269e-04 9.55604976e-07 2.23240753e-04 1.55564299e-06
 5.02655149e-04 1.61429927e-06 2.21198051e-05 5.31152235e-07
 9.17761222e-04 5.87388278e-07 6.38231514e+03 3.58891157e+03
 3.16038032e-04 8.58739353e-07 3.84745630e-05 9.48264294e-07
 6.11904400e-04 1.60916256e-06 3.33813220e-04 1.05545640e-06
 3.89364993e-05 1.78946016e-06 1.79207863e-04 1.59781217e-06
 2.83603971e-04 1.64506641e-06]",./circuit_database/AZC/result_folder/2025-0521-215026
AZC,1990640.0,101.011,0.00618468,-3.536242804395112,2025-0521-215528,"[0, -1, 1]","[1.92682751e-12 2.38992509e-12 3.99234825e-04 5.24854338e-07
 3.02456016e-04 1.81970626e-06 3.59910280e-04 1.27575977e-06
 2.53247412e-04 1.45599572e-06 6.24428365e-04 1.64080009e-06
 9.57526619e-04 1.47232013e-06 9.00568098e+03 1.68456933e+04
 9.40554899e-04 1.32417723e-06 7.30031555e-04 8.48205126e-07
 2.59641336e-04 1.03911992e-06 4.92067888e-04 1.74536956e-06
 2.84723407e-04 9.43214208e-07 2.70422725e-06 8.80246252e-07
 4.99321607e-04 1.26629171e-06]",./circuit_database/AZC/result_folder/2025-0521-215528
AZC,1207350.0,102.046,0.00321157,-3.690815191046797,2025-0521-215703,"[0, -1, 1]","[1.92682751e-12 2.43042119e-12 3.99234825e-04 5.24854338e-07
 3.02456016e-04 1.57167051e-06 2.95767854e-04 1.33625564e-06
 1.64133751e-04 1.45599572e-06 2.68654983e-04 1.66446227e-06
 9.57526619e-04 1.99820784e-06 9.00568098e+03 1.68456933e+04
 8.38365680e-04 1.74512021e-06 8.86650930e-04 8.48205126e-07
 2.59641336e-04 1.03911992e-06 4.92067888e-04 1.22148565e-06
 2.15697971e-04 9.43214208e-07 2.70422725e-06 1.49550451e-06
 4.99321607e-04 1.26629171e-06]",./circuit_database/AZC/result_folder/2025-0521-215703
AZC,605.357,72.1954,0.000430526,-3.509600931481921,2025-0521-220303,"[0, -1, 1]","[1.23636051e-12 1.60167702e-12 4.64997446e-05 1.02407638e-06
 8.43696326e-04 1.12930948e-06 9.92257865e-04 1.42614000e-06
 1.45963325e-05 1.85561356e-06 3.07347464e-04 1.55096888e-06
 2.36959217e-04 1.89703005e-06 1.10557627e+04 4.65495452e+03
 1.91099026e-04 1.96562957e-06 6.85043261e-04 1.21029680e-06
 7.29753220e-04 1.40238130e-06 4.63474437e-04 8.75005508e-07
 1.87768319e-04 7.40461469e-07 3.08136051e-04 7.35355466e-07
 1.13508844e-04 1.38784438e-06]",./circuit_database/AZC/result_folder/2025-0521-220303
AZC,750.442,74.0632,0.00045948,-3.4923844304446026,2025-0521-220315,"[0, -1, 1]","[1.18339925e-12 1.60167702e-12 4.64997446e-05 1.00734736e-06
 8.43696326e-04 1.12930948e-06 9.92257865e-04 1.63012090e-06
 5.25788451e-05 1.94341476e-06 1.60642358e-04 1.01452307e-06
 2.34189890e-04 1.89703005e-06 1.11031047e+04 4.57976299e+03
 2.09082258e-04 1.82822587e-06 5.26977454e-04 1.29638779e-06
 7.30086612e-04 1.40238130e-06 5.62747330e-04 8.75005508e-07
 1.58944021e-04 1.35351987e-06 3.08136051e-04 7.33911174e-07
 1.39804822e-04 1.38784438e-06]",./circuit_database/AZC/result_folder/2025-0521-220315
AZC,367.818,67.869,0.000269,-3.6869806638601896,2025-0521-220546,"[0, -1, 1]","[1.11500146e-12 7.94140606e-13 3.51787068e-05 1.10323247e-06
 8.22835993e-04 1.42552895e-06 6.60450651e-04 1.58010672e-06
 3.15093229e-05 1.96410961e-06 2.71201684e-04 1.90620292e-06
 1.45790986e-04 1.93942588e-06 1.04387186e+04 5.41143600e+03
 1.15386800e-04 1.81766639e-06 6.01681238e-04 1.26698282e-06
 5.54399819e-04 1.40320338e-06 4.82119678e-04 1.18785438e-06
 1.52297822e-04 6.43502698e-07 2.97807659e-04 7.00139800e-07
 9.39114109e-05 1.77985892e-06]",./circuit_database/AZC/result_folder/2025-0521-220546
AZC,391.754,68.4166,0.000269813,-3.689160341175443,2025-0521-220607,"[0, -1, 1]","[1.05367275e-12 8.30104334e-13 3.51787068e-05 1.10323247e-06
 7.74890110e-04 1.42552895e-06 6.17155255e-04 1.41660290e-06
 3.15093229e-05 1.87407163e-06 2.78334775e-04 1.90620292e-06
 1.46368339e-04 1.93942588e-06 1.03395428e+04 5.48839589e+03
 1.15386800e-04 1.81766639e-06 6.01920634e-04 1.26698282e-06
 5.54399819e-04 1.40300622e-06 3.96433628e-04 1.18785438e-06
 1.52297822e-04 7.70054901e-07 3.01627699e-04 8.58692043e-07
 1.02460916e-04 1.74142085e-06]",./circuit_database/AZC/result_folder/2025-0521-220607
AZC,479.208,70.167,0.000277896,-3.6873076471204906,2025-0521-220617,"[0, -1, 1]","[1.05367275e-12 1.17389379e-12 3.51787068e-05 1.11337225e-06
 7.41449772e-04 1.42552895e-06 6.56123091e-04 1.53053265e-06
 3.91175675e-05 1.68744094e-06 2.78334775e-04 1.76372982e-06
 1.46368339e-04 1.88123092e-06 1.03395428e+04 5.57040858e+03
 1.20107284e-04 1.81766639e-06 5.84816562e-04 1.26698282e-06
 5.42890301e-04 1.40300622e-06 4.60176585e-04 1.16008246e-06
 1.32360171e-04 7.70054901e-07 3.01627699e-04 8.58692043e-07
 1.02460916e-04 1.83019409e-06]",./circuit_database/AZC/result_folder/2025-0521-220617
AZC,416.871,68.9564,0.000272747,-3.6878754442308646,2025-0521-220628,"[0, -1, 1]","[1.00209408e-12 8.30104334e-13 3.51822190e-05 1.08268320e-06
 7.46131171e-04 1.40396578e-06 6.52109032e-04 1.41660290e-06
 3.72498441e-05 1.96485225e-06 3.22795314e-04 1.90592113e-06
 1.46368339e-04 1.93942588e-06 1.04028335e+04 5.48839589e+03
 1.18086941e-04 1.81766639e-06 6.01920634e-04 1.28615590e-06
 5.54211960e-04 1.44313542e-06 3.96433628e-04 1.22194105e-06
 1.37759562e-04 7.70054901e-07 3.06733188e-04 8.58692043e-07
 9.98007675e-05 1.78657094e-06]",./circuit_database/AZC/result_folder/2025-0521-220628
AZC,479.719,70.1761,0.000279331,-3.685131056910168,2025-0521-220628,"[0, -1, 1]","[9.49859867e-13 9.36859442e-13 3.32129711e-05 1.10323247e-06
 7.74890110e-04 1.39043052e-06 6.17155255e-04 1.52227156e-06
 3.15093229e-05 1.79399692e-06 2.78334775e-04 1.94454926e-06
 1.52963693e-04 1.96404245e-06 1.05409432e+04 5.58822064e+03
 1.18865666e-04 1.81312930e-06 6.01920634e-04 1.26698282e-06
 5.72186262e-04 1.40300622e-06 3.84111601e-04 1.18785438e-06
 1.55400099e-04 7.58448390e-07 3.05309444e-04 8.14530848e-07
 1.01009783e-04 1.73575114e-06]",./circuit_database/AZC/result_folder/2025-0521-220628
AZC,332.329,66.9878,0.000267099,-3.6843825776613253,2025-0521-220628,"[0, -1, 1]","[1.10437889e-12 8.77988750e-13 3.69886557e-05 1.10323247e-06
 7.48116494e-04 1.41589159e-06 6.49810899e-04 1.42075668e-06
 2.92139306e-05 1.95773935e-06 3.26306934e-04 1.91106932e-06
 1.44471490e-04 1.97176755e-06 1.05317194e+04 5.40393171e+03
 1.15386800e-04 1.80150077e-06 5.89426223e-04 1.26698282e-06
 5.54399819e-04 1.37792476e-06 3.78164100e-04 1.19610011e-06
 1.35580844e-04 7.69476821e-07 3.01627699e-04 9.21086492e-07
 9.97245123e-05 1.76818963e-06]",./circuit_database/AZC/result_folder/2025-0521-220628
AZC,407.928,68.7682,0.000270798,-3.6897989667701965,2025-0521-220639,"[0, -1, 1]","[9.63805905e-13 7.14118509e-13 3.33241429e-05 1.14567612e-06
 7.49055163e-04 1.38726025e-06 5.99276174e-04 1.45373637e-06
 3.15093229e-05 1.85977930e-06 3.10672305e-04 1.95628228e-06
 1.43251062e-04 1.93942588e-06 1.03395428e+04 5.36987209e+03
 1.17969705e-04 1.79604967e-06 5.87330125e-04 1.29093427e-06
 5.47696962e-04 1.40300622e-06 4.23959468e-04 1.18785438e-06
 1.51148542e-04 8.03032186e-07 2.95251213e-04 8.42487142e-07
 9.94791068e-05 1.77031696e-06]",./circuit_database/AZC/result_folder/2025-0521-220639
AZC,471.613,70.0281,0.000274648,-3.691556290717453,2025-0521-220639,"[0, -1, 1]","[1.04886035e-12 9.57731812e-13 3.42103718e-05 1.10323247e-06
 8.02666222e-04 1.44057450e-06 6.35417505e-04 1.39114615e-06
 3.15093229e-05 1.77150646e-06 3.29279374e-04 1.90620292e-06
 1.47511350e-04 1.93942588e-06 1.01892431e+04 5.59638564e+03
 1.18762027e-04 1.81766639e-06 6.01608304e-04 1.26581622e-06
 5.54399819e-04 1.45269683e-06 3.96433628e-04 1.12960350e-06
 1.52297822e-04 8.05002710e-07 3.08651014e-04 7.86061716e-07
 1.01415789e-04 1.74142085e-06]",./circuit_database/AZC/result_folder/2025-0521-220639
AZC,485.715,70.284,0.000279772,-3.6851129847698583,2025-0521-220650,"[0, -1, 1]","[1.04886035e-12 1.00782981e-12 3.16344564e-05 1.11895733e-06
 7.63200550e-04 1.40951087e-06 6.62808231e-04 1.52167650e-06
 2.76233913e-05 1.70213423e-06 2.94515830e-04 1.92010589e-06
 1.52108197e-04 1.97006711e-06 1.01687832e+04 5.53271569e+03
 1.18762027e-04 1.78352553e-06 6.03569112e-04 1.29613160e-06
 5.54399819e-04 1.46499276e-06 3.84209678e-04 1.12960350e-06
 1.62479580e-04 7.62928255e-07 3.02235062e-04 7.41519989e-07
 9.91034673e-05 1.74142085e-06]",./circuit_database/AZC/result_folder/2025-0521-220650
AZC,72331.3,113.738,0.0011116,C2P_Simulator,2025-0522-004125,['NSGA-II'],"[2.3930623e-12 1.8266872e-12 3.5083620e-05 1.3956738e-06 6.5036479e-04
 1.6338689e-06 4.3050613e-04 9.0532257e-07 9.2462637e-04 1.4046396e-06
 5.3825799e-05 1.3209171e-06 4.6225151e-04 1.1125841e-06 1.2736921e+04
 1.1221848e+04 3.6989001e-04 1.5910529e-06 9.0241211e-04 5.8851714e-07
 1.3844417e-04 1.3441389e-06 6.9798797e-04 9.1874244e-07 7.1593466e-05
 1.7672012e-06 6.0207793e-04 1.0332046e-06 5.3554488e-04 1.4025750e-06]",./circuit_database/AZC/result_folder/2025-0522-004125
AZC,82242.7,114.853,0.00112166,C2P_Simulator,2025-0522-004125,['NSGA-II'],"[2.3930623e-12 2.0140944e-12 3.5083620e-05 1.4351821e-06 6.5036479e-04
 1.6613346e-06 4.3050613e-04 9.0532257e-07 9.2462637e-04 1.4612548e-06
 5.3825799e-05 1.3209171e-06 4.6225151e-04 1.1125841e-06 1.2736921e+04
 1.1153500e+04 3.8107377e-04 1.5910529e-06 9.0241211e-04 5.8851714e-07
 1.8597757e-04 1.3441389e-06 6.4155419e-04 8.8652121e-07 6.7785266e-05
 1.8158064e-06 6.0207793e-04 1.0332046e-06 5.4205698e-04 1.4329029e-06]",./circuit_database/AZC/result_folder/2025-0522-004125
AZC,110827.0,117.254,0.00266371,C2P_Simulator,2025-0522-004125,['NSGA-II'],"[1.8580402e-12 1.0033943e-12 2.8156032e-04 1.8696720e-06 6.1552780e-04
 1.2014669e-06 6.6422450e-04 1.9379218e-06 9.0135269e-05 1.8385497e-06
 5.4825173e-06 1.2344307e-06 9.8370959e-04 8.8918421e-07 9.2963174e+03
 5.1167529e+03 8.2531432e-04 1.5891451e-06 1.1445373e-05 1.4132622e-06
 5.6166429e-04 8.1691849e-07 4.9857894e-04 6.6296849e-07 8.7144197e-04
 1.8982423e-06 8.0173009e-04 1.5637729e-06 8.7810266e-05 1.0814921e-06]",./circuit_database/AZC/result_folder/2025-0522-004125
AZC,123768.0,114.288,0.00190668,C2P_Simulator,2025-0522-004125,['NSGA-II'],"[2.5021779e-12 1.3796875e-12 8.9403999e-04 1.4615597e-06 7.5718865e-04
 7.1419049e-07 1.1533189e-04 1.9989366e-06 7.5407850e-05 1.6152021e-06
 8.0555192e-06 1.1601064e-06 6.2403030e-04 8.8272981e-07 5.8525220e+03
 5.7633613e+03 8.2668196e-04 7.0246421e-07 4.9396273e-05 1.2770371e-06
 5.1752903e-04 1.4810014e-06 4.5468495e-04 7.8764413e-07 4.5598976e-04
 1.6746932e-06 2.3931397e-04 1.6405834e-06 4.6675577e-05 1.4984467e-06]",./circuit_database/AZC/result_folder/2025-0522-004125
AZC,159257.0,116.375,0.00247095,C2P_Simulator,2025-0522-004125,['NSGA-II'],"[1.5484102e-12 2.9201945e-12 6.2541821e-04 1.6255996e-06 7.2989782e-04
 7.2092348e-07 2.5304846e-04 1.5607454e-06 3.8251808e-04 1.0688404e-06
 5.4825173e-06 1.6741901e-06 7.7375647e-04 9.4607304e-07 6.5834673e+03
 1.1553523e+04 4.3710860e-04 6.7581618e-07 4.9811220e-05 1.2770371e-06
 7.5996568e-04 1.5203468e-06 4.5468495e-04 7.8067990e-07 3.8917866e-04
 1.5538415e-06 2.1915007e-04 1.5623740e-06 1.5131010e-04 1.5483751e-06]",./circuit_database/AZC/result_folder/2025-0522-004125
AZC,105865.0,115.569,0.00138317,C2P_Simulator,2025-0522-004125,['NSGA-II'],"[9.7548738e-13 1.7948627e-12 9.3928305e-04 1.5535683e-06 7.8877731e-04
 5.7377650e-07 2.5304846e-04 1.9989366e-06 7.5407850e-05 9.9995736e-07
 6.6201469e-06 1.9789447e-06 4.8769981e-04 1.0778815e-06 1.2934760e+04
 1.6101074e+04 8.8686607e-04 5.2740450e-07 4.7032419e-05 1.2770371e-06
 7.1057997e-04 1.5839039e-06 4.5551179e-04 9.1794624e-07 3.8917866e-04
 1.6420435e-06 1.9069889e-04 1.6342500e-06 1.5131010e-04 1.8720730e-06]",./circuit_database/AZC/result_folder/2025-0522-004125
AZC,123116.0,115.851,0.00170029,C2P_Simulator,2025-0522-004125,['NSGA-II'],"[1.2970722e-12 1.7782440e-12 8.4459403e-04 9.0153446e-07 7.2989782e-04
 7.9087471e-07 8.5881138e-06 1.5889707e-06 7.5407850e-05 1.1203435e-06
 5.4825173e-06 1.9908216e-06 6.1970984e-04 8.5501250e-07 6.5803350e+03
 1.5183090e+04 4.3710860e-04 7.4444034e-07 5.1649244e-05 1.1786669e-06
 7.5996568e-04 1.5839039e-06 4.5468495e-04 7.8764413e-07 5.5504194e-04
 1.6420435e-06 3.1139597e-04 1.7244751e-06 1.5131010e-04 1.4146923e-06]",./circuit_database/AZC/result_folder/2025-0522-004125
AZC,127415.0,116.589,0.0021929,C2P_Simulator,2025-0522-004125,['NSGA-II'],"[9.7548738e-13 1.6260144e-12 6.2541821e-04 1.5535683e-06 7.1777171e-04
 7.9087471e-07 2.5304846e-04 1.9989366e-06 1.5789975e-04 8.0702716e-07
 5.1043216e-06 1.6741901e-06 7.3034811e-04 8.4154942e-07 6.5834673e+03
 5.7633613e+03 4.3710860e-04 8.2329262e-07 4.9508373e-05 1.2809039e-06
 6.9141400e-04 1.7071001e-06 4.5468495e-04 8.7253483e-07 5.9558713e-04
 1.6181461e-06 2.5879685e-04 1.6154671e-06 1.6091041e-04 1.2283166e-06]",./circuit_database/AZC/result_folder/2025-0522-004125
AZC,189675.0,117.684,0.00309991,C2P_Simulator,2025-0522-004125,['NSGA-II'],"[1.4008305e-12 1.6141960e-12 7.6763367e-04 1.7536222e-06 7.7962037e-04
 6.7340056e-07 3.0530471e-04 1.8947821e-06 1.0735061e-04 1.6112673e-06
 6.3533034e-06 1.6302530e-06 9.5506728e-04 8.0098022e-07 8.6548711e+03
 5.4388486e+03 7.8221405e-04 1.0513832e-06 4.7084872e-05 1.3521438e-06
 8.0416439e-04 1.5643657e-06 3.3885203e-04 5.2483023e-07 5.8038678e-04
 1.6550066e-06 2.3570552e-04 1.6342500e-06 4.1114434e-04 9.9336114e-07]",./circuit_database/AZC/result_folder/2025-0522-004125
AZC,207085.0,113.619,0.00333996,C2P_Simulator,2025-0522-004125,['NSGA-II'],"[1.6635530e-12 1.5334113e-12 9.3371415e-04 1.6049620e-06 7.1765605e-04
 8.2056999e-07 6.4713269e-05 1.7987804e-06 3.5090910e-04 1.1869157e-06
 5.0381241e-06 1.5258330e-06 7.3841028e-04 8.6532953e-07 8.0220967e+03
 4.7631323e+03 7.0570724e-04 1.0513832e-06 4.7688169e-05 1.3332840e-06
 6.0777663e-04 1.5643657e-06 3.6758874e-04 9.2347500e-07 1.9056197e-04
 1.5187923e-06 1.7353545e-04 1.5624230e-06 2.8847763e-04 1.6021165e-06]",./circuit_database/AZC/result_folder/2025-0522-004125
AZC,251942.0,110.798,0.00417483,C2P_Simulator,2025-0522-004125,['NSGA-II'],"[1.8724508e-12 1.6791408e-12 9.0684189e-04 1.5454069e-06 7.9350255e-04
 7.9314270e-07 3.6468179e-04 1.7987804e-06 2.7383477e-04 1.4713646e-06
 5.9563981e-06 1.6183047e-06 9.0013875e-04 8.3432235e-07 7.0455708e+03
 3.7006479e+03 3.4657429e-04 9.1088611e-07 4.8457008e-05 1.2279858e-06
 5.8721949e-04 1.6243874e-06 2.8464533e-04 9.4883910e-07 1.7390265e-04
 1.4491994e-06 1.7353545e-04 1.6601728e-06 2.8146827e-04 1.6899835e-06]",./circuit_database/AZC/result_folder/2025-0522-004125
AZC,267954.0,111.389,0.00462226,C2P_Simulator,2025-0522-004125,['NSGA-II'],"[1.9302949e-12 1.6364886e-12 9.0684189e-04 1.5526640e-06 7.8680727e-04
 6.9262205e-07 3.9632310e-04 1.9782353e-06 3.7035145e-04 1.6825072e-06
 6.3181660e-06 1.8070227e-06 8.7533070e-04 8.0098022e-07 7.1504561e+03
 5.4388486e+03 4.4850254e-04 1.0552106e-06 5.0985989e-05 1.2243735e-06
 7.5826846e-04 1.4976337e-06 3.4161465e-04 9.2347500e-07 1.9056197e-04
 1.4668293e-06 1.6729816e-04 1.6342500e-06 3.0098608e-04 1.6021165e-06]",./circuit_database/AZC/result_folder/2025-0522-004125
AZC,240442.0,113.221,0.00428334,C2P_Simulator,2025-0522-004125,['NSGA-II'],"[1.9302949e-12 1.4722426e-12 9.0684189e-04 1.5910897e-06 7.8680727e-04
 6.9262205e-07 3.4522873e-04 1.9455993e-06 3.0976627e-04 1.7424487e-06
 5.9051335e-06 1.8988848e-06 7.6492049e-04 8.0098022e-07 7.1504561e+03
 3.6177610e+03 5.3860660e-04 1.0242201e-06 4.9179347e-05 1.2463170e-06
 7.4762217e-04 1.4438269e-06 3.6101762e-04 8.8232963e-07 1.9056197e-04
 1.4972522e-06 1.9179092e-04 1.6618167e-06 2.9354004e-04 1.6714558e-06]",./circuit_database/AZC/result_folder/2025-0522-004125
AZC,251404.0,112.752,0.00415455,C2P_Simulator,2025-0522-004125,['NSGA-II'],"[2.1384574e-12 1.6364886e-12 9.3279860e-04 1.5951672e-06 7.9455489e-04
 7.2231103e-07 2.9071697e-04 1.9782353e-06 3.7035145e-04 1.8248491e-06
 6.3181660e-06 1.8940275e-06 8.5549080e-04 8.0098022e-07 6.9151514e+03
 5.4388486e+03 5.1050354e-04 1.0385236e-06 5.1391082e-05 1.3070693e-06
 7.4278138e-04 1.4976337e-06 3.3662398e-04 8.8225306e-07 2.1993033e-04
 1.4944665e-06 1.7318307e-04 1.6256905e-06 3.1353204e-04 1.7158372e-06]",./circuit_database/AZC/result_folder/2025-0522-004125
AZC,282474.0,111.825,0.0051751,C2P_Simulator,2025-0522-004125,['NSGA-II'],"[2.1103794e-12 1.6258711e-12 9.4826298e-04 1.4535242e-06 7.8513467e-04
 6.7974440e-07 3.5886082e-04 1.7484633e-06 4.5800445e-04 1.5795822e-06
 6.6247339e-06 1.8917464e-06 8.3888997e-04 6.4665664e-07 7.0103228e+03
 2.8160950e+03 4.4647770e-04 1.0355807e-06 4.8681944e-05 1.2776775e-06
 7.8945962e-04 1.4996856e-06 3.1122781e-04 8.3310567e-07 1.9031682e-04
 1.4320105e-06 2.0783722e-04 1.6634830e-06 2.8803750e-04 1.5602889e-06]",./circuit_database/AZC/result_folder/2025-0522-004125
AZC,236649.0,111.935,0.00403836,C2P_Simulator,2025-0522-004125,['NSGA-II'],"[2.1863544e-12 1.4671990e-12 8.8615227e-04 1.4229648e-06 7.5946900e-04
 6.9301825e-07 3.6856942e-04 1.8667309e-06 3.9802396e-04 1.6997175e-06
 5.6715089e-06 1.8431784e-06 8.3835371e-04 6.9330252e-07 6.9508784e+03
 6.6082104e+03 6.5658393e-04 1.0355807e-06 4.8389891e-05 1.2243735e-06
 6.3501368e-04 1.4474499e-06 2.8133305e-04 8.3718675e-07 2.1643304e-04
 1.4876892e-06 1.8989792e-04 1.6359389e-06 3.1657642e-04 1.7000523e-06]",./circuit_database/AZC/result_folder/2025-0522-004125
AZC,222494.0,113.963,0.00349163,C2P_Simulator,2025-0522-004125,['NSGA-II'],"[1.5776361e-12 1.6932572e-12 9.8039699e-04 1.4533834e-06 7.9418026e-04
 6.8662109e-07 1.9950827e-04 1.5968133e-06 4.3890820e-04 1.7880654e-06
 6.3181660e-06 1.9866679e-06 8.4748573e-04 8.3815502e-07 7.0008564e+03
 5.5082896e+03 4.4474058e-04 1.0355807e-06 4.9967162e-05 1.2179610e-06
 6.9701782e-04 1.5721351e-06 3.3680964e-04 8.9291950e-07 2.5153515e-04
 1.4624943e-06 1.9632911e-04 1.6792704e-06 3.0928283e-04 1.4432461e-06]",./circuit_database/AZC/result_folder/2025-0522-004125
AZC,330592.0,111.213,0.00484888,C2P_Simulator,2025-0522-004125,['NSGA-II'],"[1.6236470e-12 1.7886304e-12 9.8763080e-04 1.4357717e-06 8.4503886e-04
 8.7720417e-07 2.8373394e-04 1.8087939e-06 4.8277076e-04 1.7872736e-06
 6.3181660e-06 1.9324350e-06 8.6896471e-04 6.5469908e-07 7.0550039e+03
 9.1609082e+03 4.7034843e-04 1.0288634e-06 4.9694339e-05 1.1056158e-06
 6.6560548e-04 1.4529883e-06 3.1431715e-04 8.9724188e-07 1.6317971e-04
 1.4484256e-06 2.4904232e-04 1.6414383e-06 3.0453407e-04 1.8238886e-06]",./circuit_database/AZC/result_folder/2025-0522-004125
AZC,372856.0,110.495,0.00531815,C2P_Simulator,2025-0522-004125,['NSGA-II'],"[2.0354111e-12 1.8295476e-12 9.4326603e-04 1.4685058e-06 8.1867812e-04
 7.3744468e-07 3.2696457e-04 1.8389275e-06 4.8050276e-04 1.5395849e-06
 6.9641828e-06 1.6979543e-06 9.1306504e-04 6.5531219e-07 7.4611846e+03
 2.8884387e+03 5.0272688e-04 9.6592930e-07 5.6552861e-05 1.1416300e-06
 6.4477505e-04 1.5509884e-06 3.3242171e-04 9.9676242e-07 1.6723787e-04
 1.4623371e-06 2.2408371e-04 1.6428418e-06 3.4464966e-04 1.7144354e-06]",./circuit_database/AZC/result_folder/2025-0522-004125
AZC,566169.0,110.447,0.00812816,C2P_Simulator,2025-0522-004125,['NSGA-II'],"[1.8159588e-12 1.6339949e-12 8.8181475e-04 1.6783575e-06 6.2494428e-04
 9.0136996e-07 4.6100744e-05 1.7973365e-06 3.7910033e-04 1.4685597e-06
 5.6235108e-06 1.7258935e-06 9.2768774e-04 5.6200315e-07 6.0106357e+03
 5.5372310e+03 5.0949701e-04 1.0116883e-06 4.8547838e-05 1.1911231e-06
 6.3317642e-04 9.1760347e-07 3.6208826e-04 9.2966434e-07 1.3883501e-04
 1.4513054e-06 3.3011648e-04 1.6373273e-06 2.6551526e-04 1.6983748e-06]",./circuit_database/AZC/result_folder/2025-0522-004125
AZC,508749.0,108.781,0.00636599,C2P_Simulator,2025-0522-004125,['NSGA-II'],"[1.6932220e-12 1.5683851e-12 9.2269300e-04 1.5731338e-06 7.6020509e-04
 9.8581938e-07 4.3197253e-04 1.6004636e-06 3.6398202e-04 1.6399330e-06
 9.0096528e-06 1.7251436e-06 9.3476952e-04 5.4763467e-07 4.7817368e+03
 5.5372310e+03 5.6031026e-04 9.6335862e-07 4.4034816e-05 1.0331064e-06
 6.1172346e-04 1.3924803e-06 3.3645722e-04 9.2966434e-07 1.3883501e-04
 1.4513054e-06 2.4355169e-04 1.6435627e-06 2.2174630e-04 1.8475672e-06]",./circuit_database/AZC/result_folder/2025-0522-004125
AZC,528701.0,109.186,0.00642635,C2P_Simulator,2025-0522-004125,['NSGA-II'],"[1.8458169e-12 1.6247475e-12 9.2269300e-04 1.6580046e-06 7.6020509e-04
 9.3741835e-07 4.3197253e-04 1.5393208e-06 3.2016358e-04 1.5120703e-06
 9.0096528e-06 1.7749247e-06 9.7918930e-04 5.4763467e-07 5.4461558e+03
 7.1530615e+03 5.6031026e-04 9.6335862e-07 4.4034816e-05 1.0526534e-06
 5.7698996e-04 1.2990822e-06 3.2012851e-04 9.4632315e-07 1.5570509e-04
 1.5650052e-06 2.5517709e-04 1.6435627e-06 2.3323330e-04 1.8212451e-06]",./circuit_database/AZC/result_folder/2025-0522-004125
AZC,602913.0,104.561,0.00799597,C2P_Simulator,2025-0522-004125,['NSGA-II'],"[1.6845171e-12 1.6967743e-12 9.7209128e-04 1.6921390e-06 7.0280704e-04
 8.8392562e-07 4.7564952e-04 1.5694185e-06 3.9103912e-04 1.4947932e-06
 1.1867046e-05 1.4575496e-06 9.1776124e-04 5.4339284e-07 4.2819546e+03
 7.0039873e+03 4.6715600e-04 9.2058235e-07 4.4034816e-05 1.0626953e-06
 6.0922402e-04 1.4206844e-06 3.3035086e-04 9.1905702e-07 1.0545420e-04
 1.5834562e-06 1.8302385e-04 1.6392537e-06 2.8360396e-04 1.7356691e-06]",./circuit_database/AZC/result_folder/2025-0522-004125
AZC,531283.0,108.199,0.00709995,C2P_Simulator,2025-0522-004125,['NSGA-II'],"[1.7504860e-12 1.6383184e-12 8.6858403e-04 1.6001961e-06 6.9446629e-04
 9.9313252e-07 4.9662072e-04 1.5694185e-06 3.3843992e-04 1.4440476e-06
 9.0096528e-06 1.8060097e-06 8.0372597e-04 5.1421102e-07 4.7050093e+03
 3.3263069e+03 4.1353816e-04 9.5431346e-07 4.5729383e-05 1.1539024e-06
 6.0922402e-04 1.4181772e-06 3.3816247e-04 9.1733961e-07 1.0585968e-04
 1.5650052e-06 2.6081334e-04 1.6164008e-06 2.6282793e-04 1.6654083e-06]",./circuit_database/AZC/result_folder/2025-0522-004125
AZC,2147860.0,95.1599,0.018023,C2P_Simulator,2025-0522-004125,['NSGA-II'],"[1.7564047e-12 1.6967743e-12 8.6785486e-04 1.8697311e-06 6.5310026e-04
 9.5560495e-07 2.2324076e-04 1.5556429e-06 5.0265517e-04 1.6142993e-06
 2.2119804e-05 5.3115224e-07 9.1776124e-04 5.8738829e-07 6.3823149e+03
 3.5889116e+03 3.1603803e-04 8.5873933e-07 3.8474562e-05 9.4826430e-07
 6.1190443e-04 1.6091626e-06 3.3381322e-04 1.0554564e-06 3.8936498e-05
 1.7894602e-06 1.7920787e-04 1.5978121e-06 2.8360396e-04 1.6450664e-06]",./circuit_database/AZC/result_folder/2025-0522-004125
AZC,1990640.0,101.011,0.00618468,C2P_Simulator,2025-0522-004125,['NSGA-II'],"[1.9268274e-12 2.3899251e-12 3.9923482e-04 5.2485433e-07 3.0245603e-04
 1.8197063e-06 3.5991028e-04 1.2757598e-06 2.5324742e-04 1.4559957e-06
 6.2442839e-04 1.6408001e-06 9.5752662e-04 1.4723202e-06 9.0056807e+03
 1.6845693e+04 9.4055489e-04 1.3241772e-06 7.3003158e-04 8.4820510e-07
 2.5964133e-04 1.0391199e-06 4.9206789e-04 1.7453696e-06 2.8472341e-04
 9.4321422e-07 2.7042272e-06 8.8024626e-07 4.9932161e-04 1.2662917e-06]",./circuit_database/AZC/result_folder/2025-0522-004125
AZC,1207350.0,102.046,0.00321157,C2P_Simulator,2025-0522-004125,['NSGA-II'],"[1.9268274e-12 2.4304211e-12 3.9923482e-04 5.2485433e-07 3.0245603e-04
 1.5716705e-06 2.9576785e-04 1.3362557e-06 1.6413374e-04 1.4559957e-06
 2.6865499e-04 1.6644623e-06 9.5752662e-04 1.9982078e-06 9.0056807e+03
 1.6845693e+04 8.3836570e-04 1.7451202e-06 8.8665093e-04 8.4820510e-07
 2.5964133e-04 1.0391199e-06 4.9206789e-04 1.2214856e-06 2.1569798e-04
 9.4321422e-07 2.7042272e-06 1.4955045e-06 4.9932161e-04 1.2662917e-06]",./circuit_database/AZC/result_folder/2025-0522-004125
AZC,605.357,72.1954,0.000430526,C2P_Simulator,2025-0522-004125,['NSGA-II'],"[1.23636051e-12 1.60167702e-12 4.64997429e-05 1.02407637e-06
 8.43696354e-04 1.12930945e-06 9.92257847e-04 1.42613999e-06
 1.45963322e-05 1.85561350e-06 3.07347451e-04 1.55096893e-06
 2.36959211e-04 1.89703007e-06 1.10557627e+04 4.65495459e+03
 1.91099025e-04 1.96562951e-06 6.85043284e-04 1.21029677e-06
 7.29753228e-04 1.40238126e-06 4.63474425e-04 8.75005526e-07
 1.87768324e-04 7.40461473e-07 3.08136048e-04 7.35355457e-07
 1.13508846e-04 1.38784435e-06]",./circuit_database/AZC/result_folder/2025-0522-004125
AZC,750.442,74.0632,0.00045948,C2P_Simulator,2025-0522-004125,['NSGA-II'],"[1.18339930e-12 1.60167702e-12 4.64997429e-05 1.00734735e-06
 8.43696354e-04 1.12930945e-06 9.92257847e-04 1.63012089e-06
 5.25788455e-05 1.94341487e-06 1.60642361e-04 1.01452304e-06
 2.34189894e-04 1.89703007e-06 1.11031045e+04 4.57976318e+03
 2.09082253e-04 1.82822589e-06 5.26977470e-04 1.29638784e-06
 7.30086584e-04 1.40238126e-06 5.62747358e-04 8.75005526e-07
 1.58944022e-04 1.35351991e-06 3.08136048e-04 7.33911179e-07
 1.39804819e-04 1.38784435e-06]",./circuit_database/AZC/result_folder/2025-0522-004125
AZC,367.818,67.869,0.000269,C2P_Simulator,2025-0522-004125,['NSGA-II'],"[1.1150014e-12 7.9414063e-13 3.5178706e-05 1.1032324e-06 8.2283601e-04
 1.4255289e-06 6.6045066e-04 1.5801068e-06 3.1509324e-05 1.9641095e-06
 2.7120169e-04 1.9062029e-06 1.4579098e-04 1.9394258e-06 1.0438719e+04
 5.4114360e+03 1.1538680e-04 1.8176664e-06 6.0168124e-04 1.2669828e-06
 5.5439980e-04 1.4032033e-06 4.8211968e-04 1.1878544e-06 1.5229783e-04
 6.4350269e-07 2.9780765e-04 7.0013982e-07 9.3911411e-05 1.7798590e-06]",./circuit_database/AZC/result_folder/2025-0522-004125
AZC,391.754,68.4166,0.000269813,C2P_Simulator,2025-0522-004125,['NSGA-II'],"[1.05367277e-12 8.30104323e-13 3.51787057e-05 1.10323242e-06
 7.74890126e-04 1.42552892e-06 6.17155281e-04 1.41660291e-06
 3.15093239e-05 1.87407159e-06 2.78334774e-04 1.90620290e-06
 1.46368344e-04 1.93942583e-06 1.03395430e+04 5.48839600e+03
 1.15386800e-04 1.81766643e-06 6.01920648e-04 1.26698285e-06
 5.54399798e-04 1.40300619e-06 3.96433636e-04 1.18785442e-06
 1.52297827e-04 7.70054896e-07 3.01627704e-04 8.58692033e-07
 1.02460916e-04 1.74142087e-06]",./circuit_database/AZC/result_folder/2025-0522-004125
AZC,479.208,70.167,0.000277896,C2P_Simulator,2025-0522-004125,['NSGA-II'],"[1.05367277e-12 1.17389377e-12 3.51787057e-05 1.11337226e-06
 7.41449767e-04 1.42552892e-06 6.56123098e-04 1.53053270e-06
 3.91175672e-05 1.68744089e-06 2.78334774e-04 1.76372987e-06
 1.46368344e-04 1.88123090e-06 1.03395430e+04 5.57040869e+03
 1.20107281e-04 1.81766643e-06 5.84816560e-04 1.26698285e-06
 5.42890280e-04 1.40300619e-06 4.60176583e-04 1.16008243e-06
 1.32360175e-04 7.70054896e-07 3.01627704e-04 8.58692033e-07
 1.02460916e-04 1.83019404e-06]",./circuit_database/AZC/result_folder/2025-0522-004125
AZC,416.871,68.9564,0.000272747,C2P_Simulator,2025-0522-004125,['NSGA-II'],"[1.00209413e-12 8.30104323e-13 3.51822200e-05 1.08268318e-06
 7.46131176e-04 1.40396583e-06 6.52109040e-04 1.41660291e-06
 3.72498434e-05 1.96485234e-06 3.22795328e-04 1.90592118e-06
 1.46368344e-04 1.93942583e-06 1.04028340e+04 5.48839600e+03
 1.18086944e-04 1.81766643e-06 6.01920648e-04 1.28615591e-06
 5.54211962e-04 1.44313537e-06 3.96433636e-04 1.22194103e-06
 1.37759562e-04 7.70054896e-07 3.06733185e-04 8.58692033e-07
 9.98007672e-05 1.78657092e-06]",./circuit_database/AZC/result_folder/2025-0522-004125
AZC,479.719,70.1761,0.000279331,C2P_Simulator,2025-0522-004125,['NSGA-II'],"[9.49859874e-13 9.36859423e-13 3.32129712e-05 1.10323242e-06
 7.74890126e-04 1.39043050e-06 6.17155281e-04 1.52227153e-06
 3.15093239e-05 1.79399694e-06 2.78334774e-04 1.94454924e-06
 1.52963694e-04 1.96404244e-06 1.05409434e+04 5.58822070e+03
 1.18865668e-04 1.81312930e-06 6.01920648e-04 1.26698285e-06
 5.72186254e-04 1.40300619e-06 3.84111598e-04 1.18785442e-06
 1.55400092e-04 7.58448380e-07 3.05309455e-04 8.14530836e-07
 1.01009784e-04 1.73575108e-06]",./circuit_database/AZC/result_folder/2025-0522-004125
AZC,332.329,66.9878,0.000267099,C2P_Simulator,2025-0522-004125,['NSGA-II'],"[1.1043788e-12 8.7798876e-13 3.6988655e-05 1.1032324e-06 7.4811652e-04
 1.4158916e-06 6.4981089e-04 1.4207567e-06 2.9213930e-05 1.9577394e-06
 3.2630694e-04 1.9110694e-06 1.4447149e-04 1.9717675e-06 1.0531720e+04
 5.4039316e+03 1.1538680e-04 1.8015007e-06 5.8942620e-04 1.2669828e-06
 5.5439980e-04 1.3779247e-06 3.7816411e-04 1.1961001e-06 1.3558085e-04
 7.6947680e-07 3.0162770e-04 9.2108650e-07 9.9724515e-05 1.7681896e-06]",./circuit_database/AZC/result_folder/2025-0522-004125
AZC,407.928,68.7682,0.000270798,C2P_Simulator,2025-0522-004125,['NSGA-II'],"[9.6380586e-13 7.1411849e-13 3.3324144e-05 1.1456762e-06 7.4905518e-04
 1.3872602e-06 5.9927616e-04 1.4537363e-06 3.1509324e-05 1.8597793e-06
 3.1067230e-04 1.9562822e-06 1.4325106e-04 1.9394258e-06 1.0339543e+04
 5.3698721e+03 1.1796971e-04 1.7960497e-06 5.8733014e-04 1.2909343e-06
 5.4769695e-04 1.4030062e-06 4.2395946e-04 1.1878544e-06 1.5114855e-04
 8.0303221e-07 2.9525120e-04 8.4248717e-07 9.9479104e-05 1.7703170e-06]",./circuit_database/AZC/result_folder/2025-0522-004125
AZC,471.613,70.0281,0.000274648,C2P_Simulator,2025-0522-004125,['NSGA-II'],"[1.0488603e-12 9.5773183e-13 3.4210370e-05 1.1032324e-06 8.0266624e-04
 1.4405745e-06 6.3541753e-04 1.3911462e-06 3.1509324e-05 1.7715065e-06
 3.2927937e-04 1.9062029e-06 1.4751135e-04 1.9394258e-06 1.0189243e+04
 5.5963857e+03 1.1876203e-04 1.8176664e-06 6.0160831e-04 1.2658162e-06
 5.5439980e-04 1.4526968e-06 3.9643364e-04 1.1296034e-06 1.5229783e-04
 8.0500268e-07 3.0865101e-04 7.8606172e-07 1.0141579e-04 1.7414209e-06]",./circuit_database/AZC/result_folder/2025-0522-004125
AZC,485.715,70.284,0.000279772,C2P_Simulator,2025-0522-004125,['NSGA-II'],"[1.0488603e-12 1.0078298e-12 3.1634456e-05 1.1189574e-06 7.6320057e-04
 1.4095109e-06 6.6280825e-04 1.5216765e-06 2.7623391e-05 1.7021342e-06
 2.9451583e-04 1.9201059e-06 1.5210820e-04 1.9700672e-06 1.0168783e+04
 5.5327158e+03 1.1876203e-04 1.7835255e-06 6.0356909e-04 1.2961316e-06
 5.5439980e-04 1.4649928e-06 3.8420968e-04 1.1296034e-06 1.6247958e-04
 7.6292827e-07 3.0223507e-04 7.4152001e-07 9.9103469e-05 1.7414209e-06]",./circuit_database/AZC/result_folder/2025-0522-004125
AZC,1259920.0,100.442,0.00373292,C2P_Simulator,2025-0522-004220,['NSGA-II'],"[1.9329237e-12 2.4422918e-12 3.9923482e-04 5.2485433e-07 3.0245603e-04
 1.6085867e-06 2.9576785e-04 1.4784124e-06 1.6413374e-04 1.4559957e-06
 2.5443369e-04 5.4140384e-07 9.5752662e-04 1.9982078e-06 9.0056807e+03
 1.6845693e+04 8.3836570e-04 1.7451202e-06 8.8665093e-04 9.4715409e-07
 2.5964133e-04 1.0391199e-06 4.9206789e-04 1.2214856e-06 2.7752758e-04
 9.4321422e-07 2.7042272e-06 1.4955720e-06 4.9988000e-04 1.2662917e-06]",./circuit_database/AZC/result_folder/2025-0522-004220
AZC,126709.0,116.549,0.00219039,C2P_Simulator,2025-0522-004220,['NSGA-II'],"[9.7548738e-13 1.6260144e-12 6.2541821e-04 1.5535683e-06 7.1777171e-04
 7.9087471e-07 2.3188577e-04 1.9989366e-06 1.5789975e-04 8.0702716e-07
 5.1043216e-06 1.6741901e-06 7.3034811e-04 8.4154942e-07 6.5834673e+03
 5.7633613e+03 4.3710860e-04 8.2329262e-07 4.9508373e-05 1.2809039e-06
 6.9141400e-04 1.7071001e-06 4.5468495e-04 8.7253483e-07 5.9558713e-04
 1.6181461e-06 2.5879685e-04 1.6154671e-06 1.6091041e-04 1.2283166e-06]",./circuit_database/AZC/result_folder/2025-0522-004220
AZC,279067.0,111.774,0.00515183,C2P_Simulator,2025-0522-004220,['NSGA-II'],"[2.1103794e-12 1.6258711e-12 9.4826298e-04 1.4535242e-06 7.8513467e-04
 6.7974440e-07 3.5886082e-04 1.7484633e-06 4.5800445e-04 1.5795822e-06
 6.6247339e-06 1.8917464e-06 8.3888997e-04 6.4665664e-07 7.0103228e+03
 2.8160950e+03 4.4647770e-04 1.0355807e-06 4.8681944e-05 1.2776775e-06
 7.8317022e-04 1.4996856e-06 3.1122781e-04 8.3310567e-07 1.9031682e-04
 1.4320105e-06 2.0783722e-04 1.6634830e-06 2.8803750e-04 1.5602889e-06]",./circuit_database/AZC/result_folder/2025-0522-004220
AZC,113608.0,115.09,0.00159706,C2P_Simulator,2025-0522-004220,['NSGA-II'],"[1.7909180e-12 1.4671990e-12 8.8615227e-04 1.4229648e-06 7.2932360e-04
 6.1334174e-07 3.5836603e-04 1.8667309e-06 5.4631714e-04 1.0500808e-06
 5.1044426e-06 1.8647665e-06 4.4569783e-04 6.9881429e-07 6.9508784e+03
 1.0169799e+04 6.4671371e-04 7.4164006e-07 4.3632783e-05 1.2243735e-06
 2.8563451e-04 1.4301083e-06 2.8560901e-04 9.2018985e-07 2.1643304e-04
 1.7176828e-06 2.1529094e-04 1.6359389e-06 3.1657642e-04 1.7000523e-06]",./circuit_database/AZC/result_folder/2025-0522-004220
AZC,397.498,68.543,0.000269833,C2P_Simulator,2025-0522-004313,['NSGA-II'],"[1.0014731e-12 8.3010432e-13 3.5182191e-05 1.0839356e-06 7.7489013e-04
 1.4240509e-06 6.5316813e-04 1.4166029e-06 3.1509324e-05 1.8740716e-06
 2.7833477e-04 1.9062014e-06 1.4636834e-04 1.9394258e-06 1.0339543e+04
 5.4883960e+03 1.1538680e-04 1.8176664e-06 6.0192065e-04 1.2669828e-06
 5.5439980e-04 1.4030062e-06 3.9643364e-04 1.1878544e-06 1.3842250e-04
 7.7005490e-07 3.0656412e-04 8.5869203e-07 9.9763092e-05 1.7863501e-06]",./circuit_database/AZC/result_folder/2025-0522-004313
AZC,45071.1,109.536,0.000538506,C2P_Simulator,2025-0522-004313,['NSGA-II'],"[8.0052902e-13 1.6153292e-12 9.1880717e-04 9.1452176e-07 7.0010137e-04
 1.4317883e-06 5.1102374e-04 1.5032425e-06 3.6404003e-06 9.9995736e-07
 6.5852118e-06 1.9711297e-06 1.5083418e-04 8.4154942e-07 1.1148937e+04
 1.0817226e+04 4.3710860e-04 1.9075576e-06 4.5407502e-05 1.1102898e-06
 7.0765469e-04 1.5727310e-06 5.4280926e-04 7.8386017e-07 1.8463479e-04
 6.6980743e-07 1.9104537e-04 1.8772217e-06 1.0508773e-04 8.7620049e-07]",./circuit_database/AZC/result_folder/2025-0522-004313
AZC,95514.1,115.704,0.00115675,C2P_Simulator,2025-0522-004406,['NSGA-II'],"[1.7870361e-12 1.7948627e-12 4.0849834e-04 1.5502054e-06 7.2989782e-04
 6.6905994e-07 2.5065779e-04 1.5613990e-06 5.1269011e-04 1.0329635e-06
 5.1134757e-06 1.7917502e-06 4.5579768e-04 1.4704556e-06 1.1146838e+04
 1.0337752e+04 4.4152097e-04 1.8875115e-06 4.3192969e-05 1.1168244e-06
 2.7896863e-04 1.4183843e-06 4.5468495e-04 7.9157826e-07 1.6936038e-04
 1.7063006e-06 2.1642052e-04 1.6342500e-06 2.6408210e-04 1.5483751e-06]",./circuit_database/AZC/result_folder/2025-0522-004406
AZC,72331.9,113.738,0.0011116,C2P_Simulator,2025-0522-004406,['NSGA-II'],"[2.3930623e-12 1.9962680e-12 3.5083620e-05 1.3956738e-06 6.5036479e-04
 1.6338689e-06 4.3050613e-04 9.0532257e-07 9.2462637e-04 1.4046396e-06
 5.3825799e-05 1.3209171e-06 4.6225151e-04 1.1125841e-06 1.2736921e+04
 1.1221848e+04 3.6989001e-04 1.5910529e-06 9.0241211e-04 5.8851714e-07
 1.3844417e-04 1.3441389e-06 6.9798797e-04 9.1874244e-07 7.1593466e-05
 1.7672012e-06 6.0207793e-04 1.0332046e-06 5.3554488e-04 1.4025750e-06]",./circuit_database/AZC/result_folder/2025-0522-004406
AZC,312.791,66.4616,0.000266086,C2P_Simulator,2025-0522-004406,['NSGA-II'],"[1.1043788e-12 9.5440821e-13 3.6988655e-05 1.1032324e-06 7.4741221e-04
 1.4158916e-06 6.3686189e-04 1.4207567e-06 2.9213930e-05 1.9631636e-06
 3.2630019e-04 1.9112597e-06 1.4454381e-04 1.9701254e-06 1.0531720e+04
 5.4039316e+03 1.1533463e-04 1.8181846e-06 5.8942620e-04 1.2669828e-06
 5.5439980e-04 1.3779247e-06 3.7816411e-04 1.1967406e-06 1.5272027e-04
 7.6913597e-07 3.0900101e-04 9.2108650e-07 9.9724515e-05 1.7373651e-06]",./circuit_database/AZC/result_folder/2025-0522-004406
AZC,165.941,60.933,0.000264786,C2P_Simulator,2025-0522-004406,['NSGA-II'],"[2.50462802e-12 8.90947852e-13 8.25223688e-04 1.10147846e-06
 7.19081203e-04 1.43221246e-06 5.02927345e-04 9.37502932e-07
 9.41065256e-04 1.42346107e-06 3.04168381e-04 1.91106938e-06
 9.76533847e-05 1.11822180e-06 1.05317197e+04 5.57036816e+03
 1.15386800e-04 1.80192728e-06 9.22363659e-04 1.18887590e-06
 5.45478368e-04 1.37473398e-06 6.57263910e-04 1.18674473e-06
 1.31950655e-04 1.82334077e-06 1.32675050e-04 1.03695481e-06
 1.04731604e-04 1.89044806e-06]",./circuit_database/AZC/result_folder/2025-0522-004406
AZC,2356.98,83.9831,0.000528806,C2P_Simulator,2025-0522-004505,['NSGA-II'],"[9.7917041e-13 1.6153292e-12 9.4178645e-04 9.5588348e-07 6.9941505e-04
 1.4437902e-06 2.2958519e-04 1.5032425e-06 7.9211401e-05 9.9995736e-07
 6.5852118e-06 1.8822461e-06 1.5083418e-04 8.9935963e-07 1.0482425e+04
 1.0674428e+04 4.3710860e-04 1.9075576e-06 4.7027785e-05 1.1102898e-06
 3.3720242e-04 1.2294854e-06 5.4280926e-04 7.8640045e-07 3.9736831e-04
 6.6980743e-07 1.7347395e-04 1.8801618e-06 1.5128408e-04 1.8386872e-06]",./circuit_database/AZC/result_folder/2025-0522-004505
NGCC,17021100.0,140.8,0.000793225,-10.331591229859049,2025-0521-175812,"[1, 1, 1]","[5.28756217e-04 7.43458820e-07 1.54250727e-06 9.63229934e-07
 5.88211674e-04 6.99431812e-07 3.29931856e-04 1.35512689e-06
 4.84417053e-05 8.17512988e-07 6.70023224e-05 1.72767390e-06
 5.31303022e-04 1.55926406e-06 7.08026636e-04 6.06235836e-07
 9.39028246e-05 5.45000030e-07 2.33544990e-04 7.93020491e-07
 2.94157744e-04 1.33963409e-06 1.46799470e-04 1.77956338e-06
 3.70016639e-04 1.61530155e-06 8.36544484e-04 1.49903720e-06
 9.53284234e-13 2.17788640e-12]",./circuit_database/NGCC/result_folder/2025-0521-175812
NGCC,17025100.0,140.585,0.000796681,-10.3298052116748,2025-0521-175812,"[1, 1, 1]","[5.20711160e-04 7.40191369e-07 1.54250727e-06 9.63440953e-07
 5.81812535e-04 6.82255002e-07 3.38794305e-04 1.34012645e-06
 4.94537087e-05 8.24534939e-07 6.69007277e-05 1.72630037e-06
 5.40881060e-04 1.48009888e-06 7.00586498e-04 6.30835311e-07
 9.98166799e-05 5.45000030e-07 2.76632216e-04 7.50729826e-07
 3.19736530e-04 1.35158608e-06 1.26777677e-04 1.77323398e-06
 3.52119844e-04 1.61393816e-06 8.45759423e-04 1.48887203e-06
 9.53284234e-13 2.17788640e-12]",./circuit_database/NGCC/result_folder/2025-0521-175812
NGCC,16992700.0,140.437,0.000786798,-10.334399142871689,2025-0521-175831,"[1, 1, 1]","[5.08188381e-04 7.14606813e-07 9.73327672e-06 9.63440953e-07
 5.92620092e-04 6.85569268e-07 3.26045323e-04 1.33816064e-06
 4.84417053e-05 8.15870163e-07 6.68479659e-05 1.74513524e-06
 5.30649332e-04 1.51238331e-06 6.97911629e-04 6.26325961e-07
 9.01917538e-05 5.40599290e-07 2.43837140e-04 7.70776469e-07
 3.09000381e-04 1.31603968e-06 1.63572505e-04 1.77847683e-06
 3.60097504e-04 1.60339665e-06 8.55004861e-04 1.50845953e-06
 9.53284234e-13 2.16055245e-12]",./circuit_database/NGCC/result_folder/2025-0521-175831
NGCC,17494400.0,140.537,0.000794131,-10.343006902574837,2025-0521-175851,"[1, 1, 1]","[5.17366258e-04 7.33811070e-07 1.54250727e-06 9.66481559e-07
 5.81075821e-04 6.91506620e-07 3.29042706e-04 1.29743369e-06
 4.86817146e-05 8.37418273e-07 6.67338334e-05 1.71584014e-06
 5.17989972e-04 1.46188416e-06 7.09287438e-04 6.83682942e-07
 9.26594209e-05 5.41240159e-07 2.58868382e-04 7.38802756e-07
 3.03081401e-04 1.34726559e-06 1.66181764e-04 1.76719325e-06
 3.71731611e-04 1.61537246e-06 8.52189203e-04 1.48887203e-06
 9.36068694e-13 2.12241642e-12]",./circuit_database/NGCC/result_folder/2025-0521-175851
NGCC,16671900.0,140.591,0.000785516,-10.326830061164895,2025-0521-175910,"[1, 1, 1]","[5.11437783e-04 7.33811070e-07 7.45564465e-07 9.54535909e-07
 5.81075821e-04 6.99948044e-07 3.13419743e-04 1.29684773e-06
 4.86817146e-05 8.37937617e-07 6.41165191e-05 1.73165663e-06
 5.33204416e-04 1.43888711e-06 7.02525171e-04 6.66550033e-07
 9.12891511e-05 5.46918527e-07 2.56629914e-04 7.29091992e-07
 3.18707762e-04 1.34400375e-06 1.62059654e-04 1.77196065e-06
 3.74266448e-04 1.62421853e-06 8.61642565e-04 1.48887203e-06
 9.53284234e-13 2.12692456e-12]",./circuit_database/NGCC/result_folder/2025-0521-175910
NGCC,16733000.0,140.418,0.000769571,-10.337325117380017,2025-0521-175910,"[1, 1, 1]","[5.05939844e-04 7.33811070e-07 1.54250727e-06 9.47535473e-07
 5.74147508e-04 6.74145001e-07 3.13253410e-04 1.29929554e-06
 4.83192755e-05 8.17749821e-07 6.45224073e-05 1.73905591e-06
 5.40825056e-04 1.41137146e-06 7.04614127e-04 6.83682942e-07
 8.99292952e-05 5.45091585e-07 2.56629914e-04 7.62974708e-07
 2.75036176e-04 1.34556000e-06 1.66739436e-04 1.76654947e-06
 3.60238126e-04 1.61361084e-06 8.63272234e-04 1.52234508e-06
 9.53284234e-13 2.12313603e-12]",./circuit_database/NGCC/result_folder/2025-0521-175910
NGCC,17802600.0,140.357,0.000779936,-10.35842446713955,2025-0521-175948,"[1, 1, 1]","[5.10250927e-04 7.21754669e-07 5.75042406e-06 9.52940271e-07
 5.80962564e-04 6.73613208e-07 3.20170688e-04 1.30488480e-06
 4.99789781e-05 8.48532157e-07 6.87124497e-05 1.72629373e-06
 5.29879421e-04 1.44373813e-06 6.99920183e-04 6.77216349e-07
 8.95601893e-05 5.45023987e-07 2.42499262e-04 7.56363401e-07
 3.05379763e-04 1.33963409e-06 1.65438748e-04 1.77488161e-06
 3.65197815e-04 1.61752933e-06 8.53003218e-04 1.51292325e-06
 9.50279921e-13 2.12351513e-12]",./circuit_database/NGCC/result_folder/2025-0521-175948
NGCC,17758600.0,140.308,0.000757089,-10.370261788947886,2025-0521-175948,"[1, 1, 1]","[5.10965028e-04 7.24675604e-07 1.19740483e-06 9.53051589e-07
 5.65552503e-04 6.68933070e-07 3.16613199e-04 1.29522397e-06
 4.88806114e-05 8.32873608e-07 6.85918459e-05 1.72629373e-06
 5.37422938e-04 1.44373813e-06 7.04728512e-04 6.85616188e-07
 8.84717221e-05 5.43721794e-07 2.53021926e-04 7.58102325e-07
 3.05603269e-04 1.34041817e-06 1.66307552e-04 1.77600542e-06
 3.53823692e-04 1.62174842e-06 8.57733444e-04 1.48024168e-06
 9.55228621e-13 2.12258060e-12]",./circuit_database/NGCC/result_folder/2025-0521-175948
NGCC,17264200.0,140.431,0.000789066,-10.340033128018703,2025-0521-175948,"[1, 1, 1]","[5.05198741e-04 7.52442198e-07 1.38994858e-05 9.53051589e-07
 5.66157524e-04 6.61041058e-07 3.14404475e-04 1.30151491e-06
 4.91051720e-05 8.26568811e-07 6.64921278e-05 1.72629373e-06
 5.33359076e-04 1.45233947e-06 7.05687304e-04 6.71081534e-07
 9.05140290e-05 5.48222920e-07 2.46861011e-04 7.59581510e-07
 3.24474730e-04 1.34191781e-06 1.70301695e-04 1.77201617e-06
 3.60381551e-04 1.62073454e-06 8.48431501e-04 1.51112883e-06
 9.50889618e-13 2.12477772e-12]",./circuit_database/NGCC/result_folder/2025-0521-175948
NGCC,17681600.0,140.417,0.00077347,-10.359078087858665,2025-0521-175948,"[1, 1, 1]","[5.07655403e-04 7.49803074e-07 3.73330229e-06 9.59339162e-07
 5.75470198e-04 6.61041058e-07 3.13253410e-04 1.29684773e-06
 5.06506548e-05 8.28439321e-07 6.80767195e-05 1.72243962e-06
 5.25191818e-04 1.43515387e-06 6.99318410e-04 6.73653316e-07
 8.94963673e-05 5.48981100e-07 2.48250554e-04 7.59538211e-07
 3.05976594e-04 1.34186908e-06 1.71098053e-04 1.77600542e-06
 3.62672674e-04 1.61498774e-06 8.55599123e-04 1.49281956e-06
 9.45653103e-13 2.12258060e-12]",./circuit_database/NGCC/result_folder/2025-0521-175948
NGCC,17691600.0,140.417,0.000783731,-10.353600086223958,2025-0521-180007,"[1, 1, 1]","[5.10411936e-04 7.47602623e-07 1.37984618e-05 9.53408320e-07
 5.65552503e-04 6.72451324e-07 3.10489715e-04 1.29522397e-06
 4.88806114e-05 8.28627808e-07 6.82788623e-05 1.72481778e-06
 5.29508013e-04 1.44174125e-06 7.04728512e-04 6.90443702e-07
 9.09106454e-05 5.50182262e-07 2.60775773e-04 7.62123912e-07
 3.17443358e-04 1.34041817e-06 1.69625940e-04 1.77545485e-06
 3.53823692e-04 1.61895826e-06 8.59407802e-04 1.47827659e-06
 9.55228621e-13 2.12258060e-12]",./circuit_database/NGCC/result_folder/2025-0521-180007
NGCC,17576200.0,140.197,0.000746261,-10.372034240036914,2025-0521-180007,"[1, 1, 1]","[5.10965028e-04 7.12059748e-07 1.19740483e-06 9.52874874e-07
 5.65550733e-04 6.68933070e-07 3.06873196e-04 1.29193955e-06
 5.09957881e-05 8.47646398e-07 6.79089684e-05 1.72629373e-06
 5.39416260e-04 1.45143697e-06 7.02747586e-04 6.90272295e-07
 8.43800819e-05 5.36975742e-07 2.62729959e-04 7.62156099e-07
 3.09003199e-04 1.34041817e-06 1.62419083e-04 1.79082470e-06
 3.53823692e-04 1.62174842e-06 8.50932150e-04 1.47782861e-06
 9.53423321e-13 2.12017165e-12]",./circuit_database/NGCC/result_folder/2025-0521-180007
NGCC,17649900.0,140.365,0.000769443,-10.360565796110569,2025-0521-180007,"[1, 1, 1]","[5.12730650e-04 7.24675604e-07 2.02765947e-06 9.53051589e-07
 5.65861507e-04 6.77543454e-07 3.18027875e-04 1.29370321e-06
 4.88806114e-05 8.37893147e-07 6.80500601e-05 1.72629373e-06
 5.37422938e-04 1.42042742e-06 7.04728512e-04 6.91669802e-07
 9.07427658e-05 5.46341039e-07 2.53021926e-04 7.62462428e-07
 3.05603269e-04 1.34648450e-06 1.68713933e-04 1.77600542e-06
 3.59411511e-04 1.62779006e-06 8.51981798e-04 1.47740604e-06
 9.55228621e-13 2.12258060e-12]",./circuit_database/NGCC/result_folder/2025-0521-180007
NGCC,17019600.0,140.318,0.000751439,-10.355055617564313,2025-0521-180025,"[1, 1, 1]","[5.10965028e-04 7.23368585e-07 4.69228587e-06 9.52874874e-07
 5.67859915e-04 6.71985519e-07 3.05978595e-04 1.28175976e-06
 4.72236600e-05 8.47646398e-07 6.53785946e-05 1.72629373e-06
 5.37421767e-04 1.45143697e-06 7.02747586e-04 6.88435395e-07
 8.43800819e-05 5.36975742e-07 2.58329033e-04 7.63675906e-07
 3.16361825e-04 1.34041817e-06 1.67947748e-04 1.79082470e-06
 3.59235641e-04 1.62670389e-06 8.49404236e-04 1.48325480e-06
 9.48598120e-13 2.12017165e-12]",./circuit_database/NGCC/result_folder/2025-0521-180025
NGCC,16852200.0,140.278,0.000747179,-10.353231947406448,2025-0521-180025,"[1, 1, 1]","[5.17937960e-04 7.12054804e-07 1.19740483e-06 9.59034379e-07
 5.65550733e-04 6.68933070e-07 3.07211284e-04 1.28518126e-06
 4.55849512e-05 8.45231757e-07 6.51568360e-05 1.72751223e-06
 5.39416260e-04 1.44976746e-06 7.09521056e-04 6.83827087e-07
 8.70636411e-05 5.48905581e-07 2.63977415e-04 7.71689535e-07
 3.11873423e-04 1.34041817e-06 1.62419083e-04 1.79082470e-06
 3.54604835e-04 1.61338083e-06 8.46613236e-04 1.47473274e-06
 9.39541929e-13 2.13338775e-12]",./circuit_database/NGCC/result_folder/2025-0521-180025
NGCC,16498400.0,140.257,0.000743267,-10.346296977595294,2025-0521-180044,"[1, 1, 1]","[5.15438255e-04 7.22090138e-07 1.19740483e-06 9.59423229e-07
 5.69116429e-04 6.66414741e-07 3.06873196e-04 1.28520605e-06
 5.09957881e-05 8.47107257e-07 6.38435945e-05 1.72988092e-06
 5.32262011e-04 1.45143697e-06 7.08836546e-04 6.87358442e-07
 8.43800819e-05 5.42741942e-07 2.57603224e-04 7.62156099e-07
 3.09003199e-04 1.33223641e-06 1.54214316e-04 1.79082470e-06
 3.56840561e-04 1.62550554e-06 8.43343091e-04 1.47782861e-06
 9.60681694e-13 2.13880259e-12]",./circuit_database/NGCC/result_folder/2025-0521-180044
NGCC,32061500.0,141.586,0.00155965,-3.8703050857880505,2025-0521-190328,"[0, -1, 1]","[2.51799320e-04 7.16755041e-07 4.81915653e-05 1.18770182e-06
 3.76152516e-04 8.27773418e-07 3.97394171e-04 1.17459940e-06
 2.33494473e-05 1.43426241e-06 9.24576477e-05 6.80379310e-07
 4.25950954e-04 1.60290718e-06 8.61449942e-04 7.55374767e-07
 5.98582160e-04 1.59941908e-06 9.28107262e-04 1.03193408e-06
 7.17762933e-04 1.62249744e-06 6.77334854e-04 1.24203942e-06
 2.93379700e-04 7.42655792e-07 5.68844245e-04 1.24480566e-06
 7.10901967e-13 2.63888089e-12]",./circuit_database/NGCC/result_folder/2025-0521-190328
NGCC,19209300.0,143.986,0.00105881,-3.8745780065141817,2025-0521-190418,"[0, -1, 1]","[2.30221985e-04 1.39058232e-06 5.78039318e-05 1.64364202e-06
 3.01977162e-04 7.58715001e-07 3.43697743e-04 1.22233085e-06
 3.45577685e-05 1.05701357e-06 8.15773459e-05 1.38620131e-06
 7.84385758e-05 1.02778731e-06 8.10024524e-04 8.59618249e-07
 4.43811637e-04 1.39691787e-06 7.28522746e-04 1.10651074e-06
 7.17762933e-04 1.53096178e-06 5.12255980e-04 1.44729139e-06
 1.93219444e-04 1.28513388e-06 3.46355615e-04 1.90772549e-06
 7.60186761e-13 2.72963277e-12]",./circuit_database/NGCC/result_folder/2025-0521-190418
NGCC,22056700.0,142.746,0.00107039,-3.9271121767436803,2025-0521-190441,"[0, -1, 1]","[3.84078193e-04 9.56952960e-07 5.42360636e-05 1.66638553e-06
 3.01977162e-04 7.16019454e-07 3.54388003e-04 1.27684339e-06
 2.46776926e-05 1.44591427e-06 8.15773459e-05 1.14640567e-06
 2.69331123e-04 9.91195272e-07 8.23241669e-04 8.59618249e-07
 4.92381837e-04 1.74026450e-06 8.04861439e-04 7.00453840e-07
 7.17762933e-04 1.36416576e-06 6.54504703e-04 1.48932847e-06
 2.22208799e-04 9.50035052e-07 6.57653429e-04 1.49461164e-06
 5.53194837e-13 2.64305783e-12]",./circuit_database/NGCC/result_folder/2025-0521-190441
NGCC,27948500.0,141.134,0.0012261,-3.9549050144259534,2025-0521-190532,"[0, -1, 1]","[1.81294698e-04 8.39715764e-07 5.78039318e-05 1.81477811e-06
 2.28985018e-04 7.65659594e-07 3.34639128e-04 9.25038268e-07
 2.80142011e-05 1.56807797e-06 8.73178936e-05 7.73080590e-07
 4.38679535e-04 1.14533860e-06 6.59277970e-04 6.69943096e-07
 5.37165087e-04 1.82260913e-06 7.15414279e-04 9.83959767e-07
 7.53200227e-04 1.34067941e-06 6.42881023e-04 1.41928446e-06
 2.45645108e-04 8.97324194e-07 7.21058294e-04 1.06818371e-06
 7.10163320e-13 2.70766964e-12]",./circuit_database/NGCC/result_folder/2025-0521-190532
NGCC,27149900.0,140.765,0.00107277,-4.014717186178896,2025-0521-190715,"[0, -1, 1]","[2.57535007e-04 7.22297435e-07 1.00082893e-04 1.64288814e-06
 2.78388305e-04 7.84158896e-07 3.41351583e-04 8.75367150e-07
 2.92012531e-05 1.61522508e-06 7.41989130e-05 6.64875339e-07
 2.53052848e-04 1.40556003e-06 5.73274144e-04 8.00109875e-07
 5.30012885e-04 1.73210881e-06 7.79169561e-04 7.02153974e-07
 6.96493490e-04 1.57812641e-06 6.53336649e-04 1.45154665e-06
 1.70919885e-04 9.76280811e-07 3.55631605e-04 1.09733076e-06
 6.68479986e-13 2.60454659e-12]",./circuit_database/NGCC/result_folder/2025-0521-190715
NGCC,28071900.0,139.537,0.00125112,-3.9820713233166742,2025-0521-190715,"[0, -1, 1]","[2.40250673e-04 6.15678093e-07 1.17408411e-04 1.60518249e-06
 2.89733595e-04 7.58302244e-07 3.30824505e-04 8.84552425e-07
 2.59106931e-05 1.45533580e-06 7.42973718e-05 5.95996896e-07
 3.02945058e-04 1.18004309e-06 5.81829826e-04 6.53375676e-07
 5.18565528e-04 1.73625806e-06 7.83109387e-04 7.02153974e-07
 6.53411752e-04 1.50702335e-06 6.63317888e-04 1.44006806e-06
 2.15038619e-04 8.61242496e-07 4.32155793e-04 9.26318552e-07
 6.06606533e-13 2.61902265e-12]",./circuit_database/NGCC/result_folder/2025-0521-190715
NGCC,27162200.0,139.579,0.00103999,-4.054268394845002,2025-0521-190715,"[0, -1, 1]","[2.18794566e-04 5.49352814e-07 8.68271468e-05 1.64288814e-06
 2.90974723e-04 7.38218372e-07 3.33427958e-04 9.28696271e-07
 3.01562106e-05 1.45380159e-06 7.47482402e-05 6.37296277e-07
 2.60205583e-04 1.28939879e-06 6.39592619e-04 6.28213555e-07
 5.01532184e-04 1.73210881e-06 7.82283915e-04 7.02153974e-07
 6.32715179e-04 1.56304555e-06 6.61209820e-04 1.47940917e-06
 1.98122768e-04 1.10383310e-06 3.84607688e-04 1.08492021e-06
 5.68869896e-13 2.64981570e-12]",./circuit_database/NGCC/result_folder/2025-0521-190715
NGCC,28365100.0,145.301,0.00473377,-7.70099009508221,2025-0521-190920,"[-1, 1, 0]","[7.63764576e-04 1.23632436e-06 6.78331944e-04 1.51756216e-06
 8.60716297e-04 1.56603817e-06 9.64374311e-04 1.94759549e-06
 2.13342385e-05 6.99877034e-07 6.93832779e-05 1.34819307e-06
 5.36067026e-04 6.48549347e-07 4.97865193e-04 1.30047981e-06
 4.82187310e-04 1.48814566e-06 9.01691445e-04 8.56380101e-07
 9.26281593e-05 1.06798333e-06 3.91502047e-04 5.21314417e-07
 5.79838547e-04 1.38755082e-06 1.59409746e-04 1.93350227e-06
 2.21386002e-12 1.63837506e-12]",./circuit_database/NGCC/result_folder/2025-0521-190920
NGCC,24396000.0,146.101,0.0026641,-7.507508975840186,2025-0521-192830,"[-1, 1, 0]","[4.70411823e-04 1.36172886e-06 8.25247133e-04 1.16359303e-06
 3.60763825e-04 1.16482420e-06 2.40813688e-04 1.62366749e-06
 2.16581584e-05 1.38032437e-06 1.07315132e-04 1.16052180e-06
 9.12988616e-05 6.32170329e-07 5.37413572e-04 7.05323391e-07
 6.17354549e-04 7.38415889e-07 6.37580932e-04 1.32114121e-06
 2.94384593e-04 1.52199548e-06 5.72643742e-04 1.52822859e-06
 2.36317695e-04 1.20653103e-06 3.85031211e-05 1.54954260e-06
 1.34895119e-12 2.90306431e-12]",./circuit_database/NGCC/result_folder/2025-0521-192830
NGCC,34916000.0,144.029,0.00291718,-8.002453808280617,2025-0521-192950,"[-1, 1, 0]","[4.25388360e-04 1.63910630e-06 3.80107332e-04 6.39199575e-07
 3.64036243e-04 1.18449723e-06 3.84200019e-04 1.07917992e-06
 6.65351001e-05 1.20372813e-06 1.34135302e-04 9.72751599e-07
 1.79984814e-04 6.92135287e-07 5.47011527e-04 6.73339542e-07
 6.34576625e-04 1.01862930e-06 4.53600354e-04 1.74845747e-06
 2.73990066e-04 1.73487391e-06 8.43250983e-04 1.07720810e-06
 4.55035313e-04 1.26209068e-06 3.37495815e-04 1.25927973e-06
 1.66610450e-12 2.94190808e-12]",./circuit_database/NGCC/result_folder/2025-0521-192950
NGCC,43841800.0,144.258,0.00294072,-8.111118687507709,2025-0521-193526,"[-1, 1, 0]","[5.09290771e-04 9.92579012e-07 5.76769146e-04 1.51790540e-06
 3.86804604e-04 1.06613298e-06 3.37836022e-04 1.75927533e-06
 1.06339087e-04 1.35340121e-06 1.70595461e-04 8.81391534e-07
 2.93391725e-04 7.26745008e-07 6.48135641e-04 5.51409532e-07
 6.38697338e-04 7.46987494e-07 4.74336127e-04 1.86195886e-06
 3.74749565e-04 1.97161426e-06 9.32825257e-04 1.40878549e-06
 5.34940575e-04 1.65403500e-06 1.84119331e-04 1.46556591e-06
 8.40043729e-13 2.92373439e-12]",./circuit_database/NGCC/result_folder/2025-0521-193526
NGCC,44966300.0,143.344,0.00289356,-8.122840370478178,2025-0521-193607,"[-1, 1, 0]","[5.09290771e-04 9.92579012e-07 5.76769146e-04 1.64905814e-06
 4.81938200e-04 1.06613298e-06 3.37836022e-04 1.32012357e-06
 7.62354159e-05 1.50739825e-06 1.79866526e-04 9.21258651e-07
 5.00487649e-04 5.90106597e-07 4.37732698e-04 5.51409532e-07
 6.38697338e-04 7.46987494e-07 3.38607310e-04 1.66883155e-06
 3.74749565e-04 1.88502426e-06 8.02970680e-04 1.64375922e-06
 3.45757920e-04 1.65403500e-06 4.22029412e-04 1.82144693e-06
 8.86316481e-13 2.92620048e-12]",./circuit_database/NGCC/result_folder/2025-0521-193607
NGCC,42322700.0,143.135,0.0025919,-8.121875491125989,2025-0521-194114,"[-1, 1, 0]","[5.09290771e-04 1.11618031e-06 5.76769146e-04 1.75628921e-06
 4.29129824e-04 8.64329073e-07 2.13437753e-04 1.32677738e-06
 7.68730042e-05 1.65470836e-06 1.59270285e-04 7.65249964e-07
 5.27505998e-04 6.48300227e-07 4.25454725e-04 5.26906426e-07
 5.78938531e-04 6.82322760e-07 2.97986138e-04 1.77271091e-06
 1.94408528e-04 1.67182653e-06 7.66638594e-04 1.76194844e-06
 7.72816033e-05 1.49352836e-06 3.03771711e-04 1.68043382e-06
 5.06556302e-13 2.86713460e-12]",./circuit_database/NGCC/result_folder/2025-0521-194114
NGCC,48011600.0,141.881,0.00292022,-8.130199389922515,2025-0521-194351,"[-1, 1, 0]","[4.95665928e-04 1.07475889e-06 4.91533875e-04 1.69923917e-06
 4.11895971e-04 7.32763877e-07 2.45682050e-04 1.32974735e-06
 9.36562144e-05 1.52972500e-06 1.62156027e-04 6.21458850e-07
 4.54756568e-04 6.45998168e-07 3.10337500e-04 5.15569480e-07
 6.54507605e-04 7.47201516e-07 2.65940197e-04 1.73781105e-06
 8.52150348e-05 1.80727750e-06 7.19295283e-04 1.75999829e-06
 1.89327914e-04 1.65403500e-06 2.97710121e-04 1.92586120e-06
 6.27509642e-13 2.88537781e-12]",./circuit_database/NGCC/result_folder/2025-0521-194351
NGCC,46912500.0,141.702,0.00256137,-8.14890119216686,2025-0521-194606,"[-1, 1, 0]","[5.65353170e-04 1.06876860e-06 4.44108744e-04 1.82951201e-06
 4.25975259e-04 6.49052343e-07 2.33657576e-04 1.34859294e-06
 9.64990060e-05 1.48005961e-06 1.61931750e-04 6.25209244e-07
 4.80294313e-04 6.31357563e-07 3.95038733e-04 5.08321415e-07
 6.26348382e-04 7.34487005e-07 2.85501431e-04 1.88100656e-06
 2.21309677e-04 1.92243515e-06 7.46782417e-04 1.82440949e-06
 1.67340583e-04 1.60027835e-06 3.06310127e-04 1.87368085e-06
 6.66807545e-13 2.91208924e-12]",./circuit_database/NGCC/result_folder/2025-0521-194606
NGCC,46506500.0,142.007,0.00252075,-8.153293505794673,2025-0521-194607,"[-1, 1, 0]","[4.95665928e-04 1.14167646e-06 4.53648818e-04 1.80772823e-06
 4.25054511e-04 6.87479407e-07 2.21690378e-04 1.32032505e-06
 9.62023841e-05 1.61428267e-06 1.61931750e-04 6.26146404e-07
 4.88008286e-04 6.45149703e-07 3.58232032e-04 5.11161310e-07
 6.13968359e-04 7.67163086e-07 2.98858576e-04 1.84321515e-06
 2.17469850e-04 1.95123461e-06 8.02840216e-04 1.84556201e-06
 1.59249056e-04 1.59236572e-06 3.22885616e-04 1.92551201e-06
 6.66762628e-13 2.90935451e-12]",./circuit_database/NGCC/result_folder/2025-0521-194607
NGCC,46896100.0,142.106,0.00256422,-8.153513491499014,2025-0521-194724,"[-1, 1, 0]","[5.02994565e-04 1.14167646e-06 4.53648818e-04 1.80772823e-06
 4.25054511e-04 6.73075396e-07 2.21690378e-04 1.37155507e-06
 8.00072074e-05 1.63276209e-06 1.61931750e-04 6.11325488e-07
 4.83235473e-04 6.45149703e-07 2.83838359e-04 5.26124303e-07
 6.13968359e-04 7.79913609e-07 3.40215350e-04 1.79279381e-06
 2.17469850e-04 1.96584906e-06 7.95991954e-04 1.91029370e-06
 2.29631507e-04 1.64393118e-06 3.34306823e-04 1.94486420e-06
 6.66762628e-13 2.90935451e-12]",./circuit_database/NGCC/result_folder/2025-0521-194724
NGCC,47435700.0,142.335,0.00264854,-8.152934499989655,2025-0521-194802,"[-1, 1, 0]","[4.78637038e-04 1.24252351e-06 4.71896594e-04 1.81019694e-06
 4.23951240e-04 7.35512209e-07 2.37986020e-04 1.32032505e-06
 1.01187490e-04 1.63636183e-06 1.63282825e-04 6.19273998e-07
 4.68858882e-04 6.47499621e-07 3.36526148e-04 5.25359570e-07
 5.98769797e-04 7.54756400e-07 3.19953059e-04 1.83902414e-06
 1.81438295e-04 1.97965388e-06 7.98172500e-04 1.85033997e-06
 2.04256645e-04 1.64094621e-06 2.97823820e-04 1.87244980e-06
 6.66762628e-13 2.91260227e-12]",./circuit_database/NGCC/result_folder/2025-0521-194802
NGCC,46907700.0,142.296,0.00263459,-8.149865052794661,2025-0521-194802,"[-1, 1, 0]","[4.82470353e-04 1.29192997e-06 5.11139220e-04 1.80618760e-06
 4.25274378e-04 6.75588399e-07 2.33722818e-04 1.25098707e-06
 7.87172003e-05 1.62108926e-06 1.62714070e-04 6.36046508e-07
 4.52173936e-04 6.52537761e-07 3.35726976e-04 5.25370348e-07
 6.25307721e-04 7.45833733e-07 3.30029868e-04 1.81973124e-06
 1.59771045e-04 1.95348682e-06 7.99842287e-04 1.75576916e-06
 1.59249056e-04 1.65061646e-06 2.99364313e-04 1.92551201e-06
 5.65697932e-13 2.90928662e-12]",./circuit_database/NGCC/result_folder/2025-0521-194802
NGCC,47235800.0,142.088,0.00264514,-8.148952435003972,2025-0521-194915,"[-1, 1, 0]","[4.62367311e-04 1.19888229e-06 4.79421315e-04 1.77459400e-06
 4.25054511e-04 6.87479407e-07 2.52540902e-04 1.35185907e-06
 8.58275161e-05 1.60359320e-06 1.60972353e-04 6.18940492e-07
 4.57525776e-04 6.52537761e-07 3.33628349e-04 5.28992038e-07
 6.19926369e-04 7.40811330e-07 2.98858576e-04 1.82062133e-06
 1.94256899e-04 1.97965388e-06 7.98534532e-04 1.83689835e-06
 1.70083742e-04 1.66069115e-06 3.04712620e-04 1.91214223e-06
 6.81476807e-13 2.90982849e-12]",./circuit_database/NGCC/result_folder/2025-0521-194915
NGCC,47851000.0,142.188,0.00264855,-8.154144723235358,2025-0521-194955,"[-1, 1, 0]","[4.93012860e-04 1.20110450e-06 4.82410112e-04 1.75701764e-06
 4.11081773e-04 6.87072559e-07 2.21628899e-04 1.34703628e-06
 8.81788999e-05 1.63503513e-06 1.65839403e-04 6.14464406e-07
 4.68858882e-04 6.52537761e-07 3.34028675e-04 5.01435190e-07
 6.13408745e-04 7.12657902e-07 2.98858576e-04 1.84321515e-06
 2.03526381e-04 1.97965388e-06 8.03967052e-04 1.82376809e-06
 1.59249056e-04 1.63418922e-06 3.02095398e-04 1.92116313e-06
 6.29862230e-13 2.90928662e-12]",./circuit_database/NGCC/result_folder/2025-0521-194955
NGCC,46437600.0,142.62,0.00248113,-8.162734494952447,2025-0521-194955,"[-1, 1, 0]","[4.93012860e-04 1.21341435e-06 4.84412855e-04 1.75701764e-06
 4.10096457e-04 7.09661421e-07 2.44024799e-04 1.35134379e-06
 8.58175285e-05 1.62108926e-06 1.61530476e-04 6.20863196e-07
 4.67549842e-04 6.33696612e-07 3.36526148e-04 5.07317923e-07
 6.08557135e-04 7.91698270e-07 2.98858576e-04 1.82345229e-06
 1.81794373e-04 1.95367454e-06 7.99712716e-04 1.84556201e-06
 1.59249056e-04 1.64094621e-06 3.14361463e-04 1.94220563e-06
 6.27986832e-13 2.92119524e-12]",./circuit_database/NGCC/result_folder/2025-0521-194955
NGCC,47085200.0,142.22,0.00258922,-8.154062513189977,2025-0521-194955,"[-1, 1, 0]","[4.93012860e-04 1.19756103e-06 4.73816854e-04 1.75701764e-06
 4.39769288e-04 6.68592511e-07 2.28536897e-04 1.33891499e-06
 8.67419142e-05 1.61755884e-06 1.61530476e-04 6.19273998e-07
 4.67000472e-04 6.80644022e-07 3.43536591e-04 5.11161310e-07
 6.23666337e-04 7.54756400e-07 2.98858576e-04 1.84321515e-06
 1.88494082e-04 1.97965388e-06 8.03413423e-04 1.84213593e-06
 1.73734828e-04 1.63486992e-06 3.13470901e-04 1.93471451e-06
 6.53709836e-13 2.88557819e-12]",./circuit_database/NGCC/result_folder/2025-0521-194955
NGCC,45698900.0,142.394,0.00247996,-8.155036861695839,2025-0521-194955,"[-1, 1, 0]","[4.91798298e-04 1.21082926e-06 4.75278755e-04 1.76847076e-06
 4.25054511e-04 6.87479407e-07 2.06049290e-04 1.32799780e-06
 8.49361081e-05 1.61234026e-06 1.62553784e-04 6.23861783e-07
 4.66548077e-04 6.81118858e-07 3.36526148e-04 5.06970105e-07
 6.21127637e-04 7.87025211e-07 2.98858576e-04 1.84005443e-06
 1.88494082e-04 1.97965388e-06 8.07176920e-04 1.84556201e-06
 1.59249056e-04 1.64094621e-06 3.07048080e-04 1.95286469e-06
 6.24466840e-13 2.92487176e-12]",./circuit_database/NGCC/result_folder/2025-0521-194955
NGCC,46853600.0,142.492,0.00253269,-8.160115326408171,2025-0521-194955,"[-1, 1, 0]","[4.98369764e-04 1.19952992e-06 4.85599547e-04 1.75388364e-06
 4.25054511e-04 7.29324206e-07 2.53417082e-04 1.32032505e-06
 8.49361081e-05 1.61273272e-06 1.61530476e-04 6.23933156e-07
 4.66450718e-04 6.27796616e-07 3.28094766e-04 5.11161310e-07
 6.13211166e-04 7.63264562e-07 2.99862786e-04 1.84321515e-06
 1.88494082e-04 1.97965388e-06 8.03967052e-04 1.82138116e-06
 1.59249056e-04 1.65008330e-06 3.02435280e-04 1.95066627e-06
 6.23977342e-13 2.91417948e-12]",./circuit_database/NGCC/result_folder/2025-0521-194955
NGCC,47197600.0,142.061,0.00259611,-8.152425611378796,2025-0521-194955,"[-1, 1, 0]","[4.91498911e-04 1.19861089e-06 4.76816772e-04 1.76787259e-06
 4.09478331e-04 6.63645997e-07 2.45731171e-04 1.30410575e-06
 8.89078486e-05 1.62108926e-06 1.61530476e-04 6.19273998e-07
 4.66877283e-04 6.63850605e-07 3.45787075e-04 5.11161310e-07
 6.10513828e-04 7.31034978e-07 2.98858576e-04 1.85569803e-06
 1.88494082e-04 1.97965388e-06 7.93928997e-04 1.84556201e-06
 1.59249056e-04 1.63853623e-06 3.04712620e-04 1.95116936e-06
 6.66762628e-13 2.91810031e-12]",./circuit_database/NGCC/result_folder/2025-0521-194955
NGCC,44734000.0,142.283,0.00247308,-8.147090713793194,2025-0521-194955,"[-1, 1, 0]","[4.93012860e-04 1.21249379e-06 4.86470266e-04 1.77052775e-06
 4.32393860e-04 6.62336448e-07 1.90003215e-04 1.34520130e-06
 8.83805693e-05 1.60767902e-06 1.58013917e-04 6.19273998e-07
 4.68858882e-04 6.52537761e-07 3.45645692e-04 5.11161310e-07
 6.09387022e-04 7.96869055e-07 3.00737614e-04 1.82466033e-06
 1.86093442e-04 1.95868337e-06 8.14105005e-04 1.84556201e-06
 1.59264441e-04 1.64118590e-06 3.13608373e-04 1.94560727e-06
 6.66762628e-13 2.88678202e-12]",./circuit_database/NGCC/result_folder/2025-0521-194955
NGCC,46853600.0,142.492,0.00253269,C2P_Simulator,2025-0522-001831,['NSGA-II'],"[4.9836974e-04 1.1995299e-06 4.8559954e-04 1.7538837e-06 4.2505452e-04
 7.2932420e-07 2.5341709e-04 1.3203251e-06 8.4936109e-05 1.6127327e-06
 1.6153048e-04 6.2393315e-07 4.6645073e-04 6.2779662e-07 3.2809476e-04
 5.1116132e-07 6.1321119e-04 7.6326455e-07 2.9986279e-04 1.8432152e-06
 1.8849409e-04 1.9796539e-06 8.0396706e-04 1.8213811e-06 1.5924906e-04
 1.6500833e-06 3.0243528e-04 1.9506663e-06 6.2397732e-13 2.9141795e-12]",./circuit_database/NGCC/result_folder/2025-0522-001831
NGCC,17025100.0,140.585,0.000796681,C2P_Simulator,2025-0522-001831,['NSGA-II'],"[5.2071118e-04 7.4019135e-07 1.5425072e-06 9.6344093e-07 5.8181252e-04
 6.8225501e-07 3.3879431e-04 1.3401265e-06 4.9453709e-05 8.2453494e-07
 6.6900728e-05 1.7263004e-06 5.4088107e-04 1.4800988e-06 7.0058648e-04
 6.3083530e-07 9.9816680e-05 5.4500003e-07 2.7663223e-04 7.5072984e-07
 3.1973654e-04 1.3515861e-06 1.2677768e-04 1.7732340e-06 3.5211985e-04
 1.6139381e-06 8.4575941e-04 1.4888720e-06 9.5328422e-13 2.1778863e-12]",./circuit_database/NGCC/result_folder/2025-0522-001831
NGCC,27948500.0,141.134,0.0012261,C2P_Simulator,2025-0522-001831,['NSGA-II'],"[1.8129470e-04 8.3971577e-07 5.7803933e-05 1.8147781e-06 2.2898502e-04
 7.6565959e-07 3.3463913e-04 9.2503825e-07 2.8014201e-05 1.5680780e-06
 8.7317894e-05 7.7308061e-07 4.3867953e-04 1.1453386e-06 6.5927795e-04
 6.6994312e-07 5.3716509e-04 1.8226091e-06 7.1541429e-04 9.8395981e-07
 7.5320021e-04 1.3406794e-06 6.4288103e-04 1.4192844e-06 2.4564512e-04
 8.9732418e-07 7.2105828e-04 1.0681837e-06 7.1016332e-13 2.7076696e-12]",./circuit_database/NGCC/result_folder/2025-0522-001831
NGCC,22056700.0,142.746,0.00107039,C2P_Simulator,2025-0522-001831,['NSGA-II'],"[3.8407819e-04 9.5695293e-07 5.4236065e-05 1.6663855e-06 3.0197715e-04
 7.1601943e-07 3.5438800e-04 1.2768434e-06 2.4677693e-05 1.4459142e-06
 8.1577346e-05 1.1464057e-06 2.6933113e-04 9.9119529e-07 8.2324166e-04
 8.5961824e-07 4.9238186e-04 1.7402645e-06 8.0486143e-04 7.0045382e-07
 7.1776292e-04 1.3641658e-06 6.5450469e-04 1.4893285e-06 2.2220879e-04
 9.5003503e-07 6.5765344e-04 1.4946116e-06 5.5319486e-13 2.6430579e-12]",./circuit_database/NGCC/result_folder/2025-0522-001831
NGCC,16733000.0,140.418,0.000769571,C2P_Simulator,2025-0522-001831,['NSGA-II'],"[5.0593982e-04 7.3381108e-07 1.5425072e-06 9.4753545e-07 5.7414750e-04
 6.7414499e-07 3.1325340e-04 1.2992955e-06 4.8319274e-05 8.1774982e-07
 6.4522406e-05 1.7390560e-06 5.4082507e-04 1.4113715e-06 7.0461415e-04
 6.8368297e-07 8.9929294e-05 5.4509161e-07 2.5662992e-04 7.6297471e-07
 2.7503617e-04 1.3455600e-06 1.6673944e-04 1.7665494e-06 3.6023813e-04
 1.6136108e-06 8.6327223e-04 1.5223451e-06 9.5328422e-13 2.1231361e-12]",./circuit_database/NGCC/result_folder/2025-0522-001831
NGCC,27149900.0,140.765,0.00107277,C2P_Simulator,2025-0522-001831,['NSGA-II'],"[2.5753499e-04 7.2229744e-07 1.0008289e-04 1.6428882e-06 2.7838830e-04
 7.8415889e-07 3.4135158e-04 8.7536716e-07 2.9201254e-05 1.6152251e-06
 7.4198913e-05 6.6487536e-07 2.5305286e-04 1.4055601e-06 5.7327416e-04
 8.0010989e-07 5.3001288e-04 1.7321088e-06 7.7916955e-04 7.0215395e-07
 6.9649349e-04 1.5781264e-06 6.5333664e-04 1.4515466e-06 1.7091988e-04
 9.7628083e-07 3.5563161e-04 1.0973307e-06 6.6847997e-13 2.6045466e-12]",./circuit_database/NGCC/result_folder/2025-0522-001831
NGCC,47851000.0,142.188,0.00264855,C2P_Simulator,2025-0522-001831,['NSGA-II'],"[4.9301283e-04 1.2011045e-06 4.8241011e-04 1.7570177e-06 4.1108177e-04
 6.8707254e-07 2.2162890e-04 1.3470362e-06 8.8178902e-05 1.6350351e-06
 1.6583940e-04 6.1446440e-07 4.6885890e-04 6.5253778e-07 3.3402868e-04
 5.0143518e-07 6.1340875e-04 7.1265788e-07 2.9885856e-04 1.8432152e-06
 2.0352638e-04 1.9796539e-06 8.0396706e-04 1.8237681e-06 1.5924906e-04
 1.6341892e-06 3.0209540e-04 1.9211632e-06 6.2986221e-13 2.9092865e-12]",./circuit_database/NGCC/result_folder/2025-0522-001831
NGCC,45698900.0,142.394,0.00247996,C2P_Simulator,2025-0522-001831,['NSGA-II'],"[4.9179827e-04 1.2108293e-06 4.7527876e-04 1.7684707e-06 4.2505452e-04
 6.8747943e-07 2.0604928e-04 1.3279978e-06 8.4936109e-05 1.6123403e-06
 1.6255378e-04 6.2386181e-07 4.6654808e-04 6.8111888e-07 3.3652614e-04
 5.0697008e-07 6.2112766e-04 7.8702521e-07 2.9885856e-04 1.8400544e-06
 1.8849409e-04 1.9796539e-06 8.0717693e-04 1.8455620e-06 1.5924906e-04
 1.6409463e-06 3.0704809e-04 1.9528647e-06 6.2446684e-13 2.9248717e-12]",./circuit_database/NGCC/result_folder/2025-0522-001831
NGCC,47085200.0,142.22,0.00258922,C2P_Simulator,2025-0522-001831,['NSGA-II'],"[4.9301283e-04 1.1975610e-06 4.7381685e-04 1.7570177e-06 4.3976930e-04
 6.6859252e-07 2.2853690e-04 1.3389150e-06 8.6741915e-05 1.6175588e-06
 1.6153048e-04 6.1927398e-07 4.6700047e-04 6.8064401e-07 3.4353658e-04
 5.1116132e-07 6.2366633e-04 7.5475640e-07 2.9885856e-04 1.8432152e-06
 1.8849409e-04 1.9796539e-06 8.0341345e-04 1.8421359e-06 1.7373482e-04
 1.6348699e-06 3.1347090e-04 1.9347144e-06 6.5370983e-13 2.8855783e-12]",./circuit_database/NGCC/result_folder/2025-0522-001831
NGCC,44966300.0,143.344,0.00289356,C2P_Simulator,2025-0522-001831,['NSGA-II'],"[5.0929078e-04 9.9257898e-07 5.7676912e-04 1.6490582e-06 4.8193819e-04
 1.0661330e-06 3.3783601e-04 1.3201236e-06 7.6235418e-05 1.5073982e-06
 1.7986653e-04 9.2125867e-07 5.0048763e-04 5.9010659e-07 4.3773270e-04
 5.5140953e-07 6.3869735e-04 7.4698750e-07 3.3860732e-04 1.6688316e-06
 3.7474956e-04 1.8850243e-06 8.0297067e-04 1.6437592e-06 3.4575793e-04
 1.6540350e-06 4.2202941e-04 1.8214470e-06 8.8631647e-13 2.9262005e-12]",./circuit_database/NGCC/result_folder/2025-0522-001831
NGCC,44734000.0,142.283,0.00247308,C2P_Simulator,2025-0522-001831,['NSGA-II'],"[4.9301283e-04 1.2124938e-06 4.8647026e-04 1.7705278e-06 4.3239386e-04
 6.6233645e-07 1.9000322e-04 1.3452013e-06 8.8380570e-05 1.6076790e-06
 1.5801392e-04 6.1927398e-07 4.6885890e-04 6.5253778e-07 3.4564571e-04
 5.1116132e-07 6.0938700e-04 7.9686907e-07 3.0073762e-04 1.8246603e-06
 1.8609344e-04 1.9586835e-06 8.1410498e-04 1.8455620e-06 1.5926444e-04
 1.6411859e-06 3.1360838e-04 1.9456072e-06 6.6676265e-13 2.8867820e-12]",./circuit_database/NGCC/result_folder/2025-0522-001831
NGCC,46437600.0,142.62,0.00248113,C2P_Simulator,2025-0522-001831,['NSGA-II'],"[4.9301283e-04 1.2134143e-06 4.8441286e-04 1.7570177e-06 4.1009646e-04
 7.0966144e-07 2.4402479e-04 1.3513438e-06 8.5817526e-05 1.6210893e-06
 1.6153048e-04 6.2086320e-07 4.6754983e-04 6.3369663e-07 3.3652614e-04
 5.0731791e-07 6.0855714e-04 7.9169826e-07 2.9885856e-04 1.8234523e-06
 1.8179437e-04 1.9536744e-06 7.9971272e-04 1.8455620e-06 1.5924906e-04
 1.6409463e-06 3.1436147e-04 1.9422057e-06 6.2798681e-13 2.9211952e-12]",./circuit_database/NGCC/result_folder/2025-0522-001831
NGCC,46912500.0,141.702,0.00256137,C2P_Simulator,2025-0522-001831,['NSGA-II'],"[5.6535320e-04 1.0687686e-06 4.4410874e-04 1.8295120e-06 4.2597525e-04
 6.4905237e-07 2.3365757e-04 1.3485929e-06 9.6499003e-05 1.4800596e-06
 1.6193175e-04 6.2520922e-07 4.8029431e-04 6.3135758e-07 3.9503875e-04
 5.0832142e-07 6.2634837e-04 7.3448700e-07 2.8550142e-04 1.8810066e-06
 2.2130967e-04 1.9224351e-06 7.4678240e-04 1.8244095e-06 1.6734058e-04
 1.6002783e-06 3.0631013e-04 1.8736808e-06 6.6680754e-13 2.9120892e-12]",./circuit_database/NGCC/result_folder/2025-0522-001831
NGCC,17576200.0,140.197,0.000746261,C2P_Simulator,2025-0522-001831,['NSGA-II'],"[5.1096501e-04 7.1205977e-07 1.1974048e-06 9.5287487e-07 5.6555076e-04
 6.6893307e-07 3.0687320e-04 1.2919395e-06 5.0995786e-05 8.4764639e-07
 6.7908972e-05 1.7262937e-06 5.3941627e-04 1.4514370e-06 7.0274761e-04
 6.9027232e-07 8.4380081e-05 5.3697573e-07 2.6272997e-04 7.6215611e-07
 3.0900320e-04 1.3404182e-06 1.6241908e-04 1.7908247e-06 3.5382368e-04
 1.6217484e-06 8.5093215e-04 1.4778286e-06 9.5342332e-13 2.1201717e-12]",./circuit_database/NGCC/result_folder/2025-0522-001831
NGCC,16498400.0,140.257,0.000743267,C2P_Simulator,2025-0522-001831,['NSGA-II'],"[5.1543827e-04 7.2209014e-07 1.1974048e-06 9.5942323e-07 5.6911644e-04
 6.6641473e-07 3.0687320e-04 1.2852061e-06 5.0995786e-05 8.4710723e-07
 6.3843596e-05 1.7298809e-06 5.3226203e-04 1.4514370e-06 7.0883654e-04
 6.8735847e-07 8.4380081e-05 5.4274193e-07 2.5760321e-04 7.6215611e-07
 3.0900320e-04 1.3322364e-06 1.5421431e-04 1.7908247e-06 3.5684055e-04
 1.6255055e-06 8.4334309e-04 1.4778286e-06 9.6068173e-13 2.1388026e-12]",./circuit_database/NGCC/result_folder/2025-0522-001831
NGCC,28365100.0,145.301,0.00473377,C2P_Simulator,2025-0522-001831,['NSGA-II'],"[7.6376460e-04 1.2363244e-06 6.7833194e-04 1.5175622e-06 8.6071627e-04
 1.5660381e-06 9.6437434e-04 1.9475956e-06 2.1334239e-05 6.9987703e-07
 6.9383277e-05 1.3481931e-06 5.3606700e-04 6.4854936e-07 4.9786520e-04
 1.3004798e-06 4.8218732e-04 1.4881457e-06 9.0169144e-04 8.5638010e-07
 9.2628157e-05 1.0679834e-06 3.9150205e-04 5.2131440e-07 5.7983852e-04
 1.3875508e-06 1.5940974e-04 1.9335023e-06 2.2138600e-12 1.6383751e-12]",./circuit_database/NGCC/result_folder/2025-0522-001831
NGCC,46896100.0,142.106,0.00256422,C2P_Simulator,2025-0522-001831,['NSGA-II'],"[5.0299458e-04 1.1416764e-06 4.5364883e-04 1.8077283e-06 4.2505452e-04
 6.7307542e-07 2.2169038e-04 1.3715551e-06 8.0007208e-05 1.6327621e-06
 1.6193175e-04 6.1132550e-07 4.8323546e-04 6.4514973e-07 2.8383837e-04
 5.2612432e-07 6.1396835e-04 7.7991359e-07 3.4021534e-04 1.7927938e-06
 2.1746985e-04 1.9658492e-06 7.9599197e-04 1.9102938e-06 2.2963151e-04
 1.6439312e-06 3.3430682e-04 1.9448642e-06 6.6676265e-13 2.9093546e-12]",./circuit_database/NGCC/result_folder/2025-0522-001831
NGCC,47197600.0,142.061,0.00259611,C2P_Simulator,2025-0522-001831,['NSGA-II'],"[4.9149891e-04 1.1986109e-06 4.7681679e-04 1.7678726e-06 4.0947832e-04
 6.6364601e-07 2.4573118e-04 1.3041057e-06 8.8907851e-05 1.6210893e-06
 1.6153048e-04 6.1927398e-07 4.6687727e-04 6.6385059e-07 3.4578706e-04
 5.1116132e-07 6.1051385e-04 7.3103496e-07 2.9885856e-04 1.8556980e-06
 1.8849409e-04 1.9796539e-06 7.9392898e-04 1.8455620e-06 1.5924906e-04
 1.6385362e-06 3.0471262e-04 1.9511695e-06 6.6676265e-13 2.9181002e-12]",./circuit_database/NGCC/result_folder/2025-0522-001831
NGCC,17691600.0,140.417,0.000783731,C2P_Simulator,2025-0522-001831,['NSGA-II'],"[5.1041192e-04 7.4760260e-07 1.3798462e-05 9.5340835e-07 5.6555250e-04
 6.7245134e-07 3.1048970e-04 1.2952240e-06 4.8880611e-05 8.2862783e-07
 6.8278860e-05 1.7248178e-06 5.2950799e-04 1.4417412e-06 7.0472853e-04
 6.9044370e-07 9.0910646e-05 5.5018228e-07 2.6077576e-04 7.6212393e-07
 3.1744337e-04 1.3404182e-06 1.6962594e-04 1.7754548e-06 3.5382368e-04
 1.6189582e-06 8.5940782e-04 1.4782765e-06 9.5522863e-13 2.1225805e-12]",./circuit_database/NGCC/result_folder/2025-0522-001831
NGCC,47235800.0,142.088,0.00264514,C2P_Simulator,2025-0522-001831,['NSGA-II'],"[4.6236732e-04 1.1988823e-06 4.7942132e-04 1.7745940e-06 4.2505452e-04
 6.8747943e-07 2.5254089e-04 1.3518591e-06 8.5827516e-05 1.6035932e-06
 1.6097235e-04 6.1894048e-07 4.5752578e-04 6.5253778e-07 3.3362836e-04
 5.2899202e-07 6.1992637e-04 7.4081134e-07 2.9885856e-04 1.8206214e-06
 1.9425689e-04 1.9796539e-06 7.9853454e-04 1.8368984e-06 1.7008375e-04
 1.6606912e-06 3.0471262e-04 1.9121421e-06 6.8147679e-13 2.9098284e-12]",./circuit_database/NGCC/result_folder/2025-0522-001831
NGCC,46506500.0,142.007,0.00252075,C2P_Simulator,2025-0522-001831,['NSGA-II'],"[4.9566594e-04 1.1416764e-06 4.5364883e-04 1.8077283e-06 4.2505452e-04
 6.8747943e-07 2.2169038e-04 1.3203251e-06 9.6202384e-05 1.6142827e-06
 1.6193175e-04 6.2614640e-07 4.8800829e-04 6.4514973e-07 3.5823204e-04
 5.1116132e-07 6.1396835e-04 7.6716310e-07 2.9885856e-04 1.8432152e-06
 2.1746985e-04 1.9512347e-06 8.0284022e-04 1.8455620e-06 1.5924906e-04
 1.5923657e-06 3.2288561e-04 1.9255119e-06 6.6676265e-13 2.9093546e-12]",./circuit_database/NGCC/result_folder/2025-0522-001831
NGCC,19209300.0,143.986,0.00105881,C2P_Simulator,2025-0522-001831,['NSGA-II'],"[2.3022198e-04 1.3905823e-06 5.7803933e-05 1.6436420e-06 3.0197715e-04
 7.5871498e-07 3.4369776e-04 1.2223309e-06 3.4557768e-05 1.0570136e-06
 8.1577346e-05 1.3862013e-06 7.8438577e-05 1.0277873e-06 8.1002450e-04
 8.5961824e-07 4.4381164e-04 1.3969179e-06 7.2852272e-04 1.1065107e-06
 7.1776292e-04 1.5309618e-06 5.1225600e-04 1.4472914e-06 1.9321944e-04
 1.2851339e-06 3.4635561e-04 1.9077254e-06 7.6018678e-13 2.7296327e-12]",./circuit_database/NGCC/result_folder/2025-0522-001831
NGCC,27162200.0,139.579,0.00103999,C2P_Simulator,2025-0522-001831,['NSGA-II'],"[2.1879456e-04 5.4935282e-07 8.6827145e-05 1.6428882e-06 2.9097471e-04
 7.3821838e-07 3.3342795e-04 9.2869629e-07 3.0156210e-05 1.4538016e-06
 7.4748241e-05 6.3729630e-07 2.6020559e-04 1.2893988e-06 6.3959265e-04
 6.2821357e-07 5.0153217e-04 1.7321088e-06 7.8228390e-04 7.0215395e-07
 6.3271518e-04 1.5630455e-06 6.6120981e-04 1.4794092e-06 1.9812277e-04
 1.1038331e-06 3.8460770e-04 1.0849202e-06 5.6886988e-13 2.6498157e-12]",./circuit_database/NGCC/result_folder/2025-0522-001831
NGCC,17758600.0,140.308,0.000757089,C2P_Simulator,2025-0522-001831,['NSGA-II'],"[5.1096501e-04 7.2467560e-07 1.1974048e-06 9.5305160e-07 5.6555250e-04
 6.6893307e-07 3.1661321e-04 1.2952240e-06 4.8880611e-05 8.3287358e-07
 6.8591849e-05 1.7262937e-06 5.3742295e-04 1.4437381e-06 7.0472853e-04
 6.8561621e-07 8.8471723e-05 5.4372180e-07 2.5302192e-04 7.5810232e-07
 3.0560326e-04 1.3404182e-06 1.6630755e-04 1.7760054e-06 3.5382368e-04
 1.6217484e-06 8.5773342e-04 1.4802417e-06 9.5522863e-13 2.1225805e-12]",./circuit_database/NGCC/result_folder/2025-0522-001831
NGCC,47435700.0,142.335,0.00264854,C2P_Simulator,2025-0522-001831,['NSGA-II'],"[4.7863703e-04 1.2425235e-06 4.7189661e-04 1.8101970e-06 4.2395125e-04
 7.3551223e-07 2.3798602e-04 1.3203251e-06 1.0118749e-04 1.6363618e-06
 1.6328282e-04 6.1927398e-07 4.6885890e-04 6.4749963e-07 3.3652614e-04
 5.2535955e-07 5.9876981e-04 7.5475640e-07 3.1995305e-04 1.8390241e-06
 1.8143830e-04 1.9796539e-06 7.9817249e-04 1.8503399e-06 2.0425665e-04
 1.6409463e-06 2.9782383e-04 1.8724498e-06 6.6676265e-13 2.9126022e-12]",./circuit_database/NGCC/result_folder/2025-0522-001831
NGCC,17264200.0,140.431,0.000789066,C2P_Simulator,2025-0522-001831,['NSGA-II'],"[5.0519872e-04 7.5244219e-07 1.3899486e-05 9.5305160e-07 5.6615751e-04
 6.6104104e-07 3.1440449e-04 1.3015149e-06 4.9105172e-05 8.2656879e-07
 6.6492124e-05 1.7262937e-06 5.3335907e-04 1.4523395e-06 7.0568733e-04
 6.7108152e-07 9.0514026e-05 5.4822294e-07 2.4686102e-04 7.5958150e-07
 3.2447473e-04 1.3419178e-06 1.7030169e-04 1.7720162e-06 3.6038156e-04
 1.6207346e-06 8.4843149e-04 1.5111289e-06 9.5088965e-13 2.1247778e-12]",./circuit_database/NGCC/result_folder/2025-0522-001831
NGCC,17021100.0,140.8,0.000793225,C2P_Simulator,2025-0522-001831,['NSGA-II'],"[5.2875624e-04 7.4345883e-07 1.5425072e-06 9.6322992e-07 5.8821170e-04
 6.9943184e-07 3.2993185e-04 1.3551269e-06 4.8441707e-05 8.1751301e-07
 6.7002322e-05 1.7276739e-06 5.3130300e-04 1.5592641e-06 7.0802664e-04
 6.0623586e-07 9.3902825e-05 5.4500003e-07 2.3354500e-04 7.9302049e-07
 2.9415774e-04 1.3396341e-06 1.4679947e-04 1.7795634e-06 3.7001664e-04
 1.6153016e-06 8.3654450e-04 1.4990372e-06 9.5328422e-13 2.1778863e-12]",./circuit_database/NGCC/result_folder/2025-0522-001831
NGCC,26353200.0,144.296,0.00248438,C2P_Simulator,2025-0522-002014,['NSGA-II'],"[2.0820227e-04 1.6475774e-06 3.3922491e-04 8.9792570e-07 3.7123982e-04
 7.8459652e-07 3.9007599e-04 1.4126495e-06 2.3545168e-05 1.2951492e-06
 8.5433865e-05 8.3512617e-07 1.2975061e-04 1.4559508e-06 6.7218853e-04
 8.3916939e-07 4.9701968e-04 1.8389259e-06 4.1281857e-04 7.8969617e-07
 6.5365992e-04 7.1166932e-07 5.5671169e-04 1.5280940e-06 6.6621404e-04
 8.3077384e-07 3.6256347e-04 1.2961849e-06 1.2483060e-12 2.7631740e-12]",./circuit_database/NGCC/result_folder/2025-0522-002014
NGCC,17653800.0,140.189,0.000750678,C2P_Simulator,2025-0522-002014,['NSGA-II'],"[5.0515664e-04 7.1665869e-07 1.1971483e-06 9.5327999e-07 5.7244912e-04
 6.5945244e-07 3.1553401e-04 1.3025895e-06 4.9015649e-05 8.3287358e-07
 6.8328416e-05 1.7262937e-06 5.3179072e-04 1.4437381e-06 6.9883070e-04
 6.9096421e-07 8.8471723e-05 5.4814467e-07 2.5302192e-04 7.5809965e-07
 2.9374287e-04 1.3355032e-06 1.7277147e-04 1.7922350e-06 3.4841703e-04
 1.6143484e-06 8.5996272e-04 1.4802417e-06 9.4766946e-13 2.1256254e-12]",./circuit_database/NGCC/result_folder/2025-0522-002014
NGCC,46795800.0,141.47,0.00248097,C2P_Simulator,2025-0522-002014,['NSGA-II'],"[4.9566594e-04 1.0609541e-06 4.5631459e-04 1.8947150e-06 4.3391116e-04
 6.4312468e-07 2.2511970e-04 1.2311264e-06 9.9162484e-05 1.6751040e-06
 1.6253846e-04 6.4685236e-07 4.5825038e-04 6.5908569e-07 3.5823204e-04
 5.1956403e-07 5.9706246e-04 7.6276740e-07 2.9244757e-04 1.8432152e-06
 1.8824435e-04 1.9601596e-06 7.7044655e-04 1.9176889e-06 1.7944044e-04
 1.6041575e-06 3.2288561e-04 1.9255119e-06 6.6676265e-13 2.9116904e-12]",./circuit_database/NGCC/result_folder/2025-0522-002014
NGCC,24939800.0,141.477,0.000921123,C2P_Simulator,2025-0522-002014,['NSGA-II'],"[1.7677600e-04 7.4428834e-07 1.5425072e-06 9.6322992e-07 2.3962594e-04
 6.9799148e-07 3.2993185e-04 1.2853806e-06 2.8256754e-05 1.5896204e-06
 1.0255004e-04 1.7269329e-06 5.3130300e-04 1.5592641e-06 7.0802664e-04
 6.7004817e-07 1.3025929e-04 5.8311281e-07 2.3354500e-04 9.8601220e-07
 2.9919139e-04 1.3302230e-06 1.4899307e-04 1.7795634e-06 3.7001664e-04
 1.6093393e-06 8.3654450e-04 1.4990372e-06 7.1063592e-13 2.1778863e-12]",./circuit_database/NGCC/result_folder/2025-0522-002014
NGCC,57056500.0,139.176,0.00521027,C2P_Simulator,2025-0522-002014,['NSGA-II'],"[5.0378282e-04 7.8769415e-07 2.7440477e-04 6.4202743e-07 3.7182178e-04
 7.8173946e-07 2.5909126e-04 1.1254106e-06 7.3121206e-05 1.6430157e-06
 1.7399857e-04 6.9401528e-07 3.9390882e-04 7.6956951e-07 2.3822290e-04
 5.4903256e-07 6.2434148e-04 6.8232276e-07 2.9410599e-04 1.6688316e-06
 1.2284347e-05 1.9758065e-06 8.0507796e-04 1.4290631e-06 2.9810492e-04
 1.2693813e-06 4.5189171e-04 1.8463279e-06 5.1337932e-13 2.5303531e-12]",./circuit_database/NGCC/result_folder/2025-0522-002014
NGCC,27927400.0,140.92,0.00118481,C2P_Simulator,2025-0522-002014,['NSGA-II'],"[2.6565726e-04 6.2929638e-07 5.7803933e-05 1.7967363e-06 2.6982301e-04
 8.8891397e-07 3.2294169e-04 1.2156218e-06 2.8098648e-05 1.2191830e-06
 7.7394492e-05 6.2342878e-07 2.6568989e-04 1.4324949e-06 6.5695454e-04
 9.7809084e-07 4.7424488e-04 1.4949713e-06 7.5035600e-04 7.2661152e-07
 6.7981431e-04 1.5723843e-06 6.4763986e-04 1.2879594e-06 2.3947054e-04
 9.7563668e-07 5.1674835e-04 1.1971499e-06 5.6530930e-13 2.6505183e-12]",./circuit_database/NGCC/result_folder/2025-0522-002014
NGCC,27949400.0,141.126,0.00122934,C2P_Simulator,2025-0522-002014,['NSGA-II'],"[1.8129470e-04 8.3971577e-07 5.7803933e-05 1.6960770e-06 2.2898502e-04
 7.6565959e-07 3.3463913e-04 9.2503825e-07 2.8014201e-05 1.5680780e-06
 8.7317894e-05 7.7308061e-07 4.3867953e-04 1.1453386e-06 6.5927795e-04
 6.6994312e-07 5.3716509e-04 1.8226091e-06 7.1541429e-04 9.8395981e-07
 7.5320021e-04 1.3406794e-06 6.4288103e-04 1.4192844e-06 2.4564512e-04
 8.9732418e-07 7.2105828e-04 1.0681837e-06 7.1016332e-13 2.7076696e-12]",./circuit_database/NGCC/result_folder/2025-0522-002014
NGCC,45086100.0,143.623,0.00299606,C2P_Simulator,2025-0522-002014,['NSGA-II'],"[4.9614540e-04 1.1350319e-06 5.7893939e-04 1.6490582e-06 4.8193819e-04
 1.1401872e-06 3.3783601e-04 1.3201236e-06 7.5598567e-05 1.5073982e-06
 1.7986653e-04 9.2125867e-07 4.9999327e-04 5.9069703e-07 3.5791475e-04
 5.5140953e-07 6.3869735e-04 7.4589417e-07 2.9897262e-04 1.6688316e-06
 3.0428614e-04 1.8850243e-06 8.0297457e-04 1.7198852e-06 3.4575793e-04
 1.6540350e-06 4.2202941e-04 1.9320044e-06 6.6009405e-13 2.9261333e-12]",./circuit_database/NGCC/result_folder/2025-0522-002014
NGCC,7269800.0,144.543,0.000843113,C2P_Simulator,2025-0522-002209,['NSGA-II'],"[7.0974021e-04 1.6910457e-06 9.7028824e-05 1.4856864e-06 5.3198903e-04
 1.0885313e-06 3.0427487e-04 1.1331983e-06 4.1431552e-04 1.1551157e-06
 3.2263819e-05 1.7877436e-06 3.2552722e-04 1.3090882e-06 5.2187144e-04
 5.6483839e-07 1.7243133e-04 1.4084021e-06 1.8876481e-04 6.2292452e-07
 7.7970972e-04 1.8456005e-06 3.3345929e-04 1.6073774e-06 2.7730758e-04
 1.7392306e-06 4.7038944e-04 1.7618202e-06 5.8576738e-13 2.6217472e-12]",./circuit_database/NGCC/result_folder/2025-0522-002209
NGCC,19051600.0,143.646,0.00104252,C2P_Simulator,2025-0522-002209,['NSGA-II'],"[2.3022198e-04 1.3905823e-06 5.7491510e-05 1.6471391e-06 2.4393479e-04
 7.5863568e-07 3.4368559e-04 1.2223309e-06 3.4557768e-05 1.2248669e-06
 8.1061567e-05 1.3862013e-06 7.8438577e-05 1.0277873e-06 8.0979540e-04
 1.0436909e-06 4.3998583e-04 1.3969179e-06 7.3836278e-04 1.1065107e-06
 7.1776292e-04 1.5309618e-06 5.1225600e-04 1.4472914e-06 1.9321944e-04
 1.2847202e-06 3.4585918e-04 1.2519388e-06 7.5974535e-13 2.7296327e-12]",./circuit_database/NGCC/result_folder/2025-0522-002209
NGCC,16650000.0,143.423,0.000764072,C2P_Simulator,2025-0522-002209,['NSGA-II'],"[1.7964748e-04 1.6730289e-06 8.3409341e-06 9.4146969e-07 5.3268840e-04
 6.8630072e-07 3.2202227e-04 9.1960419e-07 2.7973896e-05 1.1492396e-06
 6.3435880e-05 1.7296738e-06 4.7307741e-04 1.4814959e-06 5.1660137e-04
 6.8368297e-07 8.5811953e-05 5.9077291e-07 1.9267680e-04 8.0926935e-07
 7.5490872e-04 1.3439555e-06 3.3537211e-04 1.7625960e-06 3.7033035e-04
 1.7376392e-06 8.8742631e-04 1.7728901e-06 1.0098499e-12 2.1503506e-12]",./circuit_database/NGCC/result_folder/2025-0522-002209
NGCC,28047400.0,140.593,0.00112921,C2P_Simulator,2025-0522-002209,['NSGA-II'],"[2.1891626e-04 5.7459584e-07 8.6827145e-05 1.6428882e-06 2.9097471e-04
 7.3821838e-07 3.3342795e-04 9.3511289e-07 3.0156210e-05 1.4538016e-06
 7.4748241e-05 5.9600939e-07 2.6020559e-04 1.2893988e-06 8.4339158e-04
 6.2821357e-07 5.0298165e-04 1.3792560e-06 7.8228390e-04 7.0215395e-07
 6.3271518e-04 1.5625797e-06 4.9831689e-04 1.4794092e-06 1.9325629e-04
 1.2745384e-06 3.8574930e-04 1.8930887e-06 5.6886988e-13 2.6498157e-12]",./circuit_database/NGCC/result_folder/2025-0522-002209
NGCC,25423000.0,144.605,0.00280281,C2P_Simulator,2025-0522-002209,['NSGA-II'],"[2.0820227e-04 1.7283550e-06 3.3922491e-04 8.8934053e-07 3.8822606e-04
 8.9317774e-07 3.9007599e-04 1.4126495e-06 2.3629615e-05 1.2948492e-06
 8.5433865e-05 9.0085257e-07 1.2929089e-04 1.4559508e-06 6.6729367e-04
 9.7196028e-07 6.3270779e-04 1.4955810e-06 3.9955587e-04 7.8969617e-07
 6.3238654e-04 7.1841498e-07 5.5671169e-04 1.4000929e-06 6.6621404e-04
 8.3077384e-07 3.6256347e-04 1.8848916e-06 1.2483060e-12 2.7631740e-12]",./circuit_database/NGCC/result_folder/2025-0522-002209
NGCC,45783500.0,143.708,0.00302083,C2P_Simulator,2025-0522-002209,['NSGA-II'],"[5.09433274e-04 1.50837377e-06 7.94186955e-04 1.70231044e-06
 4.24302707e-04 8.22551158e-07 2.05663775e-04 1.12629425e-06
 8.54934406e-05 1.47758476e-06 1.65120160e-04 6.94980372e-07
 4.66053607e-04 7.19736079e-07 6.92763657e-04 5.52539802e-07
 6.83158287e-04 8.31791965e-07 1.08141314e-04 1.85330839e-06
 2.59360764e-04 1.98585167e-06 8.04671727e-04 1.84618204e-06
 2.82164314e-04 1.14618854e-06 4.19639022e-04 1.44587989e-06
 5.49016887e-13 2.92172536e-12]",./circuit_database/NGCC/result_folder/2025-0522-002209
NGCC,27907100.0,141.408,0.00117942,C2P_Simulator,2025-0522-002209,['NSGA-II'],"[2.4326563e-04 7.8910676e-07 8.2524661e-05 1.6048824e-06 3.1772480e-04
 7.4751932e-07 3.3007725e-04 1.2223309e-06 2.9895908e-05 1.4337417e-06
 7.6920478e-05 6.4735354e-07 2.0823692e-05 1.0168153e-06 8.6144992e-04
 7.5249346e-07 4.4381164e-04 1.7419480e-06 6.7922316e-04 6.5366339e-07
 4.6501704e-04 1.6535129e-06 7.1050128e-04 1.4348949e-06 2.8704965e-04
 9.9903298e-07 4.5480861e-04 9.0139878e-07 5.4900285e-13 2.6388809e-12]",./circuit_database/NGCC/result_folder/2025-0522-002209
NGCC,26768200.0,143.777,0.00108462,C2P_Simulator,2025-0522-002209,['NSGA-II'],"[2.0162124e-04 1.6266954e-06 4.0996962e-05 1.6402794e-06 2.9460381e-04
 6.8585518e-07 3.3342795e-04 9.2869629e-07 3.0156210e-05 1.4538016e-06
 7.4748241e-05 6.3798439e-07 5.0665770e-04 1.2972311e-06 6.3959265e-04
 6.2821357e-07 5.0311134e-04 1.7321088e-06 7.4808282e-04 8.1094157e-07
 6.3271518e-04 1.3286684e-06 6.6190935e-04 1.4634519e-06 1.9860543e-04
 1.1038331e-06 8.4724190e-04 1.8157974e-06 5.6886988e-13 2.6498157e-12]",./circuit_database/NGCC/result_folder/2025-0522-002209
NGCC,49454200.0,143.149,0.00317877,C2P_Simulator,2025-0522-002209,['NSGA-II'],"[4.9836974e-04 1.2007571e-06 4.8461746e-04 1.7575385e-06 4.2652016e-04
 9.0034479e-07 3.9108712e-04 1.4118779e-06 8.4936109e-05 1.4315774e-06
 1.6153048e-04 6.2413153e-07 4.6645073e-04 6.3670780e-07 3.2809476e-04
 5.2099875e-07 6.1321119e-04 1.4954404e-06 8.4713229e-04 7.2001609e-07
 6.9940824e-04 1.9796539e-06 5.4711773e-04 1.8213811e-06 6.6733814e-04
 8.3432201e-07 3.0243528e-04 1.9506663e-06 6.2310405e-13 2.9141795e-12]",./circuit_database/NGCC/result_folder/2025-0522-002209
NGCC,44170300.0,144.689,0.00347642,C2P_Simulator,2025-0522-002209,['NSGA-II'],"[6.2256289e-04 1.3422776e-06 9.2226802e-04 1.5179054e-06 3.5186944e-04
 1.0661330e-06 4.2362136e-04 1.7572244e-06 1.0785034e-04 1.2300403e-06
 1.7094216e-04 9.0101406e-07 3.2899794e-04 7.7034537e-07 8.2997116e-04
 6.2628720e-07 6.3843717e-04 8.2648614e-07 7.7221100e-04 6.5040143e-07
 6.0085661e-04 1.9292856e-06 9.5758209e-04 1.4220291e-06 5.3494057e-04
 1.3538071e-06 1.8534996e-04 1.8598236e-06 8.4004375e-13 2.9389154e-12]",./circuit_database/NGCC/result_folder/2025-0522-002209
NGCC,23507900.0,144.394,0.00160777,C2P_Simulator,2025-0522-002209,['NSGA-II'],"[9.5138635e-04 1.1590034e-06 3.5385840e-04 1.5943667e-06 3.6167627e-04
 1.4015080e-06 3.1413644e-04 1.0939318e-06 1.1771177e-04 1.0776540e-06
 8.0437625e-05 7.9436188e-07 1.6121629e-04 7.2881113e-07 5.3711049e-04
 6.1762012e-07 4.5014085e-04 1.0699649e-06 5.1400030e-04 1.6197923e-06
 7.7970850e-04 1.8784600e-06 2.3583007e-04 1.4070686e-06 3.0552468e-04
 1.8078688e-06 5.6148652e-04 1.7085748e-06 8.9649414e-13 2.9660445e-12]",./circuit_database/NGCC/result_folder/2025-0522-002209
NGCC,9686220.0,142.69,0.000761939,C2P_Simulator,2025-0522-002346,['NSGA-II'],"[7.0974021e-04 1.1172766e-06 9.7028824e-05 1.4998185e-06 2.3916471e-04
 1.0930361e-06 3.2858390e-04 1.2600551e-06 4.1431552e-04 1.1551157e-06
 3.4006542e-05 9.8341434e-07 3.2779537e-04 1.3165986e-06 5.2187144e-04
 8.6826179e-07 1.4819880e-04 1.4084021e-06 2.1232269e-04 6.2292452e-07
 7.7762612e-04 1.8423558e-06 3.3345929e-04 1.6073774e-06 2.7730758e-04
 1.7392306e-06 4.7038944e-04 1.7618202e-06 6.6522336e-13 2.8633272e-12]",./circuit_database/NGCC/result_folder/2025-0522-002346
NGCC,29599100.0,142.821,0.00126472,C2P_Simulator,2025-0522-002346,['NSGA-II'],"[2.0820227e-04 1.1604013e-06 3.3922491e-04 9.7874977e-07 3.6977415e-04
 7.2154381e-07 3.4532463e-04 1.2267624e-06 2.3518089e-05 1.2951492e-06
 8.5433865e-05 6.2311693e-07 1.9293360e-05 1.5067154e-06 6.7151751e-04
 9.7337715e-07 4.9960008e-04 1.7380868e-06 4.3041192e-04 7.8830749e-07
 4.5503763e-04 6.9550140e-07 8.1356103e-04 1.4372172e-06 1.5837971e-04
 1.6254988e-06 3.6256347e-04 1.2816499e-06 6.1067162e-13 2.7631740e-12]",./circuit_database/NGCC/result_folder/2025-0522-002346
NGCC,30024500.0,144.587,0.00260125,C2P_Simulator,2025-0522-002346,['NSGA-II'],"[2.0820227e-04 1.7283550e-06 3.3922491e-04 8.8934053e-07 3.7123982e-04
 8.9319525e-07 3.9007599e-04 1.4126495e-06 1.9496321e-05 1.2951492e-06
 8.5433865e-05 6.2311693e-07 1.2931981e-04 1.4559508e-06 6.7218853e-04
 9.7196028e-07 4.9701968e-04 1.4980388e-06 4.0415543e-04 7.8969617e-07
 6.5365992e-04 7.1166932e-07 5.5671169e-04 1.2864441e-06 6.6621404e-04
 8.3077384e-07 3.6256347e-04 1.2961849e-06 1.2483060e-12 2.7631740e-12]",./circuit_database/NGCC/result_folder/2025-0522-002346
NGCC,16435500.0,144.457,0.00116642,C2P_Simulator,2025-0522-002346,['NSGA-II'],"[3.8241255e-04 1.6762122e-06 5.1645449e-05 1.8274466e-06 5.3480809e-04
 7.1181893e-07 3.0456303e-04 1.1338844e-06 3.7896156e-05 1.4328790e-06
 8.0136473e-05 1.7926238e-06 6.0578954e-04 6.3774291e-07 7.9950865e-04
 6.0167520e-07 5.1588501e-04 1.7402645e-06 7.7970384e-04 5.3593351e-07
 3.7044307e-04 1.5591354e-06 6.5799709e-04 1.4472914e-06 2.7207367e-04
 1.1950879e-06 6.3406519e-04 1.4496565e-06 5.8583314e-13 2.6214439e-12]",./circuit_database/NGCC/result_folder/2025-0522-002346
NGCC,58083400.0,139.569,0.00543343,C2P_Simulator,2025-0522-002346,['NSGA-II'],"[5.0378282e-04 9.7007830e-07 2.7440477e-04 6.9346646e-07 3.7182178e-04
 7.8173946e-07 2.6229877e-04 1.1271358e-06 7.3121206e-05 1.6430157e-06
 1.7399857e-04 6.5872848e-07 3.9390882e-04 7.6956951e-07 2.3822290e-04
 5.4903256e-07 6.3961063e-04 6.8073126e-07 2.9800556e-04 1.6688316e-06
 1.2284347e-05 1.9758065e-06 8.0507796e-04 1.4295105e-06 2.9810492e-04
 1.2920759e-06 5.0353707e-04 1.8463279e-06 5.1337932e-13 2.5404106e-12]",./circuit_database/NGCC/result_folder/2025-0522-002346
NGCC,24134100.0,144.2,0.00128347,C2P_Simulator,2025-0522-002346,['NSGA-II'],"[2.7062814e-04 1.8014678e-06 1.5025756e-04 1.6742847e-06 1.9866069e-04
 7.4785027e-07 3.3007725e-04 1.3166651e-06 2.8533972e-05 1.1582002e-06
 8.1577346e-05 9.7603993e-07 1.3084264e-04 9.7702264e-07 8.6212094e-04
 7.4097846e-07 4.4123121e-04 1.7401328e-06 6.7922316e-04 1.0189378e-06
 6.6363928e-04 1.6697732e-06 7.1050128e-04 1.2841218e-06 2.8681936e-04
 1.0200696e-06 5.6884426e-04 9.1593387e-07 1.1877784e-12 2.6388809e-12]",./circuit_database/NGCC/result_folder/2025-0522-002346
NGCC,26353600.0,144.301,0.00248533,C2P_Simulator,2025-0522-002346,['NSGA-II'],"[2.0820227e-04 1.6475774e-06 3.3922491e-04 8.9792570e-07 3.7123982e-04
 7.8457902e-07 3.9007599e-04 1.4126495e-06 2.3626199e-05 1.2951492e-06
 8.5433865e-05 8.3512617e-07 1.2972167e-04 1.4559508e-06 6.7218853e-04
 8.3916939e-07 4.9701968e-04 1.8364678e-06 4.1255559e-04 7.8969617e-07
 6.5365992e-04 7.1166932e-07 5.5671169e-04 1.5280940e-06 6.6621404e-04
 8.3077384e-07 3.6256347e-04 1.3048320e-06 1.2483060e-12 2.7631740e-12]",./circuit_database/NGCC/result_folder/2025-0522-002346
NGCC,55649800.0,140.919,0.00332825,C2P_Simulator,2025-0522-002515,['NSGA-II'],"[5.0378282e-04 9.9864531e-07 2.7440477e-04 1.5209832e-06 3.7182178e-04
 7.8222951e-07 2.6229877e-04 1.3226361e-06 7.3121206e-05 1.6430157e-06
 1.6813101e-04 6.5872848e-07 3.9502434e-04 7.6956951e-07 2.0515651e-04
 5.3418222e-07 6.3961063e-04 6.7881638e-07 2.9800556e-04 8.2746067e-07
 6.4995847e-06 1.9758065e-06 8.0507796e-04 1.4295105e-06 3.2751175e-04
 1.3302687e-06 4.7278457e-04 1.7783534e-06 5.1337932e-13 2.5404106e-12]",./circuit_database/NGCC/result_folder/2025-0522-002515
NGCC,12287300.0,145.557,0.00113433,C2P_Simulator,2025-0522-002515,['NSGA-II'],"[4.8639707e-04 1.3858169e-06 5.5221575e-05 1.4856864e-06 5.3198903e-04
 1.0885313e-06 3.4379627e-04 1.3155870e-06 3.4928074e-05 1.1718578e-06
 3.2263819e-05 6.1455029e-07 3.1237089e-04 1.2864707e-06 5.1793997e-04
 7.8816771e-07 2.3955887e-04 1.3964227e-06 9.0054644e-04 7.7914035e-07
 7.1735086e-04 1.6021760e-06 3.3345929e-04 1.6099400e-06 6.3014182e-04
 1.7392306e-06 4.7216684e-04 1.7446787e-06 5.9347162e-13 2.7180129e-12]",./circuit_database/NGCC/result_folder/2025-0522-002515
NGCC,13200000.0,145.515,0.00117576,C2P_Simulator,2025-0522-002515,['NSGA-II'],"[4.9678644e-04 1.6105308e-06 5.5221575e-05 6.5832785e-07 5.3198903e-04
 1.0880414e-06 3.0262140e-04 1.1231417e-06 7.6728757e-05 1.1718578e-06
 3.8139238e-05 6.2352649e-07 3.2441170e-04 1.2864707e-06 5.5202917e-04
 7.8864588e-07 2.3955887e-04 1.4103382e-06 9.0054644e-04 1.6205147e-06
 9.0463535e-04 1.6021760e-06 3.3345929e-04 1.6099400e-06 6.0073496e-04
 1.7010378e-06 5.0291937e-04 1.8397720e-06 5.9000005e-13 2.9115304e-12]",./circuit_database/NGCC/result_folder/2025-0522-002515
NGCC,49661200.0,140.744,0.00287054,C2P_Simulator,2025-0522-002714,['NSGA-II'],"[5.1779504e-04 7.5767196e-07 2.7487136e-04 8.9945848e-07 3.3948888e-04
 7.8083224e-07 9.6437434e-04 1.0501711e-06 7.4271527e-05 8.7052820e-07
 1.6932402e-04 9.3733638e-07 3.9631574e-04 5.7271052e-07 4.9488910e-04
 5.8307376e-07 4.9168133e-04 1.4881457e-06 9.0204837e-04 1.7242498e-06
 9.4236486e-05 1.9694494e-06 1.8498310e-04 1.4276873e-06 3.5872738e-04
 1.6677421e-06 1.5940974e-04 1.8447543e-06 6.2702534e-13 2.7752061e-12]",./circuit_database/NGCC/result_folder/2025-0522-002714
NGCC,60585000.0,137.003,0.0102928,C2P_Simulator,2025-0522-002714,['NSGA-II'],"[2.7409353e-04 9.7007830e-07 2.7440477e-04 6.9346646e-07 3.8061626e-04
 7.8173946e-07 4.1795635e-04 1.1271358e-06 7.3121206e-05 1.6470337e-06
 1.7399857e-04 6.5872848e-07 3.9390882e-04 7.6976028e-07 6.8818440e-04
 5.4903256e-07 6.3943746e-04 6.8360248e-07 2.9742261e-04 6.9066925e-07
 1.2284347e-05 1.8168054e-06 8.0506451e-04 1.7649423e-06 2.7740927e-04
 1.2728144e-06 5.0353707e-04 1.8463279e-06 5.1337932e-13 2.5404106e-12]",./circuit_database/NGCC/result_folder/2025-0522-002714
NGCC,17375600.0,144.975,0.00202166,C2P_Simulator,2025-0522-002714,['NSGA-II'],"[5.09066042e-04 1.51984966e-06 5.80123451e-04 1.70215901e-06
 3.88881279e-04 1.26626389e-06 1.89937593e-04 1.04702087e-06
 1.16281444e-04 1.34647212e-06 6.55024705e-05 1.69976499e-06
 2.87653675e-04 6.91080572e-07 8.90510506e-04 6.87437705e-07
 3.29235452e-04 7.51910534e-07 4.83989395e-04 1.61957075e-06
 7.13055953e-04 1.78666664e-06 9.31532122e-04 1.79412223e-06
 3.67636094e-04 1.48086360e-06 2.34636158e-04 1.81564610e-06
 9.45421584e-13 2.09983268e-12]",./circuit_database/NGCC/result_folder/2025-0522-002714
NGCC,11601200.0,146.938,0.000844534,C2P_Simulator,2025-0522-002830,['NSGA-II'],"[5.1551178e-04 1.6407827e-06 5.3553606e-05 1.4856864e-06 5.6455069e-04
 1.2555707e-06 2.9370116e-04 1.3186420e-06 7.6728757e-05 1.1718578e-06
 3.2263819e-05 6.2174820e-07 3.2552722e-04 7.0090636e-07 5.1763782e-04
 6.9694897e-07 8.0164435e-05 1.4084021e-06 9.1185124e-04 7.8610310e-07
 8.6666882e-04 1.3214362e-06 3.3807525e-04 1.4072101e-06 6.0829840e-04
 1.7381061e-06 1.7921475e-04 1.8150921e-06 6.3250555e-13 2.8588100e-12]",./circuit_database/NGCC/result_folder/2025-0522-002830
NGCC,18973000.0,143.586,0.000805792,C2P_Simulator,2025-0522-003102,['NSGA-II'],"[5.0879584e-04 1.4515974e-06 3.9682051e-05 6.7028498e-07 5.3144892e-04
 6.9336801e-07 3.3796916e-04 1.3076951e-06 7.0670299e-05 7.2513609e-07
 5.4233151e-05 6.9418422e-07 1.1300785e-04 7.7417366e-07 7.0759526e-04
 5.6470134e-07 8.2730257e-05 5.9575990e-07 2.9605656e-04 1.7164791e-06
 3.0370531e-04 1.3339431e-06 4.5190938e-04 1.8993508e-06 3.7790119e-04
 1.7356863e-06 8.6836738e-04 1.8024044e-06 5.5226944e-13 2.6712738e-12]",./circuit_database/NGCC/result_folder/2025-0522-003102
NMCNR,262717.0,124.893,7.67107e-06,-10.534632230416443,2025-0521-151153,"[1, 1, 1]","[4.97691137e-04 1.00625128e-06 3.40391057e-04 1.25703256e-06
 2.19940404e-04 1.80274258e-06 2.80797747e-05 1.51712444e-06
 7.67201223e-04 1.45312481e-06 3.53556939e-04 1.31684995e-06
 2.31455966e-04 1.43950358e-06 3.06883460e-04 1.65710980e-06
 8.26726020e-04 1.58465938e-06 5.12571512e-04 8.45194455e-07
 5.00203088e-04 7.46155231e-07 9.74225414e-04 1.71611834e-06
 1.58448568e-12 2.66383350e-12 1.85831287e+04]",./circuit_database/NMCNR/result_folder/2025-0521-151153
NMCNR,253495.0,124.61,7.58514e-06,-10.524005796587465,2025-0521-151232,"[1, 1, 1]","[5.04078203e-04 9.69165519e-07 2.13491195e-04 1.50824327e-06
 2.11580019e-04 1.61839504e-06 9.86109737e-05 1.40931968e-06
 5.65479247e-04 1.62001747e-06 3.80487728e-04 1.37576002e-06
 2.23282346e-04 1.32382104e-06 3.30401073e-04 1.65026963e-06
 7.12406753e-04 1.50818004e-06 4.91514761e-04 8.78443455e-07
 4.30946543e-04 9.65597858e-07 8.65225824e-04 1.67133493e-06
 1.45053354e-12 2.66191907e-12 1.95884805e+04]",./circuit_database/NMCNR/result_folder/2025-0521-151232
NMCNR,249857.0,124.483,7.24635e-06,-10.537572214447975,2025-0521-151232,"[1, 1, 1]","[5.23350023e-04 9.39427163e-07 2.79368352e-04 1.50111064e-06
 1.07105953e-04 1.51358254e-06 5.07902581e-05 1.54793517e-06
 5.06600788e-04 1.37988900e-06 3.80337704e-04 1.46016344e-06
 2.20428221e-04 1.34383329e-06 3.34900443e-04 1.68664925e-06
 7.46319111e-04 1.45391075e-06 4.53283167e-04 1.01951973e-06
 4.28802600e-04 9.57849474e-07 9.74225414e-04 1.79566354e-06
 1.27469938e-12 2.72115153e-12 1.85534178e+04]",./circuit_database/NMCNR/result_folder/2025-0521-151232
NMCNR,269008.0,125.123,7.71731e-06,-10.542299249666078,2025-0521-151242,"[1, 1, 1]","[5.07757497e-04 9.46214283e-07 2.10070734e-04 1.43890893e-06
 1.48649729e-04 1.61839504e-06 8.43332292e-05 1.40561158e-06
 5.82280228e-04 1.64948988e-06 3.60323420e-04 1.40610492e-06
 2.25202747e-04 1.32936583e-06 3.32102298e-04 1.66828407e-06
 7.14004593e-04 1.46554264e-06 4.89796331e-04 1.11117109e-06
 4.08600321e-04 1.12487443e-06 8.97637960e-04 1.60538929e-06
 1.39341803e-12 2.69081791e-12 1.81139626e+04]",./circuit_database/NMCNR/result_folder/2025-0521-151242
NMCNR,204897.0,122.759,5.03749e-06,-10.609321402698601,2025-0521-151620,"[1, 1, 1]","[5.12788022e-04 9.54736009e-07 2.77809371e-04 1.36252376e-06
 1.81304210e-04 1.57853298e-06 3.57488318e-05 1.47738722e-06
 6.59030075e-04 1.50239614e-06 4.33008599e-04 1.25046013e-06
 2.18771454e-04 1.34322504e-06 4.15594800e-04 1.64916134e-06
 7.59529364e-04 1.49614741e-06 4.90144606e-04 9.53877357e-07
 4.34648419e-04 9.63733203e-07 9.37641769e-04 1.74978437e-06
 1.32614956e-12 2.69118423e-12 1.73690975e+04]",./circuit_database/NMCNR/result_folder/2025-0521-151620
NMCNR,223652.0,123.508,5.06868e-06,-10.644677912330065,2025-0521-151650,"[1, 1, 1]","[4.91515210e-04 9.69537590e-07 2.44428719e-04 1.34300371e-06
 3.24272550e-04 1.67392702e-06 2.11747185e-05 1.39874597e-06
 6.50042300e-04 1.50240281e-06 4.67724999e-04 1.46126905e-06
 2.26952664e-04 1.20504756e-06 3.84906656e-04 1.71155057e-06
 7.63015252e-04 1.53975479e-06 4.85403402e-04 9.99729717e-07
 4.10810861e-04 9.58798122e-07 7.99023734e-04 1.75635229e-06
 1.15918288e-12 2.70072892e-12 1.98500539e+04]",./circuit_database/NMCNR/result_folder/2025-0521-151650
NMCNR,248203.0,124.399,5.57458e-06,-10.648594874121544,2025-0521-151659,"[1, 1, 1]","[5.08317622e-04 9.51359958e-07 2.47194666e-04 1.35884923e-06
 2.26161487e-04 1.74778762e-06 1.63610571e-05 1.42268237e-06
 6.45599934e-04 1.51850096e-06 4.36335336e-04 1.41507462e-06
 2.38413005e-04 1.22299004e-06 3.81917571e-04 1.70591515e-06
 7.63793843e-04 1.52433614e-06 4.79344873e-04 9.38322357e-07
 4.27614737e-04 8.76672833e-07 8.73513638e-04 1.78404209e-06
 1.09370796e-12 2.65780486e-12 1.94499349e+04]",./circuit_database/NMCNR/result_folder/2025-0521-151659
NMCNR,236745.0,123.997,5.1226e-06,-10.664790370407657,2025-0521-151719,"[1, 1, 1]","[4.96545880e-04 9.62574852e-07 2.50792921e-04 1.35274378e-06
 2.49198547e-04 1.67576418e-06 1.99367390e-05 1.43948043e-06
 6.33832755e-04 1.47858036e-06 4.54257110e-04 1.41123273e-06
 2.38109015e-04 1.23862188e-06 3.91876838e-04 1.69296340e-06
 7.51436609e-04 1.50488206e-06 4.75745536e-04 9.38322357e-07
 3.80945245e-04 9.34132008e-07 8.65554426e-04 1.73196223e-06
 1.12587188e-12 2.66016419e-12 1.93224480e+04]",./circuit_database/NMCNR/result_folder/2025-0521-151719
NMCNR,242506.0,124.208,5.27242e-06,-10.662712489453922,2025-0521-151729,"[1, 1, 1]","[4.87308857e-04 9.69787073e-07 2.59908274e-04 1.33438267e-06
 2.52051918e-04 1.67576418e-06 2.51064452e-05 1.45331764e-06
 6.28836705e-04 1.47858036e-06 4.42420727e-04 1.39848719e-06
 2.38818895e-04 1.24183438e-06 3.82411037e-04 1.68354244e-06
 7.51436609e-04 1.49357340e-06 4.86943390e-04 9.38322357e-07
 3.72955266e-04 9.35821657e-07 8.68776891e-04 1.71618356e-06
 1.08990756e-12 2.66016419e-12 1.92545271e+04]",./circuit_database/NMCNR/result_folder/2025-0521-151729
NMCNR,231681.0,123.817,5.0836e-06,-10.65871904803063,2025-0521-151729,"[1, 1, 1]","[4.96414981e-04 9.49960222e-07 2.50863191e-04 1.36892623e-06
 2.49198547e-04 1.67576418e-06 2.74430472e-05 1.45413212e-06
 6.47294409e-04 1.48955724e-06 4.54500691e-04 1.40106288e-06
 2.36611108e-04 1.25343919e-06 4.00516033e-04 1.68113726e-06
 7.51436609e-04 1.49403660e-06 4.68635055e-04 9.26697075e-07
 3.80945245e-04 9.34179757e-07 8.57845404e-04 1.73196223e-06
 1.14836617e-12 2.68272343e-12 1.93224480e+04]",./circuit_database/NMCNR/result_folder/2025-0521-151729
NMCNR,835609.0,134.134,2.8421e-05,-3.2263169926138238,2025-0521-152127,"[1, 0, -1]","[1.56013968e-04 7.99062436e-07 4.72112585e-04 1.17903609e-06
 4.36902702e-05 6.71681410e-07 4.08150002e-04 1.87354963e-06
 3.96758237e-04 7.24977178e-07 1.42148337e-04 1.66342633e-06
 1.16453979e-04 1.67172914e-06 6.95842009e-05 1.20386390e-06
 5.38338220e-04 1.16449497e-06 5.79184780e-04 5.86791050e-07
 4.70497807e-04 9.83238383e-07 7.49406821e-04 1.79388511e-06
 1.70920225e-12 9.27790438e-13 1.18689792e+04]",./circuit_database/NMCNR/result_folder/2025-0521-152127
NMCNR,2390690.0,140.256,0.000255233,-3.427588118169249,2025-0521-152213,"[1, 0, -1]","[7.06941214e-04 1.33455094e-06 8.52445717e-04 1.42161118e-06
 6.84438753e-04 1.21365590e-06 3.91631384e-04 1.55783893e-06
 6.81757024e-04 7.52187178e-07 3.54638883e-05 1.10053328e-06
 2.50079857e-04 8.44865350e-07 4.46115762e-05 1.17908958e-06
 4.30238791e-04 1.35486268e-06 3.39235196e-04 8.39954489e-07
 3.05987191e-04 9.81491471e-07 7.42358126e-04 1.64613546e-06
 1.17322787e-12 2.74830866e-12 4.90031067e+03]",./circuit_database/NMCNR/result_folder/2025-0521-152213
NMCNR,6150150.0,140.258,0.00065094,-3.785744048510885,2025-0521-152213,"[1, 0, -1]","[5.33080203e-04 1.32478160e-06 4.30084517e-04 1.74492215e-06
 5.28652989e-04 1.09449914e-06 4.21954685e-04 1.83894687e-06
 2.64900845e-04 7.52187178e-07 4.34430576e-05 1.15050856e-06
 7.01164152e-04 1.19003955e-06 1.06152056e-05 9.82012168e-07
 4.86717887e-04 1.60301613e-06 3.39235196e-04 8.39954489e-07
 3.05987191e-04 1.15707856e-06 7.87858962e-04 1.19289623e-06
 1.22343527e-12 1.79314254e-12 5.00248668e+03]",./circuit_database/NMCNR/result_folder/2025-0521-152213
NMCNR,3402640.0,142.394,0.000657141,-3.474712776658241,2025-0521-152240,"[1, 0, -1]","[9.43972693e-04 1.17493231e-06 6.18563670e-05 6.25360504e-07
 4.33526777e-04 1.49979940e-06 3.63151298e-05 1.98664394e-06
 1.81426450e-04 1.25692823e-06 4.36166493e-05 1.85878059e-06
 1.59339413e-04 6.08476907e-07 4.18226312e-05 1.73906215e-06
 4.84291296e-04 1.79445033e-06 7.15315320e-04 1.18052752e-06
 6.39634441e-04 5.32060151e-07 5.63733747e-04 1.68018529e-06
 9.04296815e-13 1.39387495e-12 4.75498297e+03]",./circuit_database/NMCNR/result_folder/2025-0521-152240
NMCNR,2805070.0,138.742,0.000237989,-3.5385151512170983,2025-0521-152634,"[1, 0, -1]","[8.19158783e-04 1.33006367e-06 2.28559248e-04 1.04309756e-06
 4.37924215e-04 9.60597262e-07 4.88046274e-04 1.71971193e-06
 2.40836870e-04 1.15720542e-06 7.33659364e-05 1.40849736e-06
 1.32349264e-04 6.69051565e-07 6.79403786e-05 1.24960961e-06
 5.75969200e-04 1.49701667e-06 7.35350307e-04 8.77799671e-07
 4.41875809e-04 8.48183975e-07 3.57822260e-04 6.59245195e-07
 9.89145149e-13 7.11831775e-13 5.36649901e+03]",./circuit_database/NMCNR/result_folder/2025-0521-152634
NMCNR,825217.0,134.259,1.53273e-05,-5.243256837619031,2025-0521-153512,"[0, -1, 1]","[9.64842519e-04 1.16396153e-06 3.72914369e-04 1.05340105e-06
 1.45499744e-04 7.30720686e-07 2.40745362e-04 1.85315818e-06
 3.41992226e-04 1.45894034e-06 6.87846725e-04 5.82039621e-07
 7.72371452e-04 1.11638972e-06 5.45239799e-05 1.14743014e-06
 5.82213165e-04 1.50500411e-06 5.69919469e-04 1.40746702e-06
 3.28530306e-04 5.59893348e-07 4.75409022e-04 9.65778870e-07
 1.46953123e-12 1.01486890e-12 1.93632372e+04]",./circuit_database/NMCNR/result_folder/2025-0521-153512
NMCNR,101872.0,116.696,3.63758e-06,-5.791840837160038,2025-0521-154118,"[0, -1, 1]","[7.06912280e-04 1.97303406e-06 3.62800063e-04 8.09714250e-07
 7.04391576e-05 1.62336269e-06 4.24198326e-05 1.45875317e-06
 5.58480816e-04 1.10936856e-06 9.67061552e-04 5.65662524e-07
 3.37691014e-04 1.06459252e-06 1.08118432e-04 1.00948403e-06
 7.09249015e-04 1.85339254e-06 6.75162895e-04 9.11656067e-07
 4.41716216e-04 6.81276202e-07 6.00765832e-04 1.80367710e-06
 2.00612913e-12 2.97610235e-12 3.89002858e+03]",./circuit_database/NMCNR/result_folder/2025-0521-154118
NMCNR,138304.0,119.35,3.94555e-06,-5.766352246760609,2025-0521-154207,"[0, -1, 1]","[7.90140367e-04 1.97303406e-06 2.29582079e-04 9.27260815e-07
 3.14209507e-04 1.62336269e-06 4.24198326e-05 1.40181596e-06
 6.43396159e-04 9.26404466e-07 9.23530294e-04 5.65662524e-07
 3.98677216e-04 9.27479141e-07 1.08118432e-04 1.10847114e-06
 7.09249015e-04 1.88545358e-06 5.88745752e-04 1.13573883e-06
 3.31870984e-04 6.81276202e-07 7.20646740e-04 1.39025437e-06
 1.62790712e-12 2.89922721e-12 7.19739968e+03]",./circuit_database/NMCNR/result_folder/2025-0521-154207
NMCNR,108268.0,117.217,3.71502e-06,-5.784824507369123,2025-0521-154226,"[0, -1, 1]","[7.06912280e-04 1.90698886e-06 2.96613983e-04 7.42078458e-07
 2.10721777e-04 1.62336269e-06 2.42940396e-05 1.45232499e-06
 5.98866878e-04 8.43527924e-07 9.44950238e-04 5.54092494e-07
 3.39292335e-04 1.03551848e-06 1.04759018e-04 1.04919557e-06
 7.09249015e-04 1.91278304e-06 6.73373138e-04 1.01859865e-06
 3.42290349e-04 9.55640957e-07 4.89396739e-04 1.77405512e-06
 2.13762130e-12 2.88153269e-12 3.89002858e+03]",./circuit_database/NMCNR/result_folder/2025-0521-154226
NMCNR,120578.0,118.152,3.92596e-06,-5.7642992494050125,2025-0521-154226,"[0, -1, 1]","[6.83531695e-04 1.92312642e-06 1.86872612e-04 8.61222659e-07
 8.52312572e-05 1.41428496e-06 1.38645257e-05 1.40256984e-06
 5.58480816e-04 1.10936856e-06 9.67061552e-04 6.85182087e-07
 3.66924101e-04 1.14544425e-06 1.08118432e-04 1.12272619e-06
 6.78622257e-04 1.79446731e-06 6.12326316e-04 8.71480058e-07
 3.31299493e-04 6.81276202e-07 4.93380251e-04 1.80367710e-06
 2.00612913e-12 2.85998377e-12 3.89002858e+03]",./circuit_database/NMCNR/result_folder/2025-0521-154226
NMCNR,2023470.0,138.961,0.00011467,-4.461436507534999,2025-0521-154236,"[0, -1, 1]","[9.08610284e-04 1.20117154e-06 4.40099971e-04 1.04471180e-06
 1.45499744e-04 7.30720686e-07 2.40745362e-04 1.76894644e-06
 3.57687509e-04 1.60753067e-06 2.97713024e-04 1.20887826e-06
 6.89799692e-04 1.05294870e-06 2.25497171e-05 1.13252049e-06
 6.72089472e-04 1.17573811e-06 5.69919469e-04 1.59397192e-06
 2.44115160e-04 5.59893348e-07 5.38989081e-04 1.18330676e-06
 1.46953123e-12 1.02979539e-12 1.76157647e+04]",./circuit_database/NMCNR/result_folder/2025-0521-154236
NMCNR,65896.2,112.929,3.06212e-06,-5.851958466249848,2025-0521-154406,"[0, -1, 1]","[3.49341327e-04 1.24748884e-06 6.26339034e-04 1.18892333e-06
 8.18792597e-04 1.13288920e-06 7.23616920e-04 1.72195074e-06
 5.89702241e-04 1.49554772e-06 8.83401781e-04 9.41111422e-07
 1.04398712e-04 1.31248817e-06 7.59698094e-05 1.47296317e-06
 1.13499665e-04 1.55680188e-06 7.37639884e-04 1.93697508e-06
 4.79782438e-04 1.31316615e-06 5.25248397e-04 1.64627235e-06
 9.68456680e-13 1.79170048e-12 1.06479099e+04]",./circuit_database/NMCNR/result_folder/2025-0521-154406
NMCNR,1250970.0,137.892,8.28839e-05,1,2025-0521-155413,"[-1, 1, 0]","[2.66646879e-04 6.69105796e-07 5.56742387e-04 1.87688125e-06
 9.85240788e-04 1.38937264e-06 3.30145318e-04 1.51985852e-06
 4.79565357e-04 1.87278638e-06 8.22099224e-05 1.93413314e-06
 5.66378021e-05 1.45622008e-06 9.80606126e-05 1.34941972e-06
 8.75322451e-04 9.82180072e-07 3.76485600e-04 1.51398387e-06
 4.12980107e-04 7.18801234e-07 1.06071282e-04 1.43762859e-06
 2.73775153e-12 6.41417740e-13 1.36521532e+04]",./circuit_database/NMCNR/result_folder/2025-0521-155413
NMCNR,249857.0,124.483,7.24635e-06,C2P_Simulator,2025-0521-235616,['NSGA-II'],"[5.2335003e-04 9.3942714e-07 2.7936834e-04 1.5011107e-06 1.0710595e-04
 1.5135826e-06 5.0790259e-05 1.5479352e-06 5.0660077e-04 1.3798890e-06
 3.8033770e-04 1.4601634e-06 2.2042822e-04 1.3438333e-06 3.3490045e-04
 1.6866493e-06 7.4631913e-04 1.4539107e-06 4.5328317e-04 1.0195197e-06
 4.2880260e-04 9.5784947e-07 9.7422540e-04 1.7956636e-06 1.2746994e-12
 2.7211514e-12 1.8553418e+04]",./circuit_database/NMCNR/result_folder/2025-0521-235616
NMCNR,1250970.0,137.892,8.28839e-05,C2P_Simulator,2025-0521-235616,['NSGA-II'],"[2.6664688e-04 6.6910582e-07 5.5674237e-04 1.8768812e-06 9.8524080e-04
 1.3893726e-06 3.3014533e-04 1.5198585e-06 4.7956535e-04 1.8727864e-06
 8.2209925e-05 1.9341333e-06 5.6637800e-05 1.4562200e-06 9.8060613e-05
 1.3494197e-06 8.7532244e-04 9.8218004e-07 3.7648561e-04 1.5139839e-06
 4.1298009e-04 7.1880123e-07 1.0607128e-04 1.4376286e-06 2.7377514e-12
 6.4141775e-13 1.3652153e+04]",./circuit_database/NMCNR/result_folder/2025-0521-235616
NMCNR,138304.0,119.35,3.94555e-06,C2P_Simulator,2025-0521-235616,['NSGA-II'],"[7.9014036e-04 1.9730342e-06 2.2958207e-04 9.2726083e-07 3.1420949e-04
 1.6233627e-06 4.2419833e-05 1.4018160e-06 6.4339617e-04 9.2640448e-07
 9.2353032e-04 5.6566250e-07 3.9867722e-04 9.2747916e-07 1.0811843e-04
 1.1084711e-06 7.0924900e-04 1.8854536e-06 5.8874575e-04 1.1357388e-06
 3.3187098e-04 6.8127622e-07 7.2064676e-04 1.3902544e-06 1.6279071e-12
 2.8992273e-12 7.1973999e+03]",./circuit_database/NMCNR/result_folder/2025-0521-235616
NMCNR,108268.0,117.217,3.71502e-06,C2P_Simulator,2025-0521-235616,['NSGA-II'],"[7.0691225e-04 1.9069888e-06 2.9661399e-04 7.4207844e-07 2.1072177e-04
 1.6233627e-06 2.4294040e-05 1.4523250e-06 5.9886690e-04 8.4352791e-07
 9.4495021e-04 5.5409248e-07 3.3929234e-04 1.0355185e-06 1.0475902e-04
 1.0491956e-06 7.0924900e-04 1.9127831e-06 6.7337311e-04 1.0185986e-06
 3.4229035e-04 9.5564099e-07 4.8939674e-04 1.7740551e-06 2.1376212e-12
 2.8815327e-12 3.8900286e+03]",./circuit_database/NMCNR/result_folder/2025-0521-235616
NMCNR,65896.2,112.929,3.06212e-06,C2P_Simulator,2025-0521-235616,['NSGA-II'],"[3.49341339e-04 1.24748885e-06 6.26339053e-04 1.18892331e-06
 8.18792614e-04 1.13288922e-06 7.23616919e-04 1.72195075e-06
 5.89702220e-04 1.49554774e-06 8.83401779e-04 9.41111409e-07
 1.04398714e-04 1.31248817e-06 7.59698087e-05 1.47296316e-06
 1.13499664e-04 1.55680186e-06 7.37639901e-04 1.93697497e-06
 4.79782437e-04 1.31316619e-06 5.25248412e-04 1.64627238e-06
 9.68456652e-13 1.79170047e-12 1.06479102e+04]",./circuit_database/NMCNR/result_folder/2025-0521-235616
NMCNR,2023470.0,138.961,0.00011467,C2P_Simulator,2025-0521-235616,['NSGA-II'],"[9.0861029e-04 1.2011716e-06 4.4009998e-04 1.0447118e-06 1.4549974e-04
 7.3072067e-07 2.4074536e-04 1.7689464e-06 3.5768750e-04 1.6075306e-06
 2.9771304e-04 1.2088783e-06 6.8979966e-04 1.0529487e-06 2.2549717e-05
 1.1325205e-06 6.7208946e-04 1.1757381e-06 5.6991947e-04 1.5939719e-06
 2.4411516e-04 5.5989335e-07 5.3898909e-04 1.1833067e-06 1.4695312e-12
 1.0297954e-12 1.7615766e+04]",./circuit_database/NMCNR/result_folder/2025-0521-235616
NMCNR,120578.0,118.152,3.92596e-06,C2P_Simulator,2025-0521-235616,['NSGA-II'],"[6.83531689e-04 1.92312632e-06 1.86872610e-04 8.61222645e-07
 8.52312587e-05 1.41428495e-06 1.38645255e-05 1.40256986e-06
 5.58480795e-04 1.10936855e-06 9.67061555e-04 6.85182101e-07
 3.66924098e-04 1.14544423e-06 1.08118431e-04 1.12272619e-06
 6.78622280e-04 1.79446727e-06 6.12326316e-04 8.71480040e-07
 3.31299496e-04 6.81276219e-07 4.93380241e-04 1.80367715e-06
 2.00612920e-12 2.85998373e-12 3.89002856e+03]",./circuit_database/NMCNR/result_folder/2025-0521-235616
NMCNR,204897.0,122.759,5.03749e-06,C2P_Simulator,2025-0521-235616,['NSGA-II'],"[5.1278801e-04 9.5473604e-07 2.7780936e-04 1.3625238e-06 1.8130420e-04
 1.5785330e-06 3.5748832e-05 1.4773872e-06 6.5903005e-04 1.5023961e-06
 4.3300859e-04 1.2504602e-06 2.1877146e-04 1.3432250e-06 4.1559481e-04
 1.6491614e-06 7.5952936e-04 1.4961474e-06 4.9014459e-04 9.5387736e-07
 4.3464842e-04 9.6373321e-07 9.3764177e-04 1.7497844e-06 1.3261496e-12
 2.6911843e-12 1.7369098e+04]",./circuit_database/NMCNR/result_folder/2025-0521-235616
NMCNR,6150150.0,140.258,0.00065094,C2P_Simulator,2025-0521-235616,['NSGA-II'],"[5.3308019e-04 1.3247816e-06 4.3008450e-04 1.7449222e-06 5.2865298e-04
 1.0944991e-06 4.2195470e-04 1.8389469e-06 2.6490085e-04 7.5218719e-07
 4.3443059e-05 1.1505085e-06 7.0116413e-04 1.1900396e-06 1.0615206e-05
 9.8201212e-07 4.8671788e-04 1.6030161e-06 3.3923521e-04 8.3995451e-07
 3.0598720e-04 1.1570786e-06 7.8785897e-04 1.1928962e-06 1.2234353e-12
 1.7931426e-12 5.0024868e+03]",./circuit_database/NMCNR/result_folder/2025-0521-235616
NMCNR,242506.0,124.208,5.27242e-06,C2P_Simulator,2025-0521-235616,['NSGA-II'],"[4.8730886e-04 9.6978704e-07 2.5990827e-04 1.3343827e-06 2.5205192e-04
 1.6757642e-06 2.5106445e-05 1.4533176e-06 6.2883669e-04 1.4785803e-06
 4.4242071e-04 1.3984871e-06 2.3881889e-04 1.2418344e-06 3.8241103e-04
 1.6835425e-06 7.5143663e-04 1.4935734e-06 4.8694338e-04 9.3832233e-07
 3.7295526e-04 9.3582167e-07 8.6877687e-04 1.7161835e-06 1.0899076e-12
 2.6601642e-12 1.9254527e+04]",./circuit_database/NMCNR/result_folder/2025-0521-235616
NMCNR,253495.0,124.61,7.58514e-06,C2P_Simulator,2025-0521-235616,['NSGA-II'],"[5.0407823e-04 9.6916551e-07 2.1349119e-04 1.5082433e-06 2.1158002e-04
 1.6183950e-06 9.8610974e-05 1.4093197e-06 5.6547922e-04 1.6200174e-06
 3.8048773e-04 1.3757600e-06 2.2328235e-04 1.3238210e-06 3.3040106e-04
 1.6502696e-06 7.1240676e-04 1.5081800e-06 4.9151474e-04 8.7844347e-07
 4.3094653e-04 9.6559791e-07 8.6522580e-04 1.6713350e-06 1.4505335e-12
 2.6619191e-12 1.9588480e+04]",./circuit_database/NMCNR/result_folder/2025-0521-235616
NMCNR,269008.0,125.123,7.71731e-06,C2P_Simulator,2025-0521-235616,['NSGA-II'],"[5.0775748e-04 9.4621430e-07 2.1007074e-04 1.4389090e-06 1.4864973e-04
 1.6183950e-06 8.4333231e-05 1.4056116e-06 5.8228022e-04 1.6494898e-06
 3.6032341e-04 1.4061050e-06 2.2520275e-04 1.3293659e-06 3.3210230e-04
 1.6682841e-06 7.1400462e-04 1.4655426e-06 4.8979634e-04 1.1111711e-06
 4.0860032e-04 1.1248744e-06 8.9763798e-04 1.6053893e-06 1.3934180e-12
 2.6908178e-12 1.8113963e+04]",./circuit_database/NMCNR/result_folder/2025-0521-235616
NMCNR,825217.0,134.259,1.53273e-05,C2P_Simulator,2025-0521-235616,['NSGA-II'],"[9.6484250e-04 1.1639615e-06 3.7291436e-04 1.0534011e-06 1.4549974e-04
 7.3072067e-07 2.4074536e-04 1.8531582e-06 3.4199221e-04 1.4589403e-06
 6.8784674e-04 5.8203960e-07 7.7237148e-04 1.1163897e-06 5.4523978e-05
 1.1474301e-06 5.8221316e-04 1.5050041e-06 5.6991947e-04 1.4074670e-06
 3.2853030e-04 5.5989335e-07 4.7540903e-04 9.6577890e-07 1.4695312e-12
 1.0148689e-12 1.9363236e+04]",./circuit_database/NMCNR/result_folder/2025-0521-235616
NMCNR,236745.0,123.997,5.1226e-06,C2P_Simulator,2025-0521-235616,['NSGA-II'],"[4.9654586e-04 9.6257486e-07 2.5079292e-04 1.3527438e-06 2.4919855e-04
 1.6757642e-06 1.9936739e-05 1.4394805e-06 6.3383277e-04 1.4785803e-06
 4.5425710e-04 1.4112327e-06 2.3810902e-04 1.2386218e-06 3.9187685e-04
 1.6929635e-06 7.5143663e-04 1.5048821e-06 4.7574553e-04 9.3832233e-07
 3.8094525e-04 9.3413200e-07 8.6555444e-04 1.7319622e-06 1.1258719e-12
 2.6601642e-12 1.9322447e+04]",./circuit_database/NMCNR/result_folder/2025-0521-235616
NMCNR,231681.0,123.817,5.0836e-06,C2P_Simulator,2025-0521-235616,['NSGA-II'],"[4.9641496e-04 9.4996022e-07 2.5086320e-04 1.3689262e-06 2.4919855e-04
 1.6757642e-06 2.7443048e-05 1.4541321e-06 6.4729439e-04 1.4895572e-06
 4.5450070e-04 1.4010628e-06 2.3661111e-04 1.2534392e-06 4.0051603e-04
 1.6811373e-06 7.5143663e-04 1.4940366e-06 4.6863506e-04 9.2669706e-07
 3.8094525e-04 9.3417975e-07 8.5784541e-04 1.7319622e-06 1.1483661e-12
 2.6827234e-12 1.9322447e+04]",./circuit_database/NMCNR/result_folder/2025-0521-235616
NMCNR,262717.0,124.893,7.67107e-06,C2P_Simulator,2025-0521-235616,['NSGA-II'],"[4.9769116e-04 1.0062513e-06 3.4039107e-04 1.2570325e-06 2.1994040e-04
 1.8027425e-06 2.8079774e-05 1.5171245e-06 7.6720124e-04 1.4531248e-06
 3.5355694e-04 1.3168500e-06 2.3145597e-04 1.4395035e-06 3.0688345e-04
 1.6571098e-06 8.2672603e-04 1.5846593e-06 5.1257154e-04 8.4519445e-07
 5.0020311e-04 7.4615525e-07 9.7422540e-04 1.7161184e-06 1.5844857e-12
 2.6638336e-12 1.8583129e+04]",./circuit_database/NMCNR/result_folder/2025-0521-235616
NMCNR,248203.0,124.399,5.57458e-06,C2P_Simulator,2025-0521-235616,['NSGA-II'],"[5.0831761e-04 9.5135994e-07 2.4719466e-04 1.3588492e-06 2.2616149e-04
 1.7477876e-06 1.6361057e-05 1.4226823e-06 6.4559991e-04 1.5185010e-06
 4.3633534e-04 1.4150746e-06 2.3841301e-04 1.2229900e-06 3.8191758e-04
 1.7059151e-06 7.6379383e-04 1.5243361e-06 4.7934486e-04 9.3832233e-07
 4.2761472e-04 8.7667286e-07 8.7351364e-04 1.7840421e-06 1.0937079e-12
 2.6578050e-12 1.9449936e+04]",./circuit_database/NMCNR/result_folder/2025-0521-235616
NMCNR,101872.0,116.696,3.63758e-06,C2P_Simulator,2025-0521-235616,['NSGA-II'],"[7.0691225e-04 1.9730342e-06 3.6280006e-04 8.0971427e-07 7.0439157e-05
 1.6233627e-06 4.2419833e-05 1.4587532e-06 5.5848080e-04 1.1093686e-06
 9.6706155e-04 5.6566250e-07 3.3769102e-04 1.0645925e-06 1.0811843e-04
 1.0094840e-06 7.0924900e-04 1.8533925e-06 6.7516288e-04 9.1165606e-07
 4.4171623e-04 6.8127622e-07 6.0076581e-04 1.8036772e-06 2.0061292e-12
 2.9761024e-12 3.8900286e+03]",./circuit_database/NMCNR/result_folder/2025-0521-235616
NMCNR,140064.0,119.436,4.5044e-06,C2P_Simulator,2025-0521-235701,['NSGA-II'],"[7.0662709e-04 1.9730342e-06 3.8224983e-04 7.8585833e-07 7.0401358e-05
 1.2421580e-06 1.2669459e-05 1.4087632e-06 5.6011474e-04 1.2129780e-06
 9.0902171e-04 5.6566250e-07 3.7738591e-04 1.0156530e-06 1.0811843e-04
 1.3793975e-06 7.0924900e-04 1.6183106e-06 6.7505613e-04 1.0430909e-06
 2.5054647e-04 9.1916615e-07 6.6942256e-04 1.8899841e-06 2.0133875e-12
 2.6120198e-12 2.8934895e+03]",./circuit_database/NMCNR/result_folder/2025-0521-235701
NMCNR,311505.0,126.343,8.62106e-06,C2P_Simulator,2025-0521-235701,['NSGA-II'],"[5.1278801e-04 9.5473604e-07 2.7780936e-04 8.2302461e-07 1.8130420e-04
 1.5782324e-06 3.5898844e-05 1.4773872e-06 6.5500190e-04 1.5023961e-06
 4.3300859e-04 1.2271532e-06 3.4220336e-04 1.3432250e-06 2.0836253e-04
 1.7060444e-06 7.5952936e-04 1.4961474e-06 4.9225421e-04 9.5387736e-07
 4.3460121e-04 9.6373321e-07 9.3992881e-04 1.7497844e-06 1.3205105e-12
 2.6911843e-12 4.7317002e+03]",./circuit_database/NMCNR/result_folder/2025-0521-235701
NMCNR,4885790.0,141.618,0.000302805,C2P_Simulator,2025-0521-235701,['NSGA-II'],"[5.52652346e-04 1.34837535e-06 2.21867536e-04 1.24592418e-06
 4.16986732e-04 1.08123720e-06 3.21914355e-04 1.66367863e-06
 2.29936675e-04 1.09545908e-06 1.06700485e-04 1.46152195e-06
 4.08731110e-04 8.77247487e-07 2.62618851e-05 1.62825813e-06
 5.95626363e-04 1.57131501e-06 7.34046334e-04 1.08949246e-06
 5.90698444e-04 7.34635762e-07 3.25039000e-04 1.34137099e-06
 1.09508041e-12 7.39576315e-13 4.65705127e+03]",./circuit_database/NMCNR/result_folder/2025-0521-235701
NMCNR,140907.0,119.523,4.7919e-06,C2P_Simulator,2025-0521-235701,['NSGA-II'],"[6.9953763e-04 1.9730342e-06 2.1320303e-04 1.0664716e-06 5.9792972e-05
 1.2421580e-06 7.7986602e-05 1.6933109e-06 6.4358569e-04 1.2129780e-06
 9.2887779e-04 5.6566250e-07 3.8031538e-04 1.0111904e-06 1.0811843e-04
 1.3793975e-06 7.1213674e-04 1.6183106e-06 6.8258168e-04 1.0444865e-06
 2.5054647e-04 9.1916615e-07 6.9305772e-04 1.9122299e-06 1.9023773e-12
 2.6077330e-12 2.8934895e+03]",./circuit_database/NMCNR/result_folder/2025-0521-235701
NMCNR,64993.0,112.81,3.06212e-06,C2P_Simulator,2025-0521-235701,['NSGA-II'],"[3.49341339e-04 1.24748885e-06 6.26339053e-04 1.18892331e-06
 8.18792614e-04 1.13288922e-06 7.23616919e-04 1.72195075e-06
 5.89702220e-04 1.49554774e-06 8.83401779e-04 9.41111409e-07
 1.04398714e-04 1.31248817e-06 7.59698087e-05 1.47296316e-06
 1.13499664e-04 1.55680186e-06 7.37639901e-04 1.93697497e-06
 4.79782437e-04 1.31316619e-06 5.25248412e-04 1.64627238e-06
 9.68456652e-13 1.81679660e-12 1.06479102e+04]",./circuit_database/NMCNR/result_folder/2025-0521-235701
NMCNR,3433210.0,143.953,0.000683498,C2P_Simulator,2025-0521-235745,['NSGA-II'],"[7.0694124e-04 1.2560413e-06 4.4681411e-04 1.4216112e-06 6.5978430e-04
 1.2852120e-06 3.0903379e-05 1.0964175e-06 3.9809916e-04 1.1154025e-06
 3.5463887e-05 1.1005333e-06 2.7052182e-04 9.6228609e-07 1.0615206e-05
 9.8201212e-07 3.0826734e-04 1.5695882e-06 6.1114063e-04 1.4454537e-06
 3.0598720e-04 1.0552631e-06 7.3254702e-04 1.3533295e-06 1.4334353e-12
 1.9408379e-12 3.4156069e+03]",./circuit_database/NMCNR/result_folder/2025-0521-235745
NMCNR,1010890.0,136.013,3.66835e-05,C2P_Simulator,2025-0521-235745,['NSGA-II'],"[5.1491655e-04 7.0113356e-07 1.6309677e-04 1.1173465e-06 8.2863990e-05
 1.1628005e-06 2.8079774e-05 1.6896601e-06 6.5694400e-04 8.0758991e-07
 8.8575121e-05 1.4645339e-06 2.1421249e-04 1.0463181e-06 2.8965276e-04
 1.6861156e-06 6.9082103e-04 1.9744937e-06 6.7566708e-04 1.0507378e-06
 3.8621371e-04 8.5919652e-07 6.8458280e-04 1.3135179e-06 1.9576923e-12
 2.7451570e-12 1.3802300e+04]",./circuit_database/NMCNR/result_folder/2025-0521-235745
NMCNR,49463600.0,68.7899,0.0356135,C2P_Simulator,2025-0521-235745,['NSGA-II'],"[4.9849262e-04 1.3366681e-06 2.0380779e-04 1.4125715e-06 4.4469634e-04
 9.8897056e-07 4.7214123e-04 1.6642171e-06 1.9990389e-04 1.6692495e-06
 7.6606360e-05 1.4275656e-06 1.2531318e-04 1.3125059e-06 2.7233924e-07
 1.2378022e-06 5.9236994e-04 1.4659297e-06 7.3496008e-04 1.1380529e-06
 4.0976866e-04 8.6847928e-07 3.5834376e-04 7.9073430e-07 9.8152660e-13
 7.1134326e-13 3.7679285e+03]",./circuit_database/NMCNR/result_folder/2025-0521-235745
NMCNR,5894310.0,142.054,0.00102265,C2P_Simulator,2025-0521-235829,['NSGA-II'],"[3.4539821e-04 1.3152171e-06 3.4375404e-04 1.1879779e-06 4.1389212e-04
 9.5003918e-07 5.7033863e-04 1.7214797e-06 2.1229610e-04 1.2602292e-06
 4.1622810e-05 9.4803397e-07 1.5561750e-04 6.3130744e-07 5.0492131e-06
 1.2924810e-06 1.0672025e-04 1.9604365e-06 7.2717952e-04 8.8481443e-07
 4.7984027e-04 5.0278243e-07 5.5915193e-04 7.8154937e-07 1.0057700e-12
 5.4739335e-13 3.5698928e+03]",./circuit_database/NMCNR/result_folder/2025-0521-235829
NMCNR,66419400.0,67.1542,0.0400497,C2P_Simulator,2025-0521-235829,['NSGA-II'],"[7.0681138e-04 1.2583084e-06 2.0380779e-04 1.4125715e-06 4.4469634e-04
 9.8237433e-07 4.7214123e-04 1.6642171e-06 1.9990389e-04 1.6692495e-06
 7.5149866e-05 1.9789654e-06 7.0848386e-04 1.5322382e-06 4.5523663e-07
 1.2240661e-06 5.9236994e-04 1.4745062e-06 7.3212245e-04 1.1380529e-06
 4.0976866e-04 8.6396477e-07 4.9081963e-04 7.9073430e-07 9.8152660e-13
 2.5311745e-12 3.7091594e+03]",./circuit_database/NMCNR/result_folder/2025-0521-235829
NMCNR,11319700.0,140.345,0.000992586,C2P_Simulator,2025-0521-235829,['NSGA-II'],"[3.9906797e-04 1.3542195e-06 5.5730145e-04 9.4660959e-07 4.0510952e-04
 9.7115287e-07 4.4545424e-04 1.6462583e-06 2.1380841e-04 1.0376218e-06
 1.8161643e-05 9.4850355e-07 1.3640327e-04 5.8520629e-07 2.3826955e-05
 1.6819647e-06 5.2618003e-04 1.7603281e-06 7.4158987e-04 8.6681615e-07
 5.4750941e-04 7.9277191e-07 5.0043338e-04 8.2899783e-07 9.6319773e-13
 5.6795128e-13 3.4302432e+03]",./circuit_database/NMCNR/result_folder/2025-0521-235829
NMCNR,721306.0,133.209,9.14671e-06,C2P_Simulator,2025-0521-235829,['NSGA-II'],"[4.4236731e-04 1.1639615e-06 3.7291436e-04 1.0593890e-06 1.3465993e-04
 7.3072067e-07 2.4074536e-04 1.8531582e-06 3.4199221e-04 1.3836426e-06
 6.8784674e-04 5.8203960e-07 7.6437875e-04 1.4765603e-06 4.3596432e-05
 1.1474301e-06 5.8359333e-04 1.5050041e-06 5.7245657e-04 1.4074670e-06
 3.2853030e-04 5.5989335e-07 4.7451927e-04 9.6577890e-07 1.4695312e-12
 1.0148689e-12 1.9363236e+04]",./circuit_database/NMCNR/result_folder/2025-0521-235829
NMCNR,4886950.0,141.633,0.000302805,C2P_Simulator,2025-0521-235829,['NSGA-II'],"[5.52652346e-04 1.34837535e-06 2.21867536e-04 1.24592418e-06
 4.16986732e-04 1.08123720e-06 3.21914355e-04 1.66367863e-06
 2.29936675e-04 1.09545908e-06 1.06700485e-04 1.46152195e-06
 4.08731110e-04 8.77247487e-07 2.62618851e-05 1.62825813e-06
 5.95626363e-04 1.57131501e-06 7.34046334e-04 1.08949246e-06
 6.02162036e-04 7.34635762e-07 3.25039000e-04 1.34137099e-06
 1.09508041e-12 7.39576315e-13 4.65705127e+03]",./circuit_database/NMCNR/result_folder/2025-0521-235829
NMCNR,3321800.0,143.415,0.000666978,C2P_Simulator,2025-0521-235829,['NSGA-II'],"[6.9936307e-04 1.3357592e-06 4.4456220e-04 1.4216112e-06 5.7793077e-04
 1.2852120e-06 3.0903379e-05 1.0964175e-06 2.4133512e-04 1.1184494e-06
 3.5463887e-05 1.1154231e-06 2.6924044e-04 9.6228609e-07 1.0615206e-05
 9.7432167e-07 3.0826734e-04 1.4742941e-06 6.1114063e-04 1.4454537e-06
 2.9975842e-04 1.0552631e-06 6.8753929e-04 7.6952955e-07 1.4319058e-12
 1.9408379e-12 3.4156069e+03]",./circuit_database/NMCNR/result_folder/2025-0521-235829
NMCNR,3348430.0,144.061,0.000692909,C2P_Simulator,2025-0521-235912,['NSGA-II'],"[7.2794541e-04 1.2560413e-06 4.4681411e-04 1.4125080e-06 6.5605796e-04
 1.2852120e-06 3.0903379e-05 1.6480533e-06 3.8938312e-04 1.1053595e-06
 3.5463887e-05 1.1005333e-06 2.7052182e-04 1.0280528e-06 1.0615206e-05
 9.8074850e-07 3.0128760e-04 1.5695882e-06 6.1114063e-04 1.4454537e-06
 3.0598720e-04 1.0552631e-06 7.4325345e-04 1.3375206e-06 1.4334353e-12
 1.9575322e-12 3.4156069e+03]",./circuit_database/NMCNR/result_folder/2025-0521-235912
NMCNR,3763470.0,142.523,0.000945776,C2P_Simulator,2025-0521-235912,['NSGA-II'],"[7.0694124e-04 1.3417107e-06 2.2072189e-04 1.4216112e-06 4.4916468e-04
 9.5208100e-07 3.0903379e-05 1.0964175e-06 2.1927792e-04 1.1154025e-06
 3.4473516e-05 1.1005333e-06 2.7052182e-04 6.3863871e-07 1.0615206e-05
 9.8201212e-07 5.7888514e-04 1.4389315e-06 6.0923572e-04 1.4454537e-06
 4.4948619e-04 1.0552631e-06 7.3254702e-04 7.8536488e-07 1.4334353e-12
 1.9408379e-12 3.1362417e+03]",./circuit_database/NMCNR/result_folder/2025-0521-235912
NMCNR,12815300.0,142.939,0.00177234,C2P_Simulator,2025-0522-000035,['NSGA-II'],"[8.2857697e-04 1.3853930e-06 3.8377935e-04 1.4494022e-06 3.9536646e-04
 1.2149392e-06 3.3083052e-04 1.7681374e-06 1.0660481e-04 1.5775578e-06
 3.0936302e-05 1.4291376e-06 3.5801719e-04 5.2578514e-07 1.6950280e-05
 1.5458199e-06 5.9372577e-04 1.4244347e-06 5.6721235e-04 1.1533695e-06
 4.6761445e-04 6.0083221e-07 5.9817370e-04 1.1742703e-06 9.9541198e-13
 8.9816094e-13 1.1482174e+03]",./circuit_database/NMCNR/result_folder/2025-0522-000035
NMCNR,1184000.0,137.57,5.3657e-05,C2P_Simulator,2025-0522-000118,['NSGA-II'],"[5.0351734e-04 8.3608404e-07 2.7589945e-04 1.4208625e-06 4.4646740e-04
 1.6769472e-06 3.1874992e-05 1.0606309e-06 2.0312713e-04 1.3669561e-06
 9.1643474e-04 1.1277840e-06 7.0320058e-04 9.7273335e-07 6.6707021e-06
 1.2349770e-06 7.1535085e-04 1.8577988e-06 3.5460951e-04 1.4401236e-06
 3.7223528e-04 9.3423279e-07 8.3012762e-04 1.7035541e-06 2.1566336e-12
 7.1081942e-13 4.0351138e+03]",./circuit_database/NMCNR/result_folder/2025-0522-000118
NMCNR,3164070.0,143.565,0.000372163,C2P_Simulator,2025-0522-000202,['NSGA-II'],"[7.1051443e-04 1.2538137e-06 2.7735514e-04 1.3348654e-06 2.0526485e-04
 1.4147951e-06 3.0903379e-05 1.4155338e-06 9.9117984e-04 1.3790645e-06
 3.0770098e-05 1.9526149e-06 2.5209592e-04 1.5369837e-06 3.0661700e-05
 5.8007981e-07 6.6225138e-04 1.4745689e-06 5.9560628e-04 1.4398086e-06
 3.0555855e-04 9.3640625e-07 4.9179845e-04 1.3079593e-06 1.4084299e-12
 2.5215899e-12 3.7024573e+03]",./circuit_database/NMCNR/result_folder/2025-0522-000202
NMCNR,25504600.0,144.895,0.00222706,C2P_Simulator,2025-0522-000246,['NSGA-II'],"[7.0162828e-04 8.0639700e-07 2.6833091e-04 1.4207491e-06 3.5342792e-04
 1.6739059e-06 3.0704698e-05 1.0902355e-06 5.9703691e-04 1.3650979e-06
 3.8695005e-05 1.1228199e-06 7.0320058e-04 9.7273335e-07 6.6718399e-06
 1.7251303e-06 2.8228035e-04 1.4689375e-06 6.5062667e-04 1.4401236e-06
 3.7354033e-04 9.3423279e-07 8.3390082e-04 1.6944061e-06 1.4055078e-12
 5.2936431e-13 1.8055201e+03]",./circuit_database/NMCNR/result_folder/2025-0522-000246
IAC,9118230.0,155.744,0.000434575,-10.321845803891652,2025-0521-223901,"[1, 1, 1]","[1.36545428e-12 2.04955703e-12 3.89683470e-04 8.86885177e-07
 1.12775760e-05 1.76694191e-06 1.28584380e-05 7.44934735e-07
 2.00009282e-04 7.03964086e-07 9.09344581e-04 9.47765671e-07
 4.10671807e-05 1.98204297e-06 8.88877733e+03 1.61050133e-06
 4.82001025e-04 1.31958785e-06 9.94837507e-04 6.86862173e-07
 6.91340779e-04 6.94784631e-07 2.52557742e-04 1.78332276e-06]",./circuit_database/IAC/result_folder/2025-0521-223901
IAC,8013090.0,154.63,0.000411271,-10.28967193346866,2025-0521-223955,"[1, 1, 1]","[1.25992078e-12 2.05283417e-12 4.26700375e-04 8.92244675e-07
 1.12775760e-05 1.80879529e-06 1.14470342e-05 8.07599089e-07
 2.64287391e-04 7.50761441e-07 9.06593937e-04 9.81192012e-07
 1.05755022e-04 1.95856801e-06 7.22720219e+03 1.47916733e-06
 3.88305997e-04 1.31958785e-06 9.57194239e-04 6.61272191e-07
 7.97829159e-04 7.40182307e-07 2.44222837e-04 1.78332276e-06]",./circuit_database/IAC/result_folder/2025-0521-223955
IAC,11432800.0,157.691,0.000553294,-10.315196645528225,2025-0521-224016,"[1, 1, 1]","[1.33063087e-12 2.03263601e-12 3.89683470e-04 9.18120750e-07
 1.65671092e-05 1.76694191e-06 1.62109258e-05 7.27843450e-07
 1.92509093e-04 7.03964086e-07 9.09344581e-04 9.47765671e-07
 5.55148922e-05 1.94816731e-06 8.35168384e+03 1.58959396e-06
 4.82001025e-04 1.32810495e-06 9.94837507e-04 6.86862173e-07
 6.91340779e-04 7.05094655e-07 2.86323940e-04 1.74820057e-06]",./circuit_database/IAC/result_folder/2025-0521-224016
IAC,10714100.0,157.128,0.000551087,-10.288735529289537,2025-0521-224028,"[1, 1, 1]","[1.35949225e-12 2.15632231e-12 3.89683470e-04 8.81435319e-07
 1.49832380e-05 1.80743904e-06 1.63879008e-05 7.76751173e-07
 2.00009282e-04 6.37999988e-07 9.07540350e-04 9.40315495e-07
 4.60744647e-05 1.96428499e-06 9.30629623e+03 1.61468435e-06
 5.20555722e-04 1.33706585e-06 9.76044420e-04 6.86862173e-07
 6.76052333e-04 7.21867883e-07 3.16233143e-04 1.79732164e-06]",./circuit_database/IAC/result_folder/2025-0521-224028
IAC,7922490.0,154.526,0.00039546,-10.301759137659593,2025-0521-224048,"[1, 1, 1]","[1.40181526e-12 2.05340861e-12 4.06637212e-04 8.68225251e-07
 8.88893225e-06 1.77250500e-06 1.09315349e-05 7.27509254e-07
 2.00009282e-04 7.04546519e-07 9.20535382e-04 9.35749397e-07
 3.30763871e-05 1.96341899e-06 8.66988785e+03 1.58398033e-06
 4.82001025e-04 1.31958785e-06 9.94837507e-04 6.93212700e-07
 6.81417160e-04 6.86493643e-07 2.47430522e-04 1.75709438e-06]",./circuit_database/IAC/result_folder/2025-0521-224048
IAC,5799950.0,151.823,0.000333775,-10.2399704450527,2025-0521-224129,"[1, 1, 1]","[1.37080964e-12 2.04758538e-12 3.96545234e-04 8.85544950e-07
 4.59700503e-06 1.77062380e-06 7.87883642e-06 7.44650054e-07
 1.98931173e-04 7.03964086e-07 9.07323212e-04 9.54483953e-07
 3.66619023e-05 1.97330416e-06 8.76838126e+03 1.60301862e-06
 4.83472362e-04 1.31217547e-06 9.91656921e-04 6.94061580e-07
 6.88397563e-04 7.01442753e-07 2.58431777e-04 1.77883800e-06]",./circuit_database/IAC/result_folder/2025-0521-224129
IAC,4927820.0,150.409,0.000329126,-10.175292644182898,2025-0521-224129,"[1, 1, 1]","[1.36545428e-12 2.04955703e-12 3.89535016e-04 8.93486577e-07
 4.51612337e-06 1.77581272e-06 6.58562610e-06 7.39231887e-07
 2.04640359e-04 7.08329491e-07 9.07272709e-04 9.52818864e-07
 4.10302629e-05 1.98222934e-06 8.85090389e+03 1.61270018e-06
 4.76994881e-04 1.31744444e-06 9.91575214e-04 6.96000456e-07
 6.91044508e-04 7.01125838e-07 2.57441517e-04 1.78446734e-06]",./circuit_database/IAC/result_folder/2025-0521-224129
IAC,5195940.0,150.868,0.000329203,-10.198200343175866,2025-0521-224140,"[1, 1, 1]","[1.35326190e-12 2.04912942e-12 3.95302093e-04 8.94771851e-07
 4.31952214e-06 1.77145425e-06 6.99389178e-06 7.40987325e-07
 1.95429164e-04 6.94619136e-07 9.10514115e-04 9.54688747e-07
 3.47542525e-05 1.97350763e-06 8.90723470e+03 1.61405574e-06
 4.83573581e-04 1.31391123e-06 9.94837507e-04 6.88406351e-07
 6.85500549e-04 6.94784631e-07 2.59301025e-04 1.78332276e-06]",./circuit_database/IAC/result_folder/2025-0521-224140
IAC,19615400.0,151.269,0.00198441,-9.994965761848428,2025-0521-224319,"[1, 1, 1]","[2.27031962e-12 2.96005177e-12 3.22045520e-04 1.31545235e-06
 1.55363804e-04 1.76506552e-06 7.35968659e-05 1.18220462e-06
 7.92402522e-04 1.87700731e-06 2.74429148e-04 7.31840259e-07
 3.08372836e-04 1.40322591e-06 1.97200367e+04 7.87925750e-07
 8.85570267e-04 8.68677855e-07 4.89926896e-04 1.32388188e-06
 8.97120613e-04 1.93625766e-06 8.40015347e-04 1.80962664e-06]",./circuit_database/IAC/result_folder/2025-0521-224319
IAC,23933600.0,158.376,0.00218215,-10.040123427947538,2025-0521-224332,"[1, 1, 1]","[1.54245976e-12 2.18405384e-12 8.98887536e-04 8.16227436e-07
 1.97441439e-04 1.86109425e-06 7.35968659e-05 1.56861344e-06
 8.35692253e-04 8.96787137e-07 5.70453203e-04 8.33647550e-07
 6.95445426e-04 1.41675263e-06 7.88289160e+03 1.82470959e-06
 8.85570267e-04 1.54755575e-06 5.75426395e-04 9.94293347e-07
 7.65442264e-04 5.09474565e-07 9.31574678e-04 1.94908497e-06]",./circuit_database/IAC/result_folder/2025-0521-224332
IAC,19657700.0,159.51,0.00265249,-9.869878947661585,2025-0521-224407,"[1, 1, 1]","[2.93269533e-12 2.40090365e-12 8.82558950e-04 8.16227436e-07
 1.42203125e-04 1.80681030e-06 5.85205012e-05 1.47402570e-06
 8.35692253e-04 1.61908242e-06 6.96883100e-04 6.40712199e-07
 2.58694286e-04 1.40163315e-06 9.29988243e+03 1.98985481e-06
 7.02772231e-04 1.54755575e-06 5.75426395e-04 1.12727039e-06
 7.65442264e-04 1.33411077e-06 9.23994019e-04 1.29002991e-06]",./circuit_database/IAC/result_folder/2025-0521-224407
IAC,25874300.0,150.583,0.00481671,-9.730118109773668,2025-0521-224423,"[1, 1, 1]","[2.99057084e-12 2.60797303e-12 9.57422525e-04 6.22459304e-07
 2.25904202e-04 1.85689236e-06 1.11040714e-04 1.66621961e-06
 8.35692253e-04 1.40911928e-06 5.70453203e-04 6.30212679e-07
 1.07157416e-04 1.42577113e-06 1.01124665e+04 5.71135631e-07
 5.63193661e-04 1.54755575e-06 5.75426395e-04 1.86757192e-06
 1.93406196e-04 1.78786051e-06 8.43476366e-04 1.48085961e-06]",./circuit_database/IAC/result_folder/2025-0521-224423
IAC,24313200.0,158.261,0.00273504,-9.94887844031921,2025-0521-224434,"[1, 1, 1]","[2.61360693e-12 2.57502869e-12 8.98679266e-04 6.97938554e-07
 1.94059763e-04 1.86109425e-06 9.07645910e-05 1.55239055e-06
 7.13943484e-04 8.96787137e-07 6.58005343e-04 7.76563318e-07
 2.35210924e-04 1.41675263e-06 1.88773860e+04 7.97637492e-07
 7.07458211e-04 1.85013711e-06 8.14197791e-04 1.13001639e-06
 7.65442264e-04 1.25780326e-06 8.22919302e-04 1.84970134e-06]",./circuit_database/IAC/result_folder/2025-0521-224434
IAC,17745900.0,159.62,0.00231231,-9.885051972523588,2025-0521-224445,"[1, 1, 1]","[1.50041151e-12 2.70815772e-12 9.40176194e-04 5.22775176e-07
 1.98288934e-04 1.75643938e-06 5.83884013e-05 1.56861344e-06
 8.35692253e-04 1.15677053e-06 5.70453203e-04 6.96733355e-07
 1.69751922e-04 1.41675263e-06 7.88289160e+03 1.67580068e-06
 7.77621167e-04 1.37745240e-06 5.75426395e-04 9.94293347e-07
 7.65442264e-04 5.09474565e-07 9.49616011e-04 1.81031937e-06]",./circuit_database/IAC/result_folder/2025-0521-224445
IAC,15851500.0,156.755,0.00211775,-9.874195674620015,2025-0521-224509,"[1, 1, 1]","[2.42459780e-12 2.29915194e-12 7.61109053e-04 8.16227436e-07
 1.97441439e-04 1.87680802e-06 4.93863420e-05 1.60833279e-06
 5.23513342e-04 1.46366328e-06 4.71014680e-04 7.22948620e-07
 8.33201342e-04 1.41675263e-06 1.10234056e+04 1.24141071e-06
 7.53831261e-04 1.46572670e-06 3.60756773e-04 1.00186962e-06
 7.56794471e-04 5.09474565e-07 9.31916327e-04 1.72284049e-06]",./circuit_database/IAC/result_folder/2025-0521-224509
IAC,3742810.0,148.021,0.000269486,-4.024831020615587,2025-0521-231000,"[0, -1, 1]","[2.63086999e-12 2.70818041e-12 3.46908591e-04 6.89386440e-07
 1.08117462e-05 1.52588034e-06 7.08284011e-06 9.85270700e-07
 5.99965160e-04 9.75017428e-07 3.57681094e-04 1.40910792e-06
 4.82077581e-04 1.27556798e-06 7.29874641e+03 1.39798963e-06
 9.17619024e-04 1.30319240e-06 6.86672851e-04 1.69905461e-06
 3.97016230e-04 7.24245779e-07 7.74162731e-05 1.09435628e-06]",./circuit_database/IAC/result_folder/2025-0521-231000
IAC,2418410.0,144.229,0.000136309,-4.309538029987664,2025-0521-231029,"[0, -1, 1]","[2.77361169e-12 2.99370884e-12 4.70489600e-04 1.17284554e-06
 1.16255314e-05 1.88754195e-06 4.43353863e-06 8.62239133e-07
 9.52954099e-04 8.86723578e-07 9.93586393e-04 1.16536308e-06
 3.78510194e-04 1.48405313e-06 5.96099182e+03 9.58577454e-07
 9.99596228e-04 1.82888204e-06 3.98689768e-04 1.61255598e-06
 2.89584146e-04 7.37566522e-07 1.56174908e-05 1.78638473e-06]",./circuit_database/IAC/result_folder/2025-0521-231029
IAC,2207090.0,143.435,0.000131551,-4.322566009832253,2025-0521-231039,"[0, -1, 1]","[2.67963103e-12 2.95068232e-12 7.01438657e-04 1.20367274e-06
 3.32265988e-06 6.89018466e-07 5.21567843e-06 1.37453787e-06
 8.23038225e-04 8.42290254e-07 2.64551625e-04 1.45857296e-06
 2.19955384e-04 1.51340838e-06 1.17092521e+03 1.41473312e-06
 9.99596228e-04 1.10148779e-06 2.93120744e-04 1.17339157e-06
 2.76220325e-04 1.22787892e-06 3.09651090e-05 1.91290000e-06]",./circuit_database/IAC/result_folder/2025-0521-231039
IAC,1487090.0,140.006,4.35135e-05,-4.7925112617467605,2025-0521-231138,"[0, -1, 1]","[2.70587764e-12 2.96873127e-12 7.42760386e-04 6.23226278e-07
 1.14677286e-06 6.84158202e-07 2.98374259e-06 1.06398312e-06
 8.94868563e-04 8.38340014e-07 1.65259906e-05 1.06040470e-06
 1.60671556e-04 5.74980952e-07 8.76778779e+03 9.58331630e-07
 3.87451964e-04 1.21895902e-06 4.23112905e-04 1.68896166e-06
 4.24557635e-04 1.40428808e-06 6.03466110e-06 1.05938847e-06]",./circuit_database/IAC/result_folder/2025-0521-231138
IAC,1610440.0,140.698,7.44871e-05,-4.561199136629674,2025-0521-231208,"[0, -1, 1]","[2.53577261e-12 2.91115197e-12 6.99516820e-04 1.09575217e-06
 3.98794463e-06 1.57920013e-06 3.38424524e-06 1.16997539e-06
 9.58587082e-04 9.81633928e-07 1.84604400e-04 9.96850904e-07
 4.64680123e-04 1.47639352e-06 1.25588635e+04 1.46397830e-06
 1.01339761e-04 1.19999800e-06 4.78447063e-04 1.38819086e-06
 3.64264841e-04 7.81245758e-07 2.07996133e-05 1.92112657e-06]",./circuit_database/IAC/result_folder/2025-0521-231208
IAC,27040100.0,138.829,0.00779298,-7.686288841468725,2025-0521-232357,"[-1, 1, 0]","[9.45229217e-13 5.64537308e-13 6.05622239e-04 5.11919005e-07
 3.49317496e-04 1.33344219e-06 2.11523895e-05 1.08086957e-06
 3.60146133e-04 1.89112894e-06 4.95422873e-04 6.51427074e-07
 2.42621551e-05 1.06511949e-06 1.57262260e+04 7.12481805e-07
 4.12219148e-04 1.74396115e-06 4.06745577e-04 6.70161983e-07
 1.17354558e-04 1.21793549e-06 8.41869024e-04 1.88587833e-06]",./circuit_database/IAC/result_folder/2025-0521-232357
IAC,27414800.0,138.57,0.00791495,-7.686407384223451,2025-0521-232357,"[-1, 1, 0]","[9.19890804e-13 5.82467692e-13 6.27362301e-04 5.01832233e-07
 3.45968531e-04 1.32966499e-06 2.21651685e-05 1.08099975e-06
 3.60545565e-04 1.88386289e-06 4.90912885e-04 6.49572667e-07
 1.88449841e-05 1.05112596e-06 1.54555160e+04 7.26703779e-07
 3.87729873e-04 1.72238748e-06 4.04322122e-04 6.87797294e-07
 1.12480109e-04 1.23764779e-06 8.30110815e-04 1.87020109e-06]",./circuit_database/IAC/result_folder/2025-0521-232357
IAC,30282700.0,133.951,0.00711402,-7.665611601135912,2025-0521-232357,"[-1, 1, 0]","[8.93048995e-13 5.67487154e-13 6.22594416e-04 5.39405145e-07
 3.43780196e-04 1.32598612e-06 2.38113962e-05 1.07884205e-06
 3.68453913e-04 1.88891043e-06 5.03752552e-04 6.15939370e-07
 7.35643788e-06 1.06996518e-06 1.53891655e+04 7.01559535e-07
 4.00630242e-04 1.74424796e-06 3.98121876e-04 6.74655967e-07
 1.12480109e-04 1.23904662e-06 8.34756741e-04 1.89357706e-06]",./circuit_database/IAC/result_folder/2025-0521-232357
IAC,26245500.0,134.33,0.00688925,-7.64409426431752,2025-0521-232410,"[-1, 1, 0]","[8.90849941e-13 6.02125736e-13 6.17102005e-04 5.09139351e-07
 3.36026405e-04 1.32127583e-06 2.18188164e-05 1.10168793e-06
 3.58474297e-04 1.87976074e-06 5.02669057e-04 6.25223101e-07
 7.31597621e-06 1.06817280e-06 1.54555160e+04 7.26194989e-07
 3.87729873e-04 1.72671174e-06 3.99138447e-04 7.05614479e-07
 1.12480109e-04 1.23764779e-06 8.21724475e-04 1.88974815e-06]",./circuit_database/IAC/result_folder/2025-0521-232410
IAC,26902300.0,136.3,0.00703277,-7.680163171750182,2025-0521-232422,"[-1, 1, 0]","[9.69424435e-13 6.05637869e-13 6.22965842e-04 5.11017552e-07
 3.58138869e-04 1.34937963e-06 2.21651685e-05 1.08351291e-06
 3.48143294e-04 1.87528149e-06 4.91151977e-04 6.49248104e-07
 8.68748763e-06 1.03623436e-06 1.53663691e+04 7.26703779e-07
 4.01283463e-04 1.71689175e-06 3.97702463e-04 6.96915411e-07
 1.14941826e-04 1.23460703e-06 8.35088475e-04 1.90082989e-06]",./circuit_database/IAC/result_folder/2025-0521-232422
IAC,29515800.0,135.922,0.00724106,-7.694829542347644,2025-0521-232422,"[-1, 1, 0]","[9.42005312e-13 5.52094740e-13 6.29166442e-04 5.04231140e-07
 3.62542894e-04 1.31534644e-06 2.21651685e-05 1.05412830e-06
 3.70622413e-04 1.89505767e-06 4.95833666e-04 6.61362499e-07
 8.68748763e-06 1.03121616e-06 1.51263613e+04 7.19573006e-07
 3.84192699e-04 1.71073943e-06 3.93174818e-04 7.18097729e-07
 1.08951034e-04 1.24421731e-06 8.29453175e-04 1.88000751e-06]",./circuit_database/IAC/result_folder/2025-0521-232422
IAC,29209400.0,137.556,0.00745217,-7.710831041081033,2025-0521-232448,"[-1, 1, 0]","[9.38019378e-13 5.58455100e-13 6.35172202e-04 5.10082833e-07
 3.65570040e-04 1.32006783e-06 2.21651685e-05 1.04890733e-06
 3.63372022e-04 1.90639506e-06 4.98435440e-04 6.67848748e-07
 1.16143550e-05 1.03121616e-06 1.51433318e+04 7.16854914e-07
 3.88487850e-04 1.70500436e-06 3.96911578e-04 7.12741254e-07
 1.11551476e-04 1.25041390e-06 8.32250522e-04 1.88894944e-06]",./circuit_database/IAC/result_folder/2025-0521-232448
IAC,29606600.0,138.036,0.00761147,-7.716626969913371,2025-0521-232500,"[-1, 1, 0]","[9.51196576e-13 5.58455100e-13 6.33364055e-04 5.10082833e-07
 3.61632409e-04 1.32178577e-06 2.24247318e-05 1.03800434e-06
 3.63372022e-04 1.91425260e-06 5.05434552e-04 6.74433116e-07
 1.49960880e-05 1.03204377e-06 1.50464398e+04 7.16854914e-07
 3.93177657e-04 1.70500436e-06 3.91437890e-04 7.12741254e-07
 1.10298502e-04 1.24824599e-06 8.37954629e-04 1.87760010e-06]",./circuit_database/IAC/result_folder/2025-0521-232500
IAC,28796600.0,137.259,0.00712554,-7.712072345531093,2025-0521-232500,"[-1, 1, 0]","[9.38621297e-13 5.55825834e-13 6.41470930e-04 5.18691311e-07
 3.60665723e-04 1.31110022e-06 2.16092561e-05 1.04511080e-06
 3.63372022e-04 1.91671142e-06 5.04718946e-04 6.74347777e-07
 9.97869507e-06 1.03336552e-06 1.50520703e+04 7.23714453e-07
 3.81034203e-04 1.70288467e-06 3.96911578e-04 7.16704657e-07
 1.15703987e-04 1.25312416e-06 8.33309700e-04 1.88894944e-06]",./circuit_database/IAC/result_folder/2025-0521-232500
IAC,30132900.0,137.908,0.00749081,-7.724281350261181,2025-0521-232501,"[-1, 1, 0]","[9.36816048e-13 5.51960649e-13 6.40524224e-04 5.01513460e-07
 3.65852971e-04 1.32092387e-06 2.27183966e-05 1.05439300e-06
 3.68937417e-04 1.91339061e-06 5.02991067e-04 6.72169990e-07
 1.27085769e-05 1.03342225e-06 1.50549388e+04 7.10958245e-07
 3.81624484e-04 1.69710935e-06 3.93509389e-04 7.18199031e-07
 1.10700156e-04 1.24287134e-06 8.28921512e-04 1.88444676e-06]",./circuit_database/IAC/result_folder/2025-0521-232501
IAC,26032300.0,138.308,0.00723977,-7.6846053601028785,2025-0521-232514,"[-1, 1, 0]","[9.50607629e-13 5.52177976e-13 6.34982551e-04 5.08167976e-07
 3.64564101e-04 1.32888002e-06 1.96797598e-05 1.06397274e-06
 3.77345912e-04 1.91339061e-06 4.98958845e-04 6.68306593e-07
 1.37438604e-05 1.04027752e-06 1.49924636e+04 7.15890862e-07
 3.88599611e-04 1.69433061e-06 3.95806628e-04 7.22858317e-07
 1.15821860e-04 1.24561208e-06 8.31934540e-04 1.87414268e-06]",./circuit_database/IAC/result_folder/2025-0521-232514
IAC,27282600.0,138.39,0.00748918,-7.695257119508848,2025-0521-232514,"[-1, 1, 0]","[9.46851914e-13 5.42067135e-13 6.40524224e-04 5.03910821e-07
 3.66403381e-04 1.32570340e-06 2.03178230e-05 1.05639460e-06
 3.74272347e-04 1.92109405e-06 5.06339669e-04 6.67115232e-07
 1.54571121e-05 1.03500533e-06 1.51654155e+04 7.13154942e-07
 3.84296240e-04 1.69515951e-06 3.97943787e-04 7.24436931e-07
 1.13045848e-04 1.23540203e-06 8.33108435e-04 1.87935395e-06]",./circuit_database/IAC/result_folder/2025-0521-232514
IAC,26206700.0,138.517,0.00724997,-7.68814309653061,2025-0521-232514,"[-1, 1, 0]","[9.22412450e-13 5.53612780e-13 6.31887700e-04 5.14315976e-07
 3.63101119e-04 1.32711526e-06 1.96677769e-05 1.05064005e-06
 3.70602782e-04 1.91339061e-06 5.00740820e-04 6.80379491e-07
 1.48557722e-05 1.03848383e-06 1.49862851e+04 7.03054366e-07
 3.79337220e-04 1.69701570e-06 3.89059082e-04 7.12526914e-07
 1.14355862e-04 1.23784262e-06 8.27961140e-04 1.89071303e-06]",./circuit_database/IAC/result_folder/2025-0521-232514
IAC,26959400.0,138.329,0.00744629,-7.691662960315701,2025-0521-232514,"[-1, 1, 0]","[9.37290466e-13 5.41149492e-13 6.40524224e-04 5.15913949e-07
 3.61264501e-04 1.32167169e-06 1.99471255e-05 1.05196286e-06
 3.77710384e-04 1.91006090e-06 4.98865278e-04 6.62690451e-07
 1.61433588e-05 1.03063073e-06 1.50549388e+04 7.05530762e-07
 3.85023142e-04 1.68998086e-06 3.88445265e-04 7.22032968e-07
 1.11471210e-04 1.24547330e-06 8.23740722e-04 1.88444676e-06]",./circuit_database/IAC/result_folder/2025-0521-232514
IAC,27906800.0,138.469,0.00749032,-7.704086611639953,2025-0521-232527,"[-1, 1, 0]","[9.34648580e-13 5.38139653e-13 6.33131056e-04 5.00331647e-07
 3.62566641e-04 1.31721774e-06 2.06328435e-05 1.05013401e-06
 3.68937417e-04 1.91339061e-06 5.02991067e-04 6.77705957e-07
 1.57142331e-05 1.03342225e-06 1.50680581e+04 7.14551816e-07
 3.79776492e-04 1.70360384e-06 3.96027348e-04 7.19733421e-07
 1.12480886e-04 1.24103077e-06 8.23108628e-04 1.88891951e-06]",./circuit_database/IAC/result_folder/2025-0521-232527
IAC,28795200.0,138.287,0.00709965,-7.725104204990144,2025-0521-232539,"[-1, 1, 0]","[9.39785720e-13 5.53980069e-13 6.44054019e-04 5.02942246e-07
 3.66210940e-04 1.32092387e-06 2.17532678e-05 1.04505008e-06
 3.74592376e-04 1.90781879e-06 5.07094134e-04 6.74079389e-07
 1.27085769e-05 1.02791196e-06 1.50549388e+04 7.08482878e-07
 3.80136540e-04 1.69899507e-06 3.89252040e-04 7.25556040e-07
 1.15773904e-04 1.23454414e-06 8.28921512e-04 1.87855238e-06]",./circuit_database/IAC/result_folder/2025-0521-232539
IAC,26565100.0,138.426,0.007377,-7.688937983627535,2025-0521-232539,"[-1, 1, 0]","[9.36816048e-13 5.46041755e-13 6.35608186e-04 5.02355849e-07
 3.65852971e-04 1.31222225e-06 1.98201657e-05 1.05439300e-06
 3.70946162e-04 1.90176191e-06 5.05224829e-04 6.76081237e-07
 1.48575022e-05 1.04144310e-06 1.49388501e+04 7.06353766e-07
 3.75753678e-04 1.68849835e-06 3.93186425e-04 7.13854163e-07
 1.14981308e-04 1.24416101e-06 8.28921512e-04 1.88268088e-06]",./circuit_database/IAC/result_folder/2025-0521-232539
IAC,26528000.0,136.669,0.00693667,-7.683913796183666,2025-0521-232539,"[-1, 1, 0]","[9.28687393e-13 5.43650254e-13 6.38823728e-04 5.05094069e-07
 3.69006848e-04 1.31178500e-06 1.95785936e-05 1.05458679e-06
 3.67876348e-04 1.91033306e-06 5.04839093e-04 6.78874248e-07
 8.96269735e-06 1.04103153e-06 1.49927382e+04 7.10958245e-07
 3.75292738e-04 1.70093245e-06 3.98159975e-04 7.26865399e-07
 1.15859065e-04 1.23432739e-06 8.29287154e-04 1.88751134e-06]",./circuit_database/IAC/result_folder/2025-0521-232539
IAC,9118230.0,155.744,0.000434575,C2P_Simulator,2025-0522-005102,['NSGA-II'],"[1.3654543e-12 2.0495569e-12 3.8968347e-04 8.8688518e-07 1.1277576e-05
 1.7669419e-06 1.2858438e-05 7.4493471e-07 2.0000928e-04 7.0396408e-07
 9.0934458e-04 9.4776567e-07 4.1067182e-05 1.9820429e-06 8.8887773e+03
 1.6105014e-06 4.8200102e-04 1.3195878e-06 9.9483749e-04 6.8686217e-07
 6.9134077e-04 6.9478460e-07 2.5255774e-04 1.7833228e-06]",./circuit_database/IAC/result_folder/2025-0522-005102
IAC,8013090.0,154.63,0.000411271,C2P_Simulator,2025-0522-005102,['NSGA-II'],"[1.25992077e-12 2.05283425e-12 4.26700368e-04 8.92244657e-07
 1.12775760e-05 1.80879533e-06 1.14470340e-05 8.07599065e-07
 2.64287402e-04 7.50761444e-07 9.06593923e-04 9.81191988e-07
 1.05755025e-04 1.95856796e-06 7.22720215e+03 1.47916728e-06
 3.88305984e-04 1.31958780e-06 9.57194250e-04 6.61272168e-07
 7.97829183e-04 7.40182315e-07 2.44222843e-04 1.78332277e-06]",./circuit_database/IAC/result_folder/2025-0522-005102
IAC,11432800.0,157.691,0.000553294,C2P_Simulator,2025-0522-005102,['NSGA-II'],"[1.3306309e-12 2.0326360e-12 3.8968347e-04 9.1812075e-07 1.6567110e-05
 1.7669419e-06 1.6210926e-05 7.2784343e-07 1.9250909e-04 7.0396408e-07
 9.0934458e-04 9.4776567e-07 5.5514891e-05 1.9481672e-06 8.3516836e+03
 1.5895939e-06 4.8200102e-04 1.3281050e-06 9.9483749e-04 6.8686217e-07
 6.9134077e-04 7.0509464e-07 2.8632395e-04 1.7482006e-06]",./circuit_database/IAC/result_folder/2025-0522-005102
IAC,10714100.0,157.128,0.000551087,C2P_Simulator,2025-0522-005102,['NSGA-II'],"[1.3594923e-12 2.1563222e-12 3.8968347e-04 8.8143531e-07 1.4983238e-05
 1.8074390e-06 1.6387901e-05 7.7675116e-07 2.0000928e-04 6.3799996e-07
 9.0754032e-04 9.4031549e-07 4.6074463e-05 1.9642850e-06 9.3062959e+03
 1.6146844e-06 5.2055571e-04 1.3370659e-06 9.7604439e-04 6.8686217e-07
 6.7605235e-04 7.2186788e-07 3.1623314e-04 1.7973216e-06]",./circuit_database/IAC/result_folder/2025-0522-005102
IAC,7922490.0,154.526,0.00039546,C2P_Simulator,2025-0522-005102,['NSGA-II'],"[1.4018153e-12 2.0534087e-12 4.0663721e-04 8.6822524e-07 8.8889319e-06
 1.7725050e-06 1.0931535e-05 7.2750925e-07 2.0000928e-04 7.0454649e-07
 9.2053536e-04 9.3574937e-07 3.3076387e-05 1.9634190e-06 8.6698877e+03
 1.5839803e-06 4.8200102e-04 1.3195878e-06 9.9483749e-04 6.9321271e-07
 6.8141718e-04 6.8649365e-07 2.4743052e-04 1.7570944e-06]",./circuit_database/IAC/result_folder/2025-0522-005102
IAC,5799950.0,151.823,0.000333775,C2P_Simulator,2025-0522-005102,['NSGA-II'],"[1.3708096e-12 2.0475854e-12 3.9654522e-04 8.8554498e-07 4.5970050e-06
 1.7706238e-06 7.8788362e-06 7.4465004e-07 1.9893117e-04 7.0396408e-07
 9.0732321e-04 9.5448399e-07 3.6661902e-05 1.9733041e-06 8.7683809e+03
 1.6030186e-06 4.8347237e-04 1.3121754e-06 9.9165691e-04 6.9406155e-07
 6.8839756e-04 7.0144273e-07 2.5843177e-04 1.7788381e-06]",./circuit_database/IAC/result_folder/2025-0522-005102
IAC,4927820.0,150.409,0.000329126,C2P_Simulator,2025-0522-005102,['NSGA-II'],"[1.3654543e-12 2.0495569e-12 3.8953501e-04 8.9348657e-07 4.5161232e-06
 1.7758127e-06 6.5856261e-06 7.3923189e-07 2.0464035e-04 7.0832948e-07
 9.0727268e-04 9.5281888e-07 4.1030264e-05 1.9822294e-06 8.8509043e+03
 1.6127002e-06 4.7699487e-04 1.3174445e-06 9.9157519e-04 6.9600048e-07
 6.9104449e-04 7.0112583e-07 2.5744151e-04 1.7844674e-06]",./circuit_database/IAC/result_folder/2025-0522-005102
IAC,5195940.0,150.868,0.000329203,C2P_Simulator,2025-0522-005102,['NSGA-II'],"[1.3532619e-12 2.0491293e-12 3.9530208e-04 8.9477186e-07 4.3195223e-06
 1.7714542e-06 6.9938919e-06 7.4098733e-07 1.9542917e-04 6.9461913e-07
 9.1051409e-04 9.5468874e-07 3.4754252e-05 1.9735076e-06 8.9072344e+03
 1.6140557e-06 4.8357359e-04 1.3139112e-06 9.9483749e-04 6.8840637e-07
 6.8550056e-04 6.9478460e-07 2.5930101e-04 1.7833228e-06]",./circuit_database/IAC/result_folder/2025-0522-005102
IAC,19615400.0,151.269,0.00198441,C2P_Simulator,2025-0522-005103,['NSGA-II'],"[2.2703196e-12 2.9600517e-12 3.2204553e-04 1.3154523e-06 1.5536380e-04
 1.7650656e-06 7.3596864e-05 1.1822046e-06 7.9240254e-04 1.8770073e-06
 2.7442916e-04 7.3184026e-07 3.0837284e-04 1.4032260e-06 1.9720037e+04
 7.8792573e-07 8.8557025e-04 8.6867783e-07 4.8992690e-04 1.3238819e-06
 8.9712063e-04 1.9362576e-06 8.4001536e-04 1.8096266e-06]",./circuit_database/IAC/result_folder/2025-0522-005103
IAC,23933600.0,158.376,0.00218215,C2P_Simulator,2025-0522-005103,['NSGA-II'],"[1.5424597e-12 2.1840539e-12 8.9888752e-04 8.1622744e-07 1.9744143e-04
 1.8610942e-06 7.3596864e-05 1.5686135e-06 8.3569228e-04 8.9678713e-07
 5.7045318e-04 8.3364756e-07 6.9544540e-04 1.4167526e-06 7.8828916e+03
 1.8247096e-06 8.8557025e-04 1.5475557e-06 5.7542638e-04 9.9429337e-07
 7.6544227e-04 5.0947455e-07 9.3157467e-04 1.9490849e-06]",./circuit_database/IAC/result_folder/2025-0522-005103
IAC,19657700.0,159.51,0.00265249,C2P_Simulator,2025-0522-005103,['NSGA-II'],"[2.9326953e-12 2.4009037e-12 8.8255893e-04 8.1622744e-07 1.4220312e-04
 1.8068102e-06 5.8520502e-05 1.4740257e-06 8.3569228e-04 1.6190825e-06
 6.9688307e-04 6.4071219e-07 2.5869429e-04 1.4016332e-06 9.2998828e+03
 1.9898548e-06 7.0277223e-04 1.5475557e-06 5.7542638e-04 1.1272704e-06
 7.6544227e-04 1.3341107e-06 9.2399400e-04 1.2900299e-06]",./circuit_database/IAC/result_folder/2025-0522-005103
IAC,25874300.0,150.583,0.00481671,C2P_Simulator,2025-0522-005103,['NSGA-II'],"[2.99057090e-12 2.60797308e-12 9.57422541e-04 6.22459311e-07
 2.25904208e-04 1.85689237e-06 1.11040717e-04 1.66621965e-06
 8.35692277e-04 1.40911925e-06 5.70453180e-04 6.30212696e-07
 1.07157415e-04 1.42577107e-06 1.01124668e+04 5.71135615e-07
 5.63193636e-04 1.54755571e-06 5.75426384e-04 1.86757188e-06
 1.93406202e-04 1.78786047e-06 8.43476388e-04 1.48085962e-06]",./circuit_database/IAC/result_folder/2025-0522-005103
IAC,24313200.0,158.261,0.00273504,C2P_Simulator,2025-0522-005103,['NSGA-II'],"[2.6136070e-12 2.5750287e-12 8.9867925e-04 6.9793856e-07 1.9405976e-04
 1.8610942e-06 9.0764588e-05 1.5523906e-06 7.1394350e-04 8.9678713e-07
 6.5800536e-04 7.7656330e-07 2.3521093e-04 1.4167526e-06 1.8877387e+04
 7.9763748e-07 7.0745824e-04 1.8501371e-06 8.1419782e-04 1.1300164e-06
 7.6544227e-04 1.2578032e-06 8.2291930e-04 1.8497013e-06]",./circuit_database/IAC/result_folder/2025-0522-005103
IAC,17745900.0,159.62,0.00231231,C2P_Simulator,2025-0522-005103,['NSGA-II'],"[1.5004116e-12 2.7081577e-12 9.4017619e-04 5.2277517e-07 1.9828894e-04
 1.7564394e-06 5.8388403e-05 1.5686135e-06 8.3569228e-04 1.1567705e-06
 5.7045318e-04 6.9673337e-07 1.6975192e-04 1.4167526e-06 7.8828916e+03
 1.6758007e-06 7.7762117e-04 1.3774523e-06 5.7542638e-04 9.9429337e-07
 7.6544227e-04 5.0947455e-07 9.4961602e-04 1.8103194e-06]",./circuit_database/IAC/result_folder/2025-0522-005103
IAC,15851500.0,156.755,0.00211775,C2P_Simulator,2025-0522-005103,['NSGA-II'],"[2.4245978e-12 2.2991520e-12 7.6110906e-04 8.1622744e-07 1.9744143e-04
 1.8768080e-06 4.9386341e-05 1.6083328e-06 5.2351336e-04 1.4636632e-06
 4.7101467e-04 7.2294864e-07 8.3320134e-04 1.4167526e-06 1.1023405e+04
 1.2414107e-06 7.5383123e-04 1.4657267e-06 3.6075676e-04 1.0018696e-06
 7.5679447e-04 5.0947455e-07 9.3191635e-04 1.7228405e-06]",./circuit_database/IAC/result_folder/2025-0522-005103
IAC,3742810.0,148.021,0.000269486,C2P_Simulator,2025-0522-005103,['NSGA-II'],"[2.63086991e-12 2.70818047e-12 3.46908579e-04 6.89386468e-07
 1.08117465e-05 1.52588029e-06 7.08284006e-06 9.85270731e-07
 5.99965162e-04 9.75017429e-07 3.57681100e-04 1.40910788e-06
 4.82077594e-04 1.27556802e-06 7.29874658e+03 1.39798965e-06
 9.17619036e-04 1.30319245e-06 6.86672865e-04 1.69905456e-06
 3.97016236e-04 7.24245751e-07 7.74162763e-05 1.09435632e-06]",./circuit_database/IAC/result_folder/2025-0522-005103
IAC,2418410.0,144.229,0.000136309,C2P_Simulator,2025-0522-005103,['NSGA-II'],"[2.7736116e-12 2.9937088e-12 4.7048961e-04 1.1728455e-06 1.1625531e-05
 1.8875420e-06 4.4335388e-06 8.6223912e-07 9.5295411e-04 8.8672357e-07
 9.9358638e-04 1.1653631e-06 3.7851019e-04 1.4840531e-06 5.9609917e+03
 9.5857740e-07 9.9959620e-04 1.8288821e-06 3.9868976e-04 1.6125559e-06
 2.8958413e-04 7.3756649e-07 1.5617490e-05 1.7863847e-06]",./circuit_database/IAC/result_folder/2025-0522-005103
IAC,2207090.0,143.435,0.000131551,C2P_Simulator,2025-0522-005103,['NSGA-II'],"[2.6796310e-12 2.9506822e-12 7.0143864e-04 1.2036727e-06 3.3226599e-06
 6.8901846e-07 5.2156784e-06 1.3745379e-06 8.2303822e-04 8.4229026e-07
 2.6455164e-04 1.4585729e-06 2.1995539e-04 1.5134084e-06 1.1709252e+03
 1.4147331e-06 9.9959620e-04 1.1014878e-06 2.9312074e-04 1.1733915e-06
 2.7622032e-04 1.2278789e-06 3.0965108e-05 1.9129000e-06]",./circuit_database/IAC/result_folder/2025-0522-005103
IAC,1487090.0,140.006,4.35135e-05,C2P_Simulator,2025-0522-005103,['NSGA-II'],"[2.7058776e-12 2.9687312e-12 7.4276037e-04 6.2322630e-07 1.1467729e-06
 6.8415818e-07 2.9837427e-06 1.0639831e-06 8.9486857e-04 8.3833999e-07
 1.6525990e-05 1.0604047e-06 1.6067155e-04 5.7498096e-07 8.7677881e+03
 9.5833161e-07 3.8745196e-04 1.2189590e-06 4.2311291e-04 1.6889617e-06
 4.2455763e-04 1.4042881e-06 6.0346611e-06 1.0593885e-06]",./circuit_database/IAC/result_folder/2025-0522-005103
IAC,1610440.0,140.698,7.44871e-05,C2P_Simulator,2025-0522-005103,['NSGA-II'],"[2.5357726e-12 2.9111520e-12 6.9951679e-04 1.0957522e-06 3.9879446e-06
 1.5792001e-06 3.3842452e-06 1.1699753e-06 9.5858710e-04 9.8163389e-07
 1.8460440e-04 9.9685087e-07 4.6468011e-04 1.4763935e-06 1.2558863e+04
 1.4639783e-06 1.0133976e-04 1.1999980e-06 4.7844707e-04 1.3881909e-06
 3.6426485e-04 7.8124577e-07 2.0799613e-05 1.9211266e-06]",./circuit_database/IAC/result_folder/2025-0522-005103
IAC,27040100.0,138.829,0.00779298,C2P_Simulator,2025-0522-005103,['NSGA-II'],"[9.4522925e-13 5.6453729e-13 6.0562225e-04 5.1191898e-07 3.4931750e-04
 1.3334422e-06 2.1152389e-05 1.0808695e-06 3.6014614e-04 1.8911289e-06
 4.9542286e-04 6.5142706e-07 2.4262155e-05 1.0651195e-06 1.5726226e+04
 7.1248178e-07 4.1221915e-04 1.7439612e-06 4.0674559e-04 6.7016197e-07
 1.1735456e-04 1.2179355e-06 8.4186904e-04 1.8858783e-06]",./circuit_database/IAC/result_folder/2025-0522-005103
IAC,27414800.0,138.57,0.00791495,C2P_Simulator,2025-0522-005103,['NSGA-II'],"[9.19890791e-13 5.82467668e-13 6.27362286e-04 5.01832233e-07
 3.45968525e-04 1.32966500e-06 2.21651680e-05 1.08099971e-06
 3.60545557e-04 1.88386286e-06 4.90912877e-04 6.49572655e-07
 1.88449849e-05 1.05112599e-06 1.54555156e+04 7.26703774e-07
 3.87729873e-04 1.72238742e-06 4.04322112e-04 6.87797296e-07
 1.12480106e-04 1.23764778e-06 8.30110803e-04 1.87020112e-06]",./circuit_database/IAC/result_folder/2025-0522-005103
IAC,30282700.0,133.951,0.00711402,C2P_Simulator,2025-0522-005103,['NSGA-II'],"[8.93048981e-13 5.67487138e-13 6.22594438e-04 5.39405164e-07
 3.43780208e-04 1.32598609e-06 2.38113953e-05 1.07884205e-06
 3.68453912e-04 1.88891045e-06 5.03752555e-04 6.15939371e-07
 7.35643789e-06 1.06996515e-06 1.53891650e+04 7.01559543e-07
 4.00630233e-04 1.74424792e-06 3.98121862e-04 6.74655951e-07
 1.12480106e-04 1.23904658e-06 8.34756764e-04 1.89357706e-06]",./circuit_database/IAC/result_folder/2025-0522-005103
IAC,26245500.0,134.33,0.00688925,C2P_Simulator,2025-0522-005103,['NSGA-II'],"[8.90849948e-13 6.02125717e-13 6.17102021e-04 5.09139340e-07
 3.36026395e-04 1.32127582e-06 2.18188161e-05 1.10168799e-06
 3.58474295e-04 1.87976070e-06 5.02669078e-04 6.25223095e-07
 7.31597629e-06 1.06817276e-06 1.54555156e+04 7.26194969e-07
 3.87729873e-04 1.72671173e-06 3.99138458e-04 7.05614468e-07
 1.12480106e-04 1.23764778e-06 8.21724476e-04 1.88974821e-06]",./circuit_database/IAC/result_folder/2025-0522-005103
IAC,26902300.0,136.3,0.00703277,C2P_Simulator,2025-0522-005103,['NSGA-II'],"[9.69424411e-13 6.05637881e-13 6.22965861e-04 5.11017561e-07
 3.58138874e-04 1.34937966e-06 2.21651680e-05 1.08351287e-06
 3.48143280e-04 1.87528144e-06 4.91151994e-04 6.49248079e-07
 8.68748793e-06 1.03623438e-06 1.53663691e+04 7.26703774e-07
 4.01283469e-04 1.71689180e-06 3.97702475e-04 6.96915436e-07
 1.14941824e-04 1.23460700e-06 8.35088489e-04 1.90082994e-06]",./circuit_database/IAC/result_folder/2025-0522-005103
IAC,29515800.0,135.922,0.00724106,C2P_Simulator,2025-0522-005103,['NSGA-II'],"[9.4200526e-13 5.5209472e-13 6.2916643e-04 5.0423114e-07 3.6254289e-04
 1.3153465e-06 2.2165168e-05 1.0541283e-06 3.7062241e-04 1.8950577e-06
 4.9583369e-04 6.6136249e-07 8.6874879e-06 1.0312161e-06 1.5126361e+04
 7.1957299e-07 3.8419271e-04 1.7107394e-06 3.9317482e-04 7.1809774e-07
 1.0895103e-04 1.2442173e-06 8.2945317e-04 1.8800075e-06]",./circuit_database/IAC/result_folder/2025-0522-005103
IAC,29209400.0,137.556,0.00745217,C2P_Simulator,2025-0522-005103,['NSGA-II'],"[9.38019410e-13 5.58455083e-13 6.35172182e-04 5.10082828e-07
 3.65570042e-04 1.32006778e-06 2.21651680e-05 1.04890728e-06
 3.63372033e-04 1.90639503e-06 4.98435460e-04 6.67848724e-07
 1.16143547e-05 1.03121613e-06 1.51433320e+04 7.16854913e-07
 3.88487853e-04 1.70500437e-06 3.96911579e-04 7.12741269e-07
 1.11551475e-04 1.25041390e-06 8.32250516e-04 1.88894944e-06]",./circuit_database/IAC/result_folder/2025-0522-005103
IAC,29606600.0,138.036,0.00761147,C2P_Simulator,2025-0522-005103,['NSGA-II'],"[9.51196587e-13 5.58455083e-13 6.33364078e-04 5.10082828e-07
 3.61632410e-04 1.32178582e-06 2.24247324e-05 1.03800437e-06
 3.63372033e-04 1.91425261e-06 5.05434524e-04 6.74433124e-07
 1.49960879e-05 1.03204377e-06 1.50464395e+04 7.16854913e-07
 3.93177645e-04 1.70500437e-06 3.91437876e-04 7.12741269e-07
 1.10298504e-04 1.24824601e-06 8.37954634e-04 1.87760008e-06]",./circuit_database/IAC/result_folder/2025-0522-005103
IAC,28796600.0,137.259,0.00712554,C2P_Simulator,2025-0522-005103,['NSGA-II'],"[9.3862125e-13 5.5582584e-13 6.4147095e-04 5.1869131e-07 3.6066573e-04
 1.3111002e-06 2.1609256e-05 1.0451108e-06 3.6337203e-04 1.9167114e-06
 5.0471892e-04 6.7434780e-07 9.9786948e-06 1.0333655e-06 1.5052070e+04
 7.2371444e-07 3.8103422e-04 1.7028847e-06 3.9691158e-04 7.1670468e-07
 1.1570399e-04 1.2531242e-06 8.3330972e-04 1.8889494e-06]",./circuit_database/IAC/result_folder/2025-0522-005103
IAC,30132900.0,137.908,0.00749081,C2P_Simulator,2025-0522-005103,['NSGA-II'],"[9.3681605e-13 5.5196066e-13 6.4052420e-04 5.0151345e-07 3.6585296e-04
 1.3209238e-06 2.2718397e-05 1.0543930e-06 3.6893741e-04 1.9133906e-06
 5.0299108e-04 6.7217002e-07 1.2708577e-05 1.0334222e-06 1.5054938e+04
 7.1095826e-07 3.8162447e-04 1.6971094e-06 3.9350940e-04 7.1819903e-07
 1.1070016e-04 1.2428713e-06 8.2892150e-04 1.8844468e-06]",./circuit_database/IAC/result_folder/2025-0522-005103
IAC,26032300.0,138.308,0.00723977,C2P_Simulator,2025-0522-005103,['NSGA-II'],"[9.5060765e-13 5.5217799e-13 6.3498254e-04 5.0816800e-07 3.6456410e-04
 1.3288800e-06 1.9679759e-05 1.0639727e-06 3.7734592e-04 1.9133906e-06
 4.9895886e-04 6.6830660e-07 1.3743860e-05 1.0402775e-06 1.4992464e+04
 7.1589085e-07 3.8859961e-04 1.6943306e-06 3.9580662e-04 7.2285832e-07
 1.1582186e-04 1.2456121e-06 8.3193457e-04 1.8741426e-06]",./circuit_database/IAC/result_folder/2025-0522-005103
IAC,27282600.0,138.39,0.00748918,C2P_Simulator,2025-0522-005103,['NSGA-II'],"[9.4685186e-13 5.4206715e-13 6.4052420e-04 5.0391083e-07 3.6640337e-04
 1.3257034e-06 2.0317822e-05 1.0563946e-06 3.7427235e-04 1.9210941e-06
 5.0633965e-04 6.6711522e-07 1.5457112e-05 1.0350053e-06 1.5165415e+04
 7.1315492e-07 3.8429623e-04 1.6951595e-06 3.9794378e-04 7.2443692e-07
 1.1304585e-04 1.2354020e-06 8.3310844e-04 1.8793539e-06]",./circuit_database/IAC/result_folder/2025-0522-005103
IAC,26206700.0,138.517,0.00724997,C2P_Simulator,2025-0522-005103,['NSGA-II'],"[9.2241243e-13 5.5361277e-13 6.3188770e-04 5.1431596e-07 3.6310111e-04
 1.3271152e-06 1.9667777e-05 1.0506401e-06 3.7060279e-04 1.9133906e-06
 5.0074083e-04 6.8037951e-07 1.4855772e-05 1.0384838e-06 1.4986285e+04
 7.0305435e-07 3.7933723e-04 1.6970157e-06 3.8905907e-04 7.1252691e-07
 1.1435586e-04 1.2378426e-06 8.2796114e-04 1.8907131e-06]",./circuit_database/IAC/result_folder/2025-0522-005103
IAC,26959400.0,138.329,0.00744629,C2P_Simulator,2025-0522-005103,['NSGA-II'],"[9.3729050e-13 5.4114948e-13 6.4052420e-04 5.1591394e-07 3.6126451e-04
 1.3216717e-06 1.9947125e-05 1.0519628e-06 3.7771038e-04 1.9100610e-06
 4.9886527e-04 6.6269047e-07 1.6143358e-05 1.0306308e-06 1.5054938e+04
 7.0553074e-07 3.8502313e-04 1.6899809e-06 3.8844527e-04 7.2203295e-07
 1.1147121e-04 1.2454733e-06 8.2374073e-04 1.8844468e-06]",./circuit_database/IAC/result_folder/2025-0522-005103
IAC,27906800.0,138.469,0.00749032,C2P_Simulator,2025-0522-005103,['NSGA-II'],"[9.34648626e-13 5.38139628e-13 6.33131072e-04 5.00331623e-07
 3.62566643e-04 1.31721777e-06 2.06328441e-05 1.05013396e-06
 3.68937413e-04 1.91339063e-06 5.02991083e-04 6.77705941e-07
 1.57142331e-05 1.03342222e-06 1.50680576e+04 7.14551788e-07
 3.79776495e-04 1.70360386e-06 3.96027346e-04 7.19733407e-07
 1.12480884e-04 1.24103076e-06 8.23108654e-04 1.88891954e-06]",./circuit_database/IAC/result_folder/2025-0522-005103
IAC,28795200.0,138.287,0.00709965,C2P_Simulator,2025-0522-005103,['NSGA-II'],"[9.3978568e-13 5.5398009e-13 6.4405403e-04 5.0294227e-07 3.6621094e-04
 1.3209238e-06 2.1753267e-05 1.0450501e-06 3.7459238e-04 1.9078188e-06
 5.0709414e-04 6.7407939e-07 1.2708577e-05 1.0279119e-06 1.5054938e+04
 7.0848290e-07 3.8013654e-04 1.6989951e-06 3.8925203e-04 7.2555605e-07
 1.1577390e-04 1.2345441e-06 8.2892150e-04 1.8785523e-06]",./circuit_database/IAC/result_folder/2025-0522-005103
IAC,26565100.0,138.426,0.007377,C2P_Simulator,2025-0522-005103,['NSGA-II'],"[9.3681605e-13 5.4604178e-13 6.3560816e-04 5.0235587e-07 3.6585296e-04
 1.3122223e-06 1.9820165e-05 1.0543930e-06 3.7094616e-04 1.9017619e-06
 5.0522480e-04 6.7608124e-07 1.4857502e-05 1.0414431e-06 1.4938851e+04
 7.0635377e-07 3.7575368e-04 1.6884984e-06 3.9318643e-04 7.1385415e-07
 1.1498131e-04 1.2441610e-06 8.2892150e-04 1.8826809e-06]",./circuit_database/IAC/result_folder/2025-0522-005103
IAC,26528000.0,136.669,0.00693667,C2P_Simulator,2025-0522-005103,['NSGA-II'],"[9.2868736e-13 5.4365025e-13 6.3882372e-04 5.0509408e-07 3.6900686e-04
 1.3117850e-06 1.9578594e-05 1.0545868e-06 3.6787635e-04 1.9103331e-06
 5.0483912e-04 6.7887424e-07 8.9626974e-06 1.0410315e-06 1.4992738e+04
 7.1095826e-07 3.7529273e-04 1.7009324e-06 3.9815999e-04 7.2686538e-07
 1.1585907e-04 1.2343274e-06 8.2928716e-04 1.8875113e-06]",./circuit_database/IAC/result_folder/2025-0522-005103
IAC,12590100.0,158.476,0.000732229,C2P_Simulator,2025-0522-005149,['NSGA-II'],"[1.9258464e-12 1.9023132e-12 5.0314906e-04 1.3219060e-06 2.4164769e-05
 1.3090893e-06 1.6646016e-05 7.5399390e-07 3.5845840e-04 9.8547832e-07
 9.1864279e-04 7.8932936e-07 4.7045600e-05 1.9845577e-06 5.4028560e+03
 1.7597711e-06 5.8697216e-04 1.3314603e-06 8.2474959e-04 7.1265163e-07
 4.8745744e-04 6.7787937e-07 2.7936680e-04 1.9536724e-06]",./circuit_database/IAC/result_folder/2025-0522-005149
IAC,26139000.0,133.843,0.0068458,C2P_Simulator,2025-0522-005149,['NSGA-II'],"[9.3862125e-13 6.0197425e-13 6.4141251e-04 5.1869131e-07 3.5950940e-04
 1.3103125e-06 2.1617929e-05 1.0451108e-06 2.6701658e-04 1.8810279e-06
 5.0257897e-04 6.7434780e-07 6.9740404e-06 1.0706153e-06 1.5055435e+04
 7.2371444e-07 3.8104175e-04 1.7025715e-06 3.9691158e-04 7.1705580e-07
 1.1570399e-04 1.2531242e-06 8.2103134e-04 1.8889494e-06]",./circuit_database/IAC/result_folder/2025-0522-005149
IAC,2204690.0,143.426,9.44258e-05,C2P_Simulator,2025-0522-005149,['NSGA-II'],"[1.5237227e-12 2.9506822e-12 9.3950127e-04 1.1987470e-06 3.3226599e-06
 6.6843336e-07 5.2156784e-06 1.3745379e-06 8.3416456e-04 8.4229026e-07
 5.7293999e-04 7.5738609e-07 2.1690076e-04 1.5114463e-06 1.1709252e+03
 1.4147331e-06 9.9959620e-04 1.0997254e-06 3.0762571e-04 9.8683233e-07
 7.3762564e-04 1.2185897e-06 1.9152849e-05 1.9129000e-06]",./circuit_database/IAC/result_folder/2025-0522-005149
IAC,19799000.0,159.415,0.0024906,C2P_Simulator,2025-0522-005149,['NSGA-II'],"[2.9583124e-12 2.3928912e-12 8.8255893e-04 8.1409172e-07 1.4160763e-04
 1.8068102e-06 5.8520502e-05 1.4740257e-06 9.8230352e-04 1.6190825e-06
 7.5255951e-04 8.9125405e-07 2.5869429e-04 1.0891973e-06 9.2998828e+03
 1.9898548e-06 7.0277223e-04 1.5370974e-06 5.7542638e-04 1.6420793e-06
 7.6544227e-04 1.3341107e-06 9.4232545e-04 1.2900299e-06]",./circuit_database/IAC/result_folder/2025-0522-005149
IAC,14185200.0,154.704,0.00209132,C2P_Simulator,2025-0522-005149,['NSGA-II'],"[2.4245978e-12 2.2991520e-12 7.6110906e-04 8.2136995e-07 1.9019868e-04
 1.8768080e-06 4.6044497e-05 1.6083328e-06 5.2351336e-04 1.4704974e-06
 4.7046805e-04 6.5876253e-07 8.3320134e-04 1.0112490e-06 1.1052073e+04
 1.2414107e-06 7.5383123e-04 1.4667319e-06 3.6075676e-04 9.9961642e-07
 7.5679447e-04 5.3607573e-07 9.2815643e-04 1.7448716e-06]",./circuit_database/IAC/result_folder/2025-0522-005149
IAC,24735200.0,157.724,0.00238672,C2P_Simulator,2025-0522-005149,['NSGA-II'],"[2.9834355e-12 2.5750287e-12 8.9872081e-04 7.9200777e-07 1.9405976e-04
 1.8610942e-06 9.0764588e-05 1.5523906e-06 7.1394350e-04 8.9678713e-07
 6.5800536e-04 7.7656330e-07 2.3521093e-04 1.4167526e-06 1.8877387e+04
 5.6729175e-07 7.0745824e-04 1.8501371e-06 5.7475606e-04 1.1456699e-06
 7.7831536e-04 1.2578032e-06 8.2291930e-04 1.8497013e-06]",./circuit_database/IAC/result_folder/2025-0522-005149
IAC,25008500.0,159.771,0.00294351,C2P_Simulator,2025-0522-005233,['NSGA-II'],"[1.4887526e-12 2.5750287e-12 9.3938882e-04 5.2923150e-07 1.9402419e-04
 1.8610942e-06 9.0764588e-05 1.5523906e-06 8.2978548e-04 8.9678713e-07
 6.5800536e-04 7.7656330e-07 2.3521093e-04 1.4167526e-06 7.8096021e+03
 1.6561622e-06 7.0745824e-04 1.8501371e-06 8.0623449e-04 9.8906651e-07
 7.6544227e-04 1.2578032e-06 8.2291930e-04 1.8497013e-06]",./circuit_database/IAC/result_folder/2025-0522-005233
IAC,2796630.0,145.492,0.000204771,C2P_Simulator,2025-0522-005233,['NSGA-II'],"[1.4000951e-12 2.9530282e-12 4.0649960e-04 8.6822524e-07 8.8889319e-06
 1.8441045e-06 5.1829470e-06 7.3102439e-07 1.9193049e-04 8.4526204e-07
 9.2053536e-04 9.3574937e-07 2.1294311e-04 1.5334476e-06 8.6698877e+03
 1.6065190e-06 4.5628418e-04 1.3195878e-06 9.9304575e-04 6.8388704e-07
 6.8089203e-04 1.2316564e-06 1.9767429e-05 1.9122306e-06]",./circuit_database/IAC/result_folder/2025-0522-005233
IAC,4679470.0,149.96,0.000277143,C2P_Simulator,2025-0522-005233,['NSGA-II'],"[1.3654543e-12 2.0485963e-12 3.9981297e-04 8.6842391e-07 1.0848393e-05
 1.8501470e-06 6.2141003e-06 7.3923189e-07 2.1713818e-04 6.9174087e-07
 9.1996428e-04 1.0976482e-06 2.5759506e-04 1.1472561e-06 8.6753369e+03
 1.4010574e-06 7.0296839e-04 1.3174445e-06 9.9854812e-04 6.7851363e-07
 5.2360393e-04 7.2432181e-07 7.4426403e-05 1.7844674e-06]",./circuit_database/IAC/result_folder/2025-0522-005233
IAC,2866530.0,145.706,0.000232778,C2P_Simulator,2025-0522-005233,['NSGA-II'],"[2.5469908e-12 2.8643685e-12 6.8134029e-04 6.3814383e-07 1.3280612e-05
 1.5782892e-06 4.4293070e-06 5.9994233e-07 4.9273588e-04 8.2442898e-07
 6.0334842e-04 1.1416209e-06 8.1562641e-05 1.9965016e-06 9.5384268e+03
 1.3727313e-06 8.9861685e-04 9.1487942e-07 9.0347655e-04 9.9353224e-07
 5.4367346e-04 7.4546887e-07 6.7044784e-06 1.1686764e-06]",./circuit_database/IAC/result_folder/2025-0522-005233
IAC,1734320.0,141.342,7.74858e-05,C2P_Simulator,2025-0522-005317,['NSGA-II'],"[2.5357726e-12 2.9111520e-12 6.9951679e-04 1.0990045e-06 3.9879446e-06
 1.5771221e-06 3.6731858e-06 1.1699753e-06 9.9295797e-04 9.8163389e-07
 1.8399789e-04 9.4718746e-07 4.6468011e-04 1.4763935e-06 1.2558863e+04
 1.4639783e-06 9.9600693e-05 1.3153826e-06 5.5386021e-04 1.3881909e-06
 3.6426485e-04 7.8124577e-07 1.9481089e-05 1.9211266e-06]",./circuit_database/IAC/result_folder/2025-0522-005317
IAC,8742260.0,155.378,0.000427359,C2P_Simulator,2025-0522-005317,['NSGA-II'],"[1.3654543e-12 2.0495569e-12 3.8968347e-04 8.8363282e-07 1.1277576e-05
 1.7690198e-06 1.2569534e-05 7.4493471e-07 1.2995022e-04 7.0396408e-07
 9.0963393e-04 9.9742908e-07 4.1067182e-05 1.8602821e-06 8.8887773e+03
 1.6105014e-06 4.8374871e-04 1.2042032e-06 9.1432239e-04 6.8686217e-07
 6.9134077e-04 6.9478460e-07 2.5427493e-04 1.7833228e-06]",./circuit_database/IAC/result_folder/2025-0522-005317
IAC,9599230.0,156.17,0.000531862,C2P_Simulator,2025-0522-005317,['NSGA-II'],"[2.5236655e-12 2.0495569e-12 3.8968347e-04 8.8688518e-07 1.7890818e-05
 1.7669419e-06 1.2858438e-05 7.4493471e-07 5.8088469e-04 7.0420282e-07
 5.6682020e-05 9.4762248e-07 4.1067182e-05 9.5355375e-07 9.5403613e+03
 1.6105014e-06 4.8200102e-04 1.3195878e-06 9.9483749e-04 6.8686217e-07
 6.9134077e-04 6.9326205e-07 2.5653062e-04 1.7881841e-06]",./circuit_database/IAC/result_folder/2025-0522-005317
IAC,8022590.0,154.634,0.000411999,C2P_Simulator,2025-0522-005317,['NSGA-II'],"[1.2583670e-12 2.0528342e-12 3.9573209e-04 8.9203246e-07 1.1277576e-05
 1.8072842e-06 1.1447034e-05 8.0759906e-07 2.6574597e-04 6.9685706e-07
 9.0676307e-04 9.5366016e-07 3.6014368e-05 1.9732549e-06 7.1897500e+03
 1.6132483e-06 3.8800240e-04 1.3195878e-06 9.5719425e-04 6.5970602e-07
 7.9782918e-04 7.4018232e-07 2.4521319e-04 1.7833228e-06]",./circuit_database/IAC/result_folder/2025-0522-005317
IAC,1153840.0,137.802,4.16988e-05,C2P_Simulator,2025-0522-005359,['NSGA-II'],"[2.7119793e-12 2.9923798e-12 6.5106177e-04 6.2322630e-07 1.1467729e-06
 6.8415818e-07 2.9837427e-06 1.5914587e-06 8.9150906e-04 7.1275093e-07
 1.6525990e-05 1.1496853e-06 1.6067155e-04 9.9114220e-07 8.7677881e+03
 9.5832297e-07 3.8745196e-04 1.2189590e-06 4.0781253e-04 1.8127306e-06
 4.2455763e-04 1.4042881e-06 6.0346611e-06 1.0593885e-06]",./circuit_database/IAC/result_folder/2025-0522-005359
IAC,1091340.0,137.318,3.73697e-05,C2P_Simulator,2025-0522-005359,['NSGA-II'],"[2.5460213e-12 2.9732313e-12 5.2980683e-04 1.0171632e-06 1.0663883e-06
 1.3381250e-06 2.2311349e-06 1.0843780e-06 3.6235739e-04 7.0735729e-07
 9.0258916e-05 8.9729190e-07 1.8703446e-04 1.1466113e-06 1.1561883e+04
 9.6617771e-07 6.4069981e-04 1.5375266e-06 4.5968263e-04 6.2514880e-07
 5.2241550e-04 7.4359048e-07 1.6393358e-05 1.6712319e-06]",./circuit_database/IAC/result_folder/2025-0522-005359
IAC,994749.0,136.513,3.01988e-05,C2P_Simulator,2025-0522-005440,['NSGA-II'],"[2.5517015e-12 6.8254023e-13 9.6083723e-04 8.3816843e-07 2.0295220e-06
 1.5921975e-06 5.1319773e-07 1.5704339e-06 9.4029307e-04 6.5794984e-07
 4.2202559e-04 1.1221173e-06 1.8703446e-04 9.8875694e-07 9.5135713e+03
 1.2292401e-06 4.9818406e-04 1.5986449e-06 4.0892544e-04 1.8141764e-06
 4.8499421e-04 7.0767845e-07 9.0381436e-06 1.8646465e-06]",./circuit_database/IAC/result_folder/2025-0522-005440
IAC,898986.0,135.634,2.67378e-05,C2P_Simulator,2025-0522-005522,['NSGA-II'],"[2.5423617e-12 2.9155367e-12 5.2928220e-04 9.6961162e-07 1.0734119e-06
 1.3925782e-06 1.1505915e-06 5.2749397e-07 3.6096800e-04 7.0567296e-07
 9.3604001e-05 9.5131850e-07 1.8703446e-04 9.8650730e-07 9.5135713e+03
 9.6190661e-07 5.2778638e-04 1.5318246e-06 4.0433180e-04 1.3131129e-06
 5.5100292e-04 9.5827204e-07 1.0421151e-05 1.6617099e-06]",./circuit_database/IAC/result_folder/2025-0522-005522
IAC,513145.0,130.764,1.59994e-05,C2P_Simulator,2025-0522-005522,['NSGA-II'],"[2.5451236e-12 2.9687379e-12 6.5001566e-04 1.0030080e-06 4.6656857e-07
 1.5925455e-06 1.1505915e-06 1.4266340e-06 9.3330018e-04 7.0508503e-07
 2.7701812e-04 9.0986208e-07 1.8703446e-04 1.1772750e-06 9.5504482e+03
 1.7484239e-06 5.1257422e-04 1.8014174e-06 4.0725712e-04 1.2891095e-06
 4.8427042e-04 8.7485745e-07 8.4467329e-06 1.6641446e-06]",./circuit_database/IAC/result_folder/2025-0522-005522
IAC,1018990.0,136.723,3.12535e-05,C2P_Simulator,2025-0522-005522,['NSGA-II'],"[2.5517015e-12 6.8316457e-13 9.2312525e-04 8.3774370e-07 2.0295220e-06
 1.5737160e-06 5.1319773e-07 1.4739202e-06 2.5368878e-04 6.6682026e-07
 4.2202559e-04 1.1229682e-06 1.4328801e-04 1.9410311e-06 9.5135713e+03
 1.2292401e-06 4.9818406e-04 1.3042630e-06 4.2513118e-04 1.8601409e-06
 4.8499421e-04 8.3147847e-07 9.0381436e-06 1.8757351e-06]",./circuit_database/IAC/result_folder/2025-0522-005522
IAC,534008.0,131.11,1.67265e-05,C2P_Simulator,2025-0522-005523,['NSGA-II'],"[2.5423617e-12 2.9155367e-12 6.5486587e-04 1.0030080e-06 5.1424149e-07
 1.3925782e-06 1.3102557e-06 1.6048024e-06 3.6226842e-04 6.7171777e-07
 2.8703597e-04 8.0946427e-07 1.8703446e-04 1.0589062e-06 9.5135713e+03
 6.4263696e-07 5.1202712e-04 1.8194116e-06 4.0725712e-04 1.2891095e-06
 6.5371278e-04 9.5138745e-07 8.4566873e-06 1.6774383e-06]",./circuit_database/IAC/result_folder/2025-0522-005523
IAC,502790.0,130.587,1.53672e-05,C2P_Simulator,2025-0522-005646,['NSGA-II'],"[2.5451236e-12 2.9687379e-12 5.2943861e-04 9.7302552e-07 4.6056780e-07
 1.5925455e-06 1.1049574e-06 1.3905418e-06 9.3330018e-04 6.9907622e-07
 7.4376454e-05 9.1006831e-07 1.8746348e-04 1.1457956e-06 9.4924238e+03
 1.7871216e-06 5.0746201e-04 1.8012183e-06 4.0677519e-04 1.8423099e-06
 4.8427042e-04 8.7204097e-07 8.4467329e-06 1.6641446e-06]",./circuit_database/IAC/result_folder/2025-0522-005646
IAC,2740990.0,145.317,0.000159443,C2P_Simulator,2025-0522-005729,['NSGA-II'],"[9.1266198e-13 5.5956715e-13 5.3349015e-04 5.2188904e-07 9.9675208e-06
 1.5838575e-06 6.9562157e-07 5.4554340e-07 3.5725808e-04 8.1964890e-07
 8.6463733e-05 1.1368213e-06 2.3103753e-04 1.2315987e-06 1.5445636e+04
 1.2164727e-06 6.0977496e-04 1.4490882e-06 4.4801572e-04 6.6805273e-07
 4.8614066e-04 8.3005835e-07 1.0404595e-05 1.6629408e-06]",./circuit_database/IAC/result_folder/2025-0522-005729
TCFC,32593800.0,154.599,0.00403406,-9.907392642989581,2025-0521-195350,"[1, 1, 1]","[5.41903602e-04 1.80885353e-06 4.34264251e-04 1.33470755e-06
 4.79242902e-04 6.51982853e-07 9.19644663e-04 9.81946782e-07
 7.40937285e-04 1.03940720e-06 1.68974249e-04 8.73923480e-07
 7.01784725e-04 7.31852125e-07 8.83796545e-04 1.53127516e-06
 8.41884885e-05 7.24374266e-07 3.65212663e-04 1.59619028e-06
 4.03892570e-04 9.36487875e-07 6.63357845e-04 1.61875546e-06
 2.32851812e-12 2.54279098e-12]",./circuit_database/TCFC/result_folder/2025-0521-195350
TCFC,32451900.0,154.757,0.00462509,-9.846119940907833,2025-0521-195747,"[1, 1, 1]","[4.77924428e-04 1.78090561e-06 8.62798620e-04 7.94604316e-07
 2.95328485e-04 6.89376867e-07 9.10865495e-04 8.64201630e-07
 4.75944149e-04 7.80316232e-07 1.91958190e-04 1.59577991e-06
 7.15347689e-04 7.31852125e-07 6.54658056e-04 7.35712796e-07
 8.41884885e-05 7.87041716e-07 3.38911872e-04 1.59619028e-06
 2.21862913e-04 7.36233052e-07 7.30834743e-04 1.74998487e-06
 2.11859170e-12 2.55381593e-12]",./circuit_database/TCFC/result_folder/2025-0521-195747
TCFC,30997800.0,160.045,0.00313011,-9.99577127181823,2025-0521-195820,"[1, 1, 1]","[8.21515323e-04 1.09351482e-06 7.50309062e-04 1.58785105e-06
 9.96810717e-04 6.50925738e-07 8.90499989e-04 8.62350893e-07
 8.43772311e-04 1.11484793e-06 1.68974249e-04 1.60046548e-06
 7.22059922e-04 7.31852125e-07 6.54658056e-04 1.26746286e-06
 9.43414016e-05 1.04295291e-06 2.93142992e-04 1.41419058e-06
 4.22725612e-04 6.03064895e-07 5.90390145e-04 1.20262254e-06
 1.29835892e-12 2.56161391e-12]",./circuit_database/TCFC/result_folder/2025-0521-195820
TCFC,23598000.0,157.715,0.00144819,-10.212049652516274,2025-0521-195849,"[1, 1, 1]","[2.30983803e-04 1.93452045e-06 9.08018243e-05 1.65064619e-06
 9.03056358e-04 6.84869063e-07 9.10865495e-04 7.58662491e-07
 4.34022039e-04 7.80316232e-07 1.68974249e-04 1.78842416e-06
 7.06616302e-04 7.25405037e-07 5.15201753e-04 9.96058240e-07
 8.41884885e-05 1.48939744e-06 6.19083580e-04 1.78982612e-06
 4.94417154e-04 7.22896821e-07 6.56599434e-04 1.63093724e-06
 1.41012161e-12 2.54279098e-12]",./circuit_database/TCFC/result_folder/2025-0521-195849
TCFC,19002000.0,158.968,0.00142597,-10.124688924965872,2025-0521-195907,"[1, 1, 1]","[2.30983803e-04 1.93452045e-06 9.08018243e-05 1.65064619e-06
 7.08640538e-04 6.14429575e-07 8.40822479e-04 7.58662491e-07
 5.58572095e-04 8.59105179e-07 1.68974249e-04 1.78842416e-06
 7.31387719e-04 6.91366057e-07 1.94552681e-04 9.67682048e-07
 7.39040987e-05 1.76217989e-06 6.50476548e-04 1.75984141e-06
 4.13983909e-04 5.52141051e-07 2.76113281e-04 1.63093724e-06
 1.51827510e-12 2.54279098e-12]",./circuit_database/TCFC/result_folder/2025-0521-195907
TCFC,27642400.0,155.886,0.00247745,-10.047570848854042,2025-0521-195923,"[1, 1, 1]","[2.30983803e-04 1.83642517e-06 3.79653413e-04 1.33344108e-06
 9.03056358e-04 6.80390844e-07 7.98506305e-04 9.05704069e-07
 5.65845476e-04 9.19027029e-07 1.99916119e-04 1.78842416e-06
 6.73616182e-04 7.34794973e-07 5.39809436e-04 9.96058240e-07
 7.44135363e-05 8.07098860e-07 5.64314147e-04 1.40243884e-06
 4.94417154e-04 5.97987640e-07 5.07579280e-04 1.63093724e-06
 1.41012161e-12 2.54279098e-12]",./circuit_database/TCFC/result_folder/2025-0521-195923
TCFC,26570800.0,157.397,0.00248813,-10.028531562787487,2025-0521-195936,"[1, 1, 1]","[2.30983803e-04 1.94143025e-06 2.93189517e-04 1.59662260e-06
 6.45565885e-04 6.81643120e-07 7.23079866e-04 7.58662491e-07
 4.34022039e-04 7.56216769e-07 2.03463595e-04 1.79178056e-06
 7.12379388e-04 7.25405037e-07 9.34215811e-04 5.79473519e-07
 8.41884885e-05 1.32226542e-06 5.70124044e-04 1.94343052e-06
 3.85445376e-04 1.11508902e-06 6.56599434e-04 1.63093724e-06
 1.94341903e-12 2.54015381e-12]",./circuit_database/TCFC/result_folder/2025-0521-195936
TCFC,22424000.0,157.403,0.00131953,-10.230293816239096,2025-0521-200024,"[1, 1, 1]","[3.98391868e-04 1.99405885e-06 8.93431587e-05 1.65064619e-06
 9.03056358e-04 6.74307206e-07 9.10865495e-04 1.04358941e-06
 5.14603212e-04 7.80316232e-07 1.49640809e-04 1.97861245e-06
 5.77587689e-04 6.94307895e-07 3.67489892e-04 9.96058240e-07
 8.07750297e-05 1.39916224e-06 6.32259235e-04 1.78982612e-06
 3.16015057e-04 6.14798513e-07 7.33056323e-04 1.74516071e-06
 1.41012161e-12 2.59716660e-12]",./circuit_database/TCFC/result_folder/2025-0521-200024
TCFC,22631400.0,156.104,0.00128292,-10.246511845062706,2025-0521-200039,"[1, 1, 1]","[4.99600827e-04 1.92332021e-06 8.93431587e-05 1.65064619e-06
 8.54630266e-04 6.74307206e-07 8.74158567e-04 9.99055821e-07
 3.37855440e-04 7.80316232e-07 1.64064438e-04 1.96736076e-06
 5.85578603e-04 6.66407741e-07 9.15933076e-05 1.15969155e-06
 8.02720365e-05 1.04067500e-06 5.89400617e-04 1.65666843e-06
 4.65324349e-04 5.96891296e-07 7.09031502e-04 1.77223383e-06
 1.42253449e-12 2.64925750e-12]",./circuit_database/TCFC/result_folder/2025-0521-200039
TCFC,23157600.0,157.661,0.00142548,-10.210732419734311,2025-0521-200039,"[1, 1, 1]","[3.98391868e-04 1.99405885e-06 7.10793271e-05 1.72276898e-06
 6.51325153e-04 6.58860852e-07 8.30802172e-04 1.38102618e-06
 6.79329961e-04 7.80316232e-07 1.49640809e-04 1.99338897e-06
 5.93822138e-04 6.94307895e-07 3.03326705e-04 8.69248767e-07
 7.71735831e-05 1.19403000e-06 6.75618490e-04 1.84141374e-06
 3.74914589e-04 7.71789844e-07 7.01366646e-04 1.74516071e-06
 1.77712013e-12 2.58158661e-12]",./circuit_database/TCFC/result_folder/2025-0521-200039
TCFC,25955200.0,158.004,0.0015551,-10.222466058350362,2025-0521-200052,"[1, 1, 1]","[4.51008492e-04 1.92332021e-06 1.44139814e-04 1.71677075e-06
 6.12572998e-04 6.87785757e-07 7.46385655e-04 1.02418590e-06
 3.37855440e-04 7.80316232e-07 1.52893143e-04 1.96736076e-06
 5.96585201e-04 6.66407741e-07 2.41489643e-04 1.01783972e-06
 8.27833224e-05 1.04067500e-06 6.27557326e-04 1.81331082e-06
 4.52594025e-04 7.17041207e-07 7.66816402e-04 1.55838985e-06
 1.81845846e-12 2.64043593e-12]",./circuit_database/TCFC/result_folder/2025-0521-200052
TCFC,18082800.0,152.946,0.00125818,-10.157522901557957,2025-0521-200107,"[1, 1, 1]","[4.42537932e-04 1.98261786e-06 1.17186658e-04 1.65064619e-06
 9.00371710e-04 6.71591955e-07 8.83945143e-04 1.35891035e-06
 2.93722077e-04 8.15893280e-07 1.91921191e-04 1.96736076e-06
 4.59910590e-04 5.93752145e-07 9.15933076e-05 1.15969155e-06
 7.44072476e-05 1.34532869e-06 7.45617993e-04 1.65666843e-06
 2.55295868e-04 5.96891296e-07 6.56629434e-04 1.90028704e-06
 1.55560636e-12 2.65540253e-12]",./circuit_database/TCFC/result_folder/2025-0521-200107
TCFC,21791300.0,158.165,0.00138576,-10.19659511839727,2025-0521-200134,"[1, 1, 1]","[6.21896697e-04 1.82348742e-06 1.09183633e-04 1.65064619e-06
 8.54630266e-04 6.46829968e-07 9.20614832e-04 8.43174027e-07
 3.42435376e-04 8.89774476e-07 1.54069523e-04 1.95952467e-06
 7.00570327e-04 6.28890267e-07 2.02574292e-05 1.21373482e-06
 1.10548560e-04 1.12437610e-06 5.89400617e-04 1.65666843e-06
 2.58406973e-04 5.96891296e-07 7.50725373e-04 1.91063978e-06
 1.00622182e-12 2.62328763e-12]",./circuit_database/TCFC/result_folder/2025-0521-200134
TCFC,23969400.0,157.949,0.00145393,-10.21711366518969,2025-0521-200134,"[1, 1, 1]","[4.99600827e-04 1.82666009e-06 1.26591752e-04 1.65064619e-06
 8.68064680e-04 6.61971634e-07 8.74158567e-04 1.38725123e-06
 3.02132558e-04 7.80316232e-07 1.72760768e-04 1.99361688e-06
 7.26159631e-04 6.92866185e-07 7.44354848e-05 1.13410298e-06
 8.64392045e-05 1.04067500e-06 5.19374918e-04 1.61664799e-06
 6.69219338e-04 6.22988625e-07 7.51198556e-04 1.94091216e-06
 1.42253449e-12 2.64925750e-12]",./circuit_database/TCFC/result_folder/2025-0521-200134
TCFC,24245000.0,159.323,0.00166992,-10.161926522328367,2025-0521-200134,"[1, 1, 1]","[6.60686962e-04 1.89356640e-06 1.51781382e-04 1.28058985e-06
 8.46542935e-04 6.53510740e-07 9.19725333e-04 1.32356542e-06
 3.37855440e-04 8.68579319e-07 1.58916798e-04 1.87244164e-06
 7.59262854e-04 6.66407741e-07 3.68662875e-04 1.21861552e-06
 7.82564903e-05 1.14054557e-06 4.90823891e-04 1.74710198e-06
 4.65324349e-04 5.26530862e-07 7.22190541e-04 1.83484205e-06
 1.75718765e-12 2.64925750e-12]",./circuit_database/TCFC/result_folder/2025-0521-200134
TCFC,18465700.0,156.126,0.0013015,-10.151921603141803,2025-0521-200149,"[1, 1, 1]","[4.64268795e-04 1.87678598e-06 9.96421922e-05 1.71775761e-06
 8.54630266e-04 6.56593752e-07 8.73768582e-04 1.08323508e-06
 3.59383143e-04 7.25659203e-07 1.58682885e-04 1.96736076e-06
 5.65090694e-04 6.28704881e-07 9.15933076e-05 1.11807086e-06
 6.37515990e-05 1.06841970e-06 5.89400617e-04 1.65666843e-06
 5.20998792e-04 5.96891296e-07 7.42548521e-04 1.88596625e-06
 1.42253449e-12 2.63779477e-12]",./circuit_database/TCFC/result_folder/2025-0521-200149
TCFC,15875300.0,158.862,0.00139612,-10.055799192439682,2025-0521-200326,"[1, 1, 1]","[3.57528832e-04 6.67963730e-07 3.49141573e-04 5.22010058e-07
 7.13426274e-04 1.00409607e-06 3.84082561e-04 8.64530083e-07
 3.08085495e-04 7.59647883e-07 6.75896157e-05 1.73334562e-06
 7.32694131e-04 6.70870249e-07 7.72936459e-04 7.78383199e-07
 1.61807597e-05 8.08454923e-07 6.82176157e-04 7.43025251e-07
 5.23774628e-04 6.78848577e-07 5.09962366e-04 9.59650669e-07
 1.69917335e-12 1.31484622e-12]",./circuit_database/TCFC/result_folder/2025-0521-200326
TCFC,21884400.0,160.76,0.00162708,-10.128725737370736,2025-0521-200326,"[1, 1, 1]","[3.05624176e-04 5.69001622e-07 1.03309911e-04 5.17289941e-07
 7.96003317e-04 6.10152303e-07 4.21070713e-04 8.72489153e-07
 2.25718438e-04 7.07338444e-07 1.36119478e-04 1.93683627e-06
 7.17490373e-04 7.33460167e-07 6.82934290e-04 1.09796466e-06
 2.34038189e-05 1.21660858e-06 3.01245815e-04 1.44929017e-06
 6.16314939e-04 7.56194056e-07 7.74966355e-04 6.22899727e-07
 2.07414427e-12 1.04943705e-12]",./circuit_database/TCFC/result_folder/2025-0521-200326
TCFC,20693700.0,157.527,0.00136067,-10.182085339172746,2025-0521-200326,"[1, 1, 1]","[4.77423788e-04 1.92332021e-06 1.03980673e-04 1.52291223e-06
 8.54630266e-04 6.67831763e-07 9.14859252e-04 9.02010086e-07
 3.50212652e-04 8.13557029e-07 1.50921119e-04 1.93518991e-06
 6.39185673e-04 6.66407741e-07 8.02906405e-05 1.19740651e-06
 7.63279681e-05 1.11014669e-06 5.89400617e-04 1.61172832e-06
 4.65324349e-04 5.57417490e-07 6.95618331e-04 1.85096672e-06
 1.35956302e-12 2.64925750e-12]",./circuit_database/TCFC/result_folder/2025-0521-200326
TCFC,23835700.0,159.535,0.00188045,-10.10296612039527,2025-0521-200339,"[1, 1, 1]","[3.05624176e-04 5.69218121e-07 3.87429557e-04 5.42688923e-07
 5.01810830e-04 9.34503769e-07 3.13729373e-04 8.72489153e-07
 3.26105936e-04 7.07338444e-07 1.04970642e-04 1.63162322e-06
 6.42705797e-04 6.18634700e-07 7.85904081e-04 1.09796466e-06
 2.93904870e-05 1.21660858e-06 1.39123958e-04 1.10380805e-06
 4.13499223e-04 6.18208037e-07 6.18549433e-04 1.20434789e-06
 2.07414427e-12 1.08447617e-12]",./circuit_database/TCFC/result_folder/2025-0521-200339
TCFC,20373400.0,161.12,0.00146325,-10.143744979180115,2025-0521-200354,"[1, 1, 1]","[2.33291642e-04 7.22492872e-07 3.21412268e-04 5.07366585e-07
 7.96003317e-04 1.07957570e-06 3.96071005e-04 1.17263283e-06
 3.08080542e-04 6.64834636e-07 9.56305516e-05 1.93683627e-06
 5.79407457e-04 7.05649205e-07 7.17898867e-04 1.28221712e-06
 2.34038189e-05 1.21660858e-06 3.01245815e-04 1.63001752e-06
 4.46248588e-04 5.53011929e-07 6.53450845e-04 8.99064778e-07
 2.07414427e-12 1.14269162e-12]",./circuit_database/TCFC/result_folder/2025-0521-200354
TCFC,19948100.0,158.001,0.00133319,-10.175009489231917,2025-0521-200406,"[1, 1, 1]","[2.33291642e-04 1.12074065e-06 1.66008035e-04 5.43025415e-07
 9.02858419e-04 6.65024134e-07 3.53301611e-04 1.21989364e-06
 3.08080542e-04 6.18163551e-07 9.56305516e-05 1.45956599e-06
 5.79407457e-04 6.65927414e-07 7.17898867e-04 1.28221712e-06
 3.11191049e-05 1.62755302e-06 3.01245815e-04 1.18181966e-06
 4.46248588e-04 5.53011929e-07 4.32254138e-04 9.64967151e-07
 2.27336610e-12 1.14269162e-12]",./circuit_database/TCFC/result_folder/2025-0521-200406
TCFC,24364700.0,157.638,0.0013692,-10.250294177861912,2025-0521-200444,"[1, 1, 1]","[4.99600827e-04 1.88255573e-06 1.06801119e-04 1.65064619e-06
 8.54630266e-04 6.67809853e-07 8.72945171e-04 9.99055821e-07
 3.41462930e-04 7.80316232e-07 1.50418022e-04 1.85230049e-06
 6.38256854e-04 5.85299344e-07 1.99313311e-04 1.09908746e-06
 8.02720365e-05 1.06672922e-06 6.07884874e-04 1.55201490e-06
 4.57997243e-04 5.96891296e-07 6.72542835e-04 1.58538550e-06
 1.55727742e-12 2.64925750e-12]",./circuit_database/TCFC/result_folder/2025-0521-200444
TCFC,22143200.0,158.57,0.00143565,-10.188191807378393,2025-0521-200512,"[1, 1, 1]","[4.69442997e-04 1.80269422e-06 1.31714229e-04 1.65064619e-06
 8.79533859e-04 6.64575443e-07 8.70901232e-04 1.16903930e-06
 3.49326739e-04 7.88746432e-07 1.50418022e-04 1.89346845e-06
 6.38256854e-04 5.85299344e-07 1.67722442e-04 1.15808522e-06
 7.61086781e-05 1.13483913e-06 6.07884874e-04 1.68203611e-06
 4.87285206e-04 6.41745199e-07 6.72542835e-04 1.55067351e-06
 1.68385712e-12 2.67433078e-12]",./circuit_database/TCFC/result_folder/2025-0521-200512
TCFC,24044400.0,159.148,0.00145896,-10.216970559135975,2025-0521-200539,"[1, 1, 1]","[5.01395037e-04 1.88255573e-06 1.27764553e-04 1.49575227e-06
 9.51105087e-04 6.62936251e-07 8.65859939e-04 9.16991426e-07
 3.62963885e-04 7.47583940e-07 1.37406044e-04 1.85230049e-06
 6.18667875e-04 5.11637964e-07 3.20416041e-04 1.09908746e-06
 7.77556101e-05 1.10413485e-06 5.88698276e-04 1.68802469e-06
 4.80099294e-04 5.32803277e-07 6.72542835e-04 1.58538550e-06
 1.48101972e-12 2.67539320e-12]",./circuit_database/TCFC/result_folder/2025-0521-200539
TCFC,6688210.0,153.036,0.000328483,-10.308797002446266,2025-0521-200632,"[1, 1, 1]","[1.75697925e-04 6.73524749e-07 4.61687579e-04 5.76063268e-07
 3.66295469e-04 1.01840695e-06 1.16303151e-04 1.54647390e-06
 2.71255063e-04 9.36152099e-07 1.07099901e-05 1.08339000e-06
 3.72252041e-04 7.05375883e-07 5.30979639e-04 1.77394113e-06
 8.04097065e-06 1.40514774e-06 2.04545149e-04 9.05413566e-07
 2.99286232e-04 6.00027758e-07 5.08491817e-04 1.25373247e-06
 1.23026457e-12 1.36673886e-12]",./circuit_database/TCFC/result_folder/2025-0521-200632
TCFC,8260790.0,154.873,0.000362796,-10.357359091864122,2025-0521-200645,"[1, 1, 1]","[9.82275794e-05 8.71108263e-07 3.60513982e-04 5.51537587e-07
 3.70794207e-04 1.08523971e-06 1.79802108e-04 1.79395423e-06
 2.06398047e-04 9.94339446e-07 1.15738755e-05 1.14172835e-06
 3.96531432e-04 6.30670073e-07 7.14339988e-04 1.77530601e-06
 9.81764369e-06 1.40938063e-06 2.21899643e-04 9.67764356e-07
 2.40706158e-04 6.59823789e-07 6.68891876e-04 1.62818398e-06
 1.71865445e-12 1.36398228e-12]",./circuit_database/TCFC/result_folder/2025-0521-200645
TCFC,12428300.0,158.399,0.000469907,-10.422399813341698,2025-0521-200720,"[1, 1, 1]","[4.15475448e-04 1.00737727e-06 6.54229606e-05 5.42653012e-07
 1.44956376e-04 1.07537683e-06 2.26430213e-04 1.77193804e-06
 1.99770181e-04 1.09750522e-06 1.01805080e-05 1.05870542e-06
 4.37828759e-04 6.80782532e-07 7.42398281e-04 1.79678773e-06
 1.33894286e-05 1.05331943e-06 2.46769412e-04 1.18762291e-06
 1.24310047e-04 6.88128566e-07 6.23857071e-04 1.37778758e-06
 1.46148448e-12 1.43682977e-12]",./circuit_database/TCFC/result_folder/2025-0521-200720
TCFC,13496600.0,158.85,0.000589131,-10.360012500990743,2025-0521-200720,"[1, 1, 1]","[2.14628662e-04 7.27869721e-07 4.40761334e-05 5.60488770e-07
 2.65257259e-04 1.24251164e-06 2.45943130e-04 1.86634019e-06
 1.81613506e-04 1.01430721e-06 2.23004342e-05 1.03504325e-06
 4.36554204e-04 6.64570065e-07 5.95917291e-04 1.67477796e-06
 1.28452145e-05 9.71093528e-07 2.76195116e-04 9.67764356e-07
 2.64647419e-04 6.89948331e-07 2.99647001e-04 1.65535449e-06
 1.54753159e-12 1.23978163e-12]",./circuit_database/TCFC/result_folder/2025-0521-200720
TCFC,12582500.0,158.491,0.000477184,-10.421081065739365,2025-0521-200743,"[1, 1, 1]","[3.44358158e-04 7.35447981e-07 3.92491911e-05 5.42653012e-07
 9.41145218e-05 9.61389534e-07 2.26430213e-04 1.98225900e-06
 1.95362699e-04 1.09898405e-06 1.01805080e-05 1.07544629e-06
 4.71188332e-04 6.93951954e-07 7.42398281e-04 1.79678773e-06
 1.33894286e-05 1.00793761e-06 3.13370035e-04 1.21074434e-06
 1.24310047e-04 6.18378129e-07 5.07455280e-04 1.37778758e-06
 1.49558104e-12 1.44805004e-12]",./circuit_database/TCFC/result_folder/2025-0521-200743
TCFC,12971000.0,158.677,0.00053428,-10.38520454203254,2025-0521-200755,"[1, 1, 1]","[3.35832499e-04 7.88440953e-07 6.54229606e-05 5.39384928e-07
 3.81664695e-04 9.76797962e-07 2.31151434e-04 1.62530927e-06
 2.07146342e-04 1.05410201e-06 1.78796527e-05 9.42725425e-07
 4.37828759e-04 6.36944781e-07 7.42398281e-04 1.77553209e-06
 1.33894286e-05 1.05331943e-06 2.46769412e-04 1.18762291e-06
 1.24310047e-04 6.88128566e-07 5.21871909e-04 1.37778758e-06
 1.35840186e-12 1.34336801e-12]",./circuit_database/TCFC/result_folder/2025-0521-200755
TCFC,9946910.0,156.498,0.00038912,-10.407604635190765,2025-0521-200755,"[1, 1, 1]","[3.29122127e-04 1.00737727e-06 6.54229606e-05 5.28561458e-07
 3.44484504e-04 1.11625919e-06 2.26430213e-04 1.77193804e-06
 2.24855861e-04 1.07482380e-06 1.01805080e-05 1.18207385e-06
 4.44827448e-04 6.93051963e-07 7.42398281e-04 1.79678773e-06
 1.39362980e-05 1.32606954e-06 1.19596741e-04 1.18762291e-06
 1.24310047e-04 6.14303508e-07 7.53125496e-04 9.91227133e-07
 1.35453428e-12 1.65078630e-12]",./circuit_database/TCFC/result_folder/2025-0521-200755
TCFC,12398400.0,158.389,0.000448063,-10.442026561183011,2025-0521-200815,"[1, 1, 1]","[3.87652577e-04 8.62787498e-07 4.16844411e-05 5.48219742e-07
 1.52343931e-04 1.08135361e-06 2.26430213e-04 1.72270318e-06
 2.08944506e-04 1.08442899e-06 1.01805080e-05 1.11620275e-06
 4.50062458e-04 6.38274544e-07 7.46548253e-04 1.79678773e-06
 1.31159383e-05 1.03507413e-06 2.28444384e-04 1.22978939e-06
 9.29756578e-05 7.26821427e-07 6.64973259e-04 1.24634577e-06
 1.52798228e-12 1.42692032e-12]",./circuit_database/TCFC/result_folder/2025-0521-200815
TCFC,12722500.0,158.603,0.000515914,-10.391995146364309,2025-0521-200815,"[1, 1, 1]","[4.05453311e-04 9.13283347e-07 6.54229606e-05 5.40392316e-07
 1.78017543e-04 1.10353462e-06 2.59739552e-04 1.74138310e-06
 2.00221764e-04 1.03809550e-06 1.21508989e-05 1.11779941e-06
 4.70961568e-04 6.44430221e-07 8.11824805e-04 1.79678773e-06
 1.48180213e-05 1.13613891e-06 2.46769412e-04 1.22845511e-06
 1.24310047e-04 6.89540283e-07 6.73437685e-04 1.57864686e-06
 1.50533975e-12 1.48868334e-12]",./circuit_database/TCFC/result_folder/2025-0521-200815
TCFC,33504200.0,145.197,0.00809816,-4.215655719235444,2025-0521-201703,"[1, 0, -1]","[9.60724879e-04 1.18384756e-06 9.93552846e-04 1.17954239e-06
 4.39919733e-04 1.93182329e-06 9.12823937e-04 1.02030503e-06
 8.56316491e-04 8.14263703e-07 1.20803103e-04 7.73503780e-07
 5.30390224e-04 7.44432011e-07 4.92057515e-04 1.50028496e-06
 5.59731299e-05 1.10170978e-06 1.83062267e-04 6.49741641e-07
 9.07860463e-04 1.00025074e-06 4.18652717e-04 1.00799528e-06
 6.68978348e-13 1.17217142e-12]",./circuit_database/TCFC/result_folder/2025-0521-201703
TCFC,47295700.0,135.352,0.011101,-4.582087972427652,2025-0521-202224,"[1, 0, -1]","[8.59927113e-04 1.57924050e-06 7.44919920e-04 1.06119169e-06
 1.99119495e-04 1.73762901e-06 9.11194464e-04 9.48775931e-07
 8.19521952e-04 1.26152396e-06 3.82859108e-04 1.76858602e-06
 9.39263133e-04 1.12051268e-06 2.99656394e-04 1.40770331e-06
 1.36153306e-04 1.03702324e-06 2.18379707e-04 6.97853892e-07
 6.60524056e-04 5.33441273e-07 4.20678399e-04 1.69431186e-06
 2.59664078e-12 1.97760022e-12]",./circuit_database/TCFC/result_folder/2025-0521-202224
TCFC,47753400.0,125.912,0.015562,-4.788387012076858,2025-0521-202345,"[1, 0, -1]","[9.02327884e-04 1.64511369e-06 7.37837485e-04 1.18235960e-06
 8.96613608e-05 1.56440333e-06 9.02415982e-04 1.02393014e-06
 7.17925774e-04 1.20952106e-06 3.51324875e-04 1.63436917e-06
 8.99130508e-04 1.02165788e-06 1.94934010e-04 1.49265950e-06
 1.54087473e-04 1.12430853e-06 2.43334928e-04 5.10559985e-07
 6.64807099e-04 5.05709211e-07 3.58784378e-04 1.60375519e-06
 2.34121668e-12 2.00278151e-12]",./circuit_database/TCFC/result_folder/2025-0521-202345
TCFC,970783.0,136.301,3.36746e-05,-4.892202682024782,2025-0521-204842,"[0, -1, 1]","[2.41947312e-04 1.46271670e-06 4.90982830e-04 7.78869324e-07
 6.68919124e-04 8.56291698e-07 5.95256294e-06 1.30833555e-06
 6.28264464e-04 1.14331255e-06 1.65635923e-06 1.26954711e-06
 1.32892578e-04 1.59635970e-06 8.00876597e-04 1.24415387e-06
 1.93893606e-06 1.61066783e-06 6.88940701e-04 6.54696329e-07
 7.01519867e-04 9.19217925e-07 4.82982259e-05 1.05367851e-06
 1.71631064e-12 2.28002916e-12]",./circuit_database/TCFC/result_folder/2025-0521-204842
TCFC,1016740.0,136.701,6.77926e-05,-4.589639360302767,2025-0521-204903,"[0, -1, 1]","[1.88692618e-04 1.60536059e-06 3.73449851e-04 6.76126843e-07
 6.21158947e-04 8.11483476e-07 4.71014693e-06 1.39401807e-06
 5.02828763e-04 9.81806100e-07 4.26923001e-05 9.96838920e-07
 5.72599092e-05 1.49992916e-06 8.22094527e-04 1.25391069e-06
 2.12606192e-06 1.58760225e-06 6.20022119e-04 7.56835666e-07
 7.60822992e-04 9.56855451e-07 2.31351356e-04 1.06113871e-06
 1.62475168e-12 2.42308438e-12]",./circuit_database/TCFC/result_folder/2025-0521-204903
TCFC,695379.0,133.39,3.07852e-05,-4.922112083066723,2025-0521-204935,"[0, -1, 1]","[1.85887034e-04 1.57861004e-06 4.13544411e-04 7.62217701e-07
 6.15849714e-04 6.72073307e-07 6.98337943e-06 1.41914349e-06
 5.09764090e-04 1.00333711e-06 1.45961429e-05 1.05178263e-06
 1.81881436e-05 1.59635970e-06 7.83421140e-04 1.34462111e-06
 1.33595163e-06 1.54542308e-06 6.92038264e-04 7.29478724e-07
 7.27983443e-04 9.75021683e-07 2.32715453e-04 1.14921295e-06
 1.57725760e-12 2.33064695e-12]",./circuit_database/TCFC/result_folder/2025-0521-204935
TCFC,412124.0,128.858,1.79641e-05,-5.140739879943095,2025-0521-205126,"[0, -1, 1]","[1.86863425e-04 1.61048963e-06 4.16967361e-04 7.63521010e-07
 6.09519813e-04 6.41047904e-07 2.14909713e-06 1.40365566e-06
 5.04773085e-04 9.75736637e-07 2.04235377e-05 1.01061188e-06
 1.37311033e-05 1.56816000e-06 7.80876354e-04 1.33263556e-06
 7.15819187e-07 1.55235221e-06 6.87076248e-04 7.57472349e-07
 7.28464954e-04 9.85246846e-07 2.59344295e-04 1.18099691e-06
 1.55271431e-12 2.28490388e-12]",./circuit_database/TCFC/result_folder/2025-0521-205126
TCFC,538303.0,131.176,1.92492e-05,-5.118525103216243,2025-0521-205146,"[0, -1, 1]","[1.87016456e-04 1.60365957e-06 4.18460077e-04 7.57374252e-07
 6.12524407e-04 6.50251656e-07 2.79701026e-06 1.40075189e-06
 5.04773085e-04 9.73578648e-07 2.04235377e-05 1.00989386e-06
 1.35493285e-05 1.56346638e-06 7.83455225e-04 1.34103259e-06
 9.77532675e-07 1.54774156e-06 6.87076248e-04 7.65935695e-07
 7.29685220e-04 9.85246846e-07 2.59344295e-04 1.18021818e-06
 1.54830804e-12 2.28490388e-12]",./circuit_database/TCFC/result_folder/2025-0521-205146
TCFC,264912.0,125.021,1.42118e-05,-5.229329701294003,2025-0521-205217,"[0, -1, 1]","[1.91149100e-04 1.61059972e-06 4.20124770e-04 7.62616813e-07
 6.05712403e-04 6.47430355e-07 1.72259401e-06 1.40378593e-06
 5.04378549e-04 9.81447323e-07 2.54790435e-05 1.01469459e-06
 1.06157130e-05 1.56933155e-06 7.73431820e-04 1.31249091e-06
 3.72287366e-07 1.53439264e-06 6.75428023e-04 7.67222548e-07
 7.38143272e-04 9.81205263e-07 2.55441731e-04 1.19830075e-06
 1.56185637e-12 2.27123608e-12]",./circuit_database/TCFC/result_folder/2025-0521-205217
TCFC,32593800.0,154.599,0.00403406,C2P_Simulator,2025-0522-003312,['NSGA-II'],"[5.4190360e-04 1.8088535e-06 4.3426425e-04 1.3347076e-06 4.7924291e-04
 6.5198287e-07 9.1964466e-04 9.8194676e-07 7.4093731e-04 1.0394072e-06
 1.6897425e-04 8.7392345e-07 7.0178474e-04 7.3185214e-07 8.8379654e-04
 1.5312752e-06 8.4188490e-05 7.2437427e-07 3.6521268e-04 1.5961903e-06
 4.0389257e-04 9.3648788e-07 6.6335785e-04 1.6187555e-06 2.3285180e-12
 2.5427911e-12]",./circuit_database/TCFC/result_folder/2025-0522-003312
TCFC,47295700.0,135.352,0.011101,C2P_Simulator,2025-0522-003312,['NSGA-II'],"[8.5992710e-04 1.5792405e-06 7.4491993e-04 1.0611917e-06 1.9911950e-04
 1.7376290e-06 9.1119448e-04 9.4877595e-07 8.1952196e-04 1.2615239e-06
 3.8285911e-04 1.7685860e-06 9.3926315e-04 1.1205127e-06 2.9965639e-04
 1.4077033e-06 1.3615331e-04 1.0370233e-06 2.1837970e-04 6.9785386e-07
 6.6052406e-04 5.3344127e-07 4.2067841e-04 1.6943119e-06 2.5966408e-12
 1.9776002e-12]",./circuit_database/TCFC/result_folder/2025-0522-003312
TCFC,30997800.0,160.045,0.00313011,C2P_Simulator,2025-0522-003312,['NSGA-II'],"[8.2151534e-04 1.0935148e-06 7.5030909e-04 1.5878511e-06 9.9681073e-04
 6.5092576e-07 8.9049997e-04 8.6235087e-07 8.4377232e-04 1.1148479e-06
 1.6897425e-04 1.6004655e-06 7.2205992e-04 7.3185214e-07 6.5465807e-04
 1.2674628e-06 9.4341405e-05 1.0429529e-06 2.9314301e-04 1.4141906e-06
 4.2272560e-04 6.0306490e-07 5.9039012e-04 1.2026226e-06 1.2983589e-12
 2.5616139e-12]",./circuit_database/TCFC/result_folder/2025-0522-003312
TCFC,1016740.0,136.701,6.77926e-05,C2P_Simulator,2025-0522-003312,['NSGA-II'],"[1.8869262e-04 1.6053606e-06 3.7344985e-04 6.7612683e-07 6.2115892e-04
 8.1148346e-07 4.7101471e-06 1.3940181e-06 5.0282874e-04 9.8180612e-07
 4.2692300e-05 9.9683893e-07 5.7259909e-05 1.4999291e-06 8.2209450e-04
 1.2539107e-06 2.1260619e-06 1.5876022e-06 6.2002213e-04 7.5683568e-07
 7.6082296e-04 9.5685550e-07 2.3135135e-04 1.0611387e-06 1.6247517e-12
 2.4230843e-12]",./circuit_database/TCFC/result_folder/2025-0522-003312
TCFC,264912.0,125.021,1.42118e-05,C2P_Simulator,2025-0522-003312,['NSGA-II'],"[1.9114910e-04 1.6105997e-06 4.2012476e-04 7.6261682e-07 6.0571241e-04
 6.4743034e-07 1.7225940e-06 1.4037860e-06 5.0437852e-04 9.8144733e-07
 2.5479043e-05 1.0146946e-06 1.0615713e-05 1.5693315e-06 7.7343179e-04
 1.3124909e-06 3.7228736e-07 1.5343926e-06 6.7542802e-04 7.6722256e-07
 7.3814328e-04 9.8120529e-07 2.5544173e-04 1.1983008e-06 1.5618563e-12
 2.2712362e-12]",./circuit_database/TCFC/result_folder/2025-0522-003312
TCFC,23598000.0,157.715,0.00144819,C2P_Simulator,2025-0522-003312,['NSGA-II'],"[2.3098380e-04 1.9345205e-06 9.0801826e-05 1.6506461e-06 9.0305635e-04
 6.8486906e-07 9.1086549e-04 7.5866251e-07 4.3402205e-04 7.8031621e-07
 1.6897425e-04 1.7884241e-06 7.0661632e-04 7.2540502e-07 5.1520177e-04
 9.9605825e-07 8.4188490e-05 1.4893974e-06 6.1908358e-04 1.7898261e-06
 4.9441715e-04 7.2289680e-07 6.5659941e-04 1.6309373e-06 1.4101216e-12
 2.5427911e-12]",./circuit_database/TCFC/result_folder/2025-0522-003312
TCFC,970783.0,136.301,3.36746e-05,C2P_Simulator,2025-0522-003312,['NSGA-II'],"[2.4194732e-04 1.4627167e-06 4.9098284e-04 7.7886932e-07 6.6891912e-04
 8.5629171e-07 5.9525628e-06 1.3083355e-06 6.2826445e-04 1.1433126e-06
 1.6563592e-06 1.2695471e-06 1.3289257e-04 1.5963597e-06 8.0087659e-04
 1.2441539e-06 1.9389361e-06 1.6106678e-06 6.8894069e-04 6.5469635e-07
 7.0151989e-04 9.1921794e-07 4.8298225e-05 1.0536785e-06 1.7163107e-12
 2.2800292e-12]",./circuit_database/TCFC/result_folder/2025-0522-003312
TCFC,12428300.0,158.399,0.000469907,C2P_Simulator,2025-0522-003312,['NSGA-II'],"[4.1547546e-04 1.0073773e-06 6.5422959e-05 5.4265303e-07 1.4495637e-04
 1.0753769e-06 2.2643022e-04 1.7719381e-06 1.9977018e-04 1.0975052e-06
 1.0180508e-05 1.0587054e-06 4.3782877e-04 6.8078253e-07 7.4239826e-04
 1.7967877e-06 1.3389428e-05 1.0533195e-06 2.4676940e-04 1.1876230e-06
 1.2431004e-04 6.8812858e-07 6.2385708e-04 1.3777876e-06 1.4614845e-12
 1.4368298e-12]",./circuit_database/TCFC/result_folder/2025-0522-003312
TCFC,22143200.0,158.57,0.00143565,C2P_Simulator,2025-0522-003312,['NSGA-II'],"[4.6944301e-04 1.8026942e-06 1.3171423e-04 1.6506461e-06 8.7953388e-04
 6.6457545e-07 8.7090122e-04 1.1690393e-06 3.4932673e-04 7.8874643e-07
 1.5041803e-04 1.8934685e-06 6.3825684e-04 5.8529935e-07 1.6772244e-04
 1.1580852e-06 7.6108678e-05 1.1348392e-06 6.0788490e-04 1.6820361e-06
 4.8728520e-04 6.4174520e-07 6.7254284e-04 1.5506735e-06 1.6838572e-12
 2.6743308e-12]",./circuit_database/TCFC/result_folder/2025-0522-003312
TCFC,18465700.0,156.126,0.0013015,C2P_Simulator,2025-0522-003312,['NSGA-II'],"[4.6426879e-04 1.8767860e-06 9.9642195e-05 1.7177576e-06 8.5463026e-04
 6.5659373e-07 8.7376859e-04 1.0832351e-06 3.5938315e-04 7.2565922e-07
 1.5868289e-04 1.9673607e-06 5.6509068e-04 6.2870487e-07 9.1593305e-05
 1.1180708e-06 6.3751599e-05 1.0684197e-06 5.8940059e-04 1.6566685e-06
 5.2099879e-04 5.9689131e-07 7.4254849e-04 1.8859663e-06 1.4225345e-12
 2.6377947e-12]",./circuit_database/TCFC/result_folder/2025-0522-003312
TCFC,18082800.0,152.946,0.00125818,C2P_Simulator,2025-0522-003312,['NSGA-II'],"[4.4253794e-04 1.9826180e-06 1.1718666e-04 1.6506461e-06 9.0037170e-04
 6.7159198e-07 8.8394515e-04 1.3589104e-06 2.9372209e-04 8.1589326e-07
 1.9192119e-04 1.9673607e-06 4.5991060e-04 5.9375213e-07 9.1593305e-05
 1.1596916e-06 7.4407246e-05 1.3453287e-06 7.4561802e-04 1.6566685e-06
 2.5529586e-04 5.9689131e-07 6.5662945e-04 1.9002871e-06 1.5556063e-12
 2.6554026e-12]",./circuit_database/TCFC/result_folder/2025-0522-003312
TCFC,24245000.0,159.323,0.00166992,C2P_Simulator,2025-0522-003312,['NSGA-II'],"[6.6068699e-04 1.8935664e-06 1.5178138e-04 1.2805898e-06 8.4654294e-04
 6.5351077e-07 9.1972534e-04 1.3235655e-06 3.3785545e-04 8.6857932e-07
 1.5891680e-04 1.8724417e-06 7.5926288e-04 6.6640774e-07 3.6866288e-04
 1.2186155e-06 7.8256489e-05 1.1405456e-06 4.9082388e-04 1.7471020e-06
 4.6532435e-04 5.2653087e-07 7.2219054e-04 1.8348420e-06 1.7571876e-12
 2.6492575e-12]",./circuit_database/TCFC/result_folder/2025-0522-003312
TCFC,24364700.0,157.638,0.0013692,C2P_Simulator,2025-0522-003312,['NSGA-II'],"[4.9960084e-04 1.8825557e-06 1.0680112e-04 1.6506461e-06 8.5463026e-04
 6.6780984e-07 8.7294518e-04 9.9905583e-07 3.4146293e-04 7.8031621e-07
 1.5041803e-04 1.8523004e-06 6.3825684e-04 5.8529935e-07 1.9931330e-04
 1.0990875e-06 8.0272039e-05 1.0667292e-06 6.0788490e-04 1.5520149e-06
 4.5799723e-04 5.9689131e-07 6.7254284e-04 1.5853855e-06 1.5572774e-12
 2.6492575e-12]",./circuit_database/TCFC/result_folder/2025-0522-003312
TCFC,695379.0,133.39,3.07852e-05,C2P_Simulator,2025-0522-003312,['NSGA-II'],"[1.8588704e-04 1.5786101e-06 4.1354442e-04 7.6221772e-07 6.1584974e-04
 6.7207333e-07 6.9833795e-06 1.4191435e-06 5.0976407e-04 1.0033372e-06
 1.4596143e-05 1.0517826e-06 1.8188144e-05 1.5963597e-06 7.8342116e-04
 1.3446211e-06 1.3359517e-06 1.5454231e-06 6.9203827e-04 7.2947870e-07
 7.2798342e-04 9.7502163e-07 2.3271545e-04 1.1492129e-06 1.5772576e-12
 2.3306470e-12]",./circuit_database/TCFC/result_folder/2025-0522-003312
TCFC,15875300.0,158.862,0.00139612,C2P_Simulator,2025-0522-003312,['NSGA-II'],"[3.5752883e-04 6.6796372e-07 3.4914157e-04 5.2201005e-07 7.1342627e-04
 1.0040960e-06 3.8408255e-04 8.6453008e-07 3.0808549e-04 7.5964789e-07
 6.7589615e-05 1.7333456e-06 7.3269411e-04 6.7087024e-07 7.7293644e-04
 7.7838320e-07 1.6180760e-05 8.0845490e-07 6.8217615e-04 7.4302523e-07
 5.2377465e-04 6.7884855e-07 5.0996238e-04 9.5965072e-07 1.6991734e-12
 1.3148462e-12]",./circuit_database/TCFC/result_folder/2025-0522-003312
TCFC,8260790.0,154.873,0.000362796,C2P_Simulator,2025-0522-003312,['NSGA-II'],"[9.8227581e-05 8.7110828e-07 3.6051398e-04 5.5153760e-07 3.7079421e-04
 1.0852397e-06 1.7980211e-04 1.7939542e-06 2.0639805e-04 9.9433942e-07
 1.1573876e-05 1.1417284e-06 3.9653142e-04 6.3067006e-07 7.1434001e-04
 1.7753060e-06 9.8176433e-06 1.4093806e-06 2.2189964e-04 9.6776432e-07
 2.4070615e-04 6.5982380e-07 6.6889188e-04 1.6281840e-06 1.7186544e-12
 1.3639823e-12]",./circuit_database/TCFC/result_folder/2025-0522-003312
TCFC,22631400.0,156.104,0.00128292,C2P_Simulator,2025-0522-003312,['NSGA-II'],"[4.9960084e-04 1.9233203e-06 8.9343157e-05 1.6506461e-06 8.5463026e-04
 6.7430722e-07 8.7415858e-04 9.9905583e-07 3.3785545e-04 7.8031621e-07
 1.6406443e-04 1.9673607e-06 5.8557861e-04 6.6640774e-07 9.1593305e-05
 1.1596916e-06 8.0272039e-05 1.0406750e-06 5.8940059e-04 1.6566685e-06
 4.6532435e-04 5.9689131e-07 7.0903148e-04 1.7722339e-06 1.4225345e-12
 2.6492575e-12]",./circuit_database/TCFC/result_folder/2025-0522-003312
TCFC,25955200.0,158.004,0.0015551,C2P_Simulator,2025-0522-003312,['NSGA-II'],"[4.5100850e-04 1.9233203e-06 1.4413982e-04 1.7167707e-06 6.1257300e-04
 6.8778576e-07 7.4638566e-04 1.0241858e-06 3.3785545e-04 7.8031621e-07
 1.5289315e-04 1.9673607e-06 5.9658522e-04 6.6640774e-07 2.4148964e-04
 1.0178397e-06 8.2783321e-05 1.0406750e-06 6.2755734e-04 1.8133109e-06
 4.5259402e-04 7.1704119e-07 7.6681637e-04 1.5583898e-06 1.8184585e-12
 2.6404358e-12]",./circuit_database/TCFC/result_folder/2025-0522-003312
TCFC,538303.0,131.176,1.92492e-05,C2P_Simulator,2025-0522-003312,['NSGA-II'],"[1.8701646e-04 1.6036596e-06 4.1846008e-04 7.5737427e-07 6.1252440e-04
 6.5025165e-07 2.7970102e-06 1.4007519e-06 5.0477311e-04 9.7357861e-07
 2.0423538e-05 1.0098938e-06 1.3549328e-05 1.5634664e-06 7.8345521e-04
 1.3410325e-06 9.7753264e-07 1.5477416e-06 6.8707624e-04 7.6593568e-07
 7.2968524e-04 9.8524686e-07 2.5934429e-04 1.1802182e-06 1.5483080e-12
 2.2849038e-12]",./circuit_database/TCFC/result_folder/2025-0522-003312
TCFC,27642400.0,155.886,0.00247745,C2P_Simulator,2025-0522-003312,['NSGA-II'],"[2.3098380e-04 1.8364252e-06 3.7965341e-04 1.3334411e-06 9.0305635e-04
 6.8039083e-07 7.9850631e-04 9.0570404e-07 5.6584546e-04 9.1902700e-07
 1.9991612e-04 1.7884241e-06 6.7361619e-04 7.3479498e-07 5.3980941e-04
 9.9605825e-07 7.4413540e-05 8.0709884e-07 5.6431413e-04 1.4024388e-06
 4.9441715e-04 5.9798765e-07 5.0757930e-04 1.6309373e-06 1.4101216e-12
 2.5427911e-12]",./circuit_database/TCFC/result_folder/2025-0522-003312
TCFC,23969400.0,157.949,0.00145393,C2P_Simulator,2025-0522-003312,['NSGA-II'],"[4.9960084e-04 1.8266601e-06 1.2659175e-04 1.6506461e-06 8.6806470e-04
 6.6197163e-07 8.7415858e-04 1.3872512e-06 3.0213257e-04 7.8031621e-07
 1.7276077e-04 1.9936169e-06 7.2615960e-04 6.9286619e-07 7.4435484e-05
 1.1341029e-06 8.6439206e-05 1.0406750e-06 5.1937491e-04 1.6166480e-06
 6.6921936e-04 6.2298864e-07 7.5119856e-04 1.9409122e-06 1.4225345e-12
 2.6492575e-12]",./circuit_database/TCFC/result_folder/2025-0522-003312
TCFC,24044400.0,159.148,0.00145896,C2P_Simulator,2025-0522-003312,['NSGA-II'],"[5.0139503e-04 1.8825557e-06 1.2776455e-04 1.4957523e-06 9.5110509e-04
 6.6293626e-07 8.6585991e-04 9.1699144e-07 3.6296388e-04 7.4758395e-07
 1.3740604e-04 1.8523004e-06 6.1866787e-04 5.1163795e-07 3.2041603e-04
 1.0990875e-06 7.7755612e-05 1.1041349e-06 5.8869825e-04 1.6880247e-06
 4.8009929e-04 5.3280326e-07 6.7254284e-04 1.5853855e-06 1.4810197e-12
 2.6753931e-12]",./circuit_database/TCFC/result_folder/2025-0522-003312
TCFC,22424000.0,157.403,0.00131953,C2P_Simulator,2025-0522-003312,['NSGA-II'],"[3.9839186e-04 1.9940589e-06 8.9343157e-05 1.6506461e-06 9.0305635e-04
 6.7430722e-07 9.1086549e-04 1.0435895e-06 5.1460322e-04 7.8031621e-07
 1.4964081e-04 1.9786125e-06 5.7758769e-04 6.9430791e-07 3.6748991e-04
 9.9605825e-07 8.0775033e-05 1.3991622e-06 6.3225924e-04 1.7898261e-06
 3.1601507e-04 6.1479852e-07 7.3305634e-04 1.7451607e-06 1.4101216e-12
 2.5971666e-12]",./circuit_database/TCFC/result_folder/2025-0522-003312
TCFC,26570800.0,157.397,0.00248813,C2P_Simulator,2025-0522-003312,['NSGA-II'],"[2.3098380e-04 1.9414304e-06 2.9318951e-04 1.5966226e-06 6.4556586e-04
 6.8164314e-07 7.2307989e-04 7.5866251e-07 4.3402205e-04 7.5621676e-07
 2.0346360e-04 1.7917805e-06 7.1237941e-04 7.2540502e-07 9.3421579e-04
 5.7947352e-07 8.4188490e-05 1.3222655e-06 5.7012402e-04 1.9434306e-06
 3.8544537e-04 1.1150890e-06 6.5659941e-04 1.6309373e-06 1.9434190e-12
 2.5401539e-12]",./circuit_database/TCFC/result_folder/2025-0522-003312
TCFC,12582500.0,158.491,0.000477184,C2P_Simulator,2025-0522-003312,['NSGA-II'],"[3.4435815e-04 7.3544800e-07 3.9249189e-05 5.4265303e-07 9.4114519e-05
 9.6138956e-07 2.2643022e-04 1.9822589e-06 1.9536269e-04 1.0989841e-06
 1.0180508e-05 1.0754463e-06 4.7118834e-04 6.9395196e-07 7.4239826e-04
 1.7967877e-06 1.3389428e-05 1.0079376e-06 3.1337002e-04 1.2107444e-06
 1.2431004e-04 6.1837812e-07 5.0745526e-04 1.3777876e-06 1.4955810e-12
 1.4480500e-12]",./circuit_database/TCFC/result_folder/2025-0522-003312
TCFC,19002000.0,158.968,0.00142597,C2P_Simulator,2025-0522-003312,['NSGA-II'],"[2.3098380e-04 1.9345205e-06 9.0801826e-05 1.6506461e-06 7.0864055e-04
 6.1442955e-07 8.4082247e-04 7.5866251e-07 5.5857212e-04 8.5910517e-07
 1.6897425e-04 1.7884241e-06 7.3138770e-04 6.9136604e-07 1.9455267e-04
 9.6768201e-07 7.3904099e-05 1.7621799e-06 6.5047655e-04 1.7598414e-06
 4.1398391e-04 5.5214105e-07 2.7611328e-04 1.6309373e-06 1.5182751e-12
 2.5427911e-12]",./circuit_database/TCFC/result_folder/2025-0522-003312
TCFC,19948100.0,158.001,0.00133319,C2P_Simulator,2025-0522-003312,['NSGA-II'],"[2.3329165e-04 1.1207406e-06 1.6600803e-04 5.4302541e-07 9.0285845e-04
 6.6502412e-07 3.5330161e-04 1.2198936e-06 3.0808055e-04 6.1816354e-07
 9.5630552e-05 1.4595660e-06 5.7940744e-04 6.6592742e-07 7.1789889e-04
 1.2822171e-06 3.1119103e-05 1.6275530e-06 3.0124580e-04 1.1818197e-06
 4.4624860e-04 5.5301194e-07 4.3225414e-04 9.6496717e-07 2.2733662e-12
 1.1426916e-12]",./circuit_database/TCFC/result_folder/2025-0522-003312
TCFC,12722500.0,158.603,0.000515914,C2P_Simulator,2025-0522-003312,['NSGA-II'],"[4.0545332e-04 9.1328337e-07 6.5422959e-05 5.4039231e-07 1.7801754e-04
 1.1035346e-06 2.5973955e-04 1.7413831e-06 2.0022177e-04 1.0380955e-06
 1.2150899e-05 1.1177995e-06 4.7096156e-04 6.4443020e-07 8.1182481e-04
 1.7967877e-06 1.4818022e-05 1.1361390e-06 2.4676940e-04 1.2284551e-06
 1.2431004e-04 6.8954029e-07 6.7343767e-04 1.5786469e-06 1.5053398e-12
 1.4886833e-12]",./circuit_database/TCFC/result_folder/2025-0522-003312
TCFC,20693700.0,157.527,0.00136067,C2P_Simulator,2025-0522-003312,['NSGA-II'],"[4.77423775e-04 1.92332027e-06 1.03980674e-04 1.52291227e-06
 8.54630256e-04 6.67831785e-07 9.14859236e-04 9.02010072e-07
 3.50212649e-04 8.13557051e-07 1.50921114e-04 1.93518986e-06
 6.39185659e-04 6.66407743e-07 8.02906434e-05 1.19740650e-06
 7.63279677e-05 1.11014674e-06 5.89400588e-04 1.61172829e-06
 4.65324352e-04 5.57417479e-07 6.95618335e-04 1.85096667e-06
 1.35956307e-12 2.64925755e-12]",./circuit_database/TCFC/result_folder/2025-0522-003312
TCFC,21884400.0,160.76,0.00162708,C2P_Simulator,2025-0522-003312,['NSGA-II'],"[3.0562418e-04 5.6900160e-07 1.0330991e-04 5.1728995e-07 7.9600333e-04
 6.1015231e-07 4.2107073e-04 8.7248918e-07 2.2571844e-04 7.0733847e-07
 1.3611947e-04 1.9368363e-06 7.1749039e-04 7.3346018e-07 6.8293430e-04
 1.0979646e-06 2.3403820e-05 1.2166086e-06 3.0124580e-04 1.4492902e-06
 6.1631494e-04 7.5619408e-07 7.7496638e-04 6.2289973e-07 2.0741442e-12
 1.0494370e-12]",./circuit_database/TCFC/result_folder/2025-0522-003312
TCFC,412124.0,128.858,1.79641e-05,C2P_Simulator,2025-0522-003312,['NSGA-II'],"[1.86863428e-04 1.61048968e-06 4.16967348e-04 7.63521030e-07
 6.09519833e-04 6.41047905e-07 2.14909710e-06 1.40365569e-06
 5.04773110e-04 9.75736612e-07 2.04235384e-05 1.01061187e-06
 1.37311035e-05 1.56815997e-06 7.80876377e-04 1.33263552e-06
 7.15819169e-07 1.55235216e-06 6.87076245e-04 7.57472321e-07
 7.28464976e-04 9.85246857e-07 2.59344291e-04 1.18099695e-06
 1.55271434e-12 2.28490382e-12]",./circuit_database/TCFC/result_folder/2025-0522-003312
TCFC,9946910.0,156.498,0.00038912,C2P_Simulator,2025-0522-003312,['NSGA-II'],"[3.2912212e-04 1.0073773e-06 6.5422959e-05 5.2856149e-07 3.4448449e-04
 1.1162592e-06 2.2643022e-04 1.7719381e-06 2.2485586e-04 1.0748238e-06
 1.0180508e-05 1.1820739e-06 4.4482746e-04 6.9305196e-07 7.4239826e-04
 1.7967877e-06 1.3936298e-05 1.3260695e-06 1.1959674e-04 1.1876230e-06
 1.2431004e-04 6.1430353e-07 7.5312553e-04 9.9122713e-07 1.3545343e-12
 1.6507863e-12]",./circuit_database/TCFC/result_folder/2025-0522-003312
TCFC,47753400.0,125.912,0.015562,C2P_Simulator,2025-0522-003312,['NSGA-II'],"[9.0232788e-04 1.6451137e-06 7.3783746e-04 1.1823596e-06 8.9661364e-05
 1.5644033e-06 9.0241601e-04 1.0239302e-06 7.1792578e-04 1.2095211e-06
 3.5132488e-04 1.6343691e-06 8.9913054e-04 1.0216579e-06 1.9493401e-04
 1.4926595e-06 1.5408748e-04 1.1243085e-06 2.4333493e-04 5.1055997e-07
 6.6480710e-04 5.0570924e-07 3.5878437e-04 1.6037552e-06 2.3412166e-12
 2.0027814e-12]",./circuit_database/TCFC/result_folder/2025-0522-003312
TCFC,12398400.0,158.389,0.000448063,C2P_Simulator,2025-0522-003312,['NSGA-II'],"[3.8765257e-04 8.6278749e-07 4.1684441e-05 5.4821976e-07 1.5234393e-04
 1.0813536e-06 2.2643022e-04 1.7227031e-06 2.0894450e-04 1.0844290e-06
 1.0180508e-05 1.1162027e-06 4.5006245e-04 6.3827457e-07 7.4654823e-04
 1.7967877e-06 1.3115939e-05 1.0350741e-06 2.2844439e-04 1.2297894e-06
 9.2975657e-05 7.2682144e-07 6.6497328e-04 1.2463457e-06 1.5279823e-12
 1.4269203e-12]",./circuit_database/TCFC/result_folder/2025-0522-003312
TCFC,33504200.0,145.197,0.00809816,C2P_Simulator,2025-0522-003312,['NSGA-II'],"[9.6072489e-04 1.1838475e-06 9.9355285e-04 1.1795424e-06 4.3991974e-04
 1.9318234e-06 9.1282395e-04 1.0203050e-06 8.5631647e-04 8.1426373e-07
 1.2080310e-04 7.7350376e-07 5.3039024e-04 7.4443199e-07 4.9205753e-04
 1.5002850e-06 5.5973131e-05 1.1017098e-06 1.8306226e-04 6.4974165e-07
 9.0786046e-04 1.0002508e-06 4.1865272e-04 1.0079953e-06 6.6897833e-13
 1.1721714e-12]",./circuit_database/TCFC/result_folder/2025-0522-003312
TCFC,13496600.0,158.85,0.000589131,C2P_Simulator,2025-0522-003312,['NSGA-II'],"[2.1462866e-04 7.2786975e-07 4.4076132e-05 5.6048879e-07 2.6525726e-04
 1.2425116e-06 2.4594314e-04 1.8663402e-06 1.8161350e-04 1.0143073e-06
 2.2300434e-05 1.0350433e-06 4.3655420e-04 6.6457005e-07 5.9591728e-04
 1.6747780e-06 1.2845215e-05 9.7109353e-07 2.7619512e-04 9.6776432e-07
 2.6464742e-04 6.8994831e-07 2.9964701e-04 1.6553545e-06 1.5475316e-12
 1.2397816e-12]",./circuit_database/TCFC/result_folder/2025-0522-003312
TCFC,23157600.0,157.661,0.00142548,C2P_Simulator,2025-0522-003312,['NSGA-II'],"[3.9839186e-04 1.9940589e-06 7.1079325e-05 1.7227690e-06 6.5132516e-04
 6.5886087e-07 8.3080219e-04 1.3810262e-06 6.7932997e-04 7.8031621e-07
 1.4964081e-04 1.9933889e-06 5.9382216e-04 6.9430791e-07 3.0332670e-04
 8.6924877e-07 7.7173579e-05 1.1940300e-06 6.7561847e-04 1.8414138e-06
 3.7491458e-04 7.7178987e-07 7.0136663e-04 1.7451607e-06 1.7771201e-12
 2.5815866e-12]",./circuit_database/TCFC/result_folder/2025-0522-003312
TCFC,31652900.0,158.995,0.00298159,C2P_Simulator,2025-0522-003407,['NSGA-II'],"[8.2619791e-04 1.1213976e-06 7.4108265e-04 1.7184304e-06 9.8973908e-04
 6.5110225e-07 8.9049997e-04 1.0331368e-06 6.8038172e-04 7.7779032e-07
 1.6897425e-04 1.6004655e-06 7.2030007e-04 6.8993302e-07 6.5465807e-04
 8.6524818e-07 9.4341405e-05 1.0429529e-06 2.9314301e-04 1.4179939e-06
 4.2467646e-04 6.0306490e-07 5.9039012e-04 1.1979482e-06 1.3083918e-12
 2.5610486e-12]",./circuit_database/TCFC/result_folder/2025-0522-003407
TCFC,8260750.0,154.873,0.000361018,C2P_Simulator,2025-0522-003407,['NSGA-II'],"[9.5842181e-05 8.7110828e-07 3.6051398e-04 5.5153760e-07 3.8127418e-04
 1.0852397e-06 1.7980211e-04 1.7939542e-06 2.0639805e-04 9.9433942e-07
 1.1573876e-05 1.1417284e-06 3.9653142e-04 6.3067006e-07 7.1434001e-04
 1.7753060e-06 9.8176433e-06 1.4093806e-06 2.2189964e-04 9.6776432e-07
 2.4070615e-04 6.5982380e-07 6.6889188e-04 1.6281840e-06 1.7186544e-12
 1.3639823e-12]",./circuit_database/TCFC/result_folder/2025-0522-003407
TCFC,12235800.0,158.165,0.000435853,C2P_Simulator,2025-0522-003407,['NSGA-II'],"[3.63347965e-04 8.62787488e-07 7.51171774e-06 5.51606377e-07
 1.39445416e-04 1.01894034e-06 1.80298317e-04 1.59617855e-06
 1.90427367e-04 1.08826896e-06 1.85733661e-05 1.29093405e-06
 4.11123241e-04 6.99414386e-07 8.69595213e-04 1.85562442e-06
 1.26208615e-05 1.07363292e-06 1.08733489e-04 1.32258742e-06
 1.00252713e-04 7.60174828e-07 6.85131061e-04 1.24634573e-06
 1.45837932e-12 1.34191703e-12]",./circuit_database/TCFC/result_folder/2025-0522-003407
TCFC,21273400.0,160.974,0.00197258,C2P_Simulator,2025-0522-003407,['NSGA-II'],"[2.5876181e-04 1.2155559e-06 9.2551712e-04 1.7492639e-06 9.5309899e-04
 5.6696445e-07 5.3938531e-04 7.5908298e-07 2.8658731e-04 1.2187442e-06
 9.6780590e-05 1.3203158e-06 5.6024559e-04 8.3837557e-07 8.6174492e-04
 1.8037838e-06 7.8555589e-05 1.6974201e-06 3.4425940e-04 1.7121547e-06
 4.6497173e-04 9.7493023e-07 2.9016932e-04 8.2494233e-07 1.1694376e-12
 2.8191176e-12]",./circuit_database/TCFC/result_folder/2025-0522-003407
TCFC,25642600.0,159.923,0.00198476,C2P_Simulator,2025-0522-003407,['NSGA-II'],"[5.0937891e-04 1.9414304e-06 2.9237333e-04 1.5966226e-06 6.4556586e-04
 6.8164314e-07 7.2307989e-04 9.1819203e-07 3.6560243e-04 7.4757872e-07
 1.3846433e-04 1.7917805e-06 7.1625167e-04 7.2540502e-07 9.3421579e-04
 1.1060039e-06 8.4251522e-05 1.3132010e-06 5.8866316e-04 1.9434306e-06
 3.7343951e-04 5.0835428e-07 6.5659941e-04 1.5848924e-06 1.9434190e-12
 2.6705365e-12]",./circuit_database/TCFC/result_folder/2025-0522-003407
TCFC,26951900.0,152.635,0.00231244,C2P_Simulator,2025-0522-003407,['NSGA-II'],"[7.5185504e-05 1.9414304e-06 2.9318951e-04 1.5966226e-06 6.4556586e-04
 7.4895092e-07 8.0093677e-04 7.3265596e-07 4.3746355e-04 7.4075132e-07
 2.0346360e-04 1.7254013e-06 6.9781509e-04 7.3133020e-07 9.3154900e-04
 5.7947352e-07 8.8954534e-05 1.3222655e-06 5.7000940e-04 9.6523922e-07
 3.8544537e-04 1.1150890e-06 2.7584512e-04 1.0904722e-06 1.9616155e-12
 2.5401539e-12]",./circuit_database/TCFC/result_folder/2025-0522-003407
TCFC,14485200.0,159.627,0.000948149,C2P_Simulator,2025-0522-003407,['NSGA-II'],"[2.3329165e-04 8.5572412e-07 7.3335535e-04 5.1193894e-07 6.4959668e-04
 1.0937398e-06 3.7692970e-04 1.3802331e-06 2.0759834e-04 6.6483466e-07
 4.1346579e-05 1.4924797e-06 5.7930057e-04 7.0564920e-07 2.9450486e-04
 1.5066959e-06 2.0948541e-05 1.5384594e-06 3.0902878e-04 1.6300176e-06
 2.3975853e-04 6.8741366e-07 6.5345084e-04 1.5630262e-06 2.6179699e-12
 1.4060656e-12]",./circuit_database/TCFC/result_folder/2025-0522-003407
TCFC,412087.0,128.858,1.79739e-05,C2P_Simulator,2025-0522-003407,['NSGA-II'],"[1.86863428e-04 1.61048968e-06 4.16967348e-04 9.75466151e-07
 6.07416150e-04 6.41047905e-07 2.17507431e-06 1.40718998e-06
 5.04856056e-04 9.75736612e-07 2.04235384e-05 1.01061187e-06
 1.37311035e-05 1.57488887e-06 7.78405287e-04 1.33263552e-06
 7.15819169e-07 1.55235216e-06 6.87161635e-04 7.57472321e-07
 7.30804284e-04 9.85246857e-07 2.56523577e-04 1.18099695e-06
 1.55271434e-12 2.28490382e-12]",./circuit_database/TCFC/result_folder/2025-0522-003407
TCFC,26532900.0,162.511,0.00203443,C2P_Simulator,2025-0522-003407,['NSGA-II'],"[5.4819701e-04 1.9345205e-06 1.9875512e-04 1.3330980e-06 7.9168071e-04
 6.3201270e-07 9.1316085e-04 6.1528704e-07 4.6361506e-04 7.5624791e-07
 1.2003529e-04 1.5987092e-06 7.2037365e-04 5.9602445e-07 6.5202557e-04
 1.2621268e-06 8.4270177e-05 1.4891014e-06 5.2402564e-04 1.9892886e-06
 6.1603298e-04 7.3623306e-07 6.6335785e-04 9.8977875e-07 7.1455114e-13
 2.5427911e-12]",./circuit_database/TCFC/result_folder/2025-0522-003407
TCFC,331960.0,126.979,1.60756e-05,C2P_Simulator,2025-0522-003407,['NSGA-II'],"[1.9104495e-04 1.6433469e-06 8.1783783e-04 7.5820611e-07 6.0637668e-04
 1.1699137e-06 1.7225940e-06 1.4593743e-06 5.0163578e-04 9.6919234e-07
 2.5115281e-05 1.7155784e-06 1.0473023e-05 1.5634110e-06 6.8453478e-04
 1.6603202e-06 2.3279097e-07 8.9473122e-07 6.8166037e-04 5.4701820e-07
 7.4088754e-04 5.9580668e-07 2.6533901e-04 1.1998934e-06 7.5530977e-13
 2.2602558e-12]",./circuit_database/TCFC/result_folder/2025-0522-003407
TCFC,15385700.0,160.132,0.000952816,C2P_Simulator,2025-0522-003407,['NSGA-II'],"[2.3329165e-04 8.5572412e-07 7.2384620e-04 5.1193894e-07 6.2246760e-04
 1.0937398e-06 3.9607100e-04 1.3802459e-06 1.6978072e-04 6.6483466e-07
 4.1346579e-05 1.4924797e-06 5.7940744e-04 7.0564920e-07 7.4622600e-04
 1.3617271e-06 2.0948541e-05 1.5384594e-06 3.0124580e-04 1.6300176e-06
 2.4070615e-04 6.8741366e-07 6.5345084e-04 1.5630262e-06 2.6179699e-12
 1.4060656e-12]",./circuit_database/TCFC/result_folder/2025-0522-003407
TCFC,2892210.0,145.783,9.2903e-05,C2P_Simulator,2025-0522-003407,['NSGA-II'],"[2.4194732e-04 1.4319460e-06 4.9098284e-04 7.7886932e-07 6.7023479e-04
 8.2051855e-07 5.9525628e-06 1.2945103e-06 5.1396614e-04 9.3613363e-07
 8.0064628e-06 1.2632956e-06 1.3289257e-04 1.7524625e-06 8.0087659e-04
 1.2441539e-06 6.0620391e-06 1.6106678e-06 6.8894069e-04 6.5469635e-07
 7.0151989e-04 8.8973144e-07 4.8298225e-05 1.0536785e-06 1.7179169e-12
 2.2800292e-12]",./circuit_database/TCFC/result_folder/2025-0522-003407
TCFC,31722400.0,155.755,0.00369338,C2P_Simulator,2025-0522-003500,['NSGA-II'],"[9.3530805e-04 1.8088535e-06 4.3426425e-04 1.3347076e-06 4.7184635e-04
 6.5198287e-07 9.1963721e-04 9.8136684e-07 7.3136075e-04 1.2133022e-06
 1.6897425e-04 9.9766839e-07 7.0857099e-04 7.3185214e-07 8.8379654e-04
 1.5321631e-06 8.1087623e-05 7.2437427e-07 3.6536442e-04 1.5961903e-06
 4.0389257e-04 9.3648788e-07 6.6685677e-04 1.6187555e-06 2.3285180e-12
 2.5427911e-12]",./circuit_database/TCFC/result_folder/2025-0522-003500
TCFC,24750300.0,164.261,0.00256028,C2P_Simulator,2025-0522-003500,['NSGA-II'],"[2.4062162e-04 1.2143952e-06 8.2252087e-04 1.2391599e-06 8.3592779e-04
 6.7318683e-07 7.9096324e-04 1.1650567e-06 9.0333557e-04 9.7876386e-07
 2.0955355e-04 1.7239300e-06 9.4505574e-04 6.4584702e-07 6.8428484e-04
 1.4308831e-06 5.9901202e-05 9.4026410e-07 4.7036872e-04 1.1588187e-06
 8.0214802e-04 5.8182025e-07 1.2508609e-05 9.6228746e-07 2.2594600e-12
 2.9376208e-12]",./circuit_database/TCFC/result_folder/2025-0522-003500
TCFC,13969900.0,159.204,0.000624407,C2P_Simulator,2025-0522-003550,['NSGA-II'],"[2.1462866e-04 7.2786975e-07 4.2400957e-04 5.6048879e-07 2.6525726e-04
 1.2425116e-06 2.4594314e-04 1.8515998e-06 1.8161350e-04 1.0142285e-06
 2.2261924e-05 1.0380629e-06 4.2466307e-04 6.6457005e-07 9.4493048e-04
 1.5213593e-06 1.2845215e-05 9.7807640e-07 2.7619512e-04 9.8410908e-07
 2.8153087e-04 9.4436126e-07 2.9964701e-04 1.6553545e-06 1.5475316e-12
 1.2397816e-12]",./circuit_database/TCFC/result_folder/2025-0522-003550
TCFC,239490.0,124.144,1.12334e-05,C2P_Simulator,2025-0522-003726,['NSGA-II'],"[1.8682980e-04 1.6105997e-06 4.2013978e-04 7.7576942e-07 6.1258918e-04
 6.4104790e-07 1.7225940e-06 1.0376623e-06 1.9959536e-04 9.7814507e-07
 3.5997318e-06 1.0107617e-06 9.0770527e-06 1.5636847e-06 8.0266595e-04
 1.3798279e-06 2.0910210e-07 1.4082684e-06 6.7233364e-04 7.5759664e-07
 6.2311935e-04 9.8120529e-07 2.6374197e-04 1.6264894e-06 1.7187920e-12
 2.2468889e-12]",./circuit_database/TCFC/result_folder/2025-0522-003726
TCFC,4312440.0,149.252,0.000222066,C2P_Simulator,2025-0522-004034,['NSGA-II'],"[3.7562705e-04 1.6411760e-06 8.3835685e-04 1.3684871e-06 5.3708826e-04
 1.1776366e-06 9.9608897e-06 1.3991937e-06 5.0178042e-04 9.7363670e-07
 1.4612133e-05 1.5744108e-06 6.5264490e-04 1.5469935e-06 7.8345521e-04
 1.7984025e-06 8.3316754e-06 1.5477416e-06 6.8140036e-04 7.6127770e-07
 6.6317566e-04 6.7756378e-07 2.5480572e-04 1.1460215e-06 7.8801825e-13
 2.0983785e-12]",./circuit_database/TCFC/result_folder/2025-0522-004034
